year,month,star_count,runtime,averageRating
1996,11,9,1.0,5.8
1955,1,10,1.0,5.5
1999,3,10,1.0,6.9
1956,6,10,1.0,6.7
1959,3,10,2.0,6.3
2001,10,10,2.0,6.5
1984,10,10,1.0,4.6
1943,5,10,1.0,6.2
1985,10,10,1.0,5.8
2013,7,10,1.0,6.0
1981,1,10,2.0,6.4
2006,7,10,1.0,4.8
1999,4,10,1.0,6.7
1928,8,9,1.0,6.1
2019,9,10,1.0,5.4
1942,10,10,1.0,6.5
1974,4,10,1.0,7.7
1974,8,10,1.0,3.1
1983,11,10,1.0,6.1
2009,3,10,1.0,7.5
1965,8,10,1.0,5.9
1999,5,10,1.0,6.3
1954,10,10,1.0,6.1
2011,3,10,1.0,5.5
1938,12,10,1.0,6.4
1935,7,10,1.0,6.6
1942,8,10,1.0,7.3
1968,9,10,1.0,5.3
1990,9,10,1.0,4.7
1951,10,5,1.0,6.3
2018,4,4,1.0,6.9
1983,9,10,1.0,3.9
1935,12,10,1.0,6.3
1949,3,10,1.0,6.8
2010,6,10,2.0,5.4
2007,5,7,1.0,6.1
1922,11,4,55.0,5.6
1977,7,10,1.0,3.5
1936,8,10,1.0,6.2
1930,11,10,1.0,6.2
1954,4,10,1.0,7.7
2018,1,10,1.0,7.0
2007,10,10,1.0,6.0
2023,4,10,1.0,6.1
1977,12,10,1.0,4.3
2020,2,10,1.0,6.7
1939,4,10,1.0,6.9
1970,12,10,1.0,7.2
1960,11,10,1.0,6.2
1952,10,10,1.0,6.1
1952,1,10,1.0,6.4
1949,10,10,1.0,5.7
1968,10,10,1.0,6.1
1959,12,10,1.0,7.4
2025,1,10,1.0,7.3
1937,9,5,1.0,6.3
1943,12,10,56.0,5.3
1927,9,10,50.0,5.5
1933,1,10,1.0,6.6
1963,10,10,1.0,6.0
1987,9,10,1.0,5.0
1967,8,8,1.0,6.5
1989,11,10,1.0,6.0
2021,2,10,1.0,7.6
1921,12,10,1.0,7.1
1959,4,10,1.0,6.7
2006,8,10,1.0,5.5
1929,2,4,1.0,6.4
2003,12,10,1.0,6.0
1959,10,6,2.0,8.4
1932,10,10,58.0,5.5
1996,11,10,1.0,5.2
1953,6,10,1.0,5.3
1993,6,10,1.0,7.7
1994,4,10,1.0,6.8
2019,9,10,2.0,5.8
1965,1,10,1.0,6.5
1954,9,10,1.0,6.9
1981,2,10,1.0,6.6
1954,11,10,1.0,5.5
1992,6,10,1.0,4.9
2002,7,10,1.0,6.6
1939,9,10,1.0,6.8
1978,2,10,2.0,7.1
1981,11,10,58.0,7.5
1953,7,10,1.0,6.8
2005,4,10,1.0,7.5
2015,1,1,2.0,7.2
1985,10,10,2.0,7.4
1952,2,10,1.0,4.5
1965,10,10,1.0,6.4
2007,4,10,1.0,6.4
1937,7,10,1.0,6.5
1923,11,5,50.0,6.6
2016,6,10,1.0,5.7
1988,4,10,1.0,7.4
1959,12,10,2.0,5.8
1986,4,10,1.0,6.9
1939,10,10,1.0,5.8
1960,1,10,1.0,6.3
1973,11,3,1.0,5.7
2024,3,10,1.0,5.2
1973,1,10,1.0,4.8
1943,5,10,56.0,6.4
1964,12,10,1.0,6.2
1924,9,10,55.0,6.1
2017,2,10,1.0,4.5
2015,11,10,2.0,6.9
2018,7,10,1.0,6.6
2004,11,10,1.0,6.8
1921,5,2,50.0,6.3
1967,11,10,1.0,5.2
1937,4,10,1.0,6.4
1960,10,10,1.0,5.0
1942,11,10,1.0,5.9
1984,1,10,1.0,7.5
2014,4,10,1.0,5.9
1936,2,10,59.0,4.7
1956,7,10,1.0,5.9
1989,4,10,2.0,7.1
1941,8,10,1.0,7.0
1937,3,10,1.0,6.6
2021,8,10,1.0,6.1
1947,8,10,59.0,6.0
1963,4,10,1.0,6.8
2010,2,10,1.0,6.9
2015,12,9,1.0,5.7
1966,5,10,1.0,5.0
1963,11,10,1.0,5.2
1936,1,10,1.0,6.7
1996,9,10,1.0,6.7
1969,2,10,1.0,3.3
1964,8,10,1.0,7.1
2014,9,10,1.0,5.3
1972,2,7,1.0,6.6
1931,12,10,1.0,6.6
2023,8,10,1.0,6.8
1978,1,10,1.0,6.0
2006,6,10,1.0,5.5
1969,3,10,1.0,5.4
2010,4,10,1.0,5.2
1930,7,10,1.0,5.7
2007,10,10,1.0,5.9
1933,2,10,1.0,6.9
2003,9,10,2.0,7.0
2016,2,5,1.0,7.1
1974,1,2,1.0,5.2
1964,10,10,1.0,5.3
2003,5,10,1.0,5.4
1991,2,10,1.0,4.3
1979,10,10,1.0,4.9
1990,9,10,1.0,5.4
2008,10,10,2.0,6.6
2018,9,10,2.0,7.0
1944,3,10,55.0,6.5
2016,11,10,1.0,6.3
1954,12,10,1.0,5.4
1982,2,9,1.0,5.3
1965,2,10,1.0,7.9
2008,9,1,13.0,8.2
1938,12,10,1.0,6.7
2011,10,10,1.0,7.1
1966,10,10,1.0,7.4
2014,2,10,1.0,5.3
1957,12,10,1.0,7.1
1978,3,10,2.0,6.7
2023,9,10,1.0,7.0
1941,11,10,1.0,5.7
2022,2,10,1.0,6.4
1985,7,10,1.0,6.1
1951,11,10,1.0,5.8
2005,9,10,1.0,7.4
1964,5,10,1.0,7.1
1940,6,10,1.0,6.3
1985,2,10,1.0,4.5
1975,5,10,1.0,4.2
1960,8,10,1.0,5.3
1965,9,10,1.0,7.5
2020,8,10,1.0,6.0
2000,10,10,1.0,4.8
1955,2,10,1.0,6.0
2020,10,10,1.0,5.1
1949,2,10,1.0,7.7
2015,9,10,1.0,7.0
2020,5,10,1.0,5.0
2016,8,10,1.0,6.4
1939,12,10,1.0,5.4
1997,9,10,1.0,3.9
2001,4,10,1.0,5.3
1965,8,10,1.0,3.8
2009,4,5,1.0,7.4
1988,12,10,1.0,5.4
1947,6,10,1.0,5.0
1973,8,10,1.0,7.4
1946,4,10,1.0,7.6
2004,9,10,1.0,6.6
1926,3,10,1.0,5.1
2018,1,10,1.0,7.2
1949,1,10,1.0,6.7
1927,4,10,1.0,6.8
1939,3,10,1.0,7.5
2010,2,10,2.0,5.8
1944,4,10,1.0,6.1
1942,1,10,2.0,6.0
1992,12,10,2.0,7.7
1936,10,10,1.0,6.2
1963,6,10,2.0,6.4
2017,6,10,1.0,6.7
1985,7,10,1.0,6.4
1937,1,10,1.0,6.4
1954,6,10,1.0,6.0
1956,3,10,1.0,5.8
2001,8,10,1.0,5.7
1980,1,10,4.0,7.6
2010,12,10,1.0,7.8
1994,3,6,1.0,6.9
2010,5,10,1.0,6.5
1965,12,10,2.0,7.5
1939,7,10,1.0,6.6
2025,3,6,2.0,6.0
1965,12,10,1.0,4.8
1935,9,10,1.0,6.3
1987,11,10,1.0,5.4
2004,5,10,1.0,4.8
1988,12,10,1.0,6.2
1947,11,10,1.0,6.8
2023,8,10,2.0,5.8
1968,3,10,1.0,6.9
2016,5,10,1.0,7.6
1986,3,10,1.0,4.3
1959,8,8,1.0,6.1
1931,3,10,1.0,6.5
1974,5,10,1.0,5.7
1960,9,10,1.0,6.5
1970,8,10,1.0,6.5
1977,11,10,1.0,7.6
1984,5,10,1.0,6.6
1957,9,10,1.0,6.8
1943,10,10,1.0,5.3
1937,5,10,1.0,5.3
2013,4,10,1.0,6.3
1969,6,10,1.0,5.4
1943,12,10,1.0,6.7
1921,11,10,1.0,6.7
1980,11,10,2.0,6.6
2012,11,10,2.0,6.9
2005,1,10,2.0,6.8
1926,1,9,1.0,5.1
2001,6,10,2.0,7.6
1964,9,10,1.0,5.5
1977,1,10,1.0,4.4
1937,12,10,49.0,5.6
2018,8,10,1.0,6.8
2009,9,10,1.0,7.4
1921,1,10,1.0,7.4
1938,11,10,1.0,6.4
1998,10,10,1.0,4.9
1962,12,10,1.0,5.8
2021,12,10,2.0,5.6
1941,4,10,56.0,4.2
1991,8,10,1.0,5.5
1968,2,9,1.0,5.2
1999,5,10,1.0,6.9
1944,3,10,1.0,6.2
2002,4,10,1.0,5.3
1928,8,6,1.0,5.7
1994,1,10,1.0,7.4
1998,3,10,1.0,4.6
2002,1,10,1.0,4.6
1926,4,10,1.0,5.7
2012,6,10,1.0,5.3
2003,8,10,1.0,6.1
1994,2,10,1.0,6.6
2021,9,10,1.0,6.0
1966,1,10,2.0,6.8
2021,8,10,1.0,5.4
1935,10,10,1.0,5.8
1940,9,7,2.0,7.9
1922,1,9,1.0,6.3
1946,9,10,56.0,5.7
1939,3,10,1.0,6.0
2016,8,10,1.0,5.3
1989,10,10,1.0,5.7
1950,2,10,1.0,7.3
1951,5,10,1.0,6.0
2023,3,10,2.0,8.2
1954,3,10,1.0,5.4
2008,12,10,1.0,7.3
2002,11,10,1.0,5.4
2022,6,10,1.0,4.8
2007,4,10,1.0,5.7
1979,7,10,1.0,6.6
1946,6,10,1.0,5.8
1955,10,10,1.0,6.5
1988,7,10,1.0,5.4
1967,4,10,1.0,7.5
2003,3,5,1.0,4.4
2001,5,10,1.0,7.9
1986,5,10,1.0,5.8
1923,9,10,1.0,6.7
2017,10,10,1.0,6.9
1932,4,7,1.0,4.6
1987,6,10,1.0,6.5
2001,9,10,1.0,6.0
1999,3,10,2.0,6.6
1968,1,10,1.0,5.8
2004,7,10,1.0,7.0
1989,6,10,2.0,7.5
1970,2,10,1.0,5.8
1991,9,10,1.0,4.7
1957,9,10,1.0,6.9
2020,5,10,1.0,5.8
1936,4,10,1.0,6.8
1979,1,4,1.0,8.0
1938,10,10,1.0,3.8
2004,8,10,2.0,7.5
1952,6,10,2.0,7.1
1960,1,10,1.0,5.6
1976,9,9,1.0,5.5
1956,5,10,1.0,4.7
1965,3,10,1.0,6.4
1979,1,10,1.0,4.6
1963,10,10,1.0,5.2
1921,10,10,1.0,6.6
1978,5,10,2.0,7.6
1975,5,10,1.0,2.6
1991,12,10,1.0,7.3
1968,9,10,1.0,6.9
1942,4,10,1.0,6.7
1931,12,10,4.0,6.4
1976,2,10,1.0,7.1
1946,5,10,1.0,6.0
1945,5,10,56.0,6.7
1992,7,10,1.0,6.8
2009,9,10,1.0,6.5
1950,12,10,1.0,6.9
1967,2,10,1.0,4.9
2015,12,10,1.0,4.9
2014,9,10,1.0,5.9
1941,8,10,1.0,6.6
1940,4,10,2.0,8.1
1989,9,10,1.0,5.9
1936,1,10,1.0,6.5
1997,8,10,1.0,7.1
1970,4,10,1.0,6.1
1946,9,10,56.0,5.9
1989,12,10,1.0,6.1
1992,9,1,1.0,7.7
1999,8,10,1.0,5.4
1925,12,10,1.0,6.5
2016,12,10,2.0,7.8
1987,1,10,1.0,6.4
1993,12,10,1.0,3.7
2012,8,10,1.0,6.2
1998,11,10,2.0,6.7
1945,11,10,1.0,5.5
1958,6,10,2.0,7.7
2020,8,10,1.0,6.9
1979,9,10,1.0,7.5
1999,10,10,1.0,6.8
1968,9,10,2.0,7.4
2004,5,10,1.0,4.6
1946,1,10,1.0,6.9
1975,12,10,1.0,4.2
1944,12,10,1.0,6.2
1959,10,1,1.0,5.7
1998,2,10,1.0,6.4
2008,12,10,1.0,6.6
2007,6,10,1.0,6.6
1949,10,10,1.0,6.2
1952,2,10,1.0,6.2
2011,4,10,1.0,4.6
2005,11,10,1.0,5.5
1993,11,10,1.0,5.6
1986,10,10,1.0,7.4
1994,9,10,1.0,6.0
1969,3,10,1.0,7.2
1998,2,10,1.0,5.1
1952,4,10,1.0,5.3
1952,11,10,1.0,6.2
1974,2,10,1.0,4.6
1964,3,10,1.0,7.1
1977,3,10,1.0,6.8
1951,9,10,1.0,4.8
2009,5,5,1.0,7.7
1944,5,10,1.0,4.1
1984,10,10,1.0,6.1
2015,11,10,1.0,7.1
1922,9,10,1.0,6.3
2015,11,10,1.0,7.4
2007,10,10,2.0,6.1
1946,9,10,1.0,5.9
1994,7,10,47.0,5.8
1963,1,10,1.0,5.3
1986,5,10,1.0,5.0
1942,8,10,1.0,6.8
2021,9,10,1.0,6.8
1965,7,10,1.0,6.4
1995,9,10,1.0,6.7
1928,1,10,1.0,6.6
2008,2,10,1.0,8.0
2011,10,5,1.0,6.7
1977,2,10,1.0,6.9
1972,3,10,2.0,6.9
1947,8,10,1.0,6.6
2009,4,10,1.0,6.9
1982,8,10,1.0,2.7
1980,4,10,2.0,7.4
2019,5,10,1.0,6.1
2018,11,10,2.0,6.5
1992,11,10,1.0,5.0
2003,5,5,1.0,7.3
1975,12,10,1.0,8.8
2001,10,10,1.0,3.1
1970,1,6,1.0,5.7
1997,9,10,1.0,6.0
1990,11,10,1.0,4.6
1961,11,10,1.0,6.1
2017,8,10,1.0,5.9
1935,1,10,1.0,6.6
1946,9,10,1.0,6.8
1942,5,10,1.0,6.3
2025,3,10,1.0,6.7
2010,1,10,1.0,6.4
2008,4,10,1.0,7.3
1996,10,10,1.0,5.5
2022,6,10,1.0,8.2
1958,2,10,1.0,5.3
1972,11,10,1.0,6.2
1972,10,10,2.0,7.3
2017,4,9,59.0,8.3
1968,3,10,1.0,7.0
1996,8,10,2.0,7.4
1983,1,10,1.0,4.9
1970,10,10,2.0,7.3
2024,10,10,1.0,5.7
1999,6,10,1.0,4.2
1982,8,10,1.0,3.5
1952,1,10,1.0,6.4
2007,12,10,1.0,4.8
1924,10,10,1.0,6.6
1957,6,10,1.0,5.6
2013,1,10,1.0,6.2
1974,9,10,1.0,4.8
1993,10,10,1.0,4.2
1969,3,10,1.0,5.1
2010,12,5,1.0,7.2
1973,3,10,1.0,6.0
1981,7,10,1.0,5.1
1956,9,10,1.0,5.7
1994,8,10,2.0,4.7
2015,10,10,1.0,6.6
2014,8,10,1.0,6.3
1927,4,10,1.0,6.7
1970,6,10,1.0,7.0
1975,1,10,1.0,4.0
1927,11,5,1.0,1.7
1991,9,10,1.0,5.6
1939,1,10,1.0,7.5
1967,12,10,1.0,5.7
1965,9,10,1.0,5.4
1959,5,10,1.0,3.6
1977,5,10,1.0,5.8
1992,11,10,1.0,7.1
1935,12,10,1.0,7.0
2011,9,6,1.0,7.6
2017,6,10,1.0,5.2
1946,4,10,1.0,6.6
1979,12,10,1.0,5.1
1933,7,10,1.0,6.8
1931,2,10,1.0,4.1
1981,2,10,1.0,5.9
2018,8,10,1.0,6.3
2024,4,10,1.0,5.7
1937,2,10,1.0,6.9
1936,7,10,55.0,6.0
1986,8,10,1.0,6.3
1927,11,10,1.0,5.8
2013,4,5,1.0,8.0
1994,1,10,1.0,5.1
1985,5,10,1.0,6.0
1920,10,8,50.0,6.4
2000,4,10,1.0,6.9
2024,12,10,1.0,4.3
1985,3,10,1.0,6.5
1961,5,10,1.0,4.8
2023,10,10,1.0,6.2
1958,7,10,1.0,5.9
1936,10,10,1.0,6.0
1938,4,10,58.0,5.6
1983,12,10,2.0,8.3
1994,8,10,1.0,5.6
2025,3,9,1.0,6.7
2006,10,10,1.0,6.4
1947,6,10,1.0,6.5
1958,6,10,1.0,6.1
1943,3,10,57.0,5.7
2010,9,10,1.0,5.1
1989,3,10,2.0,7.1
1922,3,10,1.0,4.9
2015,5,10,1.0,4.3
1972,12,10,1.0,4.0
1983,3,10,1.0,6.2
2001,3,10,1.0,6.3
1928,9,10,1.0,7.5
2007,5,1,55.0,7.2
1958,11,10,2.0,7.3
1955,12,10,1.0,6.2
2008,5,10,1.0,6.9
1949,5,10,1.0,6.4
1978,9,10,1.0,4.1
1990,11,10,1.0,5.5
2014,12,10,1.0,7.1
2018,4,10,1.0,6.7
2009,4,6,1.0,6.1
2021,11,10,1.0,4.5
1927,12,10,1.0,6.6
1954,7,10,1.0,7.9
1949,11,10,1.0,6.0
2023,7,10,3.0,7.9
2002,11,10,1.0,7.0
1946,2,10,1.0,5.8
2024,7,10,1.0,5.4
1986,9,10,1.0,7.3
1985,3,10,1.0,4.2
1923,2,10,1.0,8.2
1931,4,8,1.0,5.4
1960,5,10,1.0,6.6
1956,9,10,1.0,5.0
1980,6,10,2.0,7.4
1978,9,10,1.0,4.9
1942,12,10,2.0,6.5
1972,9,10,1.0,5.9
2022,6,10,1.0,3.8
1987,11,10,1.0,6.6
1979,12,10,2.0,7.8
2017,2,10,1.0,6.7
1962,9,10,2.0,7.2
2019,12,10,2.0,7.2
2008,4,10,1.0,6.8
1977,9,10,1.0,4.4
1996,3,10,1.0,6.9
1985,10,10,1.0,6.5
2007,7,10,1.0,4.9
1958,3,10,1.0,6.5
1971,1,10,1.0,5.1
1940,5,10,1.0,5.6
1968,12,10,1.0,5.3
2007,6,10,1.0,7.8
1959,6,10,1.0,7.8
1970,11,10,1.0,5.7
2025,1,10,1.0,6.6
1972,6,10,1.0,6.2
2021,5,10,1.0,6.0
1975,7,9,1.0,4.7
1991,7,9,1.0,4.5
1999,7,10,1.0,6.0
1926,12,10,1.0,6.2
2002,6,10,1.0,5.6
2004,6,10,2.0,5.9
1969,9,10,1.0,6.1
2017,10,10,1.0,8.8
2007,3,10,1.0,6.8
2016,7,10,2.0,5.2
1948,4,10,59.0,7.2
1975,2,10,1.0,5.9
1952,6,10,1.0,6.1
1959,3,10,1.0,6.9
1986,1,10,1.0,4.2
1989,6,10,1.0,2.8
2014,3,10,1.0,7.1
1946,10,10,1.0,6.8
1969,9,10,1.0,6.3
2024,8,10,2.0,6.3
1991,2,10,1.0,6.3
1974,12,10,1.0,5.9
1937,1,10,1.0,5.3
2005,3,10,1.0,5.4
1990,10,10,1.0,4.5
2005,3,10,1.0,6.9
2016,10,10,1.0,6.9
1967,1,10,2.0,7.1
1977,8,10,1.0,6.4
1981,9,10,1.0,5.2
1993,12,10,1.0,7.7
1939,11,10,1.0,6.8
2022,4,10,1.0,6.1
1985,10,10,1.0,7.7
2015,5,10,1.0,6.1
1932,1,1,1.0,6.6
1983,1,10,1.0,6.3
1946,9,10,1.0,5.8
1942,11,10,1.0,7.5
1983,3,10,1.0,7.4
1972,3,10,1.0,6.0
2008,8,10,1.0,7.1
2006,7,10,1.0,5.5
2019,11,10,1.0,6.8
1967,1,10,1.0,6.4
1972,11,9,1.0,2.8
1948,9,6,1.0,4.1
2025,5,10,1.0,7.2
1964,3,10,1.0,6.3
1970,3,10,1.0,5.1
1998,9,10,1.0,5.4
2021,3,10,1.0,5.6
1954,8,10,1.0,5.5
1935,12,4,55.0,6.5
1922,9,8,53.0,3.4
1981,7,10,1.0,5.1
1984,2,10,1.0,5.8
1936,12,10,1.0,7.0
1954,2,9,1.0,5.6
1947,10,10,1.0,6.6
1992,6,10,1.0,7.7
1938,7,10,1.0,5.5
2011,6,10,1.0,3.3
1984,4,10,1.0,7.0
1945,2,10,1.0,6.7
1994,3,10,1.0,5.6
1948,10,10,1.0,6.8
1986,11,10,1.0,5.4
1924,10,10,1.0,7.0
1981,12,10,1.0,7.1
1929,2,10,1.0,6.7
1965,2,10,1.0,5.2
1983,6,10,2.0,6.2
1922,10,10,1.0,6.3
2025,2,3,1.0,7.1
1930,3,10,1.0,6.6
2010,6,10,1.0,6.0
1939,3,10,1.0,6.3
2021,12,10,1.0,5.7
1921,5,10,1.0,6.8
1937,11,10,1.0,5.5
1956,12,10,1.0,5.7
2018,8,10,1.0,5.3
2011,1,10,1.0,6.2
1989,1,10,1.0,5.5
1930,11,10,1.0,6.7
1998,3,10,1.0,6.8
1992,3,10,1.0,7.3
1999,2,10,1.0,8.1
2013,9,10,1.0,5.0
1995,10,10,1.0,6.8
1940,9,10,1.0,6.8
2000,10,10,1.0,6.0
1936,1,10,1.0,6.1
1968,11,10,1.0,6.5
2014,8,10,1.0,5.8
1986,3,10,1.0,4.6
2019,4,10,1.0,7.3
1927,8,10,1.0,6.1
2017,9,10,1.0,7.0
1974,11,10,2.0,5.9
2021,5,10,1.0,6.7
2011,12,10,1.0,6.3
1930,11,9,55.0,7.0
2022,1,10,2.0,7.5
2016,6,10,1.0,5.9
2022,11,10,1.0,3.7
1954,6,10,1.0,5.9
2021,12,10,2.0,5.9
1973,11,10,2.0,7.2
1948,6,10,1.0,5.6
1961,10,10,1.0,6.3
2024,10,10,1.0,4.6
2005,11,10,1.0,5.7
2012,2,10,1.0,7.7
2003,1,10,1.0,1.9
2016,11,10,1.0,7.6
2013,4,10,1.0,5.6
1992,11,10,1.0,6.8
1957,8,10,2.0,6.2
1931,7,10,1.0,5.5
1955,12,10,1.0,6.2
1939,11,10,1.0,6.1
2024,10,10,1.0,6.5
1964,8,10,1.0,6.2
1948,3,10,1.0,6.3
1972,5,10,1.0,4.0
2002,10,10,1.0,6.8
1970,8,10,1.0,5.4
1931,5,10,1.0,6.8
1945,1,8,2.0,7.7
1964,3,10,1.0,4.7
1952,10,10,1.0,8.2
1967,1,10,1.0,7.0
2024,3,10,2.0,7.6
1932,1,10,1.0,7.6
2019,8,10,1.0,5.3
2016,11,10,1.0,5.6
1932,4,10,1.0,6.4
1955,4,10,1.0,5.0
1986,8,10,1.0,5.7
1939,1,10,1.0,6.5
1921,9,10,1.0,6.8
1927,7,10,1.0,6.5
2010,9,10,1.0,6.1
1994,7,10,1.0,4.6
1992,12,10,1.0,7.0
1925,8,7,1.0,6.8
1997,8,10,1.0,4.8
1942,12,10,1.0,7.2
1944,10,10,1.0,5.6
1962,2,10,1.0,2.7
1924,6,7,1.0,5.6
1953,11,10,1.0,6.3
1962,9,10,1.0,6.2
1969,7,10,1.0,6.1
2005,3,10,1.0,5.6
1964,6,10,1.0,6.6
1956,2,10,2.0,6.5
1976,5,10,1.0,5.6
1982,5,10,1.0,5.8
2003,10,10,1.0,6.4
1995,11,10,1.0,6.7
2014,6,10,2.0,6.2
1972,2,10,1.0,7.7
1924,10,10,1.0,6.6
1989,5,10,2.0,7.7
1932,6,10,1.0,6.0
1929,9,10,1.0,5.4
1920,3,10,45.0,6.3
1926,1,10,1.0,3.3
1956,5,10,1.0,6.6
1981,10,10,1.0,6.2
1950,5,10,1.0,6.0
1986,5,10,1.0,7.6
1980,6,10,1.0,4.7
1960,1,5,2.0,6.6
1958,2,10,1.0,5.9
2003,2,10,1.0,5.1
1992,8,10,1.0,4.9
2012,2,10,1.0,6.3
2017,8,10,2.0,7.1
1965,3,10,1.0,7.2
1990,11,10,1.0,4.8
1930,5,3,1.0,7.2
1962,12,10,1.0,5.8
1955,8,10,1.0,6.3
2013,6,10,1.0,5.6
1984,12,10,1.0,6.0
1977,3,10,1.0,5.1
1963,10,10,1.0,5.9
1953,9,10,2.0,6.9
1965,10,10,1.0,6.2
2001,6,10,1.0,5.8
1989,9,10,1.0,5.7
1968,7,10,1.0,5.5
1980,6,10,2.0,7.1
1960,7,10,1.0,5.1
2012,3,10,1.0,7.2
2019,5,10,1.0,5.6
1966,3,10,1.0,5.3
1987,12,10,1.0,6.9
1966,6,10,1.0,5.7
1991,6,10,1.0,6.0
1943,5,10,1.0,6.0
2009,12,10,1.0,6.7
1978,12,10,1.0,4.4
2015,7,10,1.0,7.7
1971,9,10,1.0,6.4
1949,2,10,1.0,5.8
2017,6,10,1.0,6.5
1934,11,10,1.0,5.1
1933,11,10,1.0,6.4
1998,8,10,1.0,6.4
1937,9,8,1.0,6.3
1997,4,10,1.0,7.2
1988,1,10,1.0,7.3
1977,9,10,1.0,5.5
1955,3,10,1.0,6.5
1956,4,10,1.0,4.6
1996,3,10,1.0,5.4
1983,11,10,1.0,3.8
2002,1,6,1.0,3.5
1952,2,10,1.0,5.6
2022,3,10,1.0,8.2
1994,4,10,2.0,4.5
1958,8,10,1.0,6.5
1951,2,10,1.0,7.2
1941,2,10,1.0,5.8
2014,6,10,2.0,6.6
1961,11,10,2.0,5.1
1926,7,9,1.0,6.2
1967,12,10,1.0,4.6
2013,11,2,3.0,7.3
1959,1,10,2.0,7.6
2002,10,10,1.0,6.6
1935,12,10,1.0,5.0
1988,5,10,1.0,5.8
1994,9,10,1.0,5.6
1936,5,10,1.0,6.2
1983,6,10,1.0,7.1
1946,7,10,2.0,6.7
2024,11,10,1.0,6.7
1956,12,10,1.0,5.8
1971,9,10,1.0,7.0
2023,10,10,1.0,6.9
2019,4,10,1.0,3.3
1940,2,10,59.0,6.2
1976,11,5,1.0,6.2
1939,12,10,1.0,7.3
1984,3,10,1.0,4.0
1996,11,10,2.0,6.9
2002,9,10,1.0,5.6
1938,11,10,1.0,6.4
1929,4,3,1.0,6.7
1983,6,9,1.0,4.0
2004,8,10,1.0,7.0
1979,7,10,1.0,6.3
1992,10,10,1.0,6.1
2020,10,8,2.0,7.4
1984,9,10,1.0,5.5
1949,12,10,1.0,5.9
1961,8,10,1.0,4.5
1924,1,10,2.0,5.9
1976,3,10,1.0,6.0
1946,4,10,1.0,6.9
1960,9,10,1.0,6.9
1953,8,10,1.0,6.9
1975,7,10,1.0,3.7
2003,11,10,1.0,5.6
1975,9,10,1.0,7.1
1972,9,10,1.0,4.3
2015,12,10,1.0,6.2
1957,3,10,3.0,9.1
1947,10,10,1.0,6.4
1926,1,10,1.0,6.6
2018,5,10,2.0,7.4
1965,1,10,2.0,7.5
1945,1,10,3.0,5.8
1978,1,10,1.0,6.3
1969,6,5,55.0,3.6
1986,11,10,1.0,4.8
1944,2,10,1.0,6.5
2003,1,7,1.0,6.5
1971,6,10,1.0,6.6
1998,9,10,1.0,7.1
1956,10,10,1.0,6.2
2014,10,10,1.0,8.5
1935,12,10,1.0,6.7
2006,1,10,1.0,6.9
1958,8,10,1.0,5.7
1969,9,5,1.0,4.5
1999,4,8,2.0,7.9
2009,12,10,2.0,6.6
1939,4,10,56.0,5.7
2016,1,10,1.0,6.8
2022,10,10,2.0,5.9
1998,2,10,1.0,4.4
2007,8,10,2.0,6.1
2023,3,10,1.0,8.1
1982,9,5,2.0,5.7
2006,3,10,1.0,6.8
1986,10,10,1.0,7.2
2002,4,10,1.0,6.4
1942,9,10,1.0,6.8
2019,4,10,1.0,6.5
1969,2,10,1.0,5.7
1971,9,10,1.0,4.7
1946,1,10,1.0,6.2
1985,1,10,1.0,5.8
2004,2,3,1.0,6.0
1979,8,10,1.0,7.7
1974,3,10,1.0,5.8
1943,7,10,1.0,6.7
1934,11,10,1.0,6.1
2021,4,10,1.0,8.2
1943,12,10,1.0,6.5
1932,4,10,1.0,6.7
1959,11,10,1.0,8.0
1970,8,10,1.0,6.0
1939,12,10,1.0,6.4
1939,3,10,1.0,6.1
1987,8,10,2.0,8.1
2024,3,10,1.0,3.7
1943,8,10,1.0,5.1
1974,5,10,1.0,4.8
1989,4,10,2.0,8.0
1968,9,10,1.0,5.4
1959,7,10,1.0,7.1
1980,5,9,1.0,5.8
1944,10,10,1.0,6.1
2006,3,10,1.0,5.7
1992,6,10,3.0,6.6
1988,9,10,1.0,4.8
1941,8,10,1.0,7.5
2019,2,10,1.0,6.5
1923,6,8,1.0,6.6
1975,7,10,1.0,6.1
2009,3,10,1.0,4.4
1930,1,5,1.0,5.0
1937,8,10,1.0,6.7
1976,3,10,1.0,6.0
1989,2,10,1.0,6.7
1993,3,10,1.0,6.3
1954,7,10,1.0,6.2
1976,12,10,2.0,6.7
1952,7,10,1.0,6.2
1940,2,10,1.0,7.5
2009,10,10,1.0,6.6
1967,10,10,1.0,7.5
1921,10,7,50.0,6.4
1971,5,10,1.0,5.7
1986,9,10,1.0,6.6
1941,12,10,1.0,5.0
1963,9,10,1.0,7.4
1964,7,10,1.0,8.1
2010,4,10,1.0,5.7
1936,3,10,1.0,6.6
2008,10,3,1.0,7.1
1950,10,10,1.0,6.6
1922,5,8,1.0,4.8
1959,3,10,1.0,6.4
1982,5,10,1.0,3.0
1954,4,10,1.0,6.4
1968,9,10,1.0,5.6
1972,1,10,1.0,6.3
1929,9,10,1.0,5.1
1976,12,10,1.0,6.2
1933,5,10,59.0,5.4
1950,3,10,1.0,7.0
1995,4,10,1.0,6.8
1943,9,10,1.0,6.5
1959,2,10,1.0,6.2
1922,2,4,50.0,6.9
1992,2,10,1.0,5.3
1931,2,8,1.0,6.2
2011,1,10,1.0,5.9
1978,1,10,1.0,6.2
1965,3,10,1.0,6.0
1982,7,10,1.0,5.0
1956,2,10,1.0,6.9
1979,1,10,1.0,7.4
1924,10,10,2.0,6.7
1935,10,10,1.0,6.9
1972,4,10,1.0,7.2
2013,12,10,1.0,5.6
1982,8,10,1.0,5.4
1974,8,10,1.0,6.5
1964,6,10,1.0,5.9
1927,10,7,1.0,7.5
1966,12,10,1.0,5.6
1954,5,10,1.0,6.2
1957,4,10,1.0,5.6
1982,7,10,3.0,7.1
1987,11,10,1.0,8.0
1952,2,10,1.0,6.7
1998,8,10,1.0,6.0
1987,10,10,2.0,4.8
2011,4,10,2.0,6.8
2013,4,10,2.0,5.7
1966,12,10,2.0,7.9
1953,6,10,1.0,6.5
1940,9,10,1.0,7.4
1975,11,10,1.0,5.6
1931,1,10,1.0,6.6
1985,5,10,1.0,6.5
1954,9,10,1.0,6.7
1943,2,10,1.0,5.7
1997,7,10,1.0,4.3
1929,11,10,2.0,7.2
1976,4,10,2.0,6.9
1975,11,10,1.0,8.2
1950,6,10,1.0,6.7
1992,5,10,1.0,6.2
1999,8,10,2.0,5.4
1929,1,10,1.0,7.1
2007,8,10,1.0,5.6
1993,3,10,1.0,5.3
1934,11,10,1.0,5.4
1956,6,10,2.0,7.4
1937,12,10,57.0,5.1
1937,8,10,1.0,7.2
2020,12,10,1.0,4.9
1964,12,10,1.0,5.8
1939,11,10,1.0,5.9
1969,7,10,1.0,5.6
1929,5,10,1.0,5.9
1934,12,10,1.0,6.2
2010,8,10,1.0,7.5
2001,11,10,1.0,7.8
1993,9,8,1.0,5.7
1951,4,10,1.0,6.4
1983,1,10,1.0,7.1
2012,4,10,1.0,5.1
1990,9,10,2.0,7.4
2002,5,10,2.0,6.1
1942,4,10,1.0,6.2
2012,3,10,1.0,6.4
1967,12,10,1.0,5.2
1987,4,10,1.0,7.0
1953,5,10,1.0,7.0
1959,2,10,1.0,5.3
1938,4,10,1.0,5.3
1933,3,10,1.0,6.4
1969,5,10,2.0,6.7
1956,9,10,55.0,7.4
1935,3,10,1.0,6.1
1994,7,10,2.0,7.3
1942,12,10,1.0,6.0
2025,2,6,2.0,7.8
1952,8,10,1.0,5.4
1997,12,10,1.0,6.7
1985,12,10,1.0,5.8
1950,6,10,1.0,6.1
1954,12,10,1.0,6.7
1952,4,10,1.0,5.2
1952,6,5,1.0,6.3
1971,1,10,1.0,4.5
1997,11,10,2.0,6.6
2015,11,10,1.0,5.3
2019,12,10,2.0,6.2
2005,3,10,1.0,5.2
2017,6,10,1.0,6.8
2022,4,10,1.0,4.7
1929,4,10,1.0,6.5
1975,11,10,1.0,7.5
2000,5,10,1.0,6.4
1932,11,10,1.0,6.8
1957,1,10,2.0,5.9
1948,12,10,1.0,2.4
1949,11,10,1.0,6.0
1959,7,10,2.0,6.2
1950,11,10,1.0,5.7
2015,8,10,1.0,7.1
1954,4,10,1.0,5.0
1941,10,10,1.0,7.1
1956,1,4,1.0,7.8
1985,3,10,1.0,7.0
1995,1,10,1.0,6.1
1952,7,10,1.0,6.2
1932,11,10,1.0,7.0
1986,11,10,1.0,5.8
2015,1,10,1.0,4.2
1965,3,10,1.0,7.3
1992,2,10,1.0,5.2
1965,11,10,1.0,7.2
2015,6,1,1.0,7.3
1958,12,10,1.0,5.4
1949,4,10,1.0,6.5
1992,1,10,1.0,5.1
1966,4,10,1.0,5.2
2009,9,10,1.0,4.8
1988,3,7,2.0,8.6
1975,10,10,1.0,4.9
1986,11,10,1.0,5.9
1961,9,10,3.0,7.7
2023,9,10,1.0,6.6
1938,8,10,1.0,6.7
1973,6,10,1.0,4.1
1977,10,10,1.0,7.1
1996,12,10,2.0,7.1
1981,7,10,1.0,5.3
2013,4,10,1.0,7.2
2010,7,10,1.0,4.4
2009,12,10,1.0,4.1
1930,9,10,48.0,7.5
1977,1,10,1.0,6.9
1954,1,10,1.0,6.5
2015,6,10,1.0,7.3
1934,12,10,1.0,5.2
2011,4,10,1.0,6.9
2001,11,10,1.0,6.3
2000,6,10,1.0,6.7
1966,11,10,1.0,6.4
1940,7,10,1.0,6.8
1956,2,10,1.0,5.2
1938,9,10,1.0,5.8
2001,5,10,1.0,6.4
1943,10,10,1.0,5.6
1983,4,10,1.0,6.2
1948,1,10,1.0,6.7
2010,2,10,1.0,6.5
2020,1,10,1.0,7.5
1973,5,10,1.0,5.9
2016,5,10,1.0,4.5
1940,12,10,4.0,7.3
1934,10,10,50.0,5.1
1925,8,10,1.0,7.4
2016,7,10,1.0,5.8
2015,5,1,1.0,5.9
1951,9,10,2.0,6.9
1996,6,10,2.0,7.3
2004,6,10,1.0,7.0
1932,11,10,1.0,6.2
1921,7,7,50.0,7.4
2006,4,10,1.0,7.5
2011,11,8,1.0,7.2
1944,12,10,2.0,7.0
2002,4,10,1.0,4.0
1965,8,10,1.0,5.5
1987,8,10,2.0,5.5
2014,9,10,1.0,7.8
1985,11,10,1.0,6.9
1984,9,10,1.0,5.9
2018,12,1,1.0,5.1
1999,9,10,2.0,6.5
1973,1,10,1.0,6.1
2008,9,6,1.0,7.0
2007,10,5,1.0,5.1
1996,3,10,1.0,7.9
2016,8,10,1.0,6.5
1967,6,10,45.0,6.7
1991,8,10,1.0,4.2
2022,7,7,1.0,6.6
2011,9,10,1.0,5.9
1963,1,10,1.0,6.1
1994,12,10,1.0,6.2
1957,11,10,1.0,4.7
2021,6,10,1.0,4.1
1946,7,10,1.0,6.4
1936,5,10,1.0,6.4
1986,9,10,1.0,7.0
1990,4,10,2.0,7.5
1950,10,10,1.0,6.9
1988,5,10,1.0,4.3
1972,9,10,1.0,6.3
1974,2,10,1.0,7.7
2001,5,10,2.0,7.0
1929,6,10,1.0,4.8
1939,10,10,1.0,6.0
2021,11,10,1.0,7.2
1930,3,10,59.0,4.6
1972,4,10,1.0,5.9
1943,9,10,1.0,7.2
1968,8,10,1.0,4.6
2009,9,10,1.0,4.0
2018,3,10,1.0,7.5
1997,5,10,2.0,8.6
1926,1,7,1.0,6.8
2008,10,10,1.0,7.2
1961,1,10,1.0,5.8
1931,5,10,1.0,5.5
1937,3,10,1.0,6.7
1951,2,10,1.0,6.4
1951,6,10,1.0,5.4
1991,10,10,1.0,5.9
1927,1,10,1.0,6.5
2019,3,10,1.0,6.0
2001,9,10,1.0,6.9
1936,1,10,1.0,6.7
2009,12,10,2.0,7.3
2001,12,10,1.0,6.3
1983,10,10,1.0,6.5
1971,9,10,1.0,6.4
2015,5,10,1.0,5.1
1948,1,10,1.0,6.7
1942,3,10,4.0,6.9
1989,5,10,2.0,5.4
1967,9,7,1.0,4.2
1966,3,10,2.0,6.7
2001,10,10,1.0,6.2
2006,1,10,2.0,7.5
2003,5,10,1.0,7.0
1995,10,10,1.0,5.2
1982,9,10,1.0,7.5
2021,6,10,2.0,5.2
1963,6,10,1.0,6.0
1965,7,10,1.0,6.9
1998,9,10,1.0,4.4
1944,9,10,1.0,6.8
1942,6,10,1.0,7.2
1958,11,10,1.0,6.0
2012,2,10,1.0,6.4
2019,6,10,1.0,6.5
2020,8,10,1.0,5.1
1941,5,10,1.0,6.0
1939,6,10,1.0,6.5
1969,9,10,1.0,4.5
1990,4,10,1.0,6.7
1979,4,10,2.0,6.1
1959,3,10,1.0,5.7
1964,12,10,1.0,4.2
1936,7,10,1.0,6.1
1988,8,10,1.0,4.8
1984,5,10,1.0,7.3
1940,2,10,1.0,5.6
2020,3,10,1.0,5.8
2023,12,10,2.0,6.1
2000,3,10,1.0,7.0
1950,10,10,1.0,8.0
1973,12,10,1.0,6.6
2019,6,10,1.0,7.2
2021,11,10,1.0,5.5
1949,3,10,1.0,6.7
1942,9,2,2.0,8.9
1984,2,10,1.0,2.3
1941,12,10,1.0,5.8
1955,6,10,1.0,6.3
1995,9,2,1.0,7.1
2012,10,10,1.0,5.0
1998,5,10,1.0,6.3
1998,1,10,1.0,7.2
1992,5,10,1.0,5.8
1974,8,10,1.0,6.0
1998,1,10,1.0,7.5
1937,7,10,1.0,6.2
1980,10,10,2.0,5.5
2024,3,10,1.0,6.3
2011,11,9,1.0,7.2
1922,10,6,1.0,6.4
2012,3,10,1.0,7.5
1927,3,10,1.0,6.3
1994,3,10,2.0,7.2
1966,5,10,1.0,5.5
1968,2,10,1.0,7.7
1974,11,1,1.0,8.2
1957,5,10,1.0,6.4
1921,1,10,1.0,6.4
1943,9,10,1.0,5.7
1961,10,10,1.0,6.1
1967,7,10,1.0,5.2
1970,9,10,1.0,5.1
1922,1,10,1.0,6.6
2013,9,10,1.0,5.6
1993,1,10,1.0,5.4
2013,6,3,1.0,6.7
1974,12,10,1.0,5.5
1928,5,9,1.0,6.2
2020,3,10,1.0,4.8
1939,4,10,1.0,5.6
1939,5,10,1.0,6.1
2025,1,3,1.0,4.8
2008,8,10,1.0,5.9
2013,3,10,1.0,5.6
1995,1,10,1.0,6.5
2005,11,10,1.0,4.3
1969,4,5,1.0,6.6
1967,12,10,1.0,3.3
1974,9,10,1.0,4.3
1976,2,10,1.0,7.0
1968,1,10,1.0,7.2
1990,11,10,1.0,6.2
1955,7,10,1.0,5.8
1971,6,8,1.0,6.9
1982,1,10,1.0,6.6
1973,6,10,1.0,6.3
2015,5,10,2.0,5.5
2020,1,10,1.0,7.2
2014,9,10,1.0,5.9
2023,8,10,2.0,5.9
1931,12,10,1.0,5.7
2015,3,10,1.0,6.3
1970,6,10,1.0,6.5
1966,10,10,1.0,5.3
1997,9,10,1.0,5.2
1996,7,10,1.0,7.1
1955,6,10,1.0,5.8
2012,12,8,1.0,7.8
1991,8,10,1.0,5.1
1948,11,10,1.0,6.7
2010,12,10,2.0,2.8
1986,6,10,2.0,6.0
1953,4,10,1.0,6.4
1958,11,10,1.0,5.9
1983,1,10,2.0,6.5
1956,3,10,1.0,6.5
1973,2,10,1.0,6.0
2009,4,10,1.0,6.1
1942,5,10,1.0,6.0
2020,12,10,1.0,5.5
1945,9,10,1.0,4.9
1990,5,10,2.0,6.7
1973,2,10,1.0,6.4
1949,7,10,1.0,6.6
1971,9,10,1.0,5.0
2009,11,10,1.0,7.0
1934,12,10,1.0,6.0
1959,12,10,1.0,5.5
2024,10,10,2.0,6.1
1979,8,10,1.0,6.4
1975,1,10,1.0,6.6
1956,2,10,1.0,6.6
1933,1,10,58.0,5.9
1957,3,10,1.0,6.1
1925,9,10,1.0,5.0
1993,12,10,1.0,3.5
1968,11,10,1.0,7.0
2011,1,10,1.0,7.8
2012,4,10,1.0,7.0
1991,5,10,1.0,8.0
1954,2,10,1.0,4.4
1962,11,10,2.0,7.2
1970,6,10,1.0,5.3
1941,12,10,1.0,6.0
1990,10,10,1.0,4.9
2013,10,10,1.0,6.2
2023,12,10,1.0,6.0
1987,8,10,1.0,5.8
1975,3,10,1.0,6.7
1932,4,10,1.0,6.4
1981,3,10,1.0,7.4
2019,12,10,3.0,7.8
1962,3,10,1.0,5.5
1978,7,10,1.0,4.6
2016,11,10,2.0,7.2
1940,5,10,1.0,6.5
1978,2,10,1.0,5.3
1993,10,10,1.0,6.1
1931,2,10,1.0,5.2
1995,12,10,1.0,6.8
1938,12,10,1.0,6.2
1925,12,8,1.0,6.6
2023,1,10,1.0,4.6
1989,11,10,1.0,4.1
2003,7,10,1.0,5.1
1945,7,10,1.0,5.8
1995,4,10,1.0,7.8
1993,12,4,1.0,7.3
1947,5,10,1.0,6.5
1990,10,10,1.0,7.1
1940,4,10,1.0,6.8
2009,3,10,2.0,6.1
1983,9,10,1.0,4.4
2013,10,10,1.0,3.7
1992,1,10,1.0,1.3
1987,8,10,1.0,5.9
1935,2,10,1.0,6.4
1981,9,10,2.0,6.4
1967,6,10,1.0,6.3
1929,2,10,1.0,6.6
1969,1,10,1.0,5.6
1933,3,10,1.0,6.1
1967,7,10,1.0,5.5
1978,4,10,1.0,6.2
1976,5,10,1.0,4.5
2021,11,1,1.0,7.0
1940,9,10,1.0,6.3
2025,3,10,1.0,7.2
1997,11,10,1.0,7.4
1956,11,10,1.0,6.3
1951,7,10,1.0,6.4
2024,9,10,1.0,3.6
1952,6,10,1.0,5.8
1959,10,10,1.0,4.8
1957,1,10,1.0,7.2
1977,12,10,1.0,6.2
2012,5,10,1.0,6.8
2024,6,10,3.0,7.0
1998,5,10,1.0,8.0
2019,3,10,1.0,5.5
1997,6,10,1.0,7.0
1948,11,10,2.0,6.4
1959,4,10,1.0,6.6
2007,6,10,2.0,6.9
1966,12,10,2.0,7.1
2019,10,10,1.0,6.8
1961,3,10,1.0,6.5
2004,1,10,1.0,6.0
1931,10,10,1.0,6.2
1987,12,10,1.0,5.4
1956,2,10,1.0,5.8
1950,8,10,1.0,6.3
1943,8,10,1.0,6.7
1987,12,10,1.0,5.0
1934,9,10,56.0,5.6
1956,10,10,3.0,7.9
1983,5,10,1.0,5.3
2000,3,10,1.0,7.6
1979,8,10,1.0,3.8
1988,2,10,1.0,3.5
2004,10,10,1.0,5.3
1999,5,6,2.0,8.2
1996,1,10,1.0,7.2
2012,1,10,1.0,6.7
2002,5,10,1.0,6.1
2023,1,10,1.0,6.5
1986,2,10,1.0,4.7
1930,8,10,1.0,5.7
1970,11,10,1.0,5.1
1979,3,7,1.0,6.3
1994,12,10,1.0,5.3
1930,9,10,1.0,4.6
1958,9,10,1.0,5.6
1958,9,10,1.0,7.1
1949,7,9,1.0,6.4
1950,8,10,1.0,5.5
2000,4,7,1.0,7.5
1964,6,10,1.0,7.1
1963,9,10,1.0,5.5
1955,12,10,1.0,6.4
2009,6,10,1.0,7.1
2001,1,10,1.0,4.6
2011,1,10,1.0,5.0
2022,5,10,1.0,6.4
1937,1,10,3.0,6.2
1954,1,10,1.0,5.7
1931,2,9,55.0,7.2
1946,12,10,1.0,5.9
1964,9,10,1.0,4.9
2022,8,10,1.0,5.9
1944,12,10,57.0,5.6
1944,9,10,1.0,6.5
1937,12,10,57.0,5.6
1939,12,10,1.0,5.6
1985,12,10,1.0,5.4
1994,1,10,1.0,5.8
1932,10,10,1.0,5.3
2010,5,10,1.0,6.9
2013,1,10,1.0,6.6
2025,3,7,1.0,6.9
1920,12,9,1.0,6.1
1928,11,10,2.0,5.9
2008,4,10,1.0,7.5
1930,7,10,1.0,6.3
1964,9,10,1.0,5.8
1935,7,10,1.0,6.4
1924,2,10,1.0,6.6
1933,4,10,1.0,7.0
1942,9,10,1.0,6.4
1960,1,10,1.0,4.6
1995,10,10,1.0,6.4
2023,3,10,2.0,7.1
1977,5,10,1.0,3.8
1980,4,10,1.0,3.0
1979,6,10,2.0,6.5
2005,10,10,1.0,5.5
1971,10,10,1.0,4.6
2025,3,10,1.0,6.1
2007,9,10,1.0,7.0
1986,8,10,1.0,6.3
2003,8,10,1.0,7.4
1974,5,10,1.0,5.3
1937,11,10,1.0,6.7
1966,7,10,1.0,4.8
1982,1,10,1.0,2.5
1929,10,1,1.0,7.6
1968,12,10,1.0,6.8
1996,4,10,1.0,4.5
1996,12,10,1.0,4.0
2008,1,10,1.0,6.9
2003,1,10,1.0,6.5
1997,2,6,1.0,7.0
2006,5,10,2.0,7.5
2015,5,10,1.0,6.6
1983,12,10,1.0,7.5
1949,6,10,1.0,6.8
1931,10,10,1.0,6.4
1963,4,10,1.0,6.6
1956,4,10,1.0,5.9
1938,1,10,1.0,6.7
1997,2,10,1.0,4.5
1966,10,10,1.0,6.1
1983,9,10,1.0,7.2
1937,6,10,58.0,6.0
1956,4,10,1.0,6.2
1970,10,10,1.0,5.8
1993,3,10,1.0,5.8
1990,4,5,1.0,7.3
1956,1,10,1.0,6.4
2018,12,10,1.0,7.7
1978,11,10,1.0,4.9
1972,9,9,1.0,8.2
1971,6,9,1.0,5.5
2011,4,10,1.0,7.7
1964,5,10,1.0,6.5
2024,1,10,2.0,7.2
1949,5,10,2.0,7.3
1996,11,10,1.0,4.5
2012,11,10,1.0,6.9
1993,7,10,1.0,3.6
1938,1,10,1.0,5.0
1972,1,10,1.0,5.6
1945,10,10,1.0,5.4
1927,5,9,1.0,5.6
1991,12,10,1.0,4.7
1975,6,10,1.0,5.4
1976,1,10,1.0,5.3
1960,1,10,1.0,5.6
1985,8,10,2.0,6.7
2022,1,10,1.0,6.0
1996,8,10,1.0,5.9
1980,9,10,1.0,6.8
2006,12,10,1.0,5.4
2004,11,10,1.0,6.1
1943,8,10,1.0,7.0
1923,2,10,1.0,5.8
1951,7,10,1.0,6.5
1966,6,10,1.0,6.1
1985,1,10,1.0,3.8
1931,10,10,1.0,6.0
1961,6,10,1.0,5.2
1991,9,10,1.0,4.8
2000,12,10,2.0,5.1
2007,10,10,1.0,7.0
1992,10,10,1.0,6.8
1935,1,10,1.0,6.8
1967,3,10,2.0,7.1
1987,12,10,1.0,6.1
2001,1,10,1.0,8.0
1986,3,7,1.0,3.8
2019,6,10,2.0,6.0
1981,9,10,1.0,3.6
2013,6,8,1.0,7.6
1968,2,10,1.0,5.5
1948,2,10,1.0,6.0
1992,6,10,1.0,8.0
1977,6,10,1.0,5.8
2017,1,10,1.0,7.3
1934,4,10,1.0,3.3
1923,10,10,1.0,2.9
1963,8,10,1.0,5.4
1994,9,10,1.0,7.7
1973,6,10,1.0,4.9
1927,11,10,1.0,5.4
1942,9,10,1.0,6.2
1994,7,10,1.0,6.7
1981,12,10,1.0,6.9
1983,10,10,2.0,6.2
1939,8,10,1.0,6.3
1940,1,6,1.0,7.5
1971,4,10,1.0,5.6
1954,1,10,1.0,6.5
1950,5,10,1.0,7.0
1928,2,10,1.0,6.4
1941,7,9,1.0,7.1
1974,12,10,1.0,6.6
2011,9,10,1.0,6.6
1933,12,10,1.0,6.0
1987,7,10,1.0,5.5
1968,8,10,1.0,4.5
1989,4,7,1.0,3.5
1946,5,10,1.0,6.3
2013,6,10,2.0,6.9
1947,12,10,1.0,5.6
1930,11,10,1.0,7.2
1982,3,10,1.0,6.2
1955,9,1,1.0,7.2
1986,11,10,2.0,7.8
1962,8,10,1.0,5.6
1965,5,10,1.0,6.9
2005,9,10,1.0,5.5
2016,6,10,2.0,4.9
1987,10,10,1.0,7.2
1975,9,5,1.0,7.1
1960,7,10,2.0,7.3
2011,7,10,1.0,5.8
1962,9,10,1.0,4.3
1937,6,10,1.0,5.3
2016,2,10,1.0,7.0
1980,12,10,1.0,6.3
1991,9,10,3.0,7.5
2012,8,10,1.0,5.7
2004,6,10,1.0,6.1
1960,5,10,1.0,6.2
1946,7,10,1.0,5.6
1990,7,10,2.0,7.1
1935,7,10,1.0,6.6
1968,6,10,1.0,6.4
1936,8,10,1.0,7.0
1946,10,10,57.0,6.2
1948,2,10,1.0,6.3
1974,6,10,1.0,6.2
2006,6,10,2.0,7.0
2015,10,10,1.0,5.1
1961,1,10,1.0,5.2
1930,2,10,1.0,6.2
1994,10,3,47.0,6.6
2007,11,10,1.0,7.0
1982,6,10,2.0,5.9
1945,11,10,57.0,6.5
1940,1,10,4.0,6.8
1975,6,10,1.0,4.7
2015,3,10,2.0,6.1
1958,10,10,1.0,6.2
1998,9,10,1.0,5.1
2022,9,10,1.0,6.8
1964,7,10,1.0,5.4
1995,7,10,2.0,6.0
1954,2,10,1.0,7.0
1939,11,10,1.0,7.2
1955,3,10,3.0,6.1
2024,3,10,1.0,6.6
1973,8,10,1.0,6.8
1968,1,10,1.0,4.9
2008,5,10,2.0,6.7
1997,3,10,1.0,7.0
1942,5,10,1.0,6.0
1990,11,10,1.0,5.4
1941,6,10,1.0,5.2
1947,2,10,1.0,5.2
2019,7,10,2.0,6.3
2025,1,1,1.0,8.1
1936,1,10,1.0,5.2
1964,3,10,1.0,4.5
1953,11,10,1.0,5.8
1981,3,10,1.0,6.0
2013,9,10,1.0,4.8
1981,6,10,1.0,5.2
1950,12,10,1.0,7.9
1986,11,10,1.0,6.8
2025,1,10,1.0,6.7
2012,11,10,1.0,7.2
2022,9,10,1.0,5.8
1954,12,10,1.0,6.3
1924,2,10,52.0,6.2
1999,3,10,2.0,4.8
1949,8,10,1.0,5.4
1956,11,10,1.0,8.3
2023,8,10,1.0,6.3
1963,11,10,1.0,8.1
2012,3,10,1.0,6.7
1997,1,9,1.0,6.7
1983,8,10,1.0,4.6
1977,8,5,1.0,5.7
2021,11,10,1.0,6.3
1926,5,10,2.0,6.7
1972,8,10,1.0,6.2
1934,11,10,1.0,5.7
1960,8,10,1.0,6.5
1979,11,10,1.0,6.8
2007,5,10,2.0,6.8
1989,6,10,1.0,5.2
1973,4,10,2.0,5.6
2002,9,10,1.0,6.2
1987,8,10,1.0,5.6
1988,5,9,1.0,5.4
1951,11,10,1.0,5.7
2015,11,10,2.0,6.6
1993,5,10,1.0,5.6
1931,11,10,1.0,6.3
1940,9,10,1.0,6.9
1994,9,10,1.0,7.0
1922,5,10,1.0,7.8
1986,4,10,1.0,5.0
1957,12,10,1.0,5.9
2002,9,10,1.0,3.9
2018,11,1,1.0,6.8
1937,1,10,1.0,5.3
1994,1,10,1.0,5.3
1988,1,10,1.0,4.3
1937,9,10,57.0,5.6
1989,12,10,1.0,6.0
1979,1,10,1.0,6.0
2021,10,10,1.0,5.1
1994,10,10,1.0,4.2
1978,11,10,1.0,5.7
1949,12,10,1.0,6.4
1940,11,10,1.0,6.2
2019,6,10,1.0,5.7
2009,1,10,1.0,7.7
1941,8,10,4.0,6.3
1955,7,1,58.0,4.7
1936,1,10,1.0,6.9
2008,10,10,1.0,6.8
2023,5,10,1.0,4.4
1986,3,10,1.0,5.0
1986,3,10,1.0,6.6
2005,2,10,1.0,4.2
1945,11,10,1.0,6.1
1955,12,10,1.0,6.5
1955,7,10,1.0,7.4
1968,9,10,1.0,5.7
1945,12,10,1.0,6.0
1952,1,10,1.0,6.1
1931,12,10,1.0,6.6
1944,5,10,1.0,5.6
1937,9,10,1.0,5.9
1972,5,10,1.0,7.5
2003,3,10,1.0,7.4
2016,8,10,2.0,6.4
1955,1,10,1.0,6.0
1991,12,10,1.0,6.0
1983,12,10,1.0,4.5
1964,6,10,1.0,5.0
2016,5,10,2.0,6.7
1963,1,10,2.0,6.4
2014,10,10,1.0,6.0
2020,10,2,1.0,7.3
1972,8,4,1.0,5.3
1968,11,10,1.0,4.0
1979,6,10,1.0,5.8
1945,6,10,1.0,6.7
1931,6,5,1.0,6.8
1977,1,10,1.0,5.7
1927,6,5,1.0,6.0
1928,4,9,1.0,6.1
1978,11,10,1.0,8.5
2010,12,10,1.0,6.3
2010,7,10,1.0,7.0
1961,8,10,1.0,6.3
2001,8,10,2.0,7.5
2006,9,10,1.0,2.2
1968,1,10,1.0,6.8
1973,5,10,1.0,4.0
1975,2,2,2.0,7.7
2011,12,10,1.0,6.5
1959,5,10,1.0,7.2
2023,11,1,1.0,6.8
1996,11,10,1.0,5.6
1993,9,10,1.0,7.2
1998,8,10,2.0,7.5
2003,1,10,1.0,5.5
1978,9,10,1.0,5.0
1934,4,10,1.0,7.2
2001,7,4,1.0,7.6
1955,6,10,1.0,5.7
1989,9,10,2.0,5.5
2013,7,10,1.0,8.1
1953,10,10,1.0,6.8
1940,2,10,1.0,4.8
2014,8,10,1.0,5.8
2002,1,10,1.0,5.6
1985,10,10,1.0,6.9
2000,10,10,1.0,5.8
1946,4,10,1.0,6.3
1952,5,10,1.0,6.9
1921,7,10,50.0,6.3
1946,8,10,1.0,6.7
1939,4,10,1.0,7.4
1994,8,10,1.0,4.8
2012,8,10,1.0,7.6
2019,9,10,1.0,6.5
2012,4,2,1.0,6.4
1944,5,10,1.0,5.5
2008,8,10,1.0,6.1
2016,11,10,1.0,5.6
2000,6,10,2.0,6.5
1961,10,10,1.0,6.2
1928,9,9,1.0,6.6
1981,10,10,1.0,5.8
1932,8,10,58.0,5.5
1969,1,10,1.0,5.8
2002,4,10,1.0,5.2
2021,4,10,1.0,2.7
1964,12,9,1.0,3.6
1977,6,10,1.0,4.6
1992,4,10,2.0,3.4
1956,9,10,1.0,7.4
1978,9,10,1.0,4.8
1948,8,10,1.0,7.4
1966,10,10,1.0,6.0
1984,1,10,1.0,3.8
1944,9,10,1.0,5.9
1964,11,10,1.0,7.1
1986,4,10,1.0,6.6
2021,5,9,2.0,7.2
2000,11,10,1.0,6.7
1968,5,10,1.0,6.5
1962,11,10,1.0,5.5
1923,9,10,1.0,7.0
1930,5,10,1.0,5.6
1968,3,10,1.0,6.5
1963,12,10,1.0,5.2
1974,3,10,1.0,4.8
1943,3,10,1.0,4.7
1940,1,10,1.0,6.0
1979,5,10,1.0,6.8
1975,6,6,1.0,6.3
2002,10,10,1.0,6.6
1987,10,10,1.0,8.8
1953,1,10,1.0,5.5
1954,2,10,1.0,7.6
2002,2,10,1.0,5.4
1961,3,10,1.0,6.1
2007,2,10,1.0,4.3
1929,10,10,1.0,5.3
1994,12,10,1.0,5.3
1966,3,10,1.0,5.9
1940,10,10,1.0,5.4
1975,1,8,1.0,5.2
1987,6,10,1.0,7.8
1943,8,10,1.0,7.0
1990,8,10,1.0,4.0
1980,5,10,1.0,5.2
1951,10,10,1.0,6.9
2011,3,10,1.0,7.3
1995,10,10,1.0,3.4
1992,6,10,1.0,6.1
1990,11,10,1.0,6.7
2008,12,10,1.0,7.8
2013,4,10,1.0,6.2
2012,12,10,2.0,8.5
1940,9,10,1.0,6.2
2016,4,10,1.0,6.6
1984,3,9,1.0,7.6
1952,12,10,1.0,6.9
1966,9,10,1.0,6.3
1934,4,10,1.0,6.3
2023,5,10,2.0,7.2
2019,6,10,2.0,7.2
2000,9,10,1.0,6.0
2021,10,10,1.0,6.1
2010,11,10,1.0,5.7
2007,10,10,2.0,7.5
1965,2,10,1.0,6.8
1991,7,10,2.0,8.6
2014,8,10,1.0,6.7
2022,3,10,2.0,5.2
2022,8,10,1.0,6.7
1923,1,8,1.0,6.0
1990,7,10,1.0,4.9
2002,3,10,1.0,5.8
2012,11,10,2.0,6.7
1984,1,10,1.0,7.4
2003,10,10,1.0,6.9
1963,11,10,3.0,7.5
2006,4,10,1.0,4.6
1987,12,10,2.0,7.3
1971,1,10,1.0,5.8
2021,9,10,1.0,5.4
1946,7,10,3.0,6.1
1929,5,10,1.0,7.0
1971,3,10,1.0,6.6
1954,4,10,1.0,5.6
1978,1,10,1.0,7.5
1950,5,10,1.0,6.0
1928,1,10,1.0,5.6
1959,10,10,1.0,3.7
1948,2,10,1.0,6.0
2005,6,10,1.0,7.4
1923,4,10,1.0,6.1
1999,12,10,1.0,7.0
1931,1,9,1.0,6.3
2004,3,1,1.0,7.0
1995,2,10,1.0,6.4
1977,1,10,1.0,3.7
1959,10,6,1.0,3.8
1994,7,10,1.0,6.2
1965,5,10,1.0,7.2
1999,9,10,2.0,6.7
2010,4,7,1.0,4.9
2014,11,10,2.0,6.3
2007,6,10,1.0,6.7
2025,4,10,1.0,7.2
2003,4,10,1.0,6.2
2021,10,8,1.0,7.3
1952,5,10,1.0,7.5
2020,4,10,2.0,6.0
2025,2,10,1.0,7.4
1955,9,10,1.0,7.1
1998,10,10,1.0,5.6
1985,3,10,1.0,5.8
1982,8,10,1.0,6.1
1957,3,10,1.0,5.7
1988,1,10,2.0,7.2
1962,8,10,1.0,5.2
2016,8,10,1.0,5.7
2010,1,1,1.0,6.6
2014,7,10,1.0,5.8
1975,7,10,1.0,6.5
2016,7,10,1.0,7.8
2000,3,10,1.0,6.3
1996,1,10,1.0,4.7
1986,1,10,2.0,6.9
1997,4,10,1.0,6.6
1953,4,10,2.0,6.2
2022,10,10,2.0,7.2
2004,2,7,1.0,4.5
1921,8,10,1.0,6.6
1976,9,10,1.0,5.3
1954,10,10,1.0,5.7
1935,5,10,1.0,6.4
1971,5,10,1.0,4.6
1990,8,10,1.0,6.5
1956,12,10,1.0,6.4
1980,7,10,1.0,6.5
1952,12,10,1.0,6.1
1940,6,10,1.0,5.4
1991,8,10,1.0,6.3
2010,11,10,1.0,6.6
1939,5,10,1.0,6.3
2005,1,10,1.0,7.4
1943,11,10,1.0,6.9
2017,1,10,1.0,6.8
1966,7,10,1.0,7.0
2013,3,10,2.0,6.3
1976,11,1,1.0,6.8
1925,2,10,50.0,5.2
1984,9,6,1.0,7.6
1970,4,10,1.0,4.3
1979,1,10,1.0,5.0
1956,5,10,1.0,6.4
2011,7,10,1.0,4.5
1942,6,10,1.0,5.5
1993,4,10,1.0,4.0
1992,8,3,1.0,6.4
1979,9,10,1.0,2.2
2022,1,10,1.0,4.3
1970,6,10,1.0,6.9
1963,10,10,1.0,5.7
1983,9,10,1.0,4.6
1992,9,10,1.0,4.8
2016,12,10,1.0,6.2
1961,10,10,1.0,5.9
1996,10,10,2.0,6.9
1976,4,10,1.0,7.3
1997,6,10,1.0,3.4
2024,6,10,1.0,6.6
1981,9,10,1.0,6.3
2016,4,10,1.0,5.7
2022,4,10,1.0,6.9
1973,8,10,1.0,5.8
1982,12,10,1.0,6.7
1996,1,10,1.0,4.5
1981,9,10,1.0,6.8
2022,5,10,1.0,7.1
2013,7,10,1.0,4.0
1930,6,10,1.0,4.4
1976,3,10,1.0,5.6
2008,4,10,1.0,6.5
1992,1,10,1.0,5.8
1983,10,10,1.0,5.1
2003,6,10,1.0,5.5
2022,1,10,1.0,5.4
1947,12,10,1.0,5.5
1943,8,10,1.0,7.3
2003,8,10,1.0,6.8
2004,9,10,1.0,6.8
1998,6,10,1.0,8.6
2006,3,10,1.0,6.6
1994,8,10,2.0,7.8
1945,12,10,1.0,7.5
1989,10,10,1.0,6.1
1976,3,10,1.0,4.6
1996,10,10,1.0,7.7
1936,3,10,1.0,6.8
2019,6,10,2.0,4.7
1989,3,10,1.0,6.1
1999,1,10,1.0,5.3
1944,2,10,59.0,5.8
2013,2,10,1.0,6.2
2002,8,10,1.0,6.4
1970,4,10,1.0,6.3
1944,2,10,1.0,6.0
1939,12,10,1.0,7.1
1939,1,10,1.0,6.1
1974,4,10,1.0,7.3
2012,9,10,1.0,5.4
1995,10,10,1.0,6.2
1994,4,10,1.0,8.4
2000,6,10,1.0,6.1
1950,9,10,1.0,6.3
1987,4,10,1.0,4.6
2008,3,10,1.0,7.5
2013,3,10,1.0,6.7
1973,4,10,1.0,3.7
1939,2,10,1.0,6.2
1964,2,10,2.0,8.2
1986,6,10,1.0,7.3
2007,6,10,1.0,6.8
1970,12,10,1.0,6.2
1999,9,10,1.0,4.5
1999,7,10,1.0,5.1
1947,2,10,1.0,6.1
1980,12,10,1.0,7.1
1972,3,10,1.0,6.6
2005,6,10,1.0,7.1
2018,9,10,2.0,6.6
2018,7,10,2.0,7.7
1970,9,10,1.0,6.7
1976,6,10,1.0,5.6
1998,7,10,1.0,6.3
1920,2,10,50.0,5.4
1959,10,10,1.0,7.4
1985,2,10,1.0,5.9
1995,3,10,1.0,4.6
1949,3,8,1.0,5.4
2000,6,10,1.0,6.6
1968,3,10,1.0,6.1
1965,10,10,1.0,5.7
2021,7,10,2.0,6.5
2022,12,10,1.0,5.3
1976,9,10,2.0,7.1
1969,12,10,1.0,7.3
1975,8,7,1.0,5.1
2023,12,10,1.0,5.1
1938,4,10,1.0,6.8
1984,12,10,1.0,5.3
1963,6,10,1.0,5.7
1928,11,10,1.0,4.2
1922,9,9,50.0,7.0
1972,7,10,1.0,4.5
1942,8,10,1.0,3.8
2009,6,10,1.0,6.5
1950,12,10,1.0,6.0
1956,4,10,1.0,5.9
1935,11,10,1.0,5.3
1942,8,8,1.0,6.0
2011,6,10,1.0,5.7
2002,12,10,1.0,6.2
2012,7,10,1.0,5.7
1984,2,10,1.0,6.2
1956,2,10,1.0,5.8
1954,11,10,1.0,5.9
1960,9,10,1.0,6.9
2005,4,10,1.0,6.6
2004,9,10,1.0,6.9
1941,8,10,1.0,4.7
2011,9,10,1.0,7.6
1987,8,10,1.0,4.7
2021,3,10,1.0,6.4
2019,6,4,1.0,6.7
2013,6,10,1.0,6.2
1952,3,10,1.0,5.5
1935,6,10,1.0,5.9
2002,12,10,2.0,7.4
1935,10,10,1.0,6.0
2000,8,10,1.0,6.2
1985,2,10,1.0,6.9
2025,2,10,1.0,4.9
1998,7,10,2.0,8.6
1951,3,10,1.0,5.6
1949,9,10,1.0,7.1
1957,6,10,2.0,7.0
1983,9,10,1.0,7.2
1949,10,10,58.0,6.2
2019,6,10,1.0,6.4
1992,11,10,2.0,8.1
1949,6,10,1.0,5.2
1929,9,9,1.0,5.6
2010,12,10,2.0,5.4
2007,10,10,1.0,4.9
1998,5,10,1.0,6.9
1954,1,10,1.0,5.8
1991,1,10,1.0,7.0
1979,8,10,1.0,4.2
2017,9,10,1.0,6.2
1937,12,9,3.0,7.8
2024,8,10,1.0,5.8
1937,8,10,1.0,6.2
2011,9,10,1.0,5.4
1974,6,10,2.0,6.3
2021,11,4,2.0,5.4
1981,11,10,1.0,7.3
2021,10,10,2.0,7.3
1943,7,10,1.0,5.1
1961,10,10,1.0,6.0
1942,8,10,1.0,6.4
1968,12,10,1.0,5.8
2012,4,10,1.0,7.0
1986,2,10,1.0,5.5
1933,10,10,1.0,5.6
2007,2,10,1.0,5.9
1970,5,10,1.0,7.6
2008,6,10,2.0,5.0
1944,6,10,57.0,5.4
2008,10,10,1.0,3.9
1939,8,10,1.0,6.7
1937,4,10,1.0,6.1
2019,4,10,1.0,7.1
2018,2,10,1.0,7.5
1990,3,10,2.0,7.4
1980,12,10,1.0,3.5
1981,1,10,1.0,5.8
2023,12,10,2.0,7.7
1952,11,10,58.0,6.4
1962,9,10,1.0,7.0
1982,10,10,1.0,6.9
2018,9,10,1.0,6.7
1967,1,10,2.0,6.2
1936,9,10,1.0,6.5
1993,11,10,2.0,6.3
1920,3,9,1.0,3.7
2025,3,10,2.0,5.8
1971,6,10,1.0,7.4
1984,10,10,1.0,7.3
1994,11,10,1.0,5.4
2024,5,5,1.0,8.5
1951,1,10,1.0,6.8
1952,9,10,1.0,6.3
1977,7,10,1.0,6.8
1945,12,10,1.0,5.9
1997,10,10,1.0,7.2
1993,3,10,1.0,6.3
2023,11,10,1.0,5.4
1977,11,10,5.0,7.6
1942,3,10,58.0,5.5
1983,4,10,1.0,5.0
1951,9,10,1.0,6.8
1962,6,10,1.0,6.9
1978,2,10,2.0,7.3
1991,7,10,1.0,3.2
1957,11,10,1.0,6.8
1935,5,10,1.0,6.1
1940,12,10,1.0,6.3
1992,1,10,1.0,5.3
2024,6,10,1.0,7.6
1949,4,10,1.0,6.3
1979,4,10,1.0,5.4
1947,10,10,1.0,5.4
1996,9,10,1.0,5.6
1926,5,10,1.0,5.1
1965,3,10,1.0,5.9
1950,9,10,2.0,6.8
1920,10,9,50.0,4.2
1970,1,3,1.0,4.3
1971,11,10,2.0,7.2
1993,7,10,1.0,4.3
2019,11,10,1.0,5.3
1968,2,9,1.0,7.3
1969,2,10,1.0,6.2
2025,4,10,1.0,5.5
1955,9,10,1.0,6.7
1993,10,10,2.0,7.2
1985,4,10,1.0,3.9
2011,12,10,1.0,4.6
1980,11,10,1.0,8.1
1997,1,10,1.0,4.2
2007,4,10,2.0,5.7
2003,9,8,1.0,8.2
1993,8,10,1.0,4.3
2014,11,10,1.0,7.2
1976,11,10,1.0,5.6
1940,5,10,1.0,7.4
1957,11,10,1.0,6.4
2002,12,10,1.0,4.3
1984,3,10,1.0,6.6
2012,10,8,1.0,6.2
1956,11,10,1.0,5.9
1976,4,10,1.0,5.9
2012,4,10,1.0,7.3
1982,2,10,1.0,5.8
1949,6,10,1.0,7.1
1985,9,10,1.0,4.1
1931,6,8,1.0,7.0
1967,8,10,1.0,5.5
1949,8,10,1.0,5.8
1958,3,10,1.0,6.3
1949,6,10,1.0,6.8
1974,10,10,1.0,4.7
1964,10,10,1.0,6.1
1965,12,10,2.0,8.0
2020,9,10,1.0,6.4
1958,12,10,1.0,6.4
2003,8,10,1.0,4.7
1946,6,10,1.0,6.1
2000,3,10,1.0,7.2
1943,8,10,1.0,6.4
1990,10,10,1.0,6.5
1961,2,10,1.0,5.6
1955,9,10,1.0,6.8
2007,1,10,1.0,6.2
1934,5,10,1.0,7.1
1977,3,10,1.0,5.5
2011,11,10,1.0,6.2
1997,2,10,1.0,6.1
2008,12,10,1.0,4.7
1930,10,10,1.0,6.1
1975,7,10,2.0,6.5
1930,5,10,1.0,6.6
2021,5,10,1.0,6.5
1991,1,10,2.0,5.2
2009,2,10,1.0,1.6
1937,12,10,1.0,6.1
1954,6,10,1.0,5.3
1968,7,10,1.0,6.5
1947,11,10,2.0,6.3
1992,6,9,1.0,3.4
1963,1,10,2.0,6.9
2017,1,10,1.0,7.3
1996,1,10,1.0,6.2
2024,11,10,1.0,6.7
1994,2,10,1.0,5.5
2006,3,10,1.0,7.3
1969,2,10,1.0,5.3
1969,11,9,1.0,7.2
1991,10,10,1.0,7.3
2018,8,10,2.0,6.9
1987,8,10,1.0,6.5
1955,7,10,1.0,5.5
1964,3,10,1.0,7.1
1986,1,10,1.0,4.2
1970,11,10,1.0,5.2
1946,10,10,1.0,7.3
1961,5,10,1.0,6.7
1943,1,10,1.0,7.1
2022,2,10,1.0,6.2
1986,10,10,1.0,5.8
1956,6,10,1.0,6.7
2021,2,10,2.0,8.1
1947,7,10,1.0,7.9
2013,9,10,1.0,6.3
1992,8,10,2.0,7.3
1929,10,10,1.0,7.2
1946,3,10,53.0,5.6
1985,5,10,1.0,8.3
1949,6,10,1.0,6.2
1979,12,10,1.0,5.8
1994,8,10,1.0,5.8
1994,11,10,1.0,4.9
1966,7,10,1.0,5.8
2010,3,10,1.0,6.0
2009,12,10,1.0,4.6
2004,10,10,1.0,7.0
1974,4,10,1.0,5.4
1975,9,5,1.0,4.4
1931,5,10,1.0,5.6
1972,10,10,1.0,5.9
1983,8,10,1.0,4.2
1929,11,10,1.0,5.3
1973,4,10,1.0,6.9
1988,2,10,1.0,4.7
1978,4,10,1.0,6.9
1949,2,10,1.0,6.8
1979,7,10,1.0,5.3
2015,9,10,1.0,5.7
1944,1,10,1.0,5.9
1982,2,10,1.0,4.3
1945,12,10,55.0,5.7
1934,9,10,1.0,6.2
2020,10,10,1.0,6.5
1968,7,10,1.0,5.6
2011,4,10,1.0,6.9
1948,5,10,1.0,7.2
2005,4,10,1.0,5.7
2024,2,10,1.0,6.2
1938,2,10,1.0,6.2
1925,6,10,1.0,5.8
2015,2,10,1.0,5.3
1992,10,9,2.0,6.9
2004,10,10,1.0,7.5
2000,12,10,2.0,7.2
1938,6,10,1.0,6.8
1964,3,10,1.0,7.7
1931,11,10,1.0,6.0
2024,7,10,1.0,6.4
1955,1,10,1.0,7.6
1958,12,10,1.0,6.4
2015,2,10,1.0,5.2
1956,12,10,1.0,6.6
1937,1,10,1.0,7.1
1926,2,10,1.0,7.5
1944,4,10,1.0,5.9
2000,9,10,1.0,5.6
1974,9,10,1.0,7.6
2012,6,10,2.0,6.4
1971,9,10,1.0,7.1
1993,9,10,1.0,7.4
1992,3,10,1.0,5.6
1978,5,10,1.0,4.5
1922,7,10,1.0,5.3
2009,9,10,1.0,6.7
1970,10,10,1.0,4.0
1961,1,10,1.0,6.8
1980,2,10,1.0,5.4
1991,10,10,1.0,6.2
1999,9,10,1.0,5.6
1944,7,10,1.0,4.0
1956,12,10,1.0,2.0
1967,5,10,1.0,8.3
2019,9,10,2.0,6.4
1979,10,10,2.0,7.3
2015,9,10,2.0,7.1
1978,1,10,1.0,6.3
1974,10,10,1.0,5.1
1959,4,10,1.0,7.5
1954,12,7,1.0,6.4
1920,12,10,1.0,7.4
2023,12,10,1.0,6.6
1931,3,10,1.0,6.4
1998,10,10,1.0,7.8
2003,9,10,2.0,6.7
1931,2,10,1.0,5.0
1969,9,10,1.0,7.2
1940,6,10,1.0,5.8
2005,3,10,1.0,7.6
2017,4,10,1.0,5.9
1952,8,10,1.0,5.7
1996,11,10,1.0,5.0
2003,8,10,1.0,4.9
2013,11,10,1.0,6.5
1951,3,10,1.0,6.4
2002,6,10,1.0,4.7
1952,1,10,1.0,7.1
1973,11,7,2.0,6.9
1970,10,10,1.0,7.0
2020,7,10,2.0,7.1
2016,6,10,1.0,7.4
2015,10,10,1.0,5.9
1957,7,10,2.0,5.7
1957,2,10,1.0,6.8
1971,8,10,1.0,6.1
1987,1,10,1.0,6.4
1994,3,10,3.0,3.0
1956,9,1,2.0,8.4
1932,10,10,1.0,6.9
1994,6,10,1.0,4.2
2003,12,10,1.0,6.6
1974,11,10,2.0,8.0
2015,7,10,1.0,5.5
2024,9,10,1.0,7.4
1996,10,10,1.0,3.1
1980,10,10,1.0,5.3
2006,10,10,1.0,6.1
1997,1,10,1.0,4.8
1941,3,10,1.0,4.3
1954,11,10,1.0,5.2
2020,1,10,2.0,7.6
2003,12,10,2.0,6.2
2019,12,10,2.0,5.1
1952,4,10,1.0,6.9
1952,5,10,1.0,6.1
1934,1,10,58.0,5.4
1977,8,10,1.0,4.8
1955,10,10,1.0,7.6
1940,7,10,1.0,5.3
2019,10,1,1.0,7.6
1938,2,10,1.0,4.5
1973,12,10,1.0,7.1
1950,7,10,2.0,7.3
2017,2,10,1.0,7.0
2004,4,10,1.0,4.8
1937,3,10,1.0,6.1
1975,7,10,1.0,4.9
1966,5,10,2.0,7.5
1923,11,10,1.0,6.4
1970,9,10,2.0,7.5
1943,9,10,1.0,6.8
1996,2,10,1.0,7.1
1948,5,10,1.0,3.9
1982,1,10,2.0,7.8
1965,6,10,1.0,5.8
1987,12,10,1.0,6.3
1991,9,10,1.0,6.1
1957,6,10,1.0,4.6
1977,9,10,1.0,8.0
1969,12,10,1.0,7.3
1996,9,10,1.0,6.9
1944,7,10,1.0,7.4
2015,9,10,1.0,4.9
2000,5,10,2.0,7.8
1977,6,10,1.0,5.7
1954,2,10,2.0,6.9
2019,12,10,1.0,2.8
1932,1,10,1.0,6.9
1973,2,10,1.0,5.1
1960,11,10,1.0,6.3
1938,7,10,2.0,7.8
2022,8,10,1.0,6.3
1997,9,10,1.0,7.1
1974,5,10,1.0,7.1
1973,5,10,1.0,4.4
1952,2,10,1.0,5.8
1997,7,10,1.0,7.8
2024,11,10,1.0,6.8
2009,6,10,1.0,6.6
1991,7,10,1.0,5.9
1952,10,10,1.0,5.2
1992,10,10,2.0,8.7
1945,11,10,1.0,7.6
1939,7,10,1.0,6.6
1968,9,10,1.0,3.8
2018,8,10,1.0,5.8
1922,8,10,1.0,3.7
1996,11,10,1.0,3.7
2020,10,10,2.0,6.0
1968,4,10,1.0,7.8
1939,11,10,1.0,6.6
2005,2,10,1.0,5.1
1934,12,10,1.0,6.7
1986,4,10,1.0,6.1
2003,4,10,1.0,6.6
1929,2,8,1.0,5.9
1920,7,10,1.0,7.3
2022,11,10,1.0,6.9
1941,10,10,1.0,5.8
1984,11,10,2.0,6.4
2013,4,10,2.0,6.4
1993,9,10,1.0,6.7
1965,9,10,1.0,3.8
2019,2,10,1.0,6.3
1988,11,10,1.0,2.6
1953,7,10,1.0,5.8
1990,3,10,1.0,7.6
1938,10,10,1.0,3.7
1992,9,10,1.0,6.0
1947,6,10,1.0,6.0
1944,8,10,2.0,5.9
1959,10,10,1.0,4.9
2024,6,10,1.0,7.4
1979,9,10,2.0,6.6
1980,8,10,1.0,6.5
2001,10,10,2.0,6.7
1958,7,10,1.0,6.2
1928,5,7,1.0,7.8
1933,7,10,1.0,6.9
1996,4,10,1.0,6.7
1998,1,10,1.0,7.4
1960,10,10,1.0,6.6
1979,3,10,1.0,4.0
2007,1,10,1.0,6.4
1943,4,10,2.0,7.4
1998,11,10,1.0,7.2
2012,12,10,1.0,5.5
1927,6,10,1.0,6.6
1948,11,10,1.0,6.3
1948,9,10,1.0,5.2
1928,10,8,1.0,3.8
2025,3,8,1.0,4.9
1937,4,10,1.0,5.5
1964,12,10,1.0,6.7
1929,2,10,1.0,6.1
2004,12,10,1.0,6.9
1940,11,10,1.0,6.9
1930,3,10,1.0,6.0
2005,12,10,1.0,6.3
1969,5,10,1.0,5.6
2005,8,10,1.0,4.2
2001,6,10,1.0,5.5
1924,11,10,3.0,6.4
2011,3,1,1.0,7.0
1922,3,7,1.0,5.6
1949,4,10,1.0,7.0
2015,6,10,1.0,7.6
1951,7,10,56.0,5.8
2012,5,10,1.0,7.0
1939,1,10,1.0,6.8
1963,3,10,1.0,5.2
2001,6,10,1.0,6.5
2008,2,10,1.0,6.7
1997,9,10,1.0,4.9
1999,1,10,1.0,6.5
1944,1,10,1.0,7.0
2020,8,10,1.0,5.6
1957,8,2,1.0,5.6
2022,12,7,1.0,5.9
1968,7,10,1.0,5.3
1956,9,10,1.0,6.2
1983,2,10,1.0,5.6
1990,6,10,2.0,5.1
1958,6,10,1.0,7.2
2019,11,10,2.0,7.1
2013,6,10,1.0,5.6
1954,2,10,1.0,5.9
1981,3,10,1.0,4.3
2015,4,1,1.0,7.7
1922,1,10,58.0,6.0
1973,8,10,1.0,5.1
2004,10,10,1.0,5.5
1943,3,10,1.0,7.4
2007,3,10,1.0,7.5
1969,8,10,1.0,5.6
1949,3,10,1.0,5.7
2012,10,10,1.0,7.2
2001,11,10,1.0,6.4
1931,1,10,1.0,7.0
1982,11,10,1.0,4.0
2000,11,10,1.0,5.7
1958,2,10,1.0,5.8
1935,10,10,1.0,5.9
1982,10,10,1.0,7.1
1927,5,9,58.0,6.4
1991,9,10,1.0,6.2
2001,12,10,1.0,5.6
2008,7,10,1.0,5.5
1998,5,10,1.0,6.4
1980,10,10,1.0,5.4
1939,11,10,1.0,7.1
1928,1,10,1.0,6.8
1998,11,10,1.0,5.6
1953,12,10,1.0,6.7
1960,11,10,1.0,6.8
1975,2,10,1.0,7.1
1969,12,10,1.0,5.6
1972,8,10,1.0,5.7
1984,9,10,1.0,6.7
1948,11,10,1.0,6.2
2017,4,10,1.0,5.1
1931,9,10,1.0,6.6
2025,2,10,2.0,8.5
1934,10,10,1.0,6.6
2014,4,10,1.0,7.1
1948,11,10,1.0,4.5
1959,9,10,1.0,5.2
1994,1,10,1.0,3.2
1947,2,10,1.0,6.9
1969,10,10,1.0,5.4
1997,9,10,1.0,7.2
2024,12,7,1.0,4.4
2010,8,10,1.0,6.8
1998,1,10,1.0,6.2
1940,7,10,1.0,6.6
1964,8,10,1.0,7.3
1991,5,10,1.0,5.1
2019,11,7,1.0,6.8
1981,12,10,1.0,7.2
1928,2,10,1.0,4.4
1957,2,10,1.0,6.1
2014,10,10,1.0,7.4
1999,3,10,1.0,4.9
1968,7,10,1.0,4.2
2011,4,10,2.0,5.4
1940,9,10,2.0,7.4
1996,9,10,40.0,6.3
2022,1,10,2.0,6.8
1983,6,10,1.0,3.7
2019,12,10,1.0,5.3
2018,10,10,2.0,6.7
1951,6,10,1.0,6.0
2024,6,10,1.0,8.2
1938,6,10,1.0,6.4
1934,11,10,1.0,6.5
1963,1,10,1.0,6.1
1988,1,10,1.0,5.7
1946,10,10,1.0,5.4
1966,10,10,1.0,5.8
1957,12,10,1.0,6.6
1982,11,10,1.0,7.2
1961,5,10,1.0,4.0
1969,5,10,2.0,8.7
2008,5,10,1.0,7.4
2013,8,10,1.0,6.6
1994,4,10,1.0,6.5
2012,4,10,1.0,6.9
2004,8,10,1.0,4.6
2011,9,10,2.0,4.8
2020,11,4,1.0,7.4
1936,3,10,1.0,5.7
2018,7,10,1.0,5.8
1986,12,5,1.0,8.6
1983,10,10,1.0,7.5
1959,4,10,1.0,6.1
1945,8,10,1.0,6.0
2006,5,10,1.0,7.9
1994,6,10,1.0,5.4
1931,9,10,1.0,5.8
1932,1,10,1.0,7.1
1951,4,10,1.0,5.9
1944,5,10,58.0,6.4
1998,10,10,1.0,3.0
1956,2,10,1.0,5.8
1980,10,10,2.0,7.1
1968,5,10,1.0,5.8
1921,9,10,1.0,6.5
1954,10,10,1.0,6.1
1971,4,10,2.0,6.8
1996,8,10,1.0,3.4
1964,7,10,1.0,6.4
1949,3,10,1.0,6.6
2014,1,1,1.0,6.9
1957,9,10,2.0,6.6
1929,5,9,1.0,7.7
1926,9,10,1.0,6.9
1995,12,10,1.0,5.8
1992,3,10,1.0,6.9
2002,8,10,1.0,3.4
2020,12,10,2.0,7.7
1989,10,10,2.0,8.0
1941,8,10,1.0,5.7
1943,12,10,1.0,6.1
1961,2,10,1.0,6.9
1971,10,10,1.0,5.9
1983,9,10,1.0,4.6
1957,5,10,1.0,5.9
2007,3,10,2.0,7.4
2015,11,10,1.0,5.6
1975,3,10,1.0,6.5
1980,1,10,1.0,7.7
1970,8,10,1.0,5.8
2015,3,10,2.0,6.5
1967,8,10,1.0,5.2
1980,8,10,1.0,5.0
2010,1,4,1.0,7.2
1971,8,10,1.0,5.9
1995,6,10,1.0,7.5
1979,1,10,1.0,6.3
1982,9,10,2.0,6.8
1934,4,10,1.0,5.1
1954,11,10,1.0,5.6
1949,12,10,1.0,6.6
2022,8,10,2.0,7.3
1975,12,9,1.0,6.3
1949,11,10,1.0,5.7
1942,2,10,1.0,5.7
2023,3,8,1.0,3.9
1990,2,10,1.0,5.8
1950,3,10,1.0,7.6
1958,1,10,2.0,7.7
1939,10,10,57.0,3.5
2000,12,10,1.0,6.9
1985,4,10,1.0,5.7
2007,10,10,1.0,5.8
1996,1,10,1.0,5.9
1966,1,10,2.0,5.9
1990,3,10,1.0,6.0
2015,1,10,1.0,7.5
1936,3,10,1.0,5.9
1982,10,10,1.0,6.5
2010,6,10,1.0,7.1
1970,12,10,2.0,7.8
2013,11,10,1.0,6.6
2021,4,10,1.0,5.5
1965,4,10,1.0,5.2
2010,5,10,1.0,6.7
1953,2,10,1.0,8.2
1982,11,10,1.0,3.8
1944,10,10,1.0,5.3
2003,11,10,1.0,6.2
2004,6,10,1.0,7.0
1972,7,10,1.0,6.2
2001,7,10,1.0,6.6
1975,9,10,1.0,6.4
1926,8,10,1.0,7.2
2004,8,10,1.0,7.8
1984,7,10,1.0,6.3
1972,9,8,1.0,5.2
1977,2,10,1.0,6.3
1948,7,10,1.0,7.0
1951,5,10,1.0,6.5
1992,4,10,1.0,4.8
1945,4,10,1.0,5.4
2003,7,10,1.0,6.7
2014,10,10,1.0,8.4
1930,10,10,1.0,6.6
1976,6,10,1.0,4.6
1955,4,10,1.0,6.0
1986,3,10,2.0,8.5
1933,3,10,1.0,6.4
2007,10,10,1.0,6.8
1992,9,10,1.0,6.9
1928,12,9,1.0,5.7
1940,8,10,2.0,7.4
1963,11,10,1.0,6.9
2024,5,10,2.0,7.0
2025,4,10,1.0,7.2
2000,3,10,1.0,5.6
1953,11,10,1.0,5.4
2021,4,10,1.0,5.4
1996,12,10,1.0,7.5
1927,4,5,1.0,5.1
1980,12,10,1.0,5.7
1986,1,10,1.0,8.4
1976,7,10,1.0,6.1
1970,10,10,2.0,7.0
1968,2,10,1.0,5.4
2008,7,10,1.0,6.9
1924,2,4,55.0,5.5
1939,2,10,56.0,6.2
1934,9,10,1.0,7.1
2014,8,10,1.0,7.2
2010,7,10,1.0,6.1
2007,1,10,2.0,7.4
1977,9,10,1.0,7.2
1991,9,9,1.0,5.7
1938,1,10,1.0,7.1
1928,7,7,1.0,6.2
1949,12,10,1.0,6.6
1999,8,10,1.0,5.9
2013,6,10,1.0,7.0
2014,9,10,1.0,6.3
1937,11,10,1.0,6.8
2009,7,10,1.0,6.6
1971,3,10,1.0,7.2
1927,12,10,1.0,7.3
2024,4,10,1.0,3.5
2018,9,2,2.0,7.1
1982,3,10,1.0,3.4
1970,6,10,1.0,3.6
1972,8,10,1.0,5.1
1924,5,10,57.0,5.7
1937,10,10,1.0,7.7
1943,6,10,55.0,5.1
2013,5,10,2.0,5.0
1966,8,10,1.0,7.2
1993,2,10,1.0,7.0
1974,1,4,1.0,4.4
1990,3,10,1.0,7.1
1933,4,10,1.0,5.8
2008,8,10,1.0,5.6
1984,11,10,1.0,6.0
1972,7,10,1.0,5.8
2023,8,10,1.0,6.0
1989,10,10,1.0,7.0
1975,2,10,1.0,6.9
1949,8,10,1.0,6.6
1923,12,9,1.0,3.5
1933,1,10,58.0,6.7
1942,12,10,1.0,5.8
1952,3,10,1.0,6.7
1986,9,10,2.0,7.1
1986,9,10,1.0,4.2
1997,2,10,1.0,6.0
1939,1,10,58.0,6.1
1963,7,10,1.0,6.9
1957,10,10,1.0,6.7
1989,1,10,1.0,6.8
2011,9,1,1.0,7.0
2018,2,10,1.0,5.9
1934,4,10,1.0,5.8
1938,8,10,1.0,6.0
2021,10,10,1.0,5.9
2020,7,10,1.0,6.4
1970,1,10,1.0,6.5
1953,2,10,1.0,6.3
2021,4,10,1.0,4.7
1967,12,10,1.0,5.6
1959,7,10,1.0,6.6
2022,7,10,1.0,7.1
1935,10,10,1.0,6.6
1932,4,10,1.0,6.5
1942,10,10,1.0,6.4
1926,1,10,2.0,7.2
1937,11,10,1.0,6.7
1968,3,10,1.0,7.6
1982,11,6,1.0,6.8
2017,10,10,1.0,7.1
1997,5,10,2.0,6.4
2017,10,10,2.0,7.2
1972,10,10,1.0,6.0
1969,1,10,2.0,7.0
2016,5,10,1.0,6.5
1949,1,10,1.0,6.3
1992,12,10,1.0,3.5
2010,6,10,1.0,7.3
1990,1,10,1.0,4.4
2024,11,10,1.0,6.7
1934,3,10,1.0,6.1
1972,3,10,1.0,6.6
1935,10,10,2.0,6.5
1955,11,2,1.0,6.9
1944,10,10,1.0,7.2
1973,6,10,1.0,8.2
2013,11,10,1.0,4.8
2006,9,10,1.0,5.7
1960,5,10,1.0,6.8
1951,1,10,1.0,5.6
1957,9,10,1.0,6.3
1969,12,10,1.0,5.0
1938,5,9,1.0,4.4
1974,4,10,1.0,7.5
1956,9,10,1.0,4.9
1979,3,10,1.0,5.6
2021,9,10,1.0,5.4
1949,9,10,1.0,6.9
2025,4,10,1.0,7.7
2009,3,10,1.0,6.0
2025,5,10,2.0,6.9
1966,8,10,1.0,6.7
1973,5,10,1.0,4.5
1990,5,10,1.0,6.2
1967,4,10,1.0,5.3
1994,8,10,1.0,6.2
1954,9,10,1.0,5.4
1953,12,10,1.0,8.1
1980,8,10,1.0,5.7
1961,4,10,2.0,7.6
1985,8,10,1.0,5.5
1947,2,10,1.0,4.1
1927,10,10,1.0,7.5
1945,5,10,1.0,6.2
1968,12,10,1.0,6.2
2005,6,10,1.0,5.3
1954,6,10,1.0,6.0
1968,3,10,1.0,6.3
1945,8,10,1.0,6.7
1999,2,10,2.0,5.0
2012,11,10,1.0,7.0
1950,3,10,59.0,5.4
1989,4,10,2.0,8.3
1927,2,6,1.0,5.9
1936,11,10,1.0,6.7
1957,11,10,1.0,6.3
1998,4,10,1.0,5.4
1975,7,10,1.0,4.9
1998,9,10,1.0,6.3
1985,11,10,1.0,6.5
2024,10,10,1.0,5.8
1995,7,10,1.0,7.5
2008,11,10,1.0,6.8
1977,9,10,1.0,5.2
2016,11,10,2.0,7.8
1957,1,10,2.0,7.3
2011,2,1,1.0,8.2
1992,8,10,1.0,5.6
1925,8,5,59.0,5.4
1971,2,10,1.0,7.0
1976,10,10,1.0,4.7
1967,10,10,1.0,6.6
1950,1,4,1.0,7.3
1989,3,10,1.0,6.2
1948,9,10,1.0,4.4
1968,4,10,1.0,5.1
2001,6,1,1.0,7.5
1960,7,10,1.0,5.6
1981,2,9,51.0,6.5
1964,9,10,1.0,7.3
1929,10,8,1.0,4.8
1939,8,10,1.0,7.0
1973,4,10,1.0,5.7
1980,10,10,1.0,6.0
2019,1,10,1.0,7.4
1971,3,10,1.0,2.8
2007,11,10,1.0,7.4
1982,9,10,1.0,6.2
1937,5,10,58.0,6.3
2015,10,10,2.0,6.1
1945,7,10,1.0,7.3
1922,9,10,4.0,5.9
1937,12,10,1.0,6.2
1996,4,10,1.0,6.4
1999,12,10,1.0,4.3
2001,9,10,1.0,6.4
1971,7,10,1.0,6.8
1972,5,10,1.0,6.2
2023,7,10,1.0,7.1
2023,6,10,1.0,7.0
2003,2,10,1.0,7.3
1994,9,10,1.0,7.2
1975,7,10,1.0,5.9
2020,12,4,1.0,6.4
1977,1,10,1.0,3.2
2019,2,10,2.0,7.0
2024,10,10,1.0,6.1
1981,3,10,1.0,6.0
2018,9,10,1.0,5.9
1933,12,10,1.0,6.5
1996,2,7,1.0,6.1
1934,3,10,1.0,5.8
2024,6,10,2.0,5.9
1987,5,10,1.0,5.2
1973,4,10,2.0,5.3
2017,9,10,1.0,6.0
1945,8,10,1.0,6.6
2012,3,10,1.0,6.1
1938,10,10,1.0,7.0
1967,12,10,1.0,6.4
1934,3,10,1.0,6.4
1949,4,10,1.0,7.1
1978,3,10,1.0,6.9
1964,10,10,1.0,5.5
1938,2,10,1.0,7.0
2015,12,10,1.0,6.7
1976,8,10,1.0,6.1
1961,9,1,49.0,3.8
1967,12,10,1.0,6.1
1932,2,10,1.0,5.7
2004,9,10,1.0,3.9
1985,10,10,2.0,5.5
1983,9,10,1.0,6.6
1976,5,10,1.0,5.6
1938,8,10,1.0,5.5
1940,11,10,1.0,4.5
1963,9,10,1.0,5.7
2025,2,10,1.0,6.7
2021,9,10,1.0,6.4
1938,8,10,1.0,6.9
2024,10,10,1.0,6.3
1983,8,3,1.0,6.9
2021,9,10,1.0,6.8
1971,9,10,1.0,5.7
1946,10,10,1.0,6.8
2023,2,10,2.0,7.9
1932,12,10,1.0,7.2
1973,12,10,1.0,5.8
2017,1,10,1.0,5.6
1943,6,10,59.0,4.9
2016,1,10,1.0,6.5
2015,10,10,1.0,7.1
2016,5,10,2.0,6.2
1980,10,10,1.0,6.8
2014,9,10,1.0,7.1
2001,8,10,2.0,5.9
1960,7,10,1.0,7.3
1987,11,10,1.0,6.2
1943,1,10,1.0,6.5
1960,10,9,2.0,8.0
1972,5,10,1.0,7.1
2021,3,10,1.0,6.0
1950,11,10,1.0,5.7
1985,11,10,1.0,6.8
1965,7,10,1.0,6.3
1971,4,10,1.0,4.2
2020,10,5,1.0,5.7
1986,1,10,1.0,4.4
1983,7,10,1.0,7.3
1952,6,10,1.0,6.6
1995,4,10,1.0,4.6
2010,5,10,1.0,6.4
1997,2,10,1.0,5.5
1961,12,10,2.0,8.3
1995,5,10,2.0,9.0
2020,5,10,1.0,5.2
1992,5,10,1.0,5.1
1991,10,10,1.0,5.1
1952,12,10,1.0,5.3
1973,4,10,1.0,7.1
1928,1,2,1.0,6.2
2001,7,10,1.0,5.9
1971,10,10,1.0,3.6
1948,8,10,2.0,8.5
1973,9,10,3.0,7.5
2022,8,10,1.0,4.2
1930,6,10,1.0,7.0
1955,10,10,1.0,5.7
1979,1,10,1.0,5.2
1942,9,10,1.0,6.0
1960,3,10,1.0,7.2
1957,1,10,1.0,7.3
1951,10,10,1.0,6.6
1933,6,10,1.0,7.2
1968,9,10,1.0,6.1
2007,6,10,1.0,8.1
1950,3,10,1.0,7.5
1936,8,10,1.0,5.8
1931,9,10,1.0,8.9
1999,10,5,1.0,7.8
1985,1,10,1.0,4.5
2016,8,10,1.0,6.3
1931,8,10,1.0,6.0
1981,8,10,1.0,2.9
2024,9,10,1.0,3.4
1974,11,4,1.0,4.9
1921,9,10,50.0,4.9
1987,6,10,1.0,4.4
1981,6,10,1.0,6.8
2008,9,10,1.0,6.8
1938,12,10,1.0,6.4
1969,6,10,1.0,6.0
1965,8,10,1.0,5.1
1979,5,10,1.0,4.6
1994,1,10,1.0,6.6
1953,9,10,1.0,4.7
1970,3,10,1.0,6.1
1977,11,9,1.0,6.6
1970,3,10,1.0,4.9
1984,8,10,1.0,6.6
1973,9,10,1.0,4.9
2005,12,10,2.0,6.9
2018,12,10,2.0,6.1
1942,9,10,1.0,7.5
1991,11,10,1.0,6.2
2019,10,10,1.0,6.5
1976,12,10,1.0,6.2
2010,6,10,1.0,7.0
1972,9,10,1.0,2.9
1939,1,10,1.0,6.4
1958,7,10,1.0,6.0
2003,10,10,1.0,6.8
1973,11,9,4.0,7.6
2009,11,10,1.0,7.3
1997,10,6,1.0,4.7
1942,8,10,1.0,6.6
1931,2,10,1.0,6.0
1998,2,10,1.0,6.1
1984,5,10,2.0,8.1
1979,8,10,1.0,3.2
1959,6,10,2.0,6.3
1985,8,10,1.0,4.1
2013,11,10,2.0,6.6
1982,8,10,2.0,6.4
1943,10,10,1.0,6.7
2007,9,1,1.0,7.4
2005,1,10,1.0,6.8
1990,7,10,1.0,5.8
1974,7,10,1.0,6.8
1998,2,10,1.0,7.1
2016,6,1,1.0,7.5
1967,8,10,1.0,5.6
1929,6,9,1.0,5.6
1983,5,10,1.0,5.4
1981,3,10,1.0,7.8
2021,10,4,1.0,7.0
1924,10,10,1.0,6.3
1939,6,10,1.0,6.3
1999,8,10,1.0,5.8
1985,2,10,2.0,7.7
1961,1,10,2.0,6.9
1965,1,10,1.0,5.7
1969,7,10,1.0,5.6
1982,3,10,1.0,6.3
1935,2,10,1.0,6.4
1964,4,10,1.0,7.7
1939,7,10,56.0,4.6
2001,10,10,1.0,5.3
1968,11,10,1.0,6.3
1962,10,10,1.0,6.7
1985,8,10,1.0,5.7
2015,4,9,1.0,5.6
1949,12,10,1.0,7.0
1939,9,10,1.0,6.9
1976,5,10,1.0,5.2
1947,4,10,1.0,6.2
1965,3,10,1.0,7.6
1977,3,10,1.0,6.6
2012,8,10,1.0,6.1
1989,10,10,1.0,6.9
1981,9,10,1.0,6.6
1995,3,10,1.0,7.5
2005,1,10,1.0,5.5
2008,10,10,1.0,6.9
2012,11,10,1.0,7.1
1935,2,10,1.0,5.3
1959,11,10,1.0,7.9
2021,7,10,1.0,6.2
2000,4,10,1.0,5.7
1935,12,10,1.0,6.9
1938,1,10,1.0,6.3
1988,11,10,2.0,6.2
1981,6,10,2.0,6.9
1956,1,10,1.0,7.0
2005,11,10,2.0,6.8
2002,10,10,1.0,7.1
1994,12,10,1.0,4.2
1957,9,10,1.0,4.5
1975,1,10,1.0,4.7
1995,2,10,1.0,3.6
1993,7,10,1.0,5.4
1988,7,10,1.0,7.5
1956,10,10,1.0,6.2
2018,5,10,1.0,7.6
1967,8,10,1.0,8.0
1952,12,10,1.0,6.2
2021,5,10,2.0,7.3
1987,9,10,1.0,6.9
1997,10,10,1.0,6.5
2001,1,10,2.0,7.3
1922,3,10,1.0,3.5
1960,8,10,1.0,7.7
1950,5,10,1.0,5.6
1930,2,10,1.0,6.4
1986,1,10,1.0,4.8
1947,12,10,1.0,6.8
1939,8,10,1.0,6.5
2023,10,10,1.0,7.0
1930,12,10,1.0,5.2
1979,1,10,1.0,5.4
1930,11,10,1.0,6.2
1973,5,10,1.0,5.2
1955,6,10,1.0,6.6
1938,12,10,1.0,7.0
2009,12,10,2.0,7.1
2000,6,10,1.0,6.6
2020,12,10,1.0,5.7
2013,2,10,1.0,6.8
1975,10,10,1.0,7.2
1935,12,10,1.0,6.8
1988,3,10,1.0,6.9
2022,3,10,1.0,6.8
1951,5,10,1.0,6.3
1999,1,10,2.0,6.0
2007,8,10,1.0,6.3
2021,2,10,1.0,6.2
1961,11,9,1.0,5.4
2007,7,10,1.0,5.5
1992,2,10,1.0,6.0
1952,4,10,1.0,8.3
1985,5,10,1.0,4.3
2003,4,10,1.0,4.9
1932,8,10,1.0,7.4
1943,3,10,1.0,6.2
1972,7,10,1.0,6.4
2016,1,10,2.0,8.0
1955,7,10,1.0,7.1
1940,1,10,3.0,8.2
1936,4,10,1.0,7.0
1945,10,10,1.0,6.5
1941,12,10,1.0,6.4
1995,4,10,1.0,6.8
1979,3,10,1.0,7.0
2006,11,10,1.0,6.3
1990,9,10,1.0,6.9
1932,12,10,1.0,6.1
1967,11,10,1.0,5.0
1928,2,10,1.0,7.2
1948,12,10,1.0,6.7
1950,6,10,1.0,6.0
2012,1,10,2.0,6.0
1942,10,10,1.0,6.7
1987,10,10,1.0,5.4
1961,6,10,2.0,7.2
1930,12,10,1.0,6.0
1952,5,10,1.0,6.4
1928,9,10,50.0,5.3
2021,6,10,1.0,6.1
1943,5,10,1.0,6.5
1932,8,10,1.0,6.6
2023,2,10,1.0,6.2
1921,1,10,2.0,6.6
1949,4,10,1.0,6.7
1937,2,10,1.0,7.3
1985,8,10,1.0,5.0
2025,3,10,1.0,8.3
1987,10,10,1.0,5.2
1939,7,10,1.0,6.1
2011,7,10,2.0,6.9
1981,10,10,1.0,8.1
1933,2,10,1.0,6.2
1992,10,10,1.0,6.5
1966,7,3,1.0,6.9
2010,12,10,2.0,6.0
1938,8,10,56.0,6.8
1991,1,10,2.0,6.3
1948,12,10,1.0,6.9
1956,12,10,1.0,5.8
1924,7,10,1.0,7.0
1954,3,10,1.0,6.3
2021,5,10,1.0,5.6
2013,7,10,2.0,5.8
1959,11,10,1.0,6.8
1938,7,10,1.0,5.4
2000,5,10,1.0,7.4
2010,7,5,1.0,7.7
2025,3,10,1.0,8.2
1945,12,10,1.0,7.8
1996,5,10,1.0,5.6
1949,11,10,1.0,5.8
2002,5,8,1.0,7.7
1961,6,10,1.0,7.0
1961,1,10,1.0,7.6
2020,10,10,1.0,5.0
1925,10,10,1.0,5.1
1961,12,10,1.0,5.7
2023,12,10,1.0,5.9
1964,4,10,1.0,5.5
1968,7,10,2.0,7.6
1940,3,10,1.0,6.4
1985,11,10,1.0,5.2
1947,7,10,1.0,6.6
1963,10,10,1.0,6.3
1964,2,10,1.0,7.0
2007,11,10,1.0,7.3
1986,11,10,1.0,4.9
1959,10,10,1.0,5.8
2015,8,10,2.0,6.5
2010,3,10,1.0,6.8
1978,5,10,1.0,5.5
2017,4,10,1.0,6.6
1955,10,10,1.0,5.3
1999,1,10,1.0,6.6
2014,3,10,1.0,6.7
1965,12,10,1.0,4.9
1993,8,10,1.0,6.7
1987,1,10,1.0,3.9
1947,2,10,1.0,4.0
1987,8,10,1.0,3.6
1941,4,10,59.0,5.7
1929,2,10,1.0,6.0
1941,5,10,1.0,7.0
1952,10,10,1.0,7.2
1961,6,10,1.0,6.9
1945,5,10,1.0,6.5
1945,4,10,2.0,6.7
1997,8,10,1.0,7.0
1984,5,10,1.0,4.9
1962,3,10,1.0,6.0
2004,6,10,1.0,5.0
1953,5,10,1.0,6.8
1976,8,10,2.0,6.1
1938,2,10,1.0,6.5
1944,6,10,1.0,8.0
1948,11,10,1.0,6.6
1936,10,10,4.0,6.1
2015,10,10,1.0,6.9
1979,8,10,1.0,4.5
1953,2,10,1.0,5.8
1964,5,10,1.0,7.3
2008,8,8,1.0,8.5
1982,6,10,1.0,4.9
1953,8,10,1.0,5.6
1991,5,10,1.0,6.1
1930,9,10,1.0,5.6
1992,5,10,1.0,5.4
2007,1,10,1.0,6.8
1964,10,10,1.0,5.1
1996,7,10,1.0,6.0
2020,3,10,1.0,5.2
1929,8,10,1.0,7.1
2008,6,10,1.0,6.6
2003,1,10,2.0,7.0
1926,10,10,4.0,6.9
1991,9,10,1.0,3.3
2024,4,10,1.0,7.1
1968,10,10,1.0,7.1
1963,9,10,1.0,3.2
1934,12,10,1.0,6.4
1959,1,10,1.0,5.1
1988,6,10,1.0,6.3
2011,12,10,1.0,5.8
1975,9,10,1.0,7.0
1992,7,10,3.0,7.7
1997,5,10,1.0,5.1
2022,3,10,1.0,7.2
2001,1,10,1.0,6.0
1991,3,10,1.0,4.2
1996,1,10,1.0,7.2
1990,3,10,1.0,3.2
1965,12,10,1.0,6.1
2013,7,10,1.0,5.3
1954,6,10,1.0,5.4
1920,12,5,1.0,7.0
1930,8,8,1.0,4.9
1965,2,10,3.0,7.7
2013,10,10,1.0,5.2
1924,11,10,1.0,5.3
1969,5,10,1.0,6.5
1939,2,10,1.0,6.5
1932,3,10,1.0,5.2
1980,1,10,1.0,4.8
1946,2,10,56.0,7.1
1926,10,10,1.0,6.2
2023,3,10,1.0,6.5
1962,11,10,1.0,6.7
2020,9,10,1.0,6.5
1979,8,10,1.0,4.9
1943,8,10,58.0,5.6
1965,2,10,1.0,6.3
1959,11,10,1.0,5.7
1953,5,10,1.0,5.6
2015,11,10,1.0,6.3
1995,9,10,1.0,5.9
1973,10,10,1.0,4.6
2011,8,5,1.0,7.3
1942,9,10,1.0,6.7
1972,10,10,1.0,5.8
1962,9,10,2.0,7.1
1997,8,10,1.0,6.6
1934,10,10,1.0,6.5
1935,5,10,1.0,6.3
1949,5,10,1.0,6.5
2021,2,10,1.0,5.3
1972,2,10,1.0,6.1
1998,4,10,1.0,6.2
1942,12,10,1.0,7.3
1957,4,10,1.0,5.7
1998,7,10,1.0,3.7
1952,10,2,1.0,6.5
1955,12,10,1.0,6.9
2003,9,10,1.0,7.3
1987,1,10,1.0,6.3
1948,5,10,1.0,7.2
2011,2,10,1.0,6.2
2008,11,10,1.0,6.4
1964,9,10,1.0,4.4
2012,3,10,1.0,6.0
1939,1,10,1.0,5.4
1958,10,10,1.0,6.4
1962,9,10,1.0,3.6
1987,9,10,1.0,6.3
2000,4,10,1.0,7.4
1958,12,10,1.0,4.9
2009,9,10,1.0,4.1
1939,4,10,1.0,6.4
1944,5,10,1.0,6.7
1959,9,10,1.0,6.8
2012,11,10,1.0,5.4
2009,10,10,1.0,6.7
1998,5,10,1.0,6.6
2003,1,10,1.0,7.2
1993,9,10,1.0,5.9
2025,3,10,1.0,8.1
2000,7,10,1.0,5.4
1957,12,10,1.0,6.2
1955,10,10,1.0,6.9
2012,1,10,1.0,6.4
1961,3,10,1.0,5.6
1973,3,10,1.0,5.6
2024,2,10,2.0,7.4
1993,11,10,1.0,5.7
2007,8,10,1.0,6.7
1922,11,10,1.0,6.2
1941,10,10,1.0,5.8
2003,10,10,1.0,4.1
1950,1,10,1.0,6.1
2014,6,10,1.0,7.3
1993,12,10,1.0,7.0
1964,11,10,1.0,6.0
2002,8,10,1.0,5.0
1983,9,10,1.0,5.1
1931,5,10,1.0,6.0
1966,10,10,1.0,6.8
1981,10,10,2.0,6.9
1958,4,10,1.0,5.8
1952,7,10,1.0,6.5
1931,8,10,1.0,6.4
1940,6,10,1.0,5.9
1998,6,10,2.0,8.4
1933,11,10,1.0,6.7
1960,12,10,1.0,7.3
1922,1,10,5.0,5.0
1935,1,10,1.0,5.4
1922,6,9,1.0,5.4
1989,8,10,1.0,5.0
2015,8,10,1.0,6.6
1953,6,10,1.0,6.1
2017,5,10,1.0,6.0
1992,9,10,1.0,7.3
1999,11,10,1.0,6.0
1932,11,10,1.0,6.3
2013,10,10,1.0,5.8
1950,3,10,1.0,6.3
1935,6,10,1.0,6.8
1956,2,10,1.0,6.0
2001,10,10,1.0,6.7
1942,9,10,1.0,5.9
1941,1,10,1.0,7.0
1935,1,10,1.0,6.9
1997,8,10,1.0,4.7
2014,9,10,1.0,6.8
1950,4,10,1.0,6.1
2001,3,10,1.0,5.6
2005,9,10,1.0,7.4
1938,7,10,1.0,6.3
1990,5,10,1.0,5.3
1994,3,10,1.0,5.3
1954,4,10,1.0,5.8
1956,9,10,1.0,6.3
2025,2,10,1.0,7.7
1942,12,10,1.0,6.3
1946,10,10,58.0,4.4
1973,5,10,1.0,2.1
1956,11,10,1.0,5.6
1931,9,10,1.0,7.2
1945,12,10,1.0,6.2
1995,12,10,2.0,4.6
1965,1,10,1.0,6.0
1958,2,10,1.0,7.7
1984,2,10,2.0,5.6
2011,1,10,1.0,7.4
1965,4,10,1.0,6.7
2009,5,10,1.0,6.0
1980,7,10,1.0,4.1
1923,10,10,1.0,4.6
1959,4,10,1.0,6.6
2025,3,5,2.0,7.3
1977,11,10,1.0,6.1
1925,4,8,1.0,6.2
1985,10,10,1.0,5.1
2007,6,10,1.0,8.4
1976,11,10,1.0,4.8
1954,1,10,1.0,6.5
1923,1,7,1.0,6.8
1963,5,10,1.0,7.4
1977,6,10,1.0,4.3
2021,7,10,1.0,6.3
1999,7,10,2.0,6.7
2015,3,10,1.0,7.5
1971,1,10,1.0,6.3
1991,9,10,2.0,6.9
1945,5,10,1.0,5.9
1968,5,10,1.0,5.8
1979,1,10,1.0,4.1
1976,10,10,1.0,4.6
2024,9,7,1.0,7.4
1995,9,10,1.0,6.9
1959,3,10,1.0,6.8
2021,2,10,1.0,7.4
1939,11,10,1.0,8.1
1931,4,10,1.0,7.0
1938,7,10,1.0,6.5
1959,2,10,1.0,6.5
1946,9,10,1.0,6.7
2019,5,10,1.0,6.6
1943,6,10,1.0,6.6
2002,9,10,1.0,6.1
1952,10,10,1.0,5.4
2024,5,10,1.0,7.1
1949,4,10,1.0,7.0
1956,9,10,1.0,7.1
1968,10,10,1.0,5.5
2000,2,10,1.0,4.7
2022,11,10,1.0,5.2
2002,11,10,1.0,5.8
1996,5,10,1.0,6.2
1968,3,10,1.0,6.0
1985,9,10,1.0,6.2
2022,6,7,1.0,7.2
1962,12,10,1.0,6.8
1963,1,3,1.0,5.5
1988,2,10,1.0,4.5
1948,12,10,1.0,5.9
2000,2,10,1.0,7.6
1954,7,10,1.0,6.7
1936,1,10,1.0,6.2
1933,12,10,1.0,5.4
1980,2,10,1.0,6.1
1990,9,10,1.0,4.9
1981,12,10,1.0,5.8
2001,11,10,1.0,5.9
1958,5,10,1.0,6.2
1980,8,10,1.0,4.8
1986,8,10,1.0,5.7
2022,9,10,1.0,4.8
2024,1,10,1.0,5.5
2003,9,10,1.0,5.0
1958,10,10,1.0,7.0
1996,7,10,2.0,7.6
1960,8,10,2.0,6.9
1963,9,7,1.0,5.2
1992,6,10,1.0,5.6
1954,9,10,1.0,6.1
2018,6,10,1.0,6.6
2011,1,10,1.0,7.6
1947,10,1,58.0,7.7
1961,2,10,1.0,3.6
1945,1,10,1.0,6.5
1984,3,10,2.0,6.6
1976,4,10,1.0,6.4
1970,10,10,2.0,6.4
1975,6,10,1.0,5.2
2018,12,10,1.0,7.5
1948,7,10,1.0,6.5
2013,3,10,1.0,6.0
2013,1,10,1.0,6.2
1984,2,10,1.0,7.2
2015,11,10,1.0,6.2
2021,4,10,1.0,5.5
1945,7,10,1.0,6.6
2024,5,10,1.0,5.7
1991,9,10,1.0,5.5
2024,3,10,2.0,6.6
1935,5,10,1.0,6.2
1995,1,10,1.0,3.7
1967,4,10,1.0,5.6
2017,8,10,1.0,4.8
1996,8,9,2.0,6.7
1962,5,10,1.0,7.4
1983,11,10,1.0,4.9
1985,1,5,1.0,7.2
2021,7,10,1.0,7.7
2002,10,1,1.0,6.3
1946,6,10,1.0,6.5
1997,3,10,1.0,7.0
1959,9,10,1.0,6.4
2012,6,10,1.0,4.9
1950,10,10,1.0,6.8
1952,8,10,1.0,5.8
2022,3,10,1.0,6.1
1927,1,9,1.0,5.1
1984,8,10,1.0,8.9
1995,4,10,1.0,3.6
1977,4,10,1.0,6.3
1986,3,10,1.0,6.1
1994,8,10,1.0,5.6
2021,4,8,1.0,6.2
1962,9,10,1.0,5.5
1974,11,10,1.0,4.5
2016,4,10,1.0,6.2
2009,4,10,2.0,6.6
1986,2,10,1.0,6.7
1967,3,10,1.0,5.1
2010,9,10,1.0,4.0
1997,7,10,2.0,7.7
1999,10,10,1.0,5.6
2012,6,10,2.0,5.8
1963,7,10,2.0,6.4
2001,3,10,1.0,7.9
2002,1,10,1.0,5.9
1974,9,10,1.0,4.3
1960,12,10,1.0,6.0
1990,10,10,1.0,5.9
1999,7,10,2.0,7.5
1988,3,10,1.0,4.6
2017,4,10,1.0,6.3
2020,12,2,1.0,6.8
1982,4,10,1.0,7.2
1995,11,10,1.0,8.3
1973,8,10,1.0,7.7
2018,6,10,1.0,5.8
1951,4,10,1.0,6.9
1998,1,10,1.0,5.3
1990,11,10,1.0,6.0
2013,8,10,1.0,7.9
1938,1,10,1.0,5.0
1991,1,10,1.0,5.3
1976,8,10,1.0,7.0
1941,6,10,1.0,5.4
1945,11,10,1.0,6.5
1926,7,6,1.0,5.0
2020,7,10,1.0,6.3
1997,4,10,2.0,6.2
1946,3,10,58.0,6.1
1979,7,10,1.0,4.9
1931,4,10,1.0,5.9
1951,5,10,58.0,5.6
2003,10,10,1.0,6.2
1959,6,10,1.0,7.1
1985,8,10,1.0,5.9
2013,12,10,2.0,7.5
1992,7,10,1.0,4.4
1937,1,10,1.0,5.7
2019,3,10,1.0,5.9
1929,11,10,1.0,6.5
1954,9,10,1.0,6.4
2018,2,10,1.0,4.1
2013,10,10,1.0,5.2
1977,11,10,1.0,4.8
1986,5,10,1.0,4.4
1925,3,10,56.0,7.8
1921,10,7,1.0,4.0
1998,6,10,1.0,6.6
1933,11,10,1.0,7.2
1997,3,10,1.0,7.0
1956,9,10,1.0,7.6
1995,12,10,3.0,4.8
1981,6,10,1.0,7.8
2024,7,10,1.0,6.7
1939,12,10,1.0,6.6
1931,10,10,1.0,6.1
1998,10,10,2.0,6.8
1952,5,10,1.0,6.4
2006,2,10,2.0,7.3
1973,9,10,1.0,5.5
2010,7,9,1.0,6.2
2021,5,10,1.0,6.7
1934,11,10,1.0,7.1
1985,1,10,1.0,5.1
2020,8,10,2.0,7.3
1952,9,10,1.0,6.1
1942,3,10,59.0,5.8
1967,8,10,2.0,6.8
1961,6,10,1.0,6.7
1989,11,10,1.0,6.9
1964,1,10,1.0,5.4
1935,4,10,1.0,5.4
2022,11,10,2.0,7.5
1924,9,10,1.0,6.5
1978,4,10,1.0,5.4
1986,1,10,1.0,5.3
2003,4,10,1.0,7.3
1963,3,10,1.0,5.0
1996,12,10,2.0,6.7
2013,8,10,1.0,6.6
1984,6,10,1.0,3.6
1973,9,10,1.0,6.2
2016,7,10,1.0,6.9
1931,5,10,1.0,5.5
2007,10,7,2.0,7.2
1928,3,10,1.0,6.5
2002,8,10,1.0,7.8
1985,5,10,1.0,5.2
1969,6,10,1.0,6.3
1986,11,10,1.0,7.7
2015,9,10,2.0,7.3
2016,7,10,2.0,6.6
1988,6,10,1.0,6.4
1994,8,10,1.0,3.5
2011,8,10,1.0,5.6
1972,3,10,1.0,5.8
2024,6,10,1.0,5.9
1932,2,10,1.0,6.1
1982,1,10,1.0,5.3
1983,7,10,1.0,4.3
1936,2,10,1.0,5.4
1950,12,10,58.0,7.1
1963,8,10,1.0,6.9
1982,9,10,1.0,4.2
1937,10,10,1.0,6.1
1996,3,10,2.0,3.7
2012,7,4,1.0,6.7
1962,2,10,1.0,4.5
1948,8,10,2.0,8.1
1979,1,10,1.0,6.4
1944,11,10,1.0,6.1
2000,3,10,1.0,5.9
1967,6,10,1.0,5.7
2010,7,10,1.0,6.3
1992,9,10,2.0,5.6
1960,5,10,1.0,5.9
1959,12,10,1.0,6.9
2012,1,10,1.0,5.0
1944,10,10,1.0,6.4
1949,2,10,1.0,7.1
1981,11,10,1.0,5.4
2002,8,10,1.0,5.3
1920,5,10,1.0,5.8
1921,1,10,1.0,6.8
1920,3,6,1.0,6.8
1932,3,10,1.0,6.8
2006,3,10,1.0,6.0
1960,5,10,2.0,7.1
1982,4,10,1.0,4.4
2020,8,10,1.0,5.3
1990,7,10,1.0,6.2
1959,11,10,1.0,5.3
1983,10,10,2.0,6.9
1936,12,10,1.0,6.4
1978,1,10,1.0,6.0
1990,8,2,1.0,6.1
1956,10,10,1.0,5.4
1997,10,10,1.0,5.6
1931,11,10,1.0,7.5
1992,8,10,2.0,4.4
1951,5,10,1.0,4.8
1929,6,10,1.0,5.6
1989,4,10,1.0,6.8
1923,11,8,50.0,5.8
1998,1,1,1.0,7.9
1932,1,10,1.0,6.1
1989,9,4,1.0,6.0
1972,8,10,1.0,5.4
1943,10,10,1.0,6.4
1966,3,8,1.0,5.4
1936,8,10,1.0,5.9
1994,4,10,1.0,4.5
1946,10,10,1.0,7.0
1937,2,10,1.0,7.1
1997,11,10,1.0,5.1
1920,2,7,50.0,5.6
1982,9,7,1.0,6.2
1986,1,10,1.0,5.7
1930,6,10,1.0,8.3
1993,1,10,1.0,6.1
1923,6,7,1.0,5.6
1994,11,4,1.0,6.5
2020,9,10,1.0,5.4
1936,8,10,1.0,5.7
2002,7,10,1.0,7.7
1981,4,10,1.0,6.5
2000,1,10,1.0,7.0
1967,1,10,2.0,6.4
1987,10,10,1.0,6.3
2021,3,10,1.0,7.3
1987,3,10,1.0,7.6
1934,5,10,1.0,6.1
1964,2,10,1.0,6.7
1948,12,10,1.0,7.5
2008,1,10,1.0,4.6
1961,1,10,2.0,6.6
1941,12,10,57.0,5.8
2025,1,10,2.0,5.8
1946,4,10,1.0,6.1
1990,10,10,1.0,6.0
1963,3,10,2.0,4.8
2014,10,7,1.0,6.0
1967,2,10,1.0,5.5
1995,11,10,2.0,8.2
2006,10,10,1.0,6.7
1944,10,10,1.0,6.3
2014,2,10,5.0,6.2
1943,10,10,1.0,5.8
1920,11,10,1.0,5.7
2014,8,10,1.0,6.4
1979,2,10,1.0,6.3
1997,11,10,2.0,7.6
1944,10,10,1.0,7.0
1972,9,10,2.0,5.8
1932,4,10,1.0,6.8
2020,2,10,2.0,8.0
1941,4,10,1.0,6.6
1994,8,10,1.0,7.5
1951,12,10,1.0,6.5
1966,12,10,1.0,5.8
2024,3,10,1.0,5.4
2004,3,10,2.0,7.9
1984,7,10,1.0,5.0
1947,6,10,1.0,6.6
1980,10,10,1.0,6.5
1998,2,10,1.0,4.4
2007,3,10,2.0,7.5
1972,2,10,1.0,5.1
1976,7,10,1.0,4.9
2003,10,10,1.0,6.7
1983,3,10,2.0,7.0
1974,1,10,1.0,3.0
1966,7,10,1.0,5.6
1946,11,10,1.0,7.2
1992,1,6,57.0,6.4
2018,8,10,1.0,6.9
1954,10,10,1.0,5.1
1993,3,10,1.0,4.3
2004,1,10,2.0,8.0
2016,9,10,2.0,5.0
1929,11,1,1.0,6.7
2025,3,10,1.0,9.0
2015,1,10,1.0,6.1
1929,4,10,1.0,3.5
1936,2,9,1.0,6.9
1940,2,10,1.0,6.9
1976,9,10,1.0,7.7
1989,10,10,1.0,5.3
1931,9,10,1.0,8.3
1941,4,10,1.0,6.4
1935,4,10,1.0,6.3
1997,4,10,1.0,6.1
1983,6,10,1.0,4.0
1928,2,10,1.0,5.6
1997,9,10,1.0,6.9
1950,4,10,1.0,6.1
1943,2,10,1.0,5.4
1985,3,10,1.0,6.7
1992,7,10,2.0,4.7
2007,3,10,2.0,7.1
2023,10,10,1.0,5.2
2021,10,10,1.0,7.1
2011,9,10,1.0,6.3
2007,2,10,1.0,5.9
2000,1,10,1.0,4.1
2024,1,6,1.0,7.3
1958,7,10,1.0,3.5
1961,10,10,1.0,5.2
1962,8,10,1.0,6.7
1951,7,10,1.0,6.3
2020,9,10,1.0,5.6
2016,1,10,1.0,7.1
1968,6,10,1.0,6.6
2009,1,10,1.0,5.3
1943,9,10,1.0,4.8
1993,7,10,2.0,6.3
1951,6,10,1.0,6.7
1924,10,10,1.0,7.4
1970,10,10,1.0,6.8
2022,12,10,1.0,6.7
1989,4,10,1.0,7.1
2004,11,10,1.0,5.3
1959,2,10,1.0,5.6
2001,9,10,1.0,6.8
1992,12,10,2.0,7.3
1998,12,10,1.0,4.6
2020,2,10,1.0,3.9
2003,8,2,1.0,7.9
2025,2,10,2.0,6.5
1978,3,10,1.0,4.9
2003,4,10,1.0,6.0
1939,9,10,1.0,5.8
1980,9,10,1.0,6.8
1983,3,10,2.0,7.2
2007,7,10,2.0,7.5
2024,10,10,1.0,7.5
1977,8,10,1.0,7.3
1965,12,8,1.0,6.6
1928,1,10,1.0,6.4
1934,1,10,4.0,5.7
1938,4,10,1.0,5.5
1949,2,10,1.0,6.1
1945,9,10,1.0,4.3
2003,11,10,1.0,5.0
2003,3,10,2.0,8.6
1938,11,10,1.0,6.6
1971,10,10,1.0,6.6
1965,3,7,1.0,6.1
2007,11,7,1.0,7.8
2025,2,10,1.0,7.2
2021,6,10,1.0,6.9
1962,8,10,1.0,5.9
1974,3,10,1.0,4.7
1958,1,10,50.0,7.6
2000,12,10,1.0,8.3
1934,11,10,1.0,7.5
2001,11,10,1.0,5.8
2015,3,10,1.0,4.8
1943,10,10,58.0,5.1
1946,9,10,1.0,7.6
1936,6,10,1.0,5.4
2014,3,10,2.0,6.4
2014,2,10,1.0,5.1
1987,1,10,2.0,6.6
1968,9,10,2.0,7.2
1942,8,10,1.0,7.5
1936,6,6,1.0,5.6
1943,9,10,1.0,5.1
1962,7,10,1.0,6.8
1946,2,10,56.0,6.3
1920,3,10,1.0,5.8
1984,1,10,1.0,6.1
1954,10,10,1.0,6.1
1981,1,10,1.0,4.5
1937,5,10,58.0,6.1
1924,8,10,1.0,6.3
1929,8,10,1.0,5.1
1922,2,10,1.0,6.1
2021,7,10,2.0,6.6
1934,6,10,1.0,6.5
2016,11,10,1.0,6.7
1955,7,10,1.0,6.6
1982,12,10,1.0,5.4
1967,1,10,1.0,6.2
1958,12,10,1.0,5.6
1931,4,9,1.0,5.7
1963,2,10,1.0,6.1
1986,12,10,1.0,7.1
1939,2,10,1.0,6.4
2005,2,10,1.0,4.9
1931,10,8,1.0,7.0
1933,1,6,55.0,6.3
2004,9,10,1.0,7.0
2011,7,10,1.0,5.3
1989,9,5,1.0,4.6
1979,9,10,1.0,5.2
1984,12,10,1.0,6.5
1987,9,10,1.0,4.7
1976,11,10,1.0,5.9
1942,10,10,1.0,5.8
2000,3,10,1.0,6.5
1930,3,10,1.0,4.8
1974,9,10,1.0,4.6
1923,7,10,1.0,4.6
1965,1,10,1.0,7.8
1935,10,10,1.0,3.4
1923,12,10,1.0,4.6
2001,5,10,1.0,4.2
1952,11,10,1.0,6.3
1939,12,10,1.0,6.9
1927,6,10,1.0,5.7
2010,2,10,1.0,1.7
1952,9,7,1.0,6.0
1964,11,10,1.0,6.8
2013,11,10,1.0,6.1
1967,12,10,1.0,6.3
1968,10,10,1.0,4.5
1985,1,5,2.0,4.2
2006,4,10,1.0,5.9
1961,7,10,1.0,7.1
1943,9,10,1.0,6.7
1957,4,10,1.0,9.0
1972,3,10,1.0,5.4
2009,4,10,2.0,7.7
2000,9,10,1.0,5.4
1997,7,10,1.0,5.6
1980,1,10,1.0,7.6
1935,8,10,1.0,6.1
1932,4,10,1.0,5.2
1956,6,10,1.0,3.8
1966,4,10,1.0,5.5
1924,10,8,1.0,4.8
1990,8,10,1.0,7.0
1946,11,10,1.0,5.4
2012,4,10,2.0,6.4
1952,10,9,1.0,6.7
1949,11,10,1.0,6.0
2007,8,10,1.0,6.7
1938,10,10,1.0,5.6
1946,7,10,1.0,6.6
1931,12,10,1.0,5.7
1930,11,10,1.0,5.1
1983,9,10,1.0,5.1
2009,4,10,1.0,6.2
1995,12,10,1.0,6.0
1960,8,10,1.0,5.7
1996,6,10,1.0,6.5
2006,9,10,1.0,7.4
1987,1,10,1.0,6.9
1977,10,10,1.0,4.8
2015,8,10,1.0,6.0
1979,12,10,1.0,3.0
2008,4,10,1.0,7.0
1977,8,10,2.0,7.1
2011,12,1,1.0,7.1
1974,1,10,1.0,3.8
1955,2,10,1.0,8.0
1994,4,10,7.0,8.2
1953,6,10,3.0,7.8
1951,1,10,1.0,6.6
1972,8,10,1.0,7.0
1937,9,10,56.0,5.7
2020,2,10,1.0,6.6
1949,8,10,1.0,5.8
1971,6,10,2.0,7.3
1931,1,10,1.0,5.2
1979,1,10,1.0,7.3
2000,8,10,1.0,6.4
1946,7,10,1.0,7.2
1968,4,10,1.0,6.7
1989,11,10,1.0,4.3
1977,9,10,1.0,4.8
1985,12,10,1.0,6.4
2008,6,10,1.0,6.5
1980,1,10,1.0,7.5
1927,2,7,1.0,2.8
1965,1,10,1.0,5.6
2005,1,9,1.0,7.2
2024,4,10,1.0,7.6
1925,8,10,5.0,5.6
1922,1,7,50.0,6.4
2018,8,10,1.0,3.3
1938,2,10,1.0,7.6
2023,12,10,1.0,5.2
1964,11,10,1.0,6.9
2021,1,10,1.0,6.0
1957,9,10,1.0,6.0
1942,5,10,1.0,6.2
2012,10,10,1.0,6.2
2020,10,10,2.0,6.6
1944,11,10,2.0,7.0
1926,10,10,1.0,7.7
1944,4,10,1.0,6.0
1998,11,5,1.0,7.5
1943,4,10,1.0,5.1
1989,12,10,1.0,5.7
1990,3,9,2.0,7.2
1951,9,10,1.0,7.2
2018,6,2,1.0,7.6
1963,9,10,1.0,5.0
1973,10,8,1.0,5.7
1969,9,10,1.0,5.5
1997,6,10,1.0,6.8
2023,9,10,1.0,6.3
1931,9,10,1.0,6.2
1956,9,10,1.0,6.0
1936,10,10,1.0,5.0
1977,10,10,2.0,7.4
2009,2,10,1.0,6.2
2007,8,10,1.0,5.6
1945,8,10,1.0,6.8
1943,1,10,4.0,6.5
1998,10,10,1.0,5.3
1920,9,10,1.0,5.2
1985,9,10,1.0,5.0
2004,10,10,1.0,6.7
1963,8,6,1.0,8.3
1974,7,8,1.0,5.8
2023,2,1,1.0,7.0
1979,9,10,1.0,6.0
1987,12,10,1.0,6.6
1936,4,10,1.0,6.6
1921,11,7,1.0,4.6
1999,1,9,1.0,7.0
1987,10,10,1.0,6.4
2024,6,6,1.0,6.6
1921,12,10,1.0,7.0
2003,2,10,1.0,7.0
1991,1,10,1.0,6.4
1974,8,10,1.0,5.2
1960,10,3,1.0,7.8
2004,6,10,2.0,7.5
1933,12,10,1.0,6.7
1940,1,10,1.0,6.5
1955,12,10,1.0,4.9
1939,9,10,1.0,6.8
2008,7,10,1.0,5.8
2015,8,10,2.0,6.3
1962,4,10,1.0,4.3
1942,6,10,1.0,5.9
1932,8,10,1.0,6.2
2001,2,10,1.0,6.0
2024,9,10,1.0,6.0
1941,4,10,1.0,5.9
1992,5,10,1.0,7.0
1965,3,10,1.0,7.4
1979,11,10,1.0,7.2
1992,4,6,1.0,4.9
2001,12,10,1.0,7.0
1996,11,10,2.0,4.8
2023,11,10,1.0,6.5
1976,10,10,1.0,5.8
1935,11,10,1.0,6.6
1958,2,10,1.0,5.3
2008,2,10,1.0,5.4
1962,10,10,1.0,5.9
1993,4,10,1.0,5.6
1943,12,10,1.0,7.1
1968,1,10,2.0,5.6
1970,12,10,3.0,7.9
2017,6,10,1.0,6.6
2011,10,10,1.0,5.7
2019,2,10,1.0,5.9
2011,12,10,2.0,7.2
1980,7,10,1.0,6.7
2004,10,10,1.0,4.0
1941,3,10,1.0,3.4
2013,5,10,1.0,6.6
1977,1,10,3.0,8.9
1945,12,10,1.0,6.3
1938,6,10,1.0,5.7
2020,9,10,1.0,6.4
2007,6,1,1.0,7.2
1957,8,10,1.0,6.2
1945,1,10,57.0,5.6
2010,7,10,1.0,6.3
2024,11,10,2.0,6.2
1930,1,10,1.0,7.0
1999,4,10,1.0,7.4
1931,10,10,1.0,6.0
1984,1,10,1.0,4.8
1990,5,10,1.0,5.7
1993,5,10,1.0,4.3
1925,9,6,1.0,6.8
2001,1,10,1.0,7.4
1969,6,10,1.0,7.6
1934,8,10,1.0,7.2
1973,6,10,1.0,6.3
2004,1,10,1.0,4.1
2019,11,10,1.0,7.6
1927,12,10,1.0,6.9
2001,3,10,1.0,7.8
2012,12,1,1.0,6.3
1981,5,10,1.0,6.6
1989,10,10,2.0,7.8
1963,12,7,1.0,7.9
1991,12,10,1.0,4.9
1970,10,10,1.0,6.8
2005,3,10,1.0,6.1
2013,9,10,1.0,5.4
2009,7,9,1.0,4.6
1932,4,10,59.0,6.0
1978,1,10,1.0,3.8
1972,12,10,1.0,7.6
1984,12,10,1.0,4.4
1960,10,10,1.0,5.0
1969,7,10,1.0,7.5
1961,12,10,1.0,8.0
1944,2,10,1.0,6.0
1956,8,10,1.0,7.2
2010,3,10,1.0,6.2
1962,7,10,1.0,8.1
2017,9,10,1.0,6.9
2003,10,10,1.0,4.8
1992,8,10,2.0,8.1
1955,2,10,1.0,7.3
2006,8,10,1.0,6.7
1950,3,10,1.0,5.8
2016,12,10,1.0,7.3
1967,4,10,1.0,7.3
2025,2,10,1.0,7.2
1961,1,10,2.0,6.9
1951,10,10,1.0,5.3
1936,2,10,1.0,6.2
2009,9,10,2.0,7.2
2010,7,10,1.0,7.4
1988,5,10,1.0,4.2
1991,12,10,1.0,6.2
1962,8,10,1.0,3.6
1922,4,10,1.0,6.3
1986,9,10,1.0,6.0
1992,7,10,1.0,7.1
1942,8,10,1.0,5.8
1951,7,10,54.0,5.3
1936,5,10,1.0,6.0
1984,8,10,1.0,4.0
1975,12,10,2.0,6.2
1983,6,10,1.0,7.1
2017,12,10,1.0,7.8
2023,7,10,2.0,7.6
2010,7,10,2.0,8.8
1935,8,10,1.0,7.2
1968,7,10,1.0,6.3
1959,1,6,2.0,8.1
1924,8,9,1.0,6.0
1934,1,10,2.0,7.0
1928,1,10,2.0,6.9
1944,10,10,1.0,5.9
2011,8,10,1.0,6.4
2007,6,10,2.0,7.3
1981,4,10,1.0,5.6
2018,4,10,1.0,6.5
1938,4,10,1.0,6.7
1969,1,8,1.0,5.1
2016,6,10,1.0,7.4
1978,4,10,1.0,5.0
1969,2,10,1.0,6.0
2008,2,10,1.0,8.0
2007,1,10,1.0,4.9
1956,12,10,1.0,5.6
1968,1,10,1.0,6.4
1968,5,10,1.0,6.0
1966,7,10,2.0,7.9
2022,6,10,1.0,6.3
1971,2,10,1.0,6.4
1979,8,10,1.0,6.1
1971,4,10,1.0,6.3
2014,9,10,1.0,7.8
2010,8,10,2.0,7.1
1965,12,10,2.0,7.3
1959,4,10,1.0,4.9
2016,10,10,1.0,6.3
1999,12,6,2.0,7.3
2024,4,10,1.0,6.2
1977,1,10,1.0,6.7
1930,3,10,58.0,6.1
2019,6,10,1.0,6.5
2009,1,10,1.0,7.3
2007,8,10,1.0,5.8
1966,5,6,46.0,3.9
1951,4,10,1.0,5.5
1979,2,10,1.0,7.2
1967,11,10,1.0,6.7
2001,7,10,1.0,5.2
1937,11,10,1.0,6.2
1948,5,10,1.0,5.4
1979,7,10,1.0,7.7
2010,4,9,1.0,7.7
1929,6,10,1.0,7.0
1951,6,10,1.0,6.7
1929,4,10,1.0,6.6
1929,5,10,1.0,6.8
2024,8,1,1.0,8.3
2018,8,10,1.0,6.1
1965,4,10,1.0,5.6
2006,3,10,2.0,7.6
1935,10,10,1.0,6.6
1958,5,10,1.0,6.1
2005,6,10,1.0,3.8
2025,1,9,1.0,7.1
1947,9,10,1.0,7.0
1974,4,10,1.0,5.9
1970,4,10,1.0,7.3
1980,9,10,1.0,4.2
1933,9,10,1.0,6.3
1962,10,10,1.0,7.3
1970,9,10,1.0,7.0
1959,2,10,1.0,6.3
1995,9,10,1.0,6.0
1957,9,10,1.0,7.5
1959,1,10,2.0,6.1
2000,8,10,1.0,6.1
1943,5,10,1.0,7.8
1976,9,10,1.0,6.1
1959,9,10,1.0,4.9
1956,1,10,2.0,8.4
1978,10,10,1.0,6.7
2022,4,10,1.0,8.9
1926,1,10,1.0,5.5
2007,2,10,1.0,6.5
1989,4,10,1.0,4.7
1966,12,10,1.0,5.4
1920,2,10,1.0,6.5
1962,9,10,1.0,5.8
1928,12,9,1.0,6.4
1935,9,10,1.0,6.2
1993,5,10,1.0,7.3
1980,12,5,1.0,6.0
1938,10,10,1.0,7.7
1937,6,10,1.0,7.5
1961,12,10,1.0,5.5
2021,6,10,1.0,7.6
2014,5,2,1.0,6.8
2025,4,10,1.0,4.9
1995,1,10,1.0,5.7
2008,9,10,2.0,6.1
1939,1,10,1.0,6.6
1981,12,10,1.0,4.0
2023,5,10,1.0,6.1
1957,7,10,1.0,5.5
1988,8,10,1.0,7.1
2021,6,10,1.0,6.2
1939,7,10,58.0,6.6
1935,6,10,1.0,5.8
2022,12,10,1.0,7.8
1949,3,10,1.0,6.1
1977,2,10,1.0,4.8
1999,3,10,2.0,8.7
1956,11,10,1.0,6.1
1951,4,10,1.0,5.8
1951,7,10,1.0,5.7
1934,1,10,1.0,7.3
2009,2,10,1.0,5.5
1974,1,10,1.0,6.5
1955,7,10,1.0,8.0
1938,3,10,1.0,5.6
1938,11,10,1.0,6.9
2001,9,10,1.0,7.3
1964,3,10,1.0,7.9
1938,5,10,1.0,6.1
2020,6,10,1.0,6.1
2009,9,10,1.0,6.1
1936,10,10,1.0,5.5
1926,12,10,1.0,7.0
1932,12,10,1.0,6.2
1995,4,10,1.0,4.5
1946,6,10,1.0,6.4
1966,3,10,2.0,6.3
1974,9,10,1.0,5.4
2007,6,10,2.0,7.1
1991,11,10,2.0,8.2
1939,10,10,1.0,5.2
1939,5,10,1.0,6.1
2014,7,10,1.0,7.3
1921,5,10,1.0,8.5
1995,4,10,1.0,8.0
2004,9,10,1.0,6.9
1982,10,10,1.0,5.4
1987,11,10,1.0,3.5
1924,11,10,1.0,6.2
1985,9,10,1.0,5.6
1952,6,10,1.0,6.7
1973,4,10,1.0,6.1
1944,3,8,1.0,7.0
2012,5,9,1.0,7.4
1930,2,7,1.0,4.2
1985,4,7,1.0,6.7
1997,6,10,1.0,6.4
2003,11,10,1.0,7.1
2004,3,10,1.0,6.1
1955,6,10,1.0,6.9
2003,7,10,1.0,7.6
1982,4,10,1.0,4.3
2005,1,10,1.0,6.5
2019,1,10,1.0,6.6
1959,10,10,1.0,5.4
1943,8,10,1.0,6.7
1958,5,10,1.0,5.4
1992,10,10,1.0,6.6
2002,8,8,1.0,6.4
1999,10,10,1.0,5.8
2005,5,10,1.0,7.0
1953,4,10,1.0,6.1
1962,10,10,2.0,6.3
1992,3,10,1.0,6.8
1986,5,10,1.0,5.6
2017,4,10,1.0,6.2
1995,5,10,1.0,6.6
2022,10,10,1.0,5.5
2020,12,10,1.0,3.7
2014,4,10,1.0,5.5
1951,10,10,1.0,6.2
1944,4,10,1.0,6.1
1979,5,10,1.0,6.8
1927,4,8,1.0,6.6
2001,3,10,1.0,6.1
1943,1,10,2.0,7.3
2008,11,10,1.0,6.8
1962,3,10,1.0,5.0
1964,7,10,1.0,7.2
2016,9,10,2.0,7.1
2021,8,10,1.0,7.4
2007,8,10,1.0,6.2
2019,8,10,1.0,6.7
1934,5,10,1.0,7.9
1931,4,10,1.0,5.4
2020,6,10,1.0,7.2
1945,8,10,1.0,6.6
2024,10,10,1.0,5.1
2019,12,10,1.0,6.5
1975,3,10,1.0,6.7
2022,1,10,1.0,6.3
1945,6,10,1.0,5.8
2016,7,10,1.0,4.8
1925,2,10,1.0,4.8
1948,11,10,1.0,6.0
1970,4,10,1.0,5.5
1975,12,10,1.0,6.6
1949,4,8,1.0,5.5
2019,3,10,1.0,5.8
1934,4,10,1.0,4.7
1959,9,9,1.0,4.5
2004,1,10,1.0,5.4
1951,11,10,1.0,6.4
2014,6,9,1.0,7.6
1950,4,10,1.0,6.5
1928,4,9,1.0,6.3
1943,9,10,1.0,7.0
1969,2,10,1.0,5.2
2006,3,2,1.0,6.2
1985,10,10,1.0,6.4
1943,5,6,1.0,5.7
1941,8,10,1.0,4.9
1973,10,10,3.0,6.4
1930,11,10,2.0,6.1
1936,3,10,1.0,5.5
1970,6,10,2.0,7.6
1984,5,10,1.0,5.0
1960,10,10,1.0,5.0
1991,10,10,1.0,3.5
2020,7,10,1.0,5.1
1928,1,10,1.0,6.3
2007,10,10,1.0,6.8
1994,9,10,1.0,6.3
1947,8,10,55.0,6.2
1950,5,10,1.0,5.8
1941,5,10,1.0,5.7
1936,6,10,1.0,6.2
2005,11,10,1.0,6.6
2007,9,9,1.0,4.7
1971,6,10,1.0,3.8
1958,6,10,1.0,6.6
1930,3,10,1.0,4.9
1977,11,10,2.0,7.0
1965,9,10,1.0,6.9
1964,9,10,1.0,6.3
1943,10,10,1.0,6.3
1967,9,10,1.0,4.3
1930,5,10,1.0,5.0
1959,1,10,1.0,7.5
1941,3,10,1.0,5.3
2017,10,10,1.0,6.2
2016,6,10,2.0,7.2
2011,1,10,1.0,7.0
2019,12,10,1.0,6.1
1936,4,10,1.0,7.0
1960,5,10,1.0,4.3
1992,5,10,1.0,8.3
1995,9,9,1.0,6.6
1973,4,10,1.0,6.9
1985,10,10,1.0,6.6
1968,8,10,1.0,5.6
1982,2,10,1.0,6.5
1952,5,10,1.0,5.3
1946,3,3,1.0,7.9
2019,1,10,2.0,6.1
1958,6,10,1.0,5.2
2021,9,10,1.0,7.1
1968,10,10,1.0,6.2
2001,3,10,1.0,6.2
1983,2,10,1.0,5.2
1978,1,10,2.0,9.0
1986,2,10,1.0,5.8
1920,12,10,5.0,7.2
2007,7,10,1.0,6.7
1925,1,7,1.0,6.4
1947,12,10,1.0,6.7
2013,9,10,1.0,6.9
1949,6,10,1.0,5.0
1965,9,10,2.0,8.5
1951,3,10,1.0,6.6
2007,8,10,1.0,5.4
1953,12,10,1.0,5.8
1963,9,10,1.0,7.5
2006,9,10,2.0,7.1
1985,9,10,1.0,6.5
1984,6,10,2.0,7.8
2005,11,3,1.0,7.0
1925,1,10,1.0,6.2
2011,10,10,1.0,7.0
1973,5,10,1.0,6.6
1929,9,10,1.0,5.5
2025,3,8,1.0,7.7
2017,5,10,2.0,4.5
1939,6,10,59.0,5.7
1954,12,10,1.0,6.7
2023,6,10,1.0,6.8
1988,9,10,1.0,6.0
1997,8,10,1.0,6.8
1994,4,10,2.0,6.9
1980,3,10,1.0,6.0
1940,9,10,1.0,6.7
1932,1,10,59.0,5.8
1939,9,10,2.0,7.4
2019,12,10,2.0,6.4
2024,7,10,1.0,5.5
1927,2,9,1.0,6.8
2019,4,10,1.0,5.8
1960,9,10,1.0,6.4
1974,10,10,1.0,5.8
2018,8,10,1.0,5.5
2022,9,10,1.0,6.4
1995,7,10,1.0,6.8
1921,12,4,1.0,5.9
1957,1,10,1.0,4.7
1970,4,10,1.0,4.0
2014,9,10,1.0,6.8
1969,2,10,1.0,6.9
2004,8,10,1.0,7.1
1955,4,10,1.0,6.0
2012,8,10,1.0,2.5
1957,10,10,1.0,5.6
1980,6,10,2.0,8.7
1923,12,7,1.0,5.6
1955,8,10,1.0,7.0
1931,9,10,1.0,5.6
1983,8,10,1.0,5.4
1998,4,10,1.0,6.2
1945,3,10,1.0,5.5
1991,10,10,1.0,5.3
1943,1,10,59.0,5.9
1975,2,10,1.0,5.7
2008,6,9,1.0,8.0
1990,12,10,1.0,6.4
1967,2,10,2.0,5.8
1961,12,10,1.0,5.6
1950,1,10,1.0,3.5
2011,1,1,1.0,7.8
1943,3,10,1.0,5.0
1964,2,10,1.0,6.7
2016,7,10,1.0,4.5
1991,9,10,1.0,3.9
1999,5,10,1.0,7.0
1959,4,3,1.0,6.4
1995,3,10,1.0,4.6
1998,3,10,2.0,6.6
1943,12,10,1.0,6.3
1941,12,8,1.0,4.8
1979,7,10,1.0,7.2
1995,5,10,1.0,5.7
1983,4,10,1.0,6.6
1954,9,10,1.0,6.5
1964,2,10,1.0,6.6
2019,6,10,2.0,7.7
1976,11,10,1.0,7.0
1981,1,10,1.0,4.0
1927,10,8,1.0,6.8
1941,4,10,57.0,5.3
1975,8,10,1.0,6.6
2008,12,10,2.0,7.1
2008,6,10,1.0,5.6
1976,12,10,1.0,3.3
1978,10,10,1.0,6.2
1953,9,10,1.0,6.1
2008,11,10,1.0,7.3
1921,12,10,50.0,6.0
1981,2,10,1.0,5.7
1979,5,10,1.0,7.3
2022,4,10,2.0,4.7
1968,9,10,45.0,7.4
1950,6,10,1.0,6.0
1966,5,10,1.0,4.4
2011,10,10,1.0,6.4
1987,3,10,1.0,5.1
1931,9,10,59.0,6.1
1963,8,10,1.0,6.2
1960,3,10,1.0,8.1
1932,11,10,1.0,6.3
1978,12,10,1.0,7.5
2003,2,10,1.0,5.4
1975,9,10,1.0,5.4
1972,4,10,2.0,7.1
1955,1,10,1.0,7.6
1982,5,10,1.0,7.0
1954,6,10,1.0,6.7
1947,7,10,1.0,6.1
2016,9,10,2.0,6.5
1966,9,10,1.0,5.9
1965,5,10,1.0,6.8
2004,10,1,1.0,6.8
1962,5,10,1.0,6.5
1991,1,10,2.0,6.7
1938,9,10,1.0,6.4
1989,11,10,1.0,4.4
1995,11,8,1.0,7.5
1979,11,10,1.0,6.5
2020,12,10,2.0,6.0
1979,9,5,1.0,7.3
2007,4,10,1.0,3.8
1942,2,10,1.0,6.3
1959,7,5,1.0,5.7
2001,10,10,1.0,4.4
1970,9,10,3.0,7.8
2004,3,10,1.0,7.5
1941,8,10,1.0,7.3
1969,10,10,1.0,5.9
2024,9,10,1.0,5.4
1977,9,10,1.0,6.7
1951,12,10,1.0,6.2
1956,12,10,1.0,7.1
1978,7,10,1.0,6.6
1946,8,10,1.0,5.4
1930,10,10,1.0,5.8
1993,9,1,1.0,5.9
1977,1,10,1.0,6.1
2010,5,10,1.0,7.1
1946,1,10,1.0,6.6
2011,4,10,1.0,5.7
1950,3,10,1.0,6.5
1971,5,10,1.0,7.0
1941,10,10,1.0,5.7
1930,12,6,1.0,6.0
2005,2,10,1.0,5.7
1942,9,10,1.0,7.1
1956,11,1,1.0,7.2
1984,12,10,1.0,7.0
1978,11,10,1.0,6.8
1958,7,10,1.0,5.2
1960,11,10,1.0,7.5
2021,6,4,1.0,5.6
2019,2,10,2.0,4.3
1961,3,10,1.0,6.1
2021,10,10,2.0,7.1
1932,6,10,1.0,5.4
2018,5,10,3.0,7.4
1930,8,10,1.0,7.5
1946,1,10,1.0,5.6
2011,8,10,2.0,8.2
1964,9,10,1.0,6.2
1972,6,10,1.0,6.1
1970,5,10,1.0,7.0
1973,9,10,1.0,6.8
1994,12,10,1.0,6.7
2007,10,10,1.0,6.2
1998,11,10,1.0,5.9
1983,11,10,1.0,6.1
1993,9,10,1.0,4.7
1948,9,10,1.0,6.8
2000,12,10,2.0,5.2
1987,1,8,1.0,5.5
1930,5,10,1.0,6.1
2019,8,10,2.0,6.5
1920,12,6,1.0,6.6
1923,2,10,1.0,4.9
1992,3,10,1.0,6.8
1942,5,10,1.0,7.0
1954,9,10,1.0,7.1
1922,1,10,1.0,6.7
2006,9,10,1.0,6.7
1965,10,10,2.0,6.8
1950,12,10,1.0,6.2
1985,7,10,1.0,6.7
2010,9,10,1.0,6.1
1926,5,10,50.0,5.2
1930,1,10,1.0,7.7
2001,6,10,1.0,7.7
2021,1,10,1.0,7.1
1995,3,10,1.0,6.8
1955,2,10,1.0,6.5
1925,10,10,1.0,7.0
1942,7,10,1.0,6.6
2006,10,10,1.0,6.8
1976,4,10,2.0,5.9
1951,4,10,1.0,6.8
1999,5,10,1.0,6.4
2008,6,1,1.0,7.5
2020,12,10,1.0,6.3
2004,10,10,1.0,6.6
2006,4,10,1.0,6.0
1942,8,10,1.0,5.4
1965,3,10,1.0,6.1
1994,9,10,2.0,6.5
1961,2,10,1.0,6.2
1968,10,10,1.0,6.6
1971,11,10,1.0,3.6
1944,10,10,4.0,5.3
1999,3,10,1.0,3.7
1966,11,10,1.0,6.1
2004,8,10,1.0,5.8
2019,5,10,1.0,5.5
2025,3,10,1.0,9.4
1942,12,10,1.0,6.5
2017,2,10,2.0,6.8
1967,4,10,1.0,7.0
1969,12,10,2.0,7.4
1965,6,1,1.0,6.0
1998,6,10,1.0,6.3
1983,2,10,1.0,6.6
1960,7,10,1.0,5.6
1975,8,10,1.0,5.9
1926,2,10,1.0,6.8
1931,10,10,1.0,6.7
1942,1,1,1.0,6.6
1960,5,8,1.0,5.3
2015,3,10,1.0,6.5
1985,9,10,1.0,4.1
1952,9,10,1.0,5.1
2000,5,10,1.0,4.1
2019,12,10,1.0,6.6
1984,9,10,1.0,6.1
1973,1,10,1.0,6.1
1951,8,10,1.0,6.2
2008,1,10,1.0,2.8
1920,6,8,1.0,6.4
1960,8,10,2.0,7.7
1979,4,10,1.0,7.1
2004,1,10,1.0,5.4
2014,6,10,1.0,6.3
1951,8,10,1.0,6.5
1960,2,10,1.0,7.7
1935,3,10,1.0,5.8
1930,9,10,1.0,7.0
1985,10,10,1.0,6.4
1932,1,10,1.0,5.9
1939,5,10,1.0,8.1
2025,3,10,1.0,6.3
2006,3,10,1.0,6.5
1981,2,10,2.0,7.4
1933,3,10,2.0,6.5
1978,3,10,1.0,5.7
1960,10,10,1.0,6.0
1940,10,10,1.0,6.3
1930,2,10,1.0,5.2
1937,9,10,1.0,6.3
1987,10,10,1.0,4.8
1968,9,10,1.0,6.7
1974,7,10,1.0,5.3
1936,5,10,1.0,5.0
1993,4,10,2.0,7.8
1939,5,10,1.0,6.1
1988,1,10,1.0,7.8
1937,7,10,1.0,5.7
2023,5,1,1.0,7.3
2013,9,10,1.0,5.6
1970,3,10,1.0,5.3
2009,1,10,1.0,6.6
1952,12,10,1.0,5.8
2003,1,10,1.0,5.9
2015,8,10,1.0,6.4
1931,10,10,1.0,6.4
1981,2,10,1.0,4.7
1939,11,10,1.0,5.4
2002,3,10,1.0,6.0
1959,11,10,1.0,6.2
2013,11,10,2.0,8.0
1997,9,10,1.0,5.0
1965,11,10,1.0,8.3
1977,4,10,1.0,5.7
2000,2,10,2.0,7.8
1963,10,5,1.0,7.7
1972,8,10,1.0,4.9
1982,7,10,1.0,6.3
1981,10,9,1.0,7.7
1985,8,10,1.0,3.7
1983,7,10,1.0,4.9
2002,10,10,1.0,7.0
2011,10,3,1.0,7.0
1976,9,10,2.0,6.1
1953,3,10,1.0,7.1
1943,8,10,1.0,6.3
1997,8,10,1.0,5.6
1974,3,10,1.0,7.1
1945,1,10,1.0,7.0
1984,8,10,1.0,3.9
1923,6,10,1.0,7.1
2013,3,10,1.0,5.7
2017,6,8,1.0,5.6
1936,2,10,1.0,5.8
1951,6,10,1.0,6.5
1981,5,10,1.0,4.5
1985,8,10,1.0,6.6
1929,5,10,1.0,6.3
1950,12,10,1.0,5.7
1941,5,10,1.0,5.7
1948,9,10,1.0,6.5
2010,5,10,2.0,6.9
1983,12,10,1.0,6.6
1964,4,10,1.0,5.1
2012,7,10,1.0,4.8
1934,1,10,1.0,6.0
2021,8,10,1.0,5.7
1938,11,10,1.0,6.2
1967,5,10,1.0,4.3
1963,5,10,1.0,6.0
2011,9,10,1.0,7.9
1970,8,10,2.0,7.1
1952,2,10,1.0,6.3
1981,7,10,2.0,7.3
1937,1,10,1.0,6.0
1946,12,10,1.0,6.9
1950,4,10,1.0,6.4
1932,1,10,3.0,3.8
1978,12,10,1.0,5.0
2003,3,10,1.0,6.1
1990,10,10,1.0,5.2
1989,8,10,2.0,4.9
1941,1,1,52.0,4.3
1993,4,10,1.0,6.6
2013,11,10,2.0,7.2
1937,1,10,1.0,6.9
1997,7,10,1.0,6.9
1947,7,10,1.0,6.6
2010,12,10,1.0,8.0
2015,3,10,1.0,6.0
1977,2,10,1.0,5.4
1939,8,10,1.0,5.1
1930,12,10,1.0,6.9
1990,9,10,1.0,4.6
1984,9,10,1.0,5.5
2003,7,10,2.0,6.3
1958,12,10,1.0,4.3
1941,5,10,1.0,6.4
1982,5,10,2.0,7.4
1972,5,10,1.0,7.5
1971,1,10,1.0,4.2
2024,7,10,1.0,7.5
1940,11,10,1.0,6.2
1976,5,10,1.0,4.8
2005,4,10,1.0,6.2
1999,1,10,2.0,6.7
1933,1,10,1.0,6.4
1928,12,10,1.0,6.7
1949,6,10,1.0,7.2
1946,11,10,1.0,7.2
2021,7,9,1.0,5.9
1955,5,10,1.0,5.3
1934,3,10,1.0,6.9
1990,8,10,1.0,4.4
1929,3,10,1.0,7.1
1954,11,10,2.0,6.2
1934,6,10,1.0,7.3
1998,3,10,1.0,6.2
1947,11,10,1.0,7.1
2006,10,10,2.0,7.2
1952,6,10,54.0,5.7
1969,3,10,2.0,7.6
2014,8,10,1.0,7.2
1977,7,10,1.0,6.9
2003,8,10,1.0,6.7
1976,12,10,1.0,4.4
1924,10,1,1.0,6.9
1980,9,10,1.0,5.0
1986,10,10,1.0,5.6
1997,11,10,1.0,8.6
1958,2,10,1.0,7.3
2019,5,10,2.0,6.0
1947,2,10,1.0,6.5
2000,6,10,1.0,4.4
1983,11,10,1.0,6.6
1979,1,10,1.0,7.6
1980,2,10,1.0,6.7
1954,10,10,1.0,6.6
1932,4,10,1.0,7.0
1964,2,10,2.0,7.5
1943,8,10,1.0,6.0
1975,7,10,1.0,4.3
2007,3,10,1.0,7.2
1960,11,10,1.0,7.1
2016,12,10,2.0,7.5
1990,9,10,1.0,6.4
2002,10,10,2.0,6.3
1961,6,10,3.0,7.1
1954,2,10,1.0,7.0
2005,2,10,1.0,6.0
1960,4,10,1.0,7.5
1961,12,10,1.0,6.1
1948,3,10,1.0,6.4
1954,8,10,1.0,7.5
1963,12,10,1.0,4.4
2023,9,10,1.0,6.3
1970,10,10,1.0,4.4
1951,1,10,1.0,6.6
1949,1,10,1.0,7.2
1976,3,10,1.0,6.0
1939,12,10,1.0,5.9
1934,11,10,1.0,5.5
1990,2,10,1.0,6.1
2010,11,10,2.0,5.7
2017,9,10,2.0,8.2
1958,7,10,1.0,8.3
1966,10,10,1.0,6.0
1979,11,10,1.0,4.3
1942,12,10,1.0,6.5
1948,2,10,1.0,7.6
1962,9,10,2.0,6.3
2021,2,10,1.0,6.3
1995,7,10,1.0,6.6
2014,5,10,1.0,7.2
2021,5,10,1.0,6.6
2023,9,8,1.0,5.9
1972,10,10,1.0,6.3
1930,8,10,59.0,6.1
1988,12,10,1.0,4.1
1967,1,10,1.0,7.3
1987,12,10,1.0,2.2
1937,8,10,1.0,5.2
2010,8,10,2.0,6.7
1970,1,7,1.0,1.5
1924,1,10,1.0,6.4
2007,9,10,1.0,6.6
2013,11,10,1.0,4.5
1955,11,10,1.0,6.7
1976,11,10,1.0,4.1
1927,5,9,1.0,7.3
2017,8,10,1.0,6.5
1928,1,10,1.0,7.2
1959,12,10,1.0,5.3
1951,9,10,1.0,7.3
1994,12,10,1.0,5.4
1962,11,10,1.0,7.5
2011,5,10,1.0,6.7
1922,11,10,1.0,6.0
1983,8,10,1.0,3.7
2012,8,10,1.0,6.5
1972,12,10,1.0,6.3
1976,7,10,1.0,6.2
1987,10,10,1.0,4.6
2006,9,10,1.0,6.3
2014,3,10,1.0,6.5
1971,12,10,1.0,5.7
1986,11,10,1.0,6.3
1967,12,10,1.0,6.2
1959,1,10,2.0,6.8
2002,9,10,1.0,6.2
2000,12,10,1.0,3.7
1981,9,8,2.0,6.2
2025,2,6,2.0,9.2
1925,11,8,1.0,6.8
2018,9,10,1.0,6.9
1988,6,10,1.0,5.0
1993,10,10,1.0,5.6
1989,3,10,1.0,5.5
1985,1,10,1.0,6.7
1950,7,10,1.0,6.5
1991,9,10,1.0,2.2
1927,2,6,50.0,7.1
2024,7,2,1.0,9.6
1965,9,10,1.0,7.2
1945,5,10,1.0,6.6
1997,10,10,1.0,6.5
1973,5,10,3.0,7.7
2003,9,9,1.0,6.5
1945,2,10,1.0,5.0
1945,4,10,1.0,5.4
1964,5,10,1.0,5.4
1942,12,10,1.0,6.4
1998,12,10,1.0,4.8
1946,11,10,1.0,7.1
1971,8,10,1.0,4.6
1993,1,10,1.0,4.1
1993,7,10,2.0,5.4
1964,11,10,1.0,6.0
1954,8,10,1.0,7.0
1950,12,10,1.0,6.0
1966,4,10,1.0,3.4
1952,4,10,1.0,6.7
1950,11,10,1.0,6.1
1931,4,10,1.0,5.1
2014,1,6,1.0,7.3
2010,1,10,1.0,5.5
1936,7,10,1.0,4.6
1940,5,10,1.0,7.0
1930,9,10,1.0,5.4
1933,1,10,1.0,5.7
1969,5,10,1.0,6.4
1955,6,10,1.0,6.3
2011,12,10,1.0,7.0
2015,2,10,1.0,6.3
1935,10,10,1.0,6.0
1929,8,10,1.0,5.4
1989,11,10,1.0,6.1
1949,2,10,1.0,7.2
1988,9,10,1.0,5.2
1955,11,10,1.0,6.7
2019,8,10,1.0,6.4
1986,8,10,1.0,6.6
1986,2,10,1.0,6.1
2019,11,4,1.0,6.8
1921,11,10,1.0,6.3
1964,12,10,1.0,6.6
1961,5,10,1.0,5.0
1975,8,10,1.0,4.6
2020,11,10,1.0,4.9
1983,1,10,1.0,7.9
1970,2,10,1.0,7.6
1981,9,10,1.0,5.8
1952,5,10,1.0,6.6
1952,9,10,1.0,5.8
1941,4,10,1.0,7.0
1972,7,10,1.0,4.5
1963,4,10,1.0,6.2
1940,7,10,1.0,7.8
1996,6,10,1.0,5.6
1961,9,10,1.0,6.5
1928,3,10,1.0,6.3
1980,2,10,1.0,4.8
1987,7,10,1.0,7.2
1929,9,6,1.0,7.7
2005,12,6,1.0,7.0
1944,6,10,2.0,6.6
1939,10,10,1.0,8.0
1970,9,10,1.0,4.0
1950,5,10,1.0,6.9
1996,2,10,1.0,5.7
1979,3,10,1.0,7.0
2017,2,10,1.0,4.6
1982,5,10,1.0,6.0
1977,9,10,3.0,8.0
2011,6,10,1.0,6.1
1970,1,10,1.0,7.8
1956,12,10,1.0,5.4
1956,10,10,1.0,8.2
1958,11,10,1.0,7.0
1966,7,10,1.0,6.0
1991,7,10,1.0,7.1
1983,12,10,1.0,5.3
1957,4,10,1.0,7.9
2020,2,10,1.0,6.1
2011,9,10,1.0,6.5
1990,4,10,1.0,5.0
1976,2,10,2.0,7.1
1934,9,10,51.0,3.7
1989,4,10,1.0,5.9
2010,12,10,2.0,7.2
1944,12,10,1.0,6.8
1928,1,8,1.0,4.8
2006,11,10,2.0,6.7
2019,10,10,1.0,4.4
1931,1,10,1.0,4.9
1987,9,10,1.0,6.0
1972,8,10,1.0,5.5
1934,10,10,1.0,7.4
2008,7,10,1.0,6.0
1967,6,9,1.0,7.6
2013,6,10,1.0,7.0
1932,4,10,1.0,5.5
1974,7,10,1.0,6.9
1970,4,10,1.0,6.8
2025,1,10,1.0,5.6
2007,4,10,1.0,6.0
2023,9,10,1.0,6.1
1945,3,10,1.0,4.7
1933,10,10,1.0,6.8
1946,7,10,1.0,6.4
1952,5,10,1.0,5.9
1999,5,10,2.0,7.1
2023,10,2,1.0,7.1
2019,6,10,1.0,7.8
2017,2,10,1.0,4.2
1987,2,6,1.0,5.4
1968,8,10,1.0,6.9
2010,1,10,1.0,6.4
1999,9,10,1.0,5.2
1957,7,10,1.0,8.0
1939,4,10,1.0,6.7
2000,3,10,1.0,6.2
1977,3,10,1.0,5.7
1924,9,5,1.0,7.6
1932,1,1,1.0,7.8
2024,3,10,2.0,7.0
2001,12,10,1.0,6.8
1988,3,10,2.0,7.0
1978,9,10,2.0,7.3
1958,7,10,1.0,4.9
1988,1,10,2.0,4.0
1981,2,10,1.0,5.2
2024,4,10,1.0,5.0
1995,1,10,1.0,4.0
2013,2,10,1.0,7.7
2017,7,10,2.0,7.1
1927,1,9,50.0,7.9
1997,1,10,1.0,7.7
1958,1,10,2.0,7.8
1982,11,10,2.0,7.0
2025,3,10,1.0,7.0
1968,9,10,1.0,6.6
1984,6,10,1.0,6.3
1945,10,10,1.0,7.0
2010,3,10,2.0,7.2
1960,5,10,1.0,7.3
1994,4,10,1.0,6.3
1989,12,10,3.0,7.6
2025,3,10,1.0,8.9
2021,7,10,1.0,6.8
2023,1,10,2.0,7.5
1946,11,10,1.0,6.6
1955,11,10,1.0,6.6
2013,11,4,2.0,7.2
1975,8,10,1.0,5.8
1928,5,7,1.0,5.8
2007,4,10,1.0,6.5
1939,1,10,1.0,6.5
1950,9,10,1.0,5.6
2021,6,10,1.0,6.2
1948,11,10,1.0,7.0
2022,5,10,1.0,6.4
2001,9,10,1.0,6.8
2018,12,10,1.0,8.4
1936,7,10,1.0,7.0
1965,11,10,2.0,6.6
1956,10,10,1.0,5.1
1983,4,10,1.0,7.3
1977,5,10,1.0,5.5
2002,3,7,1.0,5.0
1989,3,10,1.0,6.1
1997,3,10,1.0,5.2
1936,8,10,1.0,5.7
1982,3,10,1.0,6.9
1930,10,10,1.0,5.8
1961,10,10,1.0,7.4
1948,4,10,1.0,6.2
1996,10,10,1.0,5.4
2009,1,10,1.0,5.8
2002,8,10,1.0,6.3
1996,8,10,1.0,5.4
1981,8,5,1.0,5.3
1993,7,10,1.0,7.3
2003,11,10,1.0,7.9
1990,8,10,1.0,6.8
1965,11,10,1.0,6.3
1931,5,10,1.0,7.3
1995,1,10,1.0,3.8
1989,3,10,1.0,4.7
1964,8,9,1.0,7.4
2008,1,10,1.0,4.0
1990,12,10,1.0,6.6
1963,1,10,2.0,6.5
1931,12,10,1.0,5.5
1958,10,10,1.0,6.2
1977,2,10,1.0,7.1
1930,6,10,1.0,5.4
2014,2,10,1.0,6.1
1931,8,10,1.0,6.0
1986,2,10,1.0,5.6
1993,7,10,1.0,6.6
1929,4,10,1.0,5.8
2012,11,10,1.0,8.3
1992,4,10,1.0,5.9
1967,11,10,1.0,6.4
1971,11,10,1.0,5.6
1923,9,10,1.0,5.0
1936,5,10,1.0,6.4
1973,5,9,1.0,5.5
1934,2,10,1.0,6.6
2004,10,10,1.0,3.8
1947,10,10,1.0,6.1
1991,11,10,1.0,4.1
1935,10,10,1.0,6.0
1961,7,10,1.0,6.9
1953,10,10,1.0,6.9
2021,7,10,1.0,6.5
1952,3,10,2.0,7.1
1953,7,10,1.0,6.3
2008,10,10,1.0,7.2
1963,10,10,2.0,6.7
1942,6,10,1.0,6.7
1995,8,10,1.0,6.2
2007,5,10,1.0,6.0
1976,11,10,1.0,4.4
1967,10,10,1.0,6.4
1980,11,10,1.0,4.6
1973,10,10,1.0,6.6
1945,12,10,1.0,5.7
1987,1,10,1.0,5.1
1959,6,10,1.0,5.4
1940,11,10,1.0,6.3
2023,9,10,1.0,6.2
2006,12,10,1.0,4.8
1970,1,10,1.0,5.4
1930,10,10,1.0,5.6
2016,3,10,1.0,6.1
1979,10,10,1.0,4.8
1977,2,10,1.0,7.1
2002,11,10,1.0,7.2
2004,2,10,1.0,7.1
1964,4,10,1.0,5.6
2017,4,10,2.0,7.0
2025,1,10,1.0,5.9
1974,11,10,1.0,4.6
1962,6,10,1.0,5.0
1931,8,6,1.0,5.5
1943,4,10,1.0,5.5
1945,6,10,1.0,5.9
2011,7,10,2.0,8.1
1965,9,10,1.0,7.5
1920,4,10,1.0,6.5
1933,10,10,1.0,6.3
1936,5,10,56.0,5.6
1963,4,10,2.0,7.1
2007,12,10,1.0,7.1
1995,1,10,1.0,4.7
2020,3,10,1.0,6.2
1957,9,10,1.0,6.6
1990,6,10,1.0,4.4
1981,6,10,1.0,4.5
1967,6,10,1.0,7.1
1937,10,10,59.0,5.4
1996,9,10,1.0,6.4
2000,5,10,1.0,3.4
1947,8,10,56.0,6.6
1997,1,10,2.0,6.4
1971,9,10,1.0,4.4
1939,8,10,1.0,6.2
1965,6,10,1.0,6.1
2011,5,10,1.0,6.6
2011,5,10,1.0,7.4
1969,11,10,1.0,6.6
1942,11,10,2.0,6.5
1950,8,10,1.0,7.2
1996,4,10,2.0,7.7
1986,9,10,1.0,7.2
1963,7,10,2.0,6.6
2007,7,10,1.0,3.9
1979,4,10,2.0,6.7
1987,12,10,1.0,5.3
1940,12,10,1.0,5.5
1945,12,10,1.0,6.2
1968,1,8,1.0,5.0
1986,11,10,1.0,6.5
1953,5,10,1.0,5.1
2024,8,10,1.0,7.6
1932,2,10,1.0,5.1
2013,5,10,1.0,6.8
1975,6,10,1.0,6.3
1997,11,10,1.0,4.4
2006,1,10,1.0,6.5
1978,1,10,1.0,5.2
1995,9,10,1.0,4.2
1958,10,10,1.0,6.7
1932,9,10,1.0,6.2
1979,2,10,1.0,6.0
1954,10,10,1.0,6.2
1966,1,10,1.0,7.4
2024,8,10,1.0,5.2
1936,3,10,1.0,6.3
2004,6,10,1.0,6.3
1931,2,10,1.0,7.2
1924,10,10,53.0,7.1
1941,4,10,1.0,6.7
1978,2,10,1.0,4.7
1994,5,10,1.0,5.4
2022,12,2,1.0,7.5
1983,8,10,1.0,2.2
1947,3,10,1.0,5.6
1969,10,10,1.0,7.6
2018,9,10,2.0,6.8
2002,1,10,1.0,6.2
1935,3,10,1.0,7.0
1961,8,10,1.0,6.1
1958,7,10,1.0,4.0
1925,1,10,1.0,6.6
1939,1,10,1.0,6.2
1944,7,10,1.0,5.8
2008,1,10,1.0,6.4
1959,12,10,1.0,3.5
2006,9,10,1.0,3.8
1967,3,10,1.0,5.1
1985,5,10,1.0,8.0
2000,2,10,1.0,4.1
1984,3,10,2.0,6.4
1986,10,10,1.0,6.3
1970,1,10,1.0,6.4
1997,3,10,1.0,6.4
2024,12,10,2.0,5.4
1992,7,10,1.0,5.4
2010,11,10,1.0,7.3
2018,3,9,1.0,7.4
1960,8,10,1.0,3.9
1988,3,10,1.0,6.5
1962,10,7,1.0,7.0
2013,4,10,1.0,6.3
1926,10,8,1.0,6.2
1943,1,10,1.0,8.8
2011,11,10,1.0,7.1
1988,3,10,1.0,4.8
1965,10,10,1.0,4.7
1938,4,10,1.0,5.4
1985,11,10,1.0,6.4
1943,12,10,1.0,6.2
1920,9,8,1.0,3.0
1958,6,10,1.0,5.9
2010,4,10,1.0,7.3
2012,4,10,1.0,6.4
2005,12,10,1.0,6.5
1931,4,8,1.0,5.4
1972,9,10,1.0,4.9
1950,2,10,1.0,5.8
1955,12,10,1.0,5.6
1976,2,10,1.0,6.2
1988,9,10,1.0,5.7
2017,1,10,1.0,6.6
1990,12,10,2.0,7.5
2007,6,10,1.0,6.4
1974,9,10,1.0,8.0
1962,3,10,2.0,6.0
1977,5,10,1.0,6.7
1973,3,10,1.0,7.0
2019,11,9,1.0,7.1
1958,1,10,2.0,7.3
1996,6,10,2.0,8.2
2018,11,10,1.0,6.1
1938,10,10,1.0,6.0
1976,1,10,1.0,5.6
1993,3,10,2.0,7.6
2022,11,10,1.0,5.3
1986,3,10,2.0,7.2
1968,10,10,1.0,6.2
1969,8,10,1.0,5.1
1974,3,10,1.0,6.3
2014,11,10,1.0,7.0
1995,4,10,1.0,7.6
1932,2,10,1.0,6.6
1940,2,10,1.0,6.6
2007,8,10,1.0,7.6
2016,9,10,1.0,6.8
1965,4,10,1.0,5.2
1941,3,10,1.0,6.8
1960,9,10,1.0,6.6
1993,8,10,1.0,5.1
1944,10,10,1.0,6.0
1992,4,10,2.0,7.1
1959,7,10,1.0,7.0
1992,8,10,1.0,5.3
1974,9,10,1.0,6.3
1993,5,10,1.0,7.5
1932,10,10,1.0,6.6
1998,2,10,1.0,6.5
1969,5,10,1.0,5.8
2005,2,10,2.0,8.1
1973,5,10,1.0,5.0
1991,7,10,1.0,5.1
2007,8,10,1.0,3.0
1951,11,10,1.0,6.1
1973,9,10,1.0,5.2
2007,5,10,1.0,7.5
2012,8,10,1.0,2.9
1953,11,10,1.0,5.9
1999,8,10,1.0,4.2
1992,12,10,1.0,4.8
1953,9,10,1.0,5.5
1994,11,10,1.0,5.8
1932,3,10,59.0,6.0
1965,1,10,1.0,6.1
1972,1,10,1.0,6.7
1942,10,10,1.0,6.7
1930,8,10,1.0,6.9
1934,4,10,1.0,5.6
1926,3,10,1.0,5.6
1961,5,10,1.0,5.8
1944,5,10,1.0,6.8
1950,5,10,1.0,6.5
1999,2,10,1.0,6.4
1982,11,10,1.0,5.9
2007,1,10,2.0,7.6
1978,2,10,1.0,6.8
1980,4,10,1.0,5.0
1980,5,10,1.0,6.9
1940,8,10,2.0,7.6
2021,7,10,1.0,5.5
1978,9,10,1.0,4.5
1950,5,10,59.0,5.2
1923,1,3,1.0,6.2
1965,10,10,2.0,7.5
1977,2,10,1.0,4.5
2000,10,10,1.0,7.3
1992,5,10,1.0,4.8
1942,6,10,1.0,5.6
2000,4,10,1.0,4.4
1928,10,10,1.0,7.3
1988,9,10,1.0,4.6
1978,1,10,1.0,6.6
1941,2,10,1.0,5.1
2010,12,10,2.0,7.3
1933,7,10,1.0,6.2
1922,12,10,1.0,6.1
1982,10,10,1.0,5.8
1951,10,10,1.0,6.9
2015,9,10,2.0,7.1
1955,7,10,2.0,6.7
1930,8,10,1.0,6.7
1999,1,8,1.0,4.0
1976,12,5,1.0,6.6
2012,8,10,1.0,7.2
1978,11,10,1.0,5.0
1995,12,10,2.0,5.4
1929,4,10,1.0,6.1
1948,10,10,1.0,6.8
1940,2,10,1.0,6.4
1943,11,10,1.0,4.6
1981,8,10,1.0,5.8
1937,12,10,59.0,6.3
1981,12,10,1.0,6.3
1945,6,10,55.0,5.9
1976,2,10,1.0,7.0
2017,9,10,1.0,7.3
1930,9,10,1.0,7.0
1979,3,10,2.0,5.7
2005,1,10,2.0,7.3
2014,8,10,1.0,6.9
1962,3,10,1.0,5.3
2020,6,10,1.0,6.1
1920,11,10,1.0,5.5
1935,5,10,1.0,5.9
2019,7,10,1.0,8.5
2007,11,10,1.0,6.2
1999,2,10,1.0,5.2
2002,4,10,2.0,6.3
2019,11,10,1.0,5.5
1945,7,10,1.0,6.0
1964,8,10,1.0,7.6
1949,3,10,1.0,5.9
2013,8,10,1.0,5.4
1999,4,10,1.0,6.8
2022,5,10,2.0,7.3
2010,9,10,1.0,6.6
2015,9,10,1.0,7.2
1998,1,10,1.0,5.3
2012,3,10,1.0,6.1
2015,7,10,2.0,7.4
1998,7,10,1.0,4.3
1987,9,2,1.0,6.1
1979,12,10,1.0,6.5
1958,6,10,1.0,5.6
1985,9,10,1.0,3.8
1979,3,10,1.0,6.0
1942,3,10,1.0,4.5
1974,8,10,1.0,5.6
2004,2,10,2.0,8.6
1949,2,10,1.0,5.9
1982,11,10,1.0,6.7
1950,10,10,1.0,7.1
1930,3,10,1.0,6.4
1937,5,10,56.0,5.8
1939,9,10,1.0,6.3
2012,5,10,2.0,6.5
1995,12,10,1.0,3.4
2017,4,10,1.0,6.4
1985,9,10,1.0,4.5
1998,2,10,1.0,4.7
1946,11,10,1.0,6.3
1997,1,10,1.0,5.9
1951,4,10,1.0,7.1
2002,2,10,1.0,5.3
1994,11,10,1.0,6.6
1961,3,10,2.0,7.1
1991,11,10,3.0,7.2
1933,12,10,1.0,6.8
1973,11,10,1.0,6.5
2009,3,10,1.0,7.0
1955,5,10,1.0,7.5
1941,7,10,1.0,5.8
2012,10,10,1.0,7.5
1930,3,7,1.0,5.7
1995,11,10,1.0,6.0
2008,9,10,1.0,6.0
2000,10,10,1.0,5.2
2000,8,10,1.0,6.6
1982,6,10,1.0,7.0
1954,11,8,1.0,6.4
2011,5,10,1.0,5.5
1967,10,10,1.0,5.9
1970,9,10,1.0,4.0
1943,8,10,2.0,5.8
1939,9,10,1.0,6.0
1947,8,7,1.0,5.5
2014,6,10,1.0,6.1
2023,7,10,1.0,7.1
1944,10,10,1.0,6.1
1976,2,10,1.0,5.6
2018,4,10,1.0,5.6
2005,4,10,1.0,6.6
1940,8,10,1.0,5.8
1962,11,10,1.0,7.1
1939,1,10,1.0,5.8
1996,6,10,2.0,4.4
1983,1,10,1.0,5.9
1936,1,10,1.0,5.0
2013,1,10,1.0,6.7
1940,1,10,1.0,5.6
2019,4,5,1.0,8.3
2012,8,10,1.0,7.4
1980,12,10,2.0,6.2
1999,3,10,2.0,7.1
1992,2,10,1.0,5.6
1998,1,10,1.0,5.1
2017,2,10,2.0,6.4
1996,3,10,1.0,6.1
2023,8,10,2.0,6.7
1939,3,10,1.0,6.7
1984,5,10,1.0,6.2
1929,9,10,2.0,6.0
1957,7,10,1.0,6.1
1975,11,10,1.0,4.4
1923,7,10,1.0,5.8
1983,1,10,1.0,6.9
1958,4,10,1.0,6.4
2008,9,10,1.0,7.6
1969,5,10,1.0,5.1
1970,8,10,1.0,3.8
1994,2,10,2.0,7.4
1950,5,10,1.0,6.7
1954,11,10,1.0,7.5
1978,12,10,1.0,6.4
2009,10,10,1.0,5.3
1949,4,4,55.0,6.7
1937,8,10,1.0,4.7
1960,1,10,1.0,5.7
1969,12,10,1.0,8.0
2003,5,10,1.0,5.6
2000,12,10,1.0,7.1
1940,5,10,1.0,5.9
1969,9,8,1.0,3.9
1936,3,10,1.0,6.7
1978,9,10,1.0,5.9
1971,4,10,1.0,6.4
1993,5,10,1.0,6.9
1939,2,10,1.0,6.2
1980,9,10,2.0,7.7
1984,1,10,1.0,6.2
2008,4,10,1.0,6.0
1949,2,10,1.0,6.6
1927,10,10,1.0,8.2
1940,6,10,1.0,6.4
1941,9,10,1.0,5.5
2010,6,10,1.0,4.7
1960,4,6,1.0,6.7
1957,11,7,2.0,7.2
1965,12,10,1.0,6.0
1985,1,10,1.0,6.9
1971,7,10,2.0,6.5
2013,1,10,1.0,6.2
1973,7,10,1.0,4.0
1989,3,10,1.0,7.1
1978,12,10,1.0,7.0
2009,4,10,1.0,5.0
1944,12,10,1.0,6.1
1998,9,9,1.0,7.4
2021,2,10,1.0,5.7
1958,2,10,1.0,6.6
2017,11,8,1.0,6.7
1966,6,10,1.0,6.9
1945,12,10,1.0,5.5
1994,11,10,2.0,7.5
1945,12,10,56.0,6.6
1996,9,10,1.0,6.1
2002,6,10,1.0,7.8
2012,8,10,1.0,6.1
2023,2,10,1.0,7.5
2015,9,10,1.0,6.1
2021,1,10,2.0,6.3
1999,7,10,1.0,7.9
1979,8,10,2.0,7.1
1991,1,10,1.0,4.9
2006,2,10,1.0,6.8
2024,11,10,1.0,6.0
1991,12,10,1.0,4.4
1995,9,10,1.0,7.6
1977,4,10,1.0,6.3
1994,6,10,1.0,3.9
1956,12,10,1.0,7.2
1924,11,8,1.0,6.6
2023,4,10,2.0,6.3
1980,1,10,1.0,5.5
2002,1,10,2.0,6.9
1977,9,10,1.0,2.5
1929,2,8,1.0,8.0
1956,2,10,1.0,6.3
2025,1,10,1.0,7.5
1942,9,10,1.0,7.4
2022,8,8,1.0,6.2
2013,9,10,1.0,6.6
1959,11,10,1.0,5.6
1994,3,10,1.0,4.6
1932,11,10,1.0,5.7
1992,12,10,1.0,7.0
1982,9,10,1.0,6.1
1943,9,10,1.0,6.1
2018,1,10,2.0,6.3
2017,2,10,1.0,6.4
2022,11,10,1.0,5.7
1991,4,10,1.0,5.7
1978,6,10,1.0,3.8
1949,9,10,2.0,7.3
2014,4,10,1.0,6.2
2002,4,10,2.0,8.0
1953,11,10,1.0,6.2
2019,3,10,1.0,5.5
1943,5,10,1.0,7.6
1956,4,10,1.0,5.0
2016,9,1,1.0,6.9
1985,2,10,1.0,6.1
1967,8,10,1.0,7.0
1973,4,10,1.0,7.4
1958,4,10,2.0,6.3
2024,12,10,1.0,7.0
1965,10,10,1.0,4.8
1964,12,10,1.0,7.8
1933,1,10,1.0,6.0
1992,11,10,1.0,5.7
1938,11,10,59.0,5.6
1920,10,9,1.0,5.7
2020,6,10,1.0,7.3
2006,12,10,1.0,6.5
1928,9,8,56.0,5.8
1948,10,10,1.0,6.6
1965,10,10,1.0,7.0
1957,9,9,1.0,3.6
1958,1,10,1.0,7.4
2025,2,10,1.0,6.1
1977,6,10,1.0,6.3
1977,10,10,2.0,7.5
1969,1,10,1.0,3.9
1961,1,10,1.0,5.4
1996,11,10,1.0,7.6
1939,4,10,1.0,6.6
1935,8,10,1.0,6.4
1982,11,10,1.0,6.3
1991,2,10,2.0,4.5
2001,9,10,1.0,5.8
1962,5,10,2.0,7.1
1933,8,10,1.0,6.4
2000,9,10,1.0,5.3
1981,5,10,1.0,6.1
2023,1,10,2.0,6.6
1981,4,10,1.0,7.0
1923,9,10,1.0,6.5
1984,11,10,2.0,4.4
1979,5,10,1.0,7.3
1989,5,10,1.0,4.5
2002,4,10,3.0,3.1
1971,1,10,1.0,3.7
1990,9,10,1.0,6.6
1997,9,10,1.0,5.9
2023,7,10,1.0,5.9
1954,1,10,1.0,5.8
1984,5,10,1.0,5.5
1924,4,10,1.0,6.2
1989,6,10,1.0,5.5
1997,1,10,1.0,5.8
1955,3,10,1.0,6.0
2017,8,10,1.0,7.2
2013,2,10,1.0,3.2
2016,4,10,1.0,7.1
1976,9,10,1.0,4.6
1999,10,10,1.0,7.3
1931,8,10,1.0,6.2
2003,3,10,1.0,7.0
2016,8,10,2.0,7.7
1922,12,10,50.0,6.0
1956,4,10,1.0,7.4
1955,10,10,1.0,6.1
1946,2,10,56.0,6.2
1987,4,10,1.0,5.3
2015,7,10,1.0,6.2
1967,11,10,1.0,7.4
2000,5,10,1.0,3.5
2008,9,10,1.0,7.2
2017,10,3,1.0,7.2
1957,8,10,1.0,6.6
2011,2,10,1.0,5.9
1927,3,10,1.0,5.9
1946,1,10,1.0,7.0
1955,8,10,1.0,7.4
1946,3,10,51.0,6.0
2002,7,10,1.0,5.4
1995,7,10,1.0,6.1
1962,9,10,2.0,6.7
1937,7,10,1.0,6.0
2008,6,10,1.0,5.0
1940,1,10,1.0,5.0
1952,4,10,1.0,6.6
2006,10,10,2.0,6.1
2016,2,3,1.0,6.6
1924,11,10,1.0,5.1
1954,1,10,1.0,6.3
2022,6,10,2.0,2.8
2012,12,10,1.0,7.1
1979,4,10,1.0,7.3
1970,4,10,1.0,6.2
1943,2,10,1.0,6.5
1995,4,10,1.0,4.2
1989,1,10,1.0,6.6
2003,1,10,1.0,6.5
1983,2,10,1.0,6.3
1965,6,10,1.0,7.2
2019,3,10,1.0,5.2
1998,12,10,1.0,7.3
1944,1,10,1.0,6.4
1925,11,9,1.0,7.2
1924,12,10,2.0,5.5
1998,11,10,1.0,8.1
1951,3,10,1.0,5.9
1946,9,10,1.0,6.8
1967,9,10,1.0,5.9
2023,5,10,1.0,4.4
2008,8,10,1.0,6.2
1951,12,10,1.0,6.7
2025,3,10,2.0,5.8
1930,9,10,1.0,7.1
1977,10,10,1.0,6.6
2017,9,10,1.0,6.9
1969,9,10,1.0,5.4
1950,12,10,1.0,6.1
1971,1,10,1.0,7.4
1955,9,10,1.0,6.9
1964,6,10,1.0,7.1
1966,3,2,1.0,8.0
1989,3,10,1.0,6.1
2004,9,10,1.0,7.1
1991,12,10,1.0,4.0
1931,8,10,1.0,5.0
1955,9,10,1.0,7.5
1929,11,5,1.0,6.7
1936,11,10,1.0,6.9
2022,10,10,2.0,6.8
1959,5,10,1.0,6.2
1927,5,10,1.0,6.3
2019,3,10,2.0,6.4
2002,9,9,1.0,6.5
1981,2,10,1.0,5.9
1971,8,10,1.0,7.8
1944,9,10,1.0,5.3
2019,11,10,2.0,7.9
2014,9,10,1.0,5.3
1930,10,10,1.0,6.8
2010,7,10,1.0,6.0
2024,10,8,1.0,6.6
1982,3,10,1.0,6.2
1954,10,10,1.0,6.5
1942,2,10,1.0,6.9
2023,10,10,1.0,6.6
2015,9,10,1.0,6.8
1974,5,10,1.0,5.6
2002,12,10,1.0,6.6
1967,6,10,1.0,6.6
1928,2,10,58.0,6.8
1997,12,10,1.0,7.2
1951,8,10,1.0,7.1
1957,7,10,1.0,4.9
1958,1,10,1.0,6.3
1996,6,10,1.0,5.7
1964,12,10,2.0,7.6
1935,10,10,1.0,5.9
1960,7,10,1.0,6.2
1964,10,10,1.0,6.3
2001,5,10,1.0,6.3
1928,2,10,1.0,6.7
1997,1,10,1.0,6.6
1963,10,10,1.0,4.9
2020,11,10,1.0,6.6
1983,9,10,1.0,6.9
2022,4,5,1.0,5.5
1940,11,10,1.0,7.5
2012,12,10,1.0,6.3
1983,7,10,1.0,6.6
1973,9,10,1.0,5.1
1935,9,10,1.0,6.0
1950,5,10,1.0,6.6
1949,1,10,1.0,5.5
1994,8,10,1.0,5.1
1966,6,10,1.0,5.8
2002,4,8,1.0,4.8
1979,11,10,2.0,8.4
1948,9,10,1.0,6.3
1992,2,10,1.0,4.6
1951,2,10,1.0,5.5
1969,12,10,1.0,6.0
1951,10,10,1.0,6.0
1936,3,10,1.0,6.2
1988,2,10,1.0,5.7
1982,9,10,1.0,4.4
1933,5,10,1.0,6.1
2000,9,10,1.0,6.3
1966,5,10,1.0,5.9
2008,2,10,1.0,5.8
1962,8,10,1.0,6.1
2025,2,9,2.0,6.8
1998,7,10,1.0,5.6
1968,2,10,1.0,7.0
1948,12,10,1.0,7.8
1942,2,10,1.0,6.3
1986,6,10,1.0,5.9
1957,7,10,1.0,6.3
1946,3,10,1.0,6.7
1983,4,10,1.0,6.7
2004,9,10,1.0,5.1
1963,9,10,1.0,5.7
2018,10,10,1.0,5.7
2010,6,10,1.0,6.5
2023,3,10,1.0,5.4
1980,12,10,1.0,7.4
2007,9,10,2.0,7.6
1947,5,10,1.0,6.6
1988,5,10,1.0,6.2
1975,3,10,1.0,6.5
1979,11,10,1.0,4.7
1986,3,10,1.0,6.9
2017,9,10,1.0,6.2
1951,4,10,1.0,7.3
1981,12,10,1.0,5.9
1958,1,10,1.0,5.8
1958,5,10,1.0,6.2
1995,5,10,1.0,6.2
1932,1,10,1.0,7.9
2024,4,6,1.0,8.1
1967,2,10,1.0,7.4
1942,3,10,1.0,5.4
2018,9,10,1.0,7.4
2011,11,10,2.0,7.8
1986,9,10,1.0,5.5
2018,4,10,1.0,6.0
1954,6,10,1.0,5.5
2016,7,10,1.0,6.7
1969,9,10,1.0,6.7
1929,12,10,1.0,5.9
2019,10,2,1.0,7.6
1966,12,10,1.0,6.1
2009,3,10,1.0,6.5
1965,11,10,1.0,5.9
2013,9,10,1.0,6.8
1921,4,9,1.0,5.3
2007,1,10,2.0,7.6
2022,12,10,1.0,7.0
1983,3,10,1.0,5.1
1987,3,10,1.0,4.9
2006,7,10,1.0,4.7
1973,12,10,1.0,6.9
1973,2,10,1.0,6.2
2024,12,10,1.0,6.3
1932,10,10,1.0,5.7
1943,7,10,2.0,6.8
2022,8,10,1.0,6.2
2006,4,10,1.0,5.7
1975,5,10,1.0,6.4
2006,1,10,1.0,6.5
1993,1,10,1.0,2.7
1975,3,10,1.0,6.7
1974,5,10,1.0,6.3
1978,11,10,1.0,5.6
2011,11,10,1.0,7.1
2009,10,10,1.0,7.9
1941,9,10,2.0,6.8
1977,6,4,1.0,5.1
1953,4,10,1.0,6.3
1999,7,10,1.0,5.6
1964,5,10,1.0,7.6
1999,1,5,1.0,5.5
1968,10,10,1.0,5.9
1983,10,10,1.0,7.2
1929,1,10,1.0,7.6
1993,9,10,2.0,7.6
1932,8,10,1.0,6.0
1965,6,10,1.0,6.2
2007,9,3,1.0,7.7
1944,7,10,58.0,6.3
1952,4,10,1.0,7.1
1984,2,10,1.0,4.9
1942,9,10,1.0,6.9
1985,3,10,1.0,5.6
2013,1,10,1.0,7.2
1999,6,10,1.0,6.7
1979,4,10,1.0,4.6
1996,5,10,1.0,4.1
1975,10,10,1.0,3.8
1960,6,10,1.0,8.1
1929,11,10,1.0,6.3
1988,9,10,1.0,5.4
1968,9,5,1.0,6.6
2005,3,10,1.0,7.2
1946,5,10,1.0,6.4
1942,5,10,1.0,6.3
1936,4,10,58.0,5.6
1933,11,10,53.0,4.2
1961,9,10,1.0,5.3
2023,5,10,1.0,6.1
1964,10,10,1.0,8.0
1992,2,10,1.0,5.3
1935,11,10,1.0,6.2
1929,12,8,1.0,5.5
1930,12,10,1.0,4.8
2006,12,10,1.0,7.3
1954,9,10,1.0,7.3
1930,8,10,1.0,5.7
1954,1,10,1.0,6.3
1941,10,10,58.0,6.3
1955,5,10,1.0,5.8
1968,9,10,1.0,7.5
1987,4,10,1.0,3.4
1925,3,10,1.0,5.8
1952,1,10,1.0,6.0
1964,9,10,1.0,5.5
1928,1,10,50.0,4.8
1948,4,10,1.0,6.4
2013,4,10,1.0,6.3
1948,4,10,1.0,5.9
1975,3,10,1.0,4.9
1928,7,6,1.0,5.2
1958,3,10,1.0,2.8
2007,6,10,1.0,7.7
1975,6,10,1.0,5.9
1986,1,2,1.0,6.9
1938,5,10,57.0,5.0
1978,1,10,1.0,4.1
1992,11,10,1.0,5.3
2002,11,10,2.0,7.3
1990,4,10,1.0,6.0
1964,2,10,1.0,5.4
1955,5,10,1.0,5.2
2005,12,10,2.0,6.5
2025,1,10,1.0,7.2
1951,12,10,1.0,5.5
1985,11,10,1.0,6.0
2001,4,10,1.0,5.7
1963,12,10,1.0,5.9
2003,9,6,1.0,3.9
1975,12,10,1.0,4.7
1945,4,10,1.0,6.6
1943,12,10,1.0,6.5
1971,9,1,1.0,2.4
1957,8,10,1.0,6.9
1967,10,10,1.0,3.7
1987,6,10,1.0,4.2
1984,1,10,1.0,6.9
1982,10,10,1.0,7.2
1983,10,10,2.0,6.1
2021,11,10,1.0,7.4
1932,6,10,59.0,7.4
1973,11,10,1.0,5.8
1951,1,10,1.0,7.1
1994,10,10,1.0,4.4
1949,8,10,1.0,6.6
1993,9,10,1.0,5.1
2010,2,10,1.0,4.2
2006,8,10,1.0,7.0
1958,9,10,1.0,6.3
1950,6,10,1.0,5.9
1931,4,10,1.0,5.5
1955,11,10,1.0,5.5
2020,10,10,1.0,4.9
2021,12,5,1.0,6.4
2008,4,10,1.0,5.8
1934,9,10,1.0,6.4
1980,8,10,1.0,7.1
2015,8,10,2.0,7.0
1987,1,10,1.0,4.9
1995,8,8,1.0,6.2
2010,4,10,2.0,4.7
1990,12,10,2.0,5.6
1991,10,10,1.0,5.7
1978,12,10,1.0,3.2
1982,8,10,3.0,7.1
1956,10,10,1.0,5.5
1929,6,9,1.0,4.9
1961,10,10,1.0,5.5
1976,5,10,1.0,4.5
1963,9,10,2.0,7.3
1946,4,10,1.0,6.6
1962,4,10,2.0,6.8
1936,2,10,1.0,5.6
2023,12,10,2.0,6.4
1980,5,10,1.0,6.3
1931,12,10,1.0,6.9
1995,8,10,1.0,6.9
2015,7,10,1.0,6.7
1948,8,10,1.0,5.8
1989,11,10,1.0,5.5
1944,3,10,1.0,6.2
1978,5,10,1.0,7.2
2005,10,10,1.0,6.7
1961,8,10,1.0,6.5
2014,6,10,2.0,6.8
1994,3,10,1.0,5.5
2017,8,10,1.0,6.9
2014,3,10,1.0,8.1
1958,8,10,1.0,6.7
2018,5,10,1.0,6.1
1959,2,10,1.0,6.1
1993,1,10,1.0,5.7
1973,9,10,1.0,4.5
1982,10,10,1.0,6.1
1937,9,10,56.0,6.6
1925,9,10,3.0,6.2
1968,5,10,1.0,4.6
1939,6,10,1.0,6.7
1969,12,10,3.0,8.0
2021,5,10,1.0,7.2
1984,11,10,1.0,7.7
1990,8,10,1.0,5.6
1977,2,10,1.0,5.3
1983,2,10,2.0,7.1
1975,12,10,1.0,7.0
2002,5,10,1.0,7.0
1930,3,10,1.0,5.6
1937,2,9,1.0,4.8
2002,12,10,1.0,6.7
1975,1,10,1.0,7.7
1963,2,10,1.0,7.1
1963,10,10,1.0,5.4
2022,5,10,2.0,7.4
1945,11,10,54.0,7.1
1994,7,10,1.0,6.3
1922,9,10,1.0,7.0
1969,1,10,1.0,5.3
2014,12,10,2.0,7.2
2007,6,10,1.0,6.5
1980,9,10,1.0,4.4
1921,1,8,1.0,6.4
1990,8,10,1.0,7.3
1999,5,10,1.0,6.1
1941,9,10,1.0,5.7
2007,12,10,1.0,4.3
2014,12,10,1.0,6.4
2022,10,10,2.0,7.6
1972,6,10,1.0,7.4
1970,7,7,1.0,6.7
1957,7,10,1.0,5.2
1948,11,10,1.0,5.7
1947,5,10,1.0,7.3
1978,9,6,2.0,7.9
1946,12,10,1.0,7.0
1990,5,10,1.0,6.8
1939,8,10,1.0,5.1
2019,9,8,1.0,6.2
1987,10,10,2.0,7.7
1988,11,10,1.0,7.0
2004,3,10,1.0,7.0
1965,6,10,1.0,3.0
1985,2,10,1.0,5.6
1991,10,10,1.0,7.2
1995,10,10,1.0,6.9
1961,8,10,1.0,7.0
1965,3,9,1.0,4.9
1952,10,10,1.0,5.2
1967,4,10,1.0,6.7
1920,9,7,1.0,7.7
1954,2,5,1.0,5.7
2010,8,10,1.0,8.1
1968,3,10,1.0,5.3
1964,7,10,1.0,8.4
1950,9,10,1.0,6.5
1925,7,10,50.0,7.0
2018,10,10,1.0,5.9
1964,11,10,1.0,6.4
2016,4,10,2.0,6.4
2012,5,10,1.0,7.8
1947,7,10,1.0,7.1
1993,9,10,1.0,5.1
1994,1,10,1.0,5.8
1990,11,6,1.0,6.9
2016,2,10,1.0,6.7
2014,4,10,1.0,5.4
2022,11,7,1.0,7.5
1946,11,10,53.0,5.9
2021,10,10,2.0,7.1
2002,2,10,1.0,5.3
1922,6,10,50.0,6.4
1999,1,10,1.0,5.6
1964,3,10,1.0,7.7
1935,12,10,1.0,6.7
1988,9,10,1.0,4.3
1932,11,10,1.0,5.9
2013,4,10,1.0,6.7
1929,9,8,50.0,2.8
1984,2,1,58.0,7.1
1964,9,10,1.0,6.7
2000,5,10,2.0,7.6
2009,9,10,1.0,6.0
1983,3,10,1.0,4.6
2019,7,10,1.0,7.4
1931,12,10,1.0,6.4
1979,5,10,1.0,5.3
1972,5,10,1.0,5.6
2008,9,10,1.0,6.6
1964,5,10,1.0,6.0
1984,11,10,1.0,4.3
1963,4,10,1.0,7.1
1931,3,10,1.0,8.3
1999,10,10,1.0,6.4
1976,7,9,1.0,5.1
1939,9,10,5.0,6.4
1986,7,10,1.0,7.2
1966,3,10,1.0,5.8
1952,8,10,1.0,5.8
2016,7,10,1.0,7.8
1966,9,10,1.0,5.3
1943,6,10,55.0,5.4
1986,4,10,1.0,6.0
1943,3,10,1.0,6.1
1929,9,8,1.0,6.4
1950,1,10,1.0,5.6
1965,4,10,1.0,5.6
2006,3,6,2.0,1.6
1968,4,4,1.0,5.6
1993,9,10,1.0,7.3
1966,9,10,1.0,6.4
2008,3,10,1.0,5.1
1977,10,10,1.0,5.6
1978,11,10,2.0,7.2
1970,9,10,1.0,5.9
1961,10,10,1.0,5.3
1927,5,7,1.0,5.4
1949,11,10,1.0,5.5
1943,10,10,1.0,6.7
1947,11,10,1.0,6.5
1946,1,10,1.0,7.0
1982,12,10,2.0,6.5
2006,11,10,1.0,7.0
1930,11,10,1.0,6.1
1935,4,10,1.0,6.3
2014,3,10,1.0,6.7
2018,10,10,2.0,7.1
2005,1,10,1.0,6.1
1950,6,10,1.0,3.8
2005,11,10,1.0,7.4
1952,8,10,1.0,6.1
1979,3,10,2.0,6.1
1978,4,10,1.0,6.4
1947,6,10,1.0,6.1
1971,1,10,2.0,6.7
1979,2,10,1.0,5.5
1983,8,10,1.0,7.6
1935,7,10,1.0,5.9
1988,2,10,1.0,5.7
2014,6,9,1.0,7.3
1962,4,10,1.0,7.4
2015,10,10,3.0,8.4
2013,6,6,1.0,7.6
1976,2,10,1.0,7.2
1966,7,6,1.0,5.7
1934,12,10,1.0,5.9
1984,7,10,1.0,7.6
1973,3,10,1.0,6.7
1949,10,10,1.0,7.0
2010,2,10,1.0,5.5
1981,2,10,2.0,7.3
2002,8,10,1.0,6.6
2018,9,7,1.0,7.5
1979,6,10,1.0,6.1
1949,11,10,1.0,6.4
1952,4,10,1.0,5.6
1966,3,10,1.0,7.4
2018,9,10,1.0,5.8
2002,1,10,1.0,4.9
1993,3,10,1.0,4.0
2000,4,10,1.0,5.9
2016,4,10,1.0,6.8
2010,11,10,2.0,7.3
1999,1,10,2.0,7.3
1987,10,10,1.0,5.4
1937,11,10,1.0,5.2
1923,4,10,1.0,6.5
1978,2,10,1.0,7.5
2003,3,10,1.0,6.1
1959,2,10,1.0,6.6
1986,10,10,1.0,7.2
1977,6,10,1.0,5.0
1980,8,10,1.0,4.9
2019,5,10,1.0,6.9
1976,1,10,1.0,4.8
2010,3,10,1.0,4.8
2016,5,10,1.0,6.2
2023,7,10,1.0,6.4
1956,6,10,1.0,7.2
1992,9,10,1.0,4.6
1936,10,10,1.0,7.6
1997,5,10,1.0,6.6
1974,1,10,1.0,6.4
2013,9,10,1.0,7.0
1982,1,10,1.0,6.5
1932,11,10,1.0,6.1
1971,3,10,1.0,6.2
1932,10,10,1.0,7.1
2007,6,10,1.0,5.9
2003,4,10,1.0,4.8
2023,10,10,1.0,4.8
1994,2,10,2.0,7.7
1970,10,10,1.0,7.6
1992,10,10,1.0,6.7
2019,10,10,1.0,7.2
2016,9,10,1.0,5.5
1928,2,10,1.0,5.7
1922,8,10,1.0,6.2
1934,11,10,1.0,6.3
1963,5,10,1.0,7.1
1931,8,10,1.0,6.4
1982,11,10,1.0,5.2
1967,4,10,1.0,5.3
2015,4,10,1.0,6.4
1932,2,10,1.0,6.1
1955,2,10,1.0,6.4
1998,10,10,1.0,6.5
1985,4,10,1.0,6.1
2017,5,10,1.0,6.5
1997,5,3,1.0,6.3
2013,9,10,1.0,6.2
2011,6,10,1.0,5.5
1945,11,10,1.0,6.3
1978,7,10,1.0,6.9
1988,12,10,2.0,7.8
1943,4,10,1.0,6.3
1960,12,10,1.0,5.3
1960,6,10,1.0,4.5
1980,8,10,2.0,6.4
2017,7,10,1.0,6.8
1952,2,10,1.0,5.3
1955,7,10,1.0,5.4
1993,4,10,1.0,6.5
1928,5,10,1.0,6.7
1933,3,10,1.0,6.4
1944,7,10,1.0,6.2
1979,3,10,2.0,7.2
2025,2,10,1.0,4.7
1973,11,10,1.0,4.0
1987,5,10,1.0,4.9
1940,4,10,1.0,7.0
1998,10,10,1.0,5.1
1938,9,10,1.0,5.9
1941,2,10,1.0,7.2
1965,8,10,1.0,5.2
1999,3,10,1.0,7.1
1999,6,10,1.0,6.3
1962,9,10,1.0,6.1
1992,4,10,1.0,4.8
2016,8,10,2.0,7.0
1948,3,10,1.0,4.4
1998,12,10,1.0,2.7
1954,2,10,1.0,6.6
2001,1,10,2.0,7.3
1980,10,10,1.0,6.9
1983,2,10,1.0,6.6
1975,1,10,1.0,7.0
2019,3,10,1.0,6.5
1972,10,10,1.0,5.8
1954,9,4,1.0,5.6
1931,2,10,1.0,6.2
1944,10,10,1.0,7.1
1970,5,10,1.0,5.7
2001,4,10,1.0,6.2
2022,11,10,2.0,6.5
1967,1,10,2.0,7.8
2001,8,10,1.0,5.5
2025,3,7,1.0,5.9
1935,6,10,1.0,5.7
1979,5,10,1.0,5.1
1961,9,10,1.0,5.8
2020,11,10,1.0,5.9
1947,2,10,58.0,6.3
2022,9,10,1.0,5.6
2003,7,10,1.0,5.6
1984,11,10,1.0,4.0
1981,12,7,1.0,4.4
1994,6,10,1.0,7.2
2017,4,10,1.0,7.3
2011,6,10,1.0,7.1
1956,9,10,1.0,6.7
1936,9,10,5.0,5.7
2008,9,10,1.0,7.1
1973,8,10,1.0,7.2
1929,2,9,1.0,6.5
2012,6,10,2.0,5.9
1983,4,10,1.0,6.5
1979,4,10,1.0,5.8
1942,12,10,1.0,6.4
1974,10,10,1.0,5.5
2024,3,10,2.0,7.3
1988,3,10,1.0,4.6
2015,6,10,1.0,6.1
2025,2,10,1.0,6.0
1948,5,10,52.0,5.0
1980,10,10,1.0,5.2
1947,3,10,1.0,7.7
1946,8,10,1.0,6.8
1932,5,10,1.0,6.2
1970,5,10,1.0,6.9
1965,4,10,1.0,6.5
1965,12,10,1.0,5.7
2010,11,10,1.0,6.4
2000,4,10,1.0,7.3
2018,11,10,1.0,6.0
2004,6,10,1.0,6.4
1986,7,10,1.0,6.3
1953,12,10,1.0,5.5
1980,5,10,1.0,5.1
2015,10,5,1.0,6.1
1971,8,10,1.0,5.4
1955,9,10,1.0,6.0
1951,6,10,1.0,6.8
1939,8,10,1.0,6.8
2023,1,10,1.0,7.3
2017,3,10,1.0,6.4
2001,12,10,1.0,5.6
1977,8,10,1.0,5.0
1958,6,10,1.0,5.6
2024,8,10,1.0,5.3
1955,9,10,1.0,5.5
1958,9,10,1.0,5.8
1957,10,10,1.0,6.8
2021,10,10,1.0,4.9
1994,7,10,1.0,5.1
1940,3,10,1.0,6.8
1930,2,10,1.0,5.1
1929,12,10,1.0,4.7
1962,3,10,1.0,8.0
1966,8,10,1.0,5.7
1993,10,10,2.0,7.7
1971,1,10,1.0,7.5
1928,9,10,1.0,7.3
1930,2,10,1.0,6.0
1995,5,10,1.0,4.9
1989,6,10,1.0,4.3
1985,11,10,1.0,5.7
1979,5,8,1.0,4.3
2003,11,10,1.0,6.7
1936,8,10,1.0,6.3
1966,5,10,1.0,6.5
1936,10,10,1.0,6.3
1974,3,10,1.0,7.6
2017,8,10,1.0,6.9
1999,10,10,2.0,6.8
1923,4,10,1.0,6.4
1930,2,10,1.0,7.0
2005,1,10,1.0,7.2
1998,8,10,1.0,6.2
2018,12,10,3.0,7.3
2001,9,10,1.0,5.2
2014,5,10,1.0,6.1
2021,2,10,1.0,6.9
1944,2,10,1.0,7.0
1953,12,10,1.0,6.8
2000,3,10,2.0,7.5
1999,3,10,1.0,6.7
1924,6,10,1.0,5.6
1943,7,10,1.0,6.3
2021,7,10,1.0,5.4
1994,8,10,2.0,5.7
1931,8,10,56.0,6.8
1960,1,10,1.0,6.8
1987,7,10,1.0,7.1
1988,9,10,2.0,7.6
1989,9,10,1.0,5.0
1995,3,10,1.0,5.7
2001,12,10,1.0,6.4
1946,2,10,1.0,6.4
2006,4,10,1.0,7.1
1936,1,10,5.0,4.7
2020,11,10,1.0,6.5
1983,11,10,1.0,4.2
2012,1,10,1.0,7.6
1931,1,10,1.0,5.5
1955,1,10,1.0,7.2
1993,4,10,1.0,5.1
2004,4,10,1.0,5.5
1994,6,10,1.0,8.5
1979,10,10,1.0,2.8
1945,2,10,1.0,7.0
1981,4,10,2.0,7.5
2002,10,10,1.0,7.4
1989,10,10,1.0,7.5
1998,11,10,1.0,7.0
2017,3,10,2.0,6.0
1965,12,10,2.0,6.9
1958,4,10,1.0,5.8
1982,1,10,1.0,6.7
1962,6,10,3.0,7.0
2006,10,10,1.0,6.0
1927,11,8,1.0,5.9
1957,4,10,1.0,5.8
1946,3,10,1.0,5.9
2024,11,10,2.0,6.3
1936,9,10,1.0,6.1
1985,6,10,1.0,6.6
1980,11,10,2.0,6.3
1948,9,10,1.0,6.8
2008,3,10,1.0,5.8
2003,2,10,1.0,5.9
1963,7,10,1.0,6.2
2001,3,10,1.0,5.2
2004,4,10,2.0,6.1
1958,9,10,1.0,4.6
1988,12,10,1.0,7.6
2003,5,10,1.0,6.2
1997,5,7,1.0,6.1
1949,10,10,1.0,6.8
1985,11,10,1.0,7.7
1975,11,10,1.0,6.6
2000,5,10,2.0,7.7
1995,7,10,1.0,5.6
1978,12,10,1.0,5.5
2013,8,10,1.0,7.1
1980,3,10,1.0,6.5
1979,8,10,1.0,6.8
1989,10,10,1.0,5.9
1989,11,10,1.0,5.9
1970,12,10,2.0,5.7
2001,4,10,2.0,6.4
2005,11,10,2.0,7.7
1996,6,10,2.0,5.5
2014,2,10,2.0,7.8
1933,10,10,1.0,6.9
2010,5,10,1.0,4.8
1998,10,10,1.0,7.0
1953,1,10,1.0,6.3
1951,7,10,1.0,6.2
2007,7,10,1.0,5.7
1985,2,10,1.0,6.0
1976,10,10,1.0,7.0
1977,1,7,1.0,6.7
1937,2,10,1.0,7.0
1950,1,10,1.0,6.3
1978,4,10,1.0,6.5
1980,8,10,1.0,6.4
2012,7,10,1.0,6.4
1926,12,10,1.0,6.9
1990,7,10,1.0,5.5
2008,3,2,1.0,8.1
2013,9,10,1.0,7.3
1977,12,10,2.0,5.6
2008,4,10,1.0,6.5
1970,1,10,1.0,6.9
1933,10,10,1.0,5.7
1965,9,8,1.0,4.3
1932,11,10,1.0,6.5
2021,5,10,1.0,4.8
1935,10,10,1.0,4.2
1926,7,10,1.0,6.4
1928,1,10,1.0,4.7
2013,5,10,1.0,6.3
2018,10,10,2.0,2.1
1997,9,8,1.0,4.8
1983,3,10,1.0,5.5
1999,10,10,1.0,7.0
1961,12,10,2.0,7.3
2000,4,10,1.0,6.9
2024,2,10,1.0,7.4
2004,12,10,1.0,6.1
1951,3,10,1.0,5.9
1974,5,10,2.0,6.5
1940,9,10,55.0,6.4
2025,3,5,1.0,8.5
2020,3,10,1.0,6.7
1997,10,10,1.0,6.5
2003,9,10,1.0,7.0
1929,7,10,1.0,5.8
1950,1,10,1.0,6.6
2021,12,10,1.0,6.8
1948,10,10,1.0,6.6
1954,1,10,1.0,5.9
1997,9,10,1.0,5.1
1931,7,10,1.0,5.7
1980,10,10,1.0,7.2
2003,8,10,1.0,6.4
2021,10,2,1.0,9.2
1964,6,10,1.0,6.3
1924,3,10,1.0,6.9
1995,3,10,1.0,5.9
1974,10,10,1.0,7.3
2000,3,10,1.0,3.0
2016,9,4,1.0,7.2
2022,9,10,2.0,6.0
2004,6,10,1.0,6.3
1959,1,10,1.0,6.2
1935,9,10,1.0,6.2
1934,6,10,1.0,6.2
2002,1,10,1.0,5.3
2002,1,10,2.0,7.0
2024,3,10,1.0,5.7
2004,9,10,1.0,6.7
1993,1,10,1.0,3.7
1943,5,10,1.0,5.6
1921,11,10,1.0,6.4
2015,3,10,1.0,6.7
1937,3,10,1.0,5.1
1973,6,10,1.0,6.1
1941,11,10,1.0,6.5
1984,12,10,1.0,5.7
2000,8,10,1.0,4.7
2018,12,10,2.0,7.2
1948,2,10,1.0,6.2
1928,1,10,1.0,6.8
1923,4,8,1.0,6.6
2010,9,10,1.0,6.3
1945,3,10,1.0,6.0
2018,3,10,1.0,5.3
2014,6,10,1.0,7.6
1983,3,10,1.0,6.0
1961,2,10,1.0,7.0
2022,4,10,2.0,7.4
2020,12,10,1.0,4.2
2020,10,10,1.0,4.5
1949,3,10,1.0,6.0
2008,9,10,1.0,5.5
2019,6,10,1.0,5.7
1949,11,10,1.0,5.6
1985,2,10,1.0,4.8
2010,10,10,1.0,6.6
1992,9,10,1.0,6.6
1996,8,10,1.0,5.8
1948,10,10,1.0,6.4
1998,8,10,1.0,3.5
1951,9,10,1.0,7.3
1943,3,10,1.0,5.9
1999,12,10,1.0,6.0
1945,6,10,1.0,4.9
2017,5,10,1.0,6.3
1987,7,10,1.0,5.6
2001,6,10,2.0,7.0
2008,12,10,1.0,6.1
1989,11,10,1.0,7.3
1947,3,10,1.0,6.9
1987,12,10,2.0,7.3
1962,9,10,2.0,7.9
1936,10,10,1.0,6.2
1951,4,10,1.0,5.5
1985,1,8,1.0,4.4
2015,5,10,1.0,6.9
1946,3,10,1.0,5.5
2017,7,10,1.0,7.8
1991,8,10,1.0,5.0
1940,8,10,1.0,5.8
1979,10,10,1.0,6.1
1982,10,7,1.0,7.4
1981,6,10,1.0,8.4
2020,9,10,1.0,5.4
1952,10,10,1.0,3.6
1983,9,10,1.0,5.0
1937,10,10,1.0,6.7
1956,2,10,1.0,4.2
1942,3,10,1.0,6.1
1941,9,10,1.0,7.4
1989,7,10,1.0,6.8
1965,12,10,1.0,6.3
1937,3,10,1.0,4.6
2006,10,9,1.0,6.4
1950,7,10,1.0,6.2
1992,11,10,1.0,5.9
1936,12,10,1.0,5.1
1958,2,10,1.0,6.4
1992,4,10,2.0,6.9
1997,1,10,1.0,3.7
1973,2,10,1.0,6.9
1947,11,10,1.0,6.2
1991,7,10,2.0,7.2
1984,4,1,1.0,7.3
1996,9,8,1.0,4.9
1944,8,10,1.0,4.6
2020,10,10,1.0,4.7
1983,4,10,1.0,4.4
1977,4,10,1.0,7.5
1927,1,10,56.0,6.9
1941,5,10,1.0,6.3
1970,9,10,1.0,4.2
1994,3,10,1.0,4.1
1987,3,10,1.0,7.7
1990,1,10,2.0,6.0
1966,11,10,1.0,5.2
1980,1,10,1.0,6.3
1954,12,10,1.0,6.4
2008,4,10,1.0,7.8
1952,7,10,1.0,6.4
1991,12,10,1.0,7.0
1975,6,8,1.0,6.5
1971,3,10,2.0,7.2
1952,2,10,1.0,6.8
2005,4,10,1.0,7.7
1973,10,10,1.0,5.5
1929,3,10,1.0,6.1
1939,10,10,1.0,5.1
2005,10,10,2.0,6.5
1939,2,9,1.0,6.1
2014,2,10,1.0,3.4
1934,7,10,1.0,5.9
1943,5,10,55.0,6.2
1996,8,10,1.0,4.2
2000,6,10,1.0,5.7
2015,7,10,1.0,5.8
1978,7,10,1.0,7.0
2007,11,10,2.0,5.1
1977,6,10,1.0,5.6
1929,3,10,1.0,3.2
1923,2,10,1.0,7.9
1964,3,9,1.0,1.6
2000,12,10,1.0,7.3
2024,8,10,2.0,6.6
2009,1,10,1.0,8.1
2025,4,7,1.0,8.5
1993,9,10,1.0,5.8
1981,9,10,1.0,6.8
1990,4,10,1.0,6.9
1951,8,10,1.0,6.9
1946,10,10,1.0,6.3
1986,4,10,1.0,4.9
2015,11,10,1.0,6.1
2012,11,10,1.0,5.9
1971,6,10,1.0,6.1
2019,1,10,1.0,6.2
1951,12,10,1.0,5.9
1948,7,10,4.0,6.7
1976,10,10,1.0,6.0
1946,9,10,1.0,7.4
1993,8,10,1.0,5.6
1927,2,10,1.0,7.2
2017,4,10,1.0,7.9
1999,8,10,1.0,5.1
2003,1,10,1.0,5.6
1966,10,10,1.0,7.7
1979,12,10,1.0,7.0
1993,5,10,2.0,5.3
1962,10,10,2.0,7.9
1970,3,10,2.0,5.2
1966,10,10,1.0,6.4
1979,2,10,1.0,6.5
1946,2,10,1.0,6.0
2010,3,10,1.0,7.1
1993,6,10,1.0,7.0
1950,2,10,1.0,6.7
1945,3,10,1.0,6.1
1954,4,10,1.0,4.9
1996,5,10,1.0,4.9
1951,3,10,3.0,8.5
1970,6,10,2.0,7.2
1930,11,10,1.0,6.7
1966,11,10,1.0,7.0
1989,7,10,2.0,6.5
1997,1,10,1.0,5.5
1947,5,10,1.0,6.9
2003,5,10,1.0,5.9
1965,12,10,1.0,6.3
2002,1,10,1.0,5.2
2016,6,10,2.0,6.9
1995,8,10,2.0,8.1
2003,10,10,2.0,6.2
1944,9,10,1.0,6.3
1935,8,10,1.0,5.6
1943,11,10,1.0,6.4
1935,4,10,1.0,5.8
1973,5,10,1.0,6.5
2019,8,10,2.0,6.4
1982,4,10,1.0,6.2
2007,5,10,2.0,6.3
2002,7,10,1.0,7.0
2023,5,10,2.0,6.0
1972,12,9,1.0,6.1
2020,8,10,1.0,5.7
2025,1,10,1.0,6.4
2003,3,6,1.0,7.1
1997,12,10,1.0,6.5
1962,10,10,2.0,7.0
2007,1,10,2.0,7.1
1943,8,10,58.0,6.3
2008,7,6,1.0,6.5
2010,9,10,1.0,5.1
2012,3,10,1.0,5.6
1980,5,10,1.0,4.7
2016,12,10,1.0,5.9
1929,2,10,5.0,8.2
1925,9,10,1.0,6.4
1994,10,6,1.0,4.1
1979,10,10,1.0,7.3
2009,10,10,1.0,6.2
1979,10,10,1.0,6.0
1961,8,6,1.0,6.9
1952,8,10,1.0,7.3
2021,7,10,1.0,8.0
1983,4,10,1.0,5.9
1962,1,10,1.0,5.8
1957,4,10,1.0,6.7
1953,12,10,1.0,6.1
1934,10,10,1.0,5.6
1927,10,10,2.0,3.7
2020,8,10,1.0,3.1
1978,12,10,1.0,6.2
2000,10,10,1.0,4.7
1951,9,10,1.0,7.0
1931,1,10,1.0,5.9
1960,9,10,1.0,6.8
2011,12,10,1.0,6.2
1945,2,5,1.0,6.6
1956,12,10,1.0,5.6
1979,4,10,1.0,5.1
1973,12,10,1.0,6.3
1972,9,10,1.0,7.0
1968,12,10,1.0,5.4
1965,6,10,1.0,5.9
2016,4,10,1.0,6.8
1999,2,10,1.0,7.8
1947,9,10,1.0,7.5
1977,12,10,1.0,5.6
1983,6,10,1.0,6.4
2007,10,10,1.0,6.7
2014,5,10,1.0,5.5
1955,12,10,2.0,7.3
1995,11,10,1.0,5.8
2003,6,5,1.0,5.2
1982,2,10,2.0,6.8
1979,9,10,1.0,4.8
1971,3,10,2.0,8.1
2011,11,10,1.0,6.9
1933,12,10,3.0,5.9
2025,1,10,2.0,5.2
2017,1,10,2.0,6.9
1944,1,10,1.0,6.2
1944,3,10,1.0,4.9
1986,5,10,1.0,3.8
1938,6,10,1.0,5.8
1974,12,10,1.0,4.5
1929,9,10,1.0,6.8
1959,2,10,1.0,7.4
2004,10,10,1.0,6.0
1942,7,10,1.0,5.4
1968,12,10,1.0,5.0
1942,10,10,1.0,6.4
1972,1,10,1.0,6.5
2013,1,10,1.0,6.6
1976,10,10,1.0,6.6
2025,1,1,1.0,6.6
1977,4,7,1.0,5.8
2012,11,10,1.0,6.1
2013,9,10,1.0,5.7
1936,5,10,58.0,7.1
2009,4,10,1.0,5.8
1996,7,10,1.0,5.6
2023,7,10,1.0,3.9
1941,3,10,1.0,5.4
1991,12,10,1.0,7.2
1963,7,10,1.0,6.9
1954,9,10,1.0,6.9
2001,6,10,1.0,7.4
2024,10,10,2.0,7.3
1933,2,10,1.0,6.4
1951,8,10,1.0,6.3
1982,3,7,1.0,5.0
1969,12,10,1.0,6.0
1969,8,10,1.0,4.5
1956,12,10,1.0,5.0
1968,1,10,1.0,4.7
1921,2,6,1.0,6.7
2002,9,10,1.0,5.4
1956,1,10,1.0,6.2
1947,8,10,1.0,6.6
1987,8,10,1.0,3.7
1921,2,10,58.0,6.4
1940,7,10,1.0,5.8
1954,7,10,1.0,6.5
1944,8,10,1.0,6.5
1927,12,10,1.0,5.5
2013,6,10,1.0,5.8
1970,11,6,1.0,4.8
1958,4,10,1.0,7.1
1925,8,10,1.0,6.2
1938,10,10,1.0,4.5
1974,8,10,1.0,4.6
1940,11,10,1.0,5.9
2011,9,10,1.0,7.2
1986,7,10,1.0,5.2
1969,1,10,1.0,3.7
1953,10,10,1.0,7.0
1945,12,10,57.0,6.6
1959,4,10,1.0,7.2
2006,5,10,2.0,6.9
2016,6,10,1.0,5.4
1962,9,10,1.0,7.4
1983,10,10,2.0,7.4
1976,1,10,1.0,4.8
1956,9,10,1.0,5.4
1976,2,10,1.0,5.6
1964,12,10,1.0,5.0
2011,5,10,1.0,5.3
1988,12,10,1.0,4.4
1975,9,9,1.0,3.7
1967,7,10,1.0,5.1
1994,12,10,1.0,6.1
1937,11,10,1.0,6.5
1950,12,10,1.0,6.7
1928,11,10,2.0,5.2
1938,2,10,1.0,6.8
2021,11,10,1.0,6.2
1996,6,10,1.0,6.2
2012,12,10,1.0,5.8
1998,7,10,1.0,7.4
1979,10,9,2.0,7.9
1971,6,10,1.0,3.1
1994,9,10,1.0,4.5
1963,2,10,1.0,6.5
2012,5,10,1.0,4.9
2015,2,10,1.0,7.1
2011,7,8,1.0,5.1
2009,8,10,1.0,2.8
2016,10,10,2.0,7.8
1942,8,10,1.0,6.1
1921,3,10,50.0,7.1
2011,9,10,1.0,7.8
1927,8,9,1.0,4.8
1993,10,10,1.0,3.4
1973,3,10,1.0,6.0
2007,1,10,1.0,5.6
1958,11,10,1.0,6.9
1984,1,10,1.0,6.7
1952,10,10,1.0,5.0
1936,12,10,1.0,6.7
1930,4,10,1.0,6.4
1982,12,9,1.0,6.4
1998,7,10,2.0,6.8
1976,9,10,1.0,5.7
2012,1,10,1.0,5.7
1943,1,10,1.0,5.9
1996,8,10,1.0,4.9
2003,5,10,1.0,6.6
2009,6,10,1.0,5.3
1980,9,10,1.0,7.5
1986,11,10,1.0,6.6
1997,1,10,1.0,6.7
1991,9,10,1.0,4.3
1927,1,9,1.0,4.8
1982,4,10,1.0,6.2
1938,11,10,1.0,6.6
1990,9,10,1.0,6.2
1930,6,10,1.0,6.1
2017,8,10,2.0,7.0
1927,9,8,1.0,6.4
2001,2,10,3.0,7.8
1974,5,10,1.0,3.2
1990,7,10,1.0,4.7
2008,7,10,1.0,7.0
1939,9,5,1.0,8.4
1961,5,10,1.0,6.2
1969,11,10,1.0,4.8
1931,3,10,1.0,6.1
2006,2,10,1.0,5.0
2021,11,6,1.0,7.7
1982,9,7,1.0,4.1
1930,8,10,1.0,7.3
1989,6,10,1.0,6.5
1927,11,6,45.0,6.9
1948,3,10,1.0,6.2
2007,2,10,1.0,6.6
1994,3,10,1.0,5.1
2015,4,10,1.0,6.8
2002,11,10,1.0,6.4
2017,6,10,1.0,4.4
2019,3,10,2.0,6.5
1973,10,10,1.0,7.4
1953,6,8,1.0,3.0
2000,5,10,1.0,7.3
1986,11,10,1.0,6.6
2013,5,10,1.0,6.5
1931,3,10,1.0,6.1
2010,8,10,1.0,7.2
1983,2,10,1.0,6.1
1952,12,10,1.0,6.9
1948,8,10,1.0,7.3
1987,1,10,1.0,3.5
1933,12,10,1.0,6.3
1965,6,7,1.0,4.2
1992,11,10,1.0,6.6
2007,9,10,1.0,5.6
1991,1,10,1.0,3.5
1944,12,10,1.0,6.4
1931,12,10,1.0,5.9
1924,9,10,1.0,4.8
1972,2,9,1.0,7.2
2020,6,10,1.0,6.3
2023,10,10,1.0,6.9
1946,2,10,1.0,5.7
2015,1,10,1.0,7.0
1965,1,10,1.0,7.7
2022,6,10,2.0,7.6
1965,9,10,1.0,5.4
2023,5,10,1.0,6.3
1934,11,10,1.0,4.2
1976,5,10,1.0,4.9
2017,2,10,2.0,7.4
2002,6,10,1.0,8.1
2001,5,10,1.0,8.4
2004,4,10,1.0,6.1
2011,12,10,1.0,5.6
2008,5,10,1.0,7.8
2006,2,10,2.0,7.3
1961,9,10,1.0,4.3
1999,1,10,1.0,5.0
1988,3,10,1.0,7.8
1970,11,10,1.0,5.4
1982,6,10,1.0,6.2
2008,5,10,1.0,6.6
1957,8,10,1.0,8.0
1996,4,10,1.0,8.1
2014,3,10,1.0,6.3
1964,11,10,1.0,6.0
1937,3,10,1.0,6.5
1979,3,10,1.0,6.6
2007,4,10,1.0,7.3
2019,10,10,2.0,7.2
1965,3,10,2.0,7.8
1941,10,10,1.0,6.0
1969,9,10,1.0,6.7
1975,10,10,1.0,5.9
2015,4,10,1.0,6.7
1968,11,10,3.0,5.7
1932,5,10,1.0,6.0
1961,12,10,1.0,3.7
1936,2,10,1.0,6.5
2011,2,10,1.0,6.1
1967,7,9,1.0,6.7
1923,3,7,50.0,4.4
1935,5,10,1.0,4.3
1921,3,9,1.0,4.8
1946,1,5,2.0,6.8
1925,1,10,2.0,6.9
2024,2,10,2.0,4.2
1992,8,10,1.0,6.9
2009,9,10,1.0,6.9
1953,12,10,1.0,6.3
1925,8,10,48.0,5.9
1963,2,10,1.0,5.1
1997,8,10,1.0,4.6
1941,1,10,1.0,6.5
1936,1,10,1.0,6.5
1971,8,10,1.0,6.6
2025,1,10,1.0,8.7
2005,10,10,1.0,6.8
2001,11,10,1.0,7.2
1942,12,10,55.0,6.2
1957,12,10,1.0,5.2
2017,11,10,1.0,6.1
2024,3,10,1.0,5.6
1977,4,10,1.0,3.5
2009,9,10,1.0,4.6
1966,1,10,1.0,6.9
1929,10,10,2.0,7.3
2014,7,10,1.0,5.7
1947,9,10,1.0,5.8
2007,9,10,2.0,6.7
1932,2,10,1.0,7.8
2011,9,10,1.0,7.0
1953,4,10,1.0,5.6
1931,9,10,1.0,6.2
2008,12,10,1.0,6.5
1995,9,10,2.0,8.6
1989,8,10,1.0,5.2
1958,4,6,1.0,7.1
1986,7,10,1.0,5.1
2011,1,10,1.0,7.1
1983,7,10,1.0,6.5
1995,9,10,2.0,7.4
1965,1,10,1.0,6.4
2015,3,10,1.0,6.0
2010,10,10,1.0,6.9
1944,1,10,55.0,4.0
2007,4,10,1.0,7.6
2010,10,10,1.0,7.4
2019,9,10,1.0,8.1
2002,2,10,1.0,6.0
1928,5,10,1.0,6.4
1965,7,10,1.0,5.9
1949,1,10,1.0,5.9
1962,9,10,1.0,5.2
2014,4,10,1.0,5.8
1998,8,10,1.0,5.0
1992,10,10,1.0,5.9
1947,6,10,1.0,5.9
2005,5,10,1.0,7.0
2020,10,10,1.0,6.9
2021,7,10,1.0,6.9
2002,3,9,1.0,6.3
2000,1,10,2.0,5.5
2019,6,10,1.0,6.4
1938,7,10,1.0,6.9
1996,12,10,2.0,5.7
2017,9,10,1.0,5.5
1971,6,10,1.0,5.8
1959,11,10,1.0,5.9
2009,11,10,1.0,7.2
1934,7,10,1.0,6.2
1960,12,10,1.0,8.2
2007,8,10,1.0,6.6
1960,3,10,1.0,5.1
1952,1,10,1.0,6.3
1989,8,10,1.0,4.5
2024,10,10,1.0,7.1
1962,8,10,1.0,6.2
1983,5,10,2.0,8.3
1970,4,10,1.0,7.3
2002,11,10,1.0,3.9
2017,11,10,1.0,7.1
1983,11,10,1.0,3.5
1930,7,10,58.0,5.3
1934,1,10,1.0,5.9
1992,1,10,1.0,3.3
2025,1,10,2.0,7.9
1997,3,10,1.0,5.7
1950,3,10,1.0,6.6
2000,2,10,1.0,5.6
1961,4,10,1.0,7.0
2002,5,10,1.0,3.2
1978,7,10,2.0,7.0
1930,2,10,1.0,6.3
1926,4,10,3.0,7.8
1937,12,10,1.0,5.4
1945,7,10,1.0,5.3
2002,10,10,1.0,7.1
2016,12,10,1.0,4.6
1975,2,10,1.0,4.7
1978,8,10,1.0,8.0
2019,6,10,1.0,6.8
1936,4,10,5.0,5.4
2023,1,10,1.0,6.3
1962,2,10,1.0,5.1
1948,11,10,2.0,6.9
2011,7,1,1.0,5.8
1960,4,10,1.0,5.8
1968,9,10,1.0,5.6
1967,7,10,1.0,5.3
1999,4,10,1.0,6.3
2016,9,10,1.0,6.8
1922,9,9,1.0,6.1
1945,11,10,56.0,6.1
1933,12,10,1.0,7.1
2002,10,10,1.0,4.8
1951,9,7,49.0,7.2
1943,9,10,1.0,6.2
1942,2,10,58.0,5.8
2018,3,10,1.0,7.3
1929,10,8,1.0,7.1
1975,1,7,1.0,7.3
1984,7,10,1.0,5.9
2017,11,10,1.0,7.2
2005,3,10,1.0,6.5
1959,8,10,2.0,6.4
1985,1,10,2.0,8.4
2019,2,4,1.0,4.0
1943,8,10,1.0,5.7
1959,11,10,1.0,7.3
1955,3,10,1.0,6.8
1935,4,10,1.0,6.2
1991,10,10,1.0,2.9
1997,1,10,1.0,5.5
1944,5,10,1.0,7.7
1964,4,10,1.0,6.7
1950,4,10,1.0,5.8
1958,9,10,1.0,6.4
1979,5,9,1.0,4.2
2015,6,10,1.0,5.7
1985,7,10,1.0,7.3
2003,2,10,1.0,7.4
2006,12,10,1.0,6.3
1996,9,10,1.0,4.8
2007,9,10,1.0,6.5
2024,7,10,1.0,5.4
1944,12,10,57.0,6.6
1991,3,10,1.0,7.3
2024,10,10,1.0,8.2
1996,10,10,1.0,4.3
1982,6,10,2.0,6.3
1950,5,10,1.0,6.1
2023,6,10,2.0,6.6
1960,11,10,1.0,7.4
1957,8,10,1.0,5.7
1959,6,10,1.0,3.1
2001,3,10,2.0,6.1
1960,12,10,2.0,7.1
1953,8,10,1.0,7.3
1942,9,6,1.0,6.9
1946,5,10,1.0,6.4
1992,1,10,50.0,3.8
1946,10,10,1.0,6.3
1935,2,10,1.0,6.3
1945,11,10,1.0,5.5
2002,6,10,1.0,5.3
1966,1,10,1.0,4.6
1971,8,10,1.0,7.3
2001,5,10,1.0,3.3
2010,9,10,1.0,6.2
1962,1,10,1.0,4.3
1926,8,10,1.0,6.8
1951,11,10,1.0,7.1
1967,10,8,1.0,4.4
1937,12,10,57.0,6.4
1945,10,10,1.0,6.6
1985,7,10,1.0,7.1
2012,2,10,1.0,6.2
1996,8,10,1.0,6.4
1990,11,10,1.0,6.7
1964,8,10,1.0,5.6
1983,5,10,1.0,6.0
1949,10,10,1.0,5.7
2007,11,10,1.0,5.9
1975,9,1,59.0,7.5
1982,5,10,1.0,6.8
1989,9,10,1.0,6.1
1940,7,10,1.0,6.1
1955,6,10,1.0,6.6
2009,11,10,2.0,4.8
1954,7,2,3.0,7.6
1975,12,10,1.0,6.1
1954,8,6,1.0,7.3
1971,1,10,1.0,3.7
1936,2,10,1.0,5.5
2003,8,10,1.0,6.6
1945,7,10,1.0,6.2
1999,9,10,1.0,5.5
2001,9,10,1.0,5.1
1994,10,10,1.0,4.7
2015,3,10,1.0,6.8
1982,10,10,1.0,6.6
2005,3,10,1.0,4.8
1964,5,3,53.0,6.8
1973,10,9,1.0,5.9
1997,10,10,1.0,5.8
1954,1,10,1.0,6.1
1948,9,10,1.0,7.9
1961,10,10,1.0,5.7
1955,11,10,1.0,6.3
1931,11,10,1.0,6.0
2025,3,10,1.0,7.3
1991,4,10,1.0,5.7
1941,12,10,1.0,6.3
2013,4,10,1.0,5.8
1981,5,10,1.0,4.9
1935,10,10,1.0,5.8
1999,2,10,2.0,6.3
2004,12,10,2.0,7.0
1984,9,10,1.0,5.2
2013,10,10,1.0,7.1
1983,3,10,1.0,6.9
2001,9,9,1.0,6.8
1959,2,10,1.0,5.7
2003,11,1,1.0,7.9
2017,3,10,1.0,6.0
1941,1,10,1.0,6.7
2004,6,10,2.0,8.0
1927,5,7,50.0,6.9
2025,3,9,2.0,8.1
2007,11,10,1.0,6.4
1941,5,10,1.0,6.2
1985,5,6,1.0,5.3
1960,12,10,1.0,5.8
2025,4,9,1.0,8.6
1997,8,10,1.0,5.3
1967,8,10,1.0,7.1
1959,5,10,1.0,6.3
1944,12,10,1.0,6.6
1953,5,10,1.0,5.1
2003,12,10,1.0,6.3
1993,12,10,1.0,5.5
1966,8,10,2.0,7.5
1985,1,10,1.0,3.7
1925,10,10,6.0,7.1
1951,4,10,1.0,6.8
1969,1,10,1.0,5.6
1937,7,10,1.0,5.8
1963,6,10,1.0,6.4
1973,5,10,1.0,5.0
1935,7,10,1.0,7.2
1988,7,10,1.0,4.1
1954,2,8,1.0,5.9
1951,5,10,1.0,6.3
1942,9,10,1.0,5.8
1957,11,10,1.0,6.0
1988,10,10,1.0,6.6
2020,7,10,1.0,5.2
1971,7,10,1.0,6.2
1967,2,10,1.0,6.0
1947,10,10,1.0,5.8
2020,12,10,1.0,4.3
2003,10,10,1.0,4.1
1974,1,10,1.0,3.9
1990,10,10,1.0,5.8
2007,8,10,2.0,7.6
2015,5,10,1.0,7.2
1953,6,10,1.0,6.8
2012,2,1,52.0,7.3
2021,2,10,1.0,5.4
1942,2,10,1.0,7.0
1996,12,10,1.0,7.2
2023,2,10,1.0,4.7
1939,8,10,1.0,7.1
2019,11,10,1.0,6.3
2022,7,10,1.0,5.5
2006,6,10,2.0,6.5
1938,1,10,3.0,7.6
2010,10,10,1.0,5.1
1981,5,10,1.0,5.5
1934,5,10,1.0,6.0
2008,3,10,1.0,5.7
1954,8,10,1.0,6.5
1932,4,10,1.0,6.5
1969,1,10,2.0,6.5
1933,7,10,1.0,5.7
1981,8,10,1.0,6.7
1969,8,10,1.0,5.4
1923,3,10,2.0,5.9
1981,9,10,1.0,3.7
2014,5,10,1.0,5.0
1977,5,3,1.0,5.6
1982,1,10,1.0,5.7
2013,10,10,1.0,5.6
2022,9,9,1.0,6.9
1980,8,10,1.0,5.9
1949,3,10,1.0,7.2
1937,1,10,1.0,5.7
1965,10,10,1.0,5.9
1972,6,10,1.0,5.4
1973,5,10,1.0,6.2
2011,5,10,1.0,5.6
2013,11,10,2.0,6.4
1996,10,10,1.0,6.2
1923,8,10,3.0,4.0
1970,9,10,1.0,4.0
1983,3,10,1.0,5.0
2002,1,10,1.0,6.2
1995,9,10,2.0,6.9
1958,1,10,1.0,6.7
1969,9,10,1.0,4.7
1989,3,10,1.0,6.2
2013,10,10,1.0,5.0
2005,8,5,1.0,7.7
1924,3,9,1.0,5.6
1947,6,10,1.0,7.0
2017,2,10,1.0,6.6
2006,5,7,1.0,7.4
1941,11,10,1.0,6.3
2015,2,10,1.0,6.5
1973,4,6,1.0,6.0
1946,10,10,1.0,6.4
1957,8,1,1.0,6.7
2020,8,10,1.0,5.0
2020,2,10,1.0,4.7
1975,5,10,1.0,6.7
2014,4,10,1.0,6.0
2002,3,10,1.0,7.6
1940,3,10,1.0,6.4
1972,2,10,1.0,7.5
2007,9,10,1.0,5.4
1930,7,10,1.0,5.9
1949,11,10,1.0,7.2
1988,12,10,1.0,6.1
1979,4,10,1.0,5.1
2002,10,10,1.0,6.7
2002,12,10,2.0,6.6
1927,9,10,1.0,6.3
1994,9,10,1.0,3.6
1949,3,10,1.0,5.2
2007,10,10,1.0,6.6
1942,10,10,1.0,5.8
1990,10,10,1.0,8.0
1961,6,10,2.0,6.8
1976,10,10,1.0,5.1
1936,10,10,1.0,5.7
1981,10,3,1.0,6.8
1972,5,10,1.0,8.4
1946,11,10,1.0,6.9
1976,8,10,2.0,6.3
1998,10,10,2.0,7.3
1933,4,10,1.0,4.8
1942,7,10,1.0,4.3
1935,8,10,1.0,5.8
1991,9,10,1.0,4.6
1964,12,10,1.0,7.3
1961,1,10,2.0,7.4
1984,7,10,1.0,5.8
1985,9,10,1.0,5.4
2017,2,10,1.0,6.9
1974,9,10,1.0,4.8
1935,4,10,1.0,6.4
1993,6,10,2.0,6.1
1963,11,10,1.0,6.5
2007,6,10,2.0,7.1
1981,6,10,1.0,6.2
1984,10,10,1.0,6.4
1990,7,10,2.0,6.9
2018,1,10,1.0,4.7
1961,6,10,1.0,6.1
1999,6,10,3.0,7.4
1982,8,10,1.0,6.9
1941,7,10,1.0,6.9
1979,7,10,1.0,6.5
1963,8,10,1.0,6.1
1949,4,10,1.0,7.0
1952,5,10,1.0,6.7
1982,7,9,1.0,4.7
1940,7,3,1.0,6.8
1942,9,10,1.0,6.3
1959,2,10,1.0,6.8
1988,2,10,1.0,6.2
1941,12,10,1.0,5.4
2014,7,10,1.0,6.5
1966,9,10,1.0,7.6
1995,12,10,1.0,3.5
2000,8,10,1.0,5.8
2003,8,10,1.0,6.5
1967,1,10,2.0,7.2
2005,11,10,1.0,5.7
1963,7,10,1.0,5.3
1936,10,10,1.0,1.0
2017,4,10,1.0,6.8
1935,2,10,1.0,5.1
1949,5,10,1.0,6.3
1976,11,10,2.0,6.7
1936,2,10,1.0,6.1
1959,1,10,1.0,7.2
1998,11,10,1.0,6.5
2005,4,10,1.0,5.5
2002,12,10,1.0,6.6
1923,9,10,1.0,7.3
1932,2,10,1.0,6.3
2024,10,10,2.0,8.0
2010,3,8,45.0,7.6
1928,9,10,1.0,4.0
2011,2,10,1.0,5.9
1991,11,10,1.0,4.8
1979,1,10,2.0,8.0
2013,3,10,1.0,4.6
2023,4,10,1.0,5.8
2004,2,10,1.0,5.8
2013,2,10,2.0,7.3
1967,11,10,1.0,6.2
1987,9,10,1.0,5.7
1978,11,10,1.0,6.4
1961,10,10,1.0,6.4
1939,10,10,1.0,5.0
2018,1,10,1.0,7.5
2018,5,10,1.0,4.0
1957,7,10,1.0,6.1
1927,9,9,50.0,7.6
2006,11,10,1.0,6.1
2002,8,10,1.0,7.8
2005,7,10,1.0,7.1
2000,10,10,1.0,7.3
1975,4,10,1.0,4.8
1996,9,10,1.0,5.4
1999,12,10,1.0,6.8
1954,8,10,1.0,6.5
1971,10,10,2.0,5.5
2008,7,3,1.0,7.5
1996,2,10,1.0,7.3
2008,12,10,2.0,7.8
2005,4,10,1.0,6.4
1986,4,10,1.0,6.7
1977,4,10,1.0,8.3
1983,2,10,1.0,5.1
1979,7,10,1.0,5.2
1929,11,10,1.0,6.1
1977,9,10,1.0,7.7
2016,1,10,1.0,7.6
1940,2,10,1.0,6.4
1941,4,10,1.0,6.3
1993,11,10,1.0,6.0
1930,9,3,1.0,7.2
2000,7,10,2.0,6.1
2005,4,10,2.0,6.1
1949,5,10,1.0,6.5
1995,11,10,1.0,6.5
1939,6,10,1.0,5.7
1926,5,9,1.0,7.3
1982,3,10,1.0,6.1
2006,12,10,1.0,7.8
1994,9,5,1.0,4.4
1975,5,10,1.0,4.3
2020,5,10,1.0,4.8
1951,7,10,1.0,8.1
2012,6,10,1.0,5.9
1963,10,10,1.0,7.6
1993,2,10,1.0,7.4
2024,8,10,2.0,6.4
1954,1,10,1.0,6.3
2008,2,10,1.0,6.2
1971,9,10,2.0,7.2
2016,4,10,1.0,5.0
1972,7,10,1.0,3.6
1959,12,10,2.0,7.1
2021,9,10,1.0,5.7
2018,11,10,1.0,5.6
1971,8,10,1.0,3.4
1958,2,10,1.0,7.9
1954,11,10,1.0,6.7
2008,6,5,1.0,7.0
1936,6,10,1.0,5.5
1991,5,10,2.0,6.9
1977,8,10,1.0,5.3
1950,11,10,1.0,7.5
1985,12,10,3.0,7.4
1982,3,10,2.0,6.1
1944,8,10,1.0,6.9
1927,9,10,1.0,4.8
1952,9,10,1.0,5.9
1972,2,10,1.0,5.3
1938,5,10,1.0,5.9
1931,4,8,1.0,6.7
1959,1,10,2.0,7.1
2009,11,10,1.0,5.3
2021,6,10,2.0,7.8
1990,7,10,1.0,6.5
1992,1,7,1.0,4.1
1963,5,10,1.0,4.9
1966,12,10,1.0,6.5
2009,2,10,2.0,7.9
2019,2,10,1.0,7.2
2005,11,10,2.0,5.7
2006,1,10,1.0,6.1
2023,6,8,1.0,4.6
1977,9,10,1.0,3.8
2015,5,10,1.0,5.4
1981,10,10,1.0,5.4
2023,1,10,1.0,5.5
1946,11,10,1.0,6.3
1976,11,10,2.0,7.4
1983,2,10,2.0,7.2
1956,1,10,1.0,5.6
1976,5,10,1.0,5.1
1959,3,10,1.0,7.6
2002,3,10,1.0,6.5
2019,4,10,1.0,5.7
2022,7,10,1.0,5.7
1999,2,10,1.0,6.7
2017,3,10,1.0,6.6
2016,3,10,2.0,5.7
2007,4,10,1.0,6.7
1927,4,8,1.0,6.0
1933,8,10,1.0,7.2
1995,8,10,2.0,7.1
1976,2,10,1.0,4.5
2021,2,10,1.0,7.2
1935,9,10,1.0,6.2
1980,2,10,1.0,6.3
1975,2,10,1.0,4.1
1986,9,9,1.0,6.3
1982,5,10,1.0,5.7
1953,2,10,1.0,4.4
1923,11,10,1.0,6.5
1956,9,10,1.0,6.0
1965,11,10,1.0,5.4
1960,6,10,1.0,5.0
2022,11,10,2.0,7.6
2011,2,10,1.0,7.5
1997,9,10,1.0,4.6
1984,4,10,1.0,7.3
1970,2,10,1.0,6.8
1993,2,10,1.0,6.2
1947,3,10,1.0,6.2
1984,12,10,1.0,5.5
1966,11,10,57.0,6.1
2016,12,10,2.0,5.8
1972,7,10,1.0,5.4
1992,11,10,50.0,7.0
1941,1,10,1.0,7.7
1947,6,10,1.0,5.7
1974,4,10,1.0,6.3
1969,2,10,1.0,7.6
1957,2,10,1.0,5.6
1934,12,10,56.0,4.9
1929,12,10,1.0,8.0
1945,3,4,1.0,6.5
1929,12,10,1.0,5.2
1998,6,10,1.0,5.3
1962,2,10,1.0,5.6
1953,5,10,1.0,5.0
1985,2,10,1.0,5.9
1926,3,10,2.0,7.2
2025,2,10,2.0,6.1
1977,9,10,1.0,8.2
1984,6,10,1.0,5.7
1943,1,10,1.0,5.9
1988,7,10,1.0,3.9
1986,12,10,1.0,5.1
1935,12,10,1.0,7.7
1999,2,10,57.0,7.2
2007,11,10,1.0,5.1
1995,10,10,1.0,4.6
1971,12,10,1.0,4.4
2005,4,10,2.0,5.3
1982,4,10,1.0,5.5
2011,8,10,1.0,7.4
1967,11,10,1.0,5.2
1957,2,10,2.0,7.3
1978,9,10,1.0,7.6
1973,8,10,1.0,4.3
1977,9,10,1.0,4.9
2020,12,10,2.0,5.4
2004,11,10,1.0,6.7
1943,11,10,57.0,5.5
1954,9,10,2.0,8.5
1941,4,10,56.0,5.9
1930,2,9,1.0,6.8
2024,11,10,1.0,5.7
1963,3,10,1.0,7.2
2007,7,10,1.0,6.4
2022,10,10,2.0,7.4
1997,6,10,1.0,5.1
1973,2,10,1.0,5.8
1995,3,10,1.0,6.8
2011,3,1,1.0,7.7
1992,7,10,1.0,5.6
1942,9,10,1.0,6.2
1964,9,5,1.0,6.0
1961,10,10,2.0,6.4
2002,9,10,1.0,3.7
1974,7,10,1.0,5.1
1975,10,10,1.0,6.5
1958,5,10,1.0,6.6
2004,1,10,1.0,6.9
1949,10,10,1.0,5.7
1928,4,9,50.0,3.7
1942,11,10,1.0,6.1
1939,9,10,1.0,5.3
2002,4,10,1.0,4.1
1999,10,10,1.0,6.2
1933,11,10,1.0,6.3
1978,11,10,1.0,7.2
1958,2,10,1.0,6.9
1999,4,10,1.0,5.2
1995,9,10,1.0,5.5
2001,9,10,1.0,7.8
1948,12,10,1.0,5.3
2014,11,10,2.0,7.3
2023,10,10,1.0,7.6
1956,4,4,1.0,7.0
1999,7,10,2.0,7.6
1974,9,1,1.0,4.3
1942,7,10,1.0,9.3
1935,7,10,1.0,5.9
2002,5,10,1.0,5.6
2013,8,10,1.0,3.8
1979,12,10,1.0,5.9
1971,9,10,2.0,7.0
1990,6,10,2.0,7.7
1960,1,10,1.0,5.9
1923,8,8,50.0,3.6
2006,3,10,1.0,5.2
1958,4,10,1.0,5.7
2013,11,10,1.0,5.1
1942,4,10,1.0,6.5
1935,1,10,1.0,7.2
1975,11,10,1.0,6.5
1950,1,10,1.0,6.7
1922,11,10,1.0,6.5
2005,4,10,1.0,7.3
1990,3,10,1.0,4.6
1962,4,10,1.0,5.4
1987,9,10,2.0,5.8
1971,4,10,1.0,5.1
1968,2,10,1.0,7.1
2000,11,10,1.0,5.6
2024,9,10,2.0,6.0
1927,12,9,1.0,6.3
1975,6,10,2.0,6.6
1962,1,10,1.0,7.6
1955,8,10,1.0,5.7
1945,5,10,1.0,6.2
1950,8,4,1.0,8.6
1988,9,10,2.0,6.1
1981,2,10,1.0,3.3
1988,9,10,1.0,5.5
1972,5,10,1.0,7.0
1930,2,10,1.0,6.2
2016,11,10,2.0,7.0
1956,11,10,2.0,7.3
2008,4,10,1.0,5.3
1937,2,10,1.0,6.1
1982,9,10,1.0,4.4
1968,6,10,1.0,5.5
2010,1,10,1.0,7.1
1930,12,9,1.0,7.9
2000,12,10,2.0,6.5
2016,3,10,1.0,7.6
1994,6,10,1.0,4.6
1943,10,10,1.0,6.6
1985,6,10,1.0,7.7
1966,1,10,1.0,5.7
2012,10,10,1.0,4.7
1939,6,10,3.0,7.1
1925,6,9,50.0,5.1
2000,9,10,1.0,5.8
1992,1,10,2.0,6.7
1923,1,10,1.0,6.8
1991,11,10,2.0,4.9
1969,1,10,2.0,5.9
2015,8,10,1.0,6.2
1946,7,10,1.0,6.3
1950,8,10,1.0,6.0
1994,9,10,1.0,5.5
1993,12,9,1.0,6.7
2016,12,10,1.0,5.6
1950,6,10,1.0,3.3
1977,9,10,1.0,6.3
1999,3,10,1.0,4.9
1962,9,10,1.0,7.2
1939,12,10,1.0,6.7
2013,8,10,1.0,5.7
2021,10,10,1.0,7.1
1931,10,10,1.0,6.3
1962,11,10,1.0,6.3
1978,5,9,2.0,7.3
1991,3,10,1.0,6.0
2010,9,10,1.0,7.7
2017,3,10,2.0,5.6
1982,9,10,1.0,6.6
1977,6,10,1.0,6.8
1938,10,10,1.0,5.4
1975,5,10,1.0,5.3
1951,5,10,1.0,6.2
1940,4,10,1.0,5.8
1963,7,10,1.0,6.7
2024,1,10,1.0,6.3
1962,9,10,1.0,7.7
1972,2,10,1.0,6.5
2000,2,10,1.0,4.0
1943,10,10,1.0,7.1
1936,8,10,1.0,6.0
1940,6,10,1.0,6.8
1950,10,10,1.0,4.4
1989,12,10,1.0,3.5
1930,6,10,1.0,5.1
1955,11,10,1.0,7.1
1934,11,10,1.0,6.0
2022,10,10,1.0,7.4
1923,3,10,6.0,7.5
2011,1,10,2.0,7.3
1951,4,10,1.0,6.5
1950,6,10,1.0,5.2
1932,3,10,1.0,6.2
1960,5,10,1.0,6.4
1961,8,10,1.0,6.1
1976,7,10,1.0,4.1
1986,1,10,1.0,4.9
2011,9,10,1.0,6.2
2003,9,10,1.0,5.0
1946,9,10,1.0,6.6
1967,3,10,1.0,7.4
1952,10,10,1.0,5.7
1999,9,10,1.0,5.9
1975,11,10,1.0,3.7
1960,8,10,1.0,6.8
2000,11,10,1.0,5.2
1931,8,10,57.0,5.5
1967,4,10,1.0,4.9
1930,6,8,1.0,7.2
1997,8,10,1.0,6.2
1975,5,10,1.0,5.9
2014,10,10,1.0,6.2
1982,9,10,1.0,6.6
1945,12,7,2.0,6.9
1967,5,10,1.0,4.5
1971,10,7,1.0,6.5
2010,9,10,1.0,7.0
2015,6,10,1.0,6.3
2016,1,10,2.0,4.0
2019,10,10,2.0,7.3
1936,5,10,1.0,6.6
2010,10,10,1.0,6.2
1962,4,10,1.0,6.1
1964,9,10,1.0,6.7
1965,10,10,1.0,5.7
1971,3,10,1.0,7.2
1977,5,10,1.0,7.9
2008,1,10,2.0,7.6
2011,3,10,1.0,7.3
2004,9,10,2.0,7.4
1989,1,10,1.0,6.2
1992,6,10,1.0,5.8
1956,2,10,1.0,6.4
2022,10,6,2.0,8.3
1968,5,10,1.0,5.4
1982,5,10,1.0,6.4
1937,2,10,1.0,6.2
1948,11,10,1.0,7.3
1954,10,10,1.0,6.1
1932,3,10,54.0,5.8
1949,5,10,1.0,6.7
1936,8,10,1.0,6.5
1945,12,10,1.0,6.1
2021,7,10,1.0,7.8
1979,5,10,1.0,5.0
1931,7,10,1.0,5.7
1936,10,10,1.0,7.8
1955,11,10,1.0,6.6
2012,10,10,1.0,7.9
1929,6,10,2.0,5.9
2003,12,10,1.0,6.5
2008,10,10,1.0,7.6
2016,1,10,2.0,6.4
1995,10,10,1.0,5.6
1973,9,10,1.0,4.4
2013,2,10,2.0,6.6
1948,1,10,1.0,5.2
2002,4,10,1.0,5.5
1974,9,10,2.0,7.6
2004,8,10,1.0,5.0
1982,9,10,1.0,5.1
1978,10,6,1.0,8.1
2010,9,10,1.0,6.2
2000,1,10,1.0,4.2
1956,12,10,1.0,6.2
1934,11,10,1.0,6.4
1950,12,10,1.0,6.0
1990,7,10,1.0,6.6
2006,2,10,1.0,5.8
1947,6,10,58.0,5.8
1943,9,10,57.0,7.2
2019,12,10,1.0,5.4
2005,9,10,1.0,5.9
1988,11,10,1.0,7.2
1981,3,10,1.0,7.4
1958,3,10,1.0,5.8
1979,11,10,2.0,7.6
1940,7,10,1.0,6.3
2015,10,10,1.0,6.4
2000,10,10,1.0,7.5
1998,9,10,1.0,6.3
1971,6,10,1.0,4.8
2009,1,10,2.0,7.1
1965,10,10,1.0,6.7
1977,1,10,1.0,5.8
1976,3,10,1.0,6.8
1925,2,7,1.0,7.0
2010,1,1,1.0,7.8
2019,5,4,1.0,6.9
1980,9,10,1.0,7.1
2018,5,10,1.0,5.0
1953,8,10,1.0,6.9
1953,2,10,1.0,7.5
2021,5,10,1.0,6.6
1978,9,10,2.0,6.7
2024,12,10,1.0,7.0
2004,4,10,1.0,3.1
1962,4,10,1.0,7.8
1930,8,10,1.0,5.2
2021,3,10,2.0,5.1
1982,9,10,2.0,6.2
1952,5,10,1.0,7.0
1969,6,10,1.0,4.5
2018,1,10,2.0,6.5
2012,9,10,1.0,4.6
2003,11,10,1.0,7.1
1982,3,10,1.0,5.5
1988,2,10,1.0,5.6
1926,9,10,50.0,6.2
1946,1,10,1.0,7.3
1960,10,10,1.0,4.6
2018,2,10,1.0,6.4
1946,11,10,1.0,6.3
2012,9,10,1.0,5.1
1943,4,6,1.0,6.4
1975,10,10,1.0,6.4
1949,11,10,1.0,6.0
1960,3,10,1.0,6.1
2005,5,10,1.0,6.3
1994,11,10,1.0,5.4
1930,2,8,1.0,7.1
1939,2,10,1.0,5.5
1958,8,10,1.0,7.0
1976,7,10,2.0,6.5
1984,11,10,1.0,6.5
1982,12,10,3.0,8.1
2017,3,10,1.0,5.8
2003,6,10,2.0,5.6
2018,1,10,1.0,5.3
2018,10,10,1.0,6.7
1930,8,10,1.0,5.1
1937,5,10,1.0,7.2
2006,4,10,1.0,5.2
1992,6,4,1.0,8.4
1988,11,10,1.0,6.7
1999,10,10,1.0,5.4
1932,9,9,1.0,6.8
1950,7,10,1.0,7.2
1968,1,10,2.0,6.9
2010,6,1,1.0,7.2
2012,6,10,1.0,4.2
2009,11,10,1.0,6.8
1930,2,10,1.0,5.7
2001,1,10,1.0,5.7
1954,3,10,1.0,5.6
1920,1,10,58.0,6.4
2023,2,10,1.0,5.9
1933,8,10,1.0,5.4
1957,3,10,1.0,6.1
1947,11,10,3.0,6.4
1943,12,10,1.0,6.4
1975,11,10,1.0,4.9
1928,9,10,1.0,5.3
1977,3,10,1.0,6.7
1974,8,10,2.0,5.6
2002,11,10,1.0,6.6
2011,10,10,1.0,7.1
1978,9,10,1.0,5.5
1948,10,10,1.0,6.8
2013,4,10,1.0,6.2
1977,4,8,1.0,5.7
1938,5,8,1.0,7.1
1938,8,10,4.0,6.3
1993,2,10,2.0,6.7
1964,9,10,1.0,7.3
1999,5,10,1.0,6.9
1975,1,10,1.0,6.0
1986,12,10,1.0,6.1
1947,4,10,1.0,6.5
1936,4,10,1.0,6.6
1999,12,10,1.0,6.3
1927,7,8,1.0,7.1
1974,12,10,2.0,7.1
1931,8,3,1.0,7.2
1995,2,10,1.0,6.7
1992,7,10,2.0,6.3
1991,6,10,1.0,6.9
1961,12,10,1.0,6.3
2006,10,10,1.0,5.6
1947,1,10,1.0,5.7
1999,1,10,1.0,7.2
2024,10,10,1.0,7.2
1941,8,10,1.0,6.5
1929,5,10,1.0,7.2
1936,2,10,1.0,6.1
1973,1,8,52.0,6.7
1925,1,10,1.0,6.8
1927,11,9,1.0,5.9
1968,4,10,1.0,7.5
2007,2,10,1.0,6.4
2008,10,10,2.0,5.7
2024,5,10,1.0,2.2
1933,9,10,4.0,5.8
1926,11,10,56.0,6.7
1974,9,10,1.0,6.3
1991,11,10,1.0,5.8
2025,3,10,2.0,7.0
1963,12,10,2.0,6.7
1994,7,10,1.0,6.2
1933,3,10,1.0,6.2
2025,2,6,1.0,7.0
2009,6,10,1.0,6.6
1935,11,10,1.0,6.4
1979,3,10,1.0,6.8
1969,3,10,1.0,6.3
1947,12,10,1.0,6.9
1927,7,8,3.0,5.6
1993,9,10,2.0,4.9
2016,10,10,2.0,6.2
1921,1,10,2.0,5.1
1943,7,10,1.0,5.8
1977,2,10,1.0,4.7
1991,8,10,2.0,6.2
1957,10,10,1.0,7.2
2004,11,10,2.0,7.4
1991,5,10,1.0,6.9
1984,5,10,1.0,3.6
1956,11,10,2.0,7.0
1930,8,10,1.0,5.5
1991,9,10,1.0,4.9
1941,6,10,1.0,7.2
2022,10,10,1.0,6.9
2011,3,4,1.0,4.3
2001,6,10,1.0,7.1
1937,4,10,1.0,6.5
2019,5,10,1.0,6.3
1940,2,10,1.0,5.8
2023,4,10,1.0,5.3
1943,9,10,1.0,6.2
1935,2,10,1.0,6.9
2009,8,10,1.0,6.3
1934,6,10,1.0,6.0
1929,4,4,1.0,6.8
1950,2,10,1.0,6.9
1956,10,10,1.0,6.5
1961,6,10,1.0,5.4
1994,2,10,1.0,6.2
1948,1,10,2.0,6.8
1963,8,10,1.0,5.8
1991,6,10,2.0,6.7
1931,2,10,1.0,5.9
1993,3,10,1.0,4.5
1949,11,10,1.0,6.5
2012,9,10,1.0,5.0
1946,10,10,1.0,6.4
2012,5,10,1.0,5.2
1996,10,10,1.0,5.8
1946,7,10,1.0,5.8
1951,9,10,1.0,6.0
2014,8,10,1.0,6.7
1997,1,10,1.0,7.0
1999,7,10,1.0,4.2
1987,12,10,1.0,5.1
1954,2,10,1.0,5.6
1969,9,7,1.0,6.5
2017,9,10,1.0,6.4
1920,10,9,50.0,7.3
1987,8,10,1.0,6.5
1949,8,10,1.0,6.5
2017,2,10,1.0,7.2
1994,2,10,1.0,5.5
1948,3,10,1.0,7.4
1995,2,10,1.0,5.0
1954,11,10,2.0,7.5
1924,10,10,1.0,7.4
1991,8,10,1.0,4.9
2010,10,10,1.0,7.5
1973,7,10,1.0,6.3
1945,6,10,1.0,7.3
2025,1,10,1.0,5.9
1942,4,10,59.0,6.3
2006,1,10,1.0,6.3
2000,10,10,1.0,6.5
1942,10,10,1.0,5.4
1956,2,10,1.0,7.6
1998,11,10,1.0,6.0
2009,5,9,1.0,5.3
2010,12,10,1.0,6.8
2004,1,10,2.0,3.0
2016,5,10,1.0,6.6
1936,9,10,1.0,5.6
2010,3,10,1.0,6.7
1999,9,10,1.0,6.3
1995,10,10,1.0,4.7
2021,1,10,2.0,7.1
1954,11,10,1.0,6.6
1939,12,10,1.0,6.4
1975,10,10,1.0,5.5
2019,2,10,1.0,7.4
1980,2,10,1.0,6.2
2001,6,10,1.0,6.9
2005,11,1,2.0,7.3
1998,10,10,2.0,7.7
1960,12,10,1.0,6.9
1971,12,10,1.0,4.5
1944,6,10,1.0,6.3
1987,2,10,1.0,7.5
2019,3,10,1.0,6.9
2009,10,10,1.0,7.4
2017,4,3,1.0,7.0
1944,9,10,1.0,6.6
1928,8,8,1.0,6.0
1992,5,10,1.0,6.2
1958,4,10,1.0,6.7
1938,1,10,1.0,4.7
2011,1,10,1.0,5.8
1988,1,10,1.0,4.0
1965,6,10,1.0,7.4
1956,3,8,1.0,6.8
1990,3,10,1.0,5.4
1993,5,10,1.0,7.1
2015,12,10,1.0,7.2
1994,8,10,1.0,4.8
1961,3,10,1.0,5.4
1951,10,10,1.0,6.2
2019,2,10,2.0,6.8
2002,12,10,1.0,6.4
1983,12,10,1.0,6.5
1971,7,10,1.0,6.9
1983,3,10,1.0,5.1
2023,7,10,1.0,4.5
1932,6,10,1.0,6.7
1957,1,10,1.0,4.3
1964,8,10,1.0,5.8
1976,11,10,1.0,7.3
1990,6,10,1.0,4.6
2023,12,10,2.0,7.8
1965,8,10,2.0,7.0
1944,1,10,59.0,6.4
1947,10,10,1.0,5.8
1974,1,10,1.0,7.1
1998,1,10,1.0,6.6
1995,10,10,1.0,4.6
1998,10,10,2.0,6.3
1978,3,10,1.0,6.3
1943,1,10,1.0,5.9
1971,9,10,1.0,6.0
1951,1,10,1.0,6.2
2006,10,10,2.0,6.5
2001,1,10,1.0,5.8
1978,1,7,1.0,4.8
2016,7,10,1.0,4.8
1983,8,10,1.0,5.4
1990,8,10,1.0,6.4
1990,8,10,1.0,4.4
1996,4,10,1.0,5.8
1950,9,10,1.0,5.3
1939,8,10,1.0,6.2
2015,7,10,1.0,6.2
2020,3,4,1.0,7.4
1976,10,10,2.0,6.5
1965,6,10,1.0,6.2
1934,12,10,1.0,6.6
1932,9,10,4.0,3.8
1969,2,10,1.0,5.6
2001,1,10,2.0,7.3
2006,3,10,1.0,6.4
2011,8,10,1.0,3.6
1986,2,4,1.0,5.4
2021,11,10,1.0,4.2
1933,4,10,1.0,6.5
1960,6,6,1.0,7.8
2014,3,10,1.0,6.7
2020,6,10,1.0,6.5
2019,11,10,2.0,7.3
2011,12,10,1.0,5.7
1927,11,10,1.0,6.6
2021,6,10,1.0,5.6
2003,5,10,1.0,6.5
2010,6,10,2.0,7.1
2016,11,10,1.0,6.6
1923,3,10,1.0,6.1
1981,2,10,1.0,6.9
1972,5,10,1.0,5.4
1941,1,10,1.0,6.7
2021,11,10,2.0,7.5
2003,3,10,1.0,5.0
1979,9,10,1.0,5.4
2012,9,10,1.0,3.5
1921,2,6,1.0,5.4
1943,10,10,2.0,7.4
1945,11,10,1.0,6.4
1947,6,10,1.0,7.1
1956,4,10,1.0,6.7
2001,9,10,1.0,6.6
2005,10,10,47.0,7.1
1996,10,10,1.0,5.8
1997,12,10,2.0,6.5
1951,3,10,1.0,5.4
1941,7,10,1.0,7.0
1944,4,10,1.0,4.3
1935,10,10,1.0,5.9
1971,7,10,1.0,6.2
2016,4,10,2.0,6.8
1982,10,10,1.0,6.9
2002,10,10,2.0,6.5
2005,12,10,1.0,7.3
1958,3,10,1.0,7.3
1954,2,10,1.0,5.9
1928,9,9,1.0,7.1
1962,11,10,2.0,7.1
1971,8,10,1.0,6.6
1964,9,10,1.0,6.0
1952,11,10,1.0,6.1
2014,5,10,1.0,4.9
1936,4,10,1.0,6.5
2016,9,10,1.0,6.2
2005,8,10,1.0,6.4
1990,8,10,1.0,4.3
1966,12,10,1.0,5.8
1928,9,10,1.0,7.1
2016,10,10,1.0,6.5
1994,2,10,1.0,5.3
1955,9,10,1.0,5.3
2014,3,10,1.0,5.8
1988,8,10,1.0,4.9
2000,6,10,1.0,5.4
1975,1,10,1.0,6.1
1944,7,10,1.0,6.6
1953,3,10,1.0,7.4
1979,6,10,2.0,6.3
1975,12,10,2.0,6.0
1954,9,10,1.0,6.6
1976,1,10,1.0,4.2
1977,5,10,1.0,4.3
2019,3,10,1.0,5.7
1994,7,10,1.0,7.0
1949,5,10,1.0,6.5
1962,5,10,2.0,5.6
1983,11,10,1.0,7.9
2020,7,10,1.0,5.4
2019,11,10,1.0,6.4
2023,6,10,2.0,7.1
1947,12,10,1.0,5.7
1978,4,10,1.0,5.8
1962,1,10,2.0,7.1
1993,2,10,2.0,5.3
1972,6,10,1.0,5.8
1964,4,10,1.0,4.3
1921,11,9,55.0,6.8
1934,11,10,1.0,7.5
1993,12,10,1.0,6.2
1974,6,10,1.0,6.8
2009,8,10,1.0,6.5
2012,5,10,1.0,6.6
2003,5,10,1.0,6.1
2011,1,10,1.0,6.5
1951,12,10,1.0,6.3
2020,11,10,1.0,7.8
1967,9,10,1.0,7.1
1976,12,10,1.0,6.9
1986,12,10,1.0,7.0
2020,4,10,1.0,6.4
2015,12,10,1.0,6.2
1961,4,6,2.0,6.3
1954,11,10,1.0,7.4
1945,5,10,1.0,6.3
1984,10,10,1.0,6.6
1940,4,10,5.0,5.8
2014,1,10,1.0,5.1
2006,4,6,1.0,7.0
1968,12,10,1.0,4.7
2007,8,10,1.0,7.3
1969,8,10,1.0,5.7
1971,9,10,1.0,6.9
1941,8,10,1.0,6.4
1998,9,10,1.0,7.7
2022,11,10,1.0,6.4
1932,8,4,1.0,5.5
2003,1,10,1.0,6.4
1945,9,10,1.0,6.2
1962,9,10,1.0,5.9
1932,6,10,1.0,5.5
2021,7,10,1.0,4.5
2018,12,9,1.0,9.5
1956,1,10,1.0,6.1
1950,8,10,1.0,6.8
1998,3,10,1.0,3.7
1950,6,10,1.0,6.6
1976,10,10,1.0,5.0
2011,2,10,1.0,7.6
1976,6,10,1.0,4.2
2004,2,10,1.0,6.1
1960,4,10,1.0,6.0
1996,2,10,1.0,7.0
2008,7,10,1.0,5.9
1984,11,10,1.0,6.9
1983,1,10,1.0,5.3
1950,12,10,1.0,7.3
2015,8,10,1.0,5.3
1926,3,8,1.0,2.6
1999,5,10,1.0,4.6
2001,12,8,1.0,8.3
1966,6,10,1.0,5.8
1941,8,10,1.0,6.3
1928,7,6,1.0,6.8
2002,10,10,2.0,7.5
2003,9,10,1.0,5.6
1963,3,10,1.0,7.3
1979,3,10,1.0,6.5
2001,4,10,1.0,7.2
1954,7,10,1.0,6.0
1997,10,10,1.0,6.3
1998,9,10,2.0,6.9
1945,6,10,1.0,6.3
1974,11,10,1.0,4.4
1977,9,10,2.0,5.4
1951,2,10,1.0,7.1
2000,4,10,1.0,8.1
1992,9,10,1.0,4.6
1983,1,9,1.0,3.8
1995,10,10,1.0,4.3
1990,1,10,1.0,6.1
1997,10,10,1.0,5.8
1936,12,10,1.0,6.3
1993,4,10,2.0,8.7
1975,11,10,2.0,7.0
1941,12,10,1.0,6.3
1997,11,10,1.0,6.2
1969,2,10,1.0,5.8
1946,11,10,1.0,7.1
2004,7,10,1.0,4.3
1963,6,10,1.0,4.5
2024,2,1,2.0,7.7
1982,2,10,1.0,6.7
1940,2,10,1.0,5.1
2025,2,10,1.0,9.3
2008,7,10,1.0,6.8
1976,4,6,1.0,4.8
1949,7,10,1.0,7.0
2024,3,10,1.0,5.8
1987,1,10,1.0,5.2
2008,3,10,1.0,8.1
1950,1,10,1.0,6.1
2010,12,10,2.0,7.3
2017,4,6,1.0,7.4
1992,9,10,1.0,5.2
1967,7,10,1.0,5.6
1974,12,10,1.0,4.2
2021,6,10,1.0,6.4
2024,5,10,2.0,7.5
1965,2,10,2.0,6.7
2000,1,10,2.0,7.4
1951,9,10,1.0,7.8
1945,4,10,1.0,7.3
1968,1,10,1.0,5.3
2021,6,10,1.0,4.5
1999,5,10,1.0,7.6
1925,2,10,1.0,6.1
1923,9,8,1.0,6.2
1986,12,10,1.0,4.6
1988,1,10,1.0,8.9
1939,8,10,59.0,5.9
2005,4,10,1.0,6.7
1949,1,9,1.0,7.2
1971,3,10,1.0,6.2
1921,1,10,1.0,6.2
1982,9,10,1.0,5.3
1934,9,10,57.0,4.8
1944,7,10,1.0,6.2
1943,4,10,56.0,5.2
2007,12,10,1.0,7.2
1979,9,10,1.0,4.5
1935,9,10,56.0,4.8
1958,9,10,1.0,5.8
2016,4,10,1.0,5.4
1994,4,10,1.0,5.2
1971,8,10,1.0,7.3
1974,6,10,1.0,4.7
2017,4,7,1.0,6.2
2021,8,10,1.0,7.0
1979,1,10,1.0,7.4
2010,4,10,1.0,6.9
1960,9,10,1.0,6.1
1931,3,10,1.0,5.5
1957,3,10,1.0,6.6
2017,12,10,1.0,6.7
2021,4,10,1.0,7.8
1995,10,10,1.0,5.7
1945,9,1,1.0,7.1
1949,4,10,1.0,6.6
1963,11,9,2.0,7.5
1942,2,10,1.0,6.9
1929,3,5,1.0,5.9
2024,2,10,1.0,5.2
1958,4,10,2.0,7.1
1984,8,10,1.0,6.7
1935,12,10,1.0,7.4
1953,11,10,1.0,5.3
1997,12,8,1.0,6.8
1961,10,10,1.0,5.9
1989,8,10,1.0,3.6
1964,12,10,1.0,4.9
1956,5,10,1.0,6.9
1968,1,10,1.0,3.6
1962,5,10,1.0,3.1
1991,11,9,1.0,5.0
1978,6,10,1.0,6.5
1921,11,9,1.0,6.4
1976,6,10,1.0,4.7
1924,5,10,1.0,6.0
1979,6,10,1.0,5.5
1965,3,10,1.0,6.5
1990,9,10,1.0,5.0
1980,4,10,1.0,5.9
1939,7,10,1.0,6.5
1944,9,10,1.0,6.2
1939,3,10,1.0,6.1
2012,2,10,2.0,4.7
1951,11,10,1.0,5.8
1958,1,10,2.0,6.8
1939,4,10,58.0,5.7
1963,1,10,1.0,4.9
2017,4,10,1.0,3.6
1978,12,10,1.0,7.1
1988,9,10,1.0,5.0
1941,6,10,1.0,5.3
1974,3,10,1.0,4.5
1935,8,10,1.0,6.2
2014,1,5,1.0,7.5
2013,8,10,2.0,5.8
2013,10,1,1.0,6.9
1967,12,10,1.0,6.9
1983,7,10,2.0,7.6
2023,8,10,1.0,6.1
2001,8,10,3.0,6.6
1992,8,10,1.0,6.1
2000,1,10,1.0,6.3
2012,12,10,1.0,5.2
1923,10,10,2.0,7.3
1993,7,10,1.0,2.9
1972,2,10,2.0,7.4
1925,9,10,1.0,6.7
1955,9,10,2.0,7.1
1932,10,10,1.0,6.2
2007,9,10,1.0,7.9
1986,10,10,1.0,6.0
1960,8,10,1.0,5.9
1957,3,10,1.0,6.2
1994,2,10,1.0,5.9
2008,7,10,1.0,6.3
1978,2,10,1.0,5.5
1934,7,10,1.0,7.1
1957,6,10,2.0,7.1
1998,10,10,1.0,6.7
1942,1,10,1.0,6.4
2011,3,10,1.0,7.9
2024,10,10,2.0,6.7
1975,8,10,1.0,4.7
1939,6,10,1.0,6.8
1947,1,10,1.0,6.8
1946,1,2,1.0,7.9
1981,8,10,1.0,5.2
1985,1,10,1.0,7.5
1959,12,10,1.0,6.9
1998,1,10,1.0,3.9
1993,7,10,1.0,3.4
2018,10,3,1.0,7.5
1952,5,10,1.0,6.9
1983,7,10,1.0,4.5
1966,6,8,1.0,6.2
2018,2,10,1.0,5.8
1965,7,10,59.0,6.3
1998,4,10,1.0,5.8
2015,8,10,1.0,6.1
1998,5,10,1.0,6.9
1989,11,10,1.0,4.6
1984,6,10,1.0,6.6
1996,9,10,1.0,5.0
1956,10,10,1.0,6.2
1959,9,10,1.0,5.7
1998,8,10,1.0,4.0
1980,8,10,1.0,6.8
1930,5,10,1.0,6.4
1984,9,10,1.0,5.8
1990,6,10,1.0,3.2
1947,9,10,1.0,6.8
1927,12,7,1.0,5.3
1968,7,9,1.0,4.6
1990,10,10,1.0,6.4
1982,8,10,1.0,5.6
2009,12,10,2.0,7.9
1968,2,10,1.0,6.8
2013,8,10,1.0,7.1
1946,5,10,1.0,6.8
1937,4,10,1.0,6.4
1965,12,10,1.0,7.6
1979,6,10,2.0,7.0
1943,11,10,1.0,7.3
2007,1,6,1.0,7.3
1955,5,10,1.0,6.1
1987,5,10,1.0,4.7
1984,5,10,1.0,5.0
1970,3,10,3.0,8.1
1960,9,8,1.0,6.6
1999,8,10,1.0,5.4
1994,9,9,1.0,5.5
1941,7,10,2.0,6.2
1962,3,10,1.0,6.3
1920,11,7,50.0,5.0
1979,11,10,1.0,7.9
1972,5,10,1.0,6.4
1941,5,10,1.0,6.0
1948,2,10,1.0,5.3
2014,1,10,1.0,7.7
2010,2,10,1.0,7.9
1999,1,10,1.0,8.2
2010,10,10,1.0,5.6
1957,7,10,1.0,6.9
1999,5,10,1.0,7.2
1998,6,10,2.0,7.2
1952,7,10,1.0,6.3
2018,1,10,1.0,6.9
2004,3,10,1.0,6.7
1932,11,10,1.0,6.3
1944,3,10,1.0,5.7
1964,2,10,1.0,6.3
2001,8,10,1.0,7.2
1994,6,10,2.0,6.2
2014,10,10,1.0,6.9
2000,1,10,2.0,6.9
1993,12,10,2.0,6.6
1934,5,7,1.0,4.8
1934,3,7,1.0,6.5
1966,1,6,1.0,9.3
1977,1,10,2.0,7.5
1935,3,10,1.0,6.0
1989,3,10,1.0,8.1
2009,9,10,1.0,6.9
2023,11,5,1.0,5.4
1976,7,10,1.0,5.7
1948,1,10,1.0,5.9
1968,9,10,1.0,5.3
2018,6,10,1.0,5.2
1983,7,10,1.0,4.8
1952,12,10,1.0,5.7
2001,2,8,1.0,4.8
2019,1,10,1.0,6.7
1964,1,10,2.0,6.5
1980,12,10,3.0,7.0
1985,10,10,1.0,3.7
2021,1,10,1.0,7.1
2002,1,10,2.0,6.4
1983,4,1,45.0,5.1
1990,5,10,1.0,7.0
1985,9,10,1.0,5.5
1936,5,10,1.0,6.0
1959,11,10,1.0,7.2
1964,11,6,1.0,5.0
2017,4,10,1.0,6.8
1945,9,10,1.0,6.2
2019,11,5,4.0,6.8
2025,5,10,1.0,6.6
2015,9,10,1.0,6.7
2006,9,3,1.0,7.5
1983,2,7,1.0,5.8
1998,1,10,1.0,3.7
2014,1,10,1.0,6.2
1962,3,10,1.0,5.4
2018,2,10,3.0,7.3
1927,5,10,1.0,6.7
1957,4,10,1.0,6.5
1928,12,7,1.0,5.7
2006,3,5,1.0,6.9
2014,5,10,1.0,7.2
1944,5,10,1.0,7.1
1997,5,10,2.0,6.6
1957,12,10,1.0,6.8
1931,2,10,1.0,7.1
2017,10,10,1.0,7.3
2005,9,10,1.0,5.5
1977,6,1,1.0,7.3
1943,10,10,1.0,6.2
2015,4,9,1.0,7.4
2022,2,10,1.0,6.7
1987,5,10,1.0,7.2
1936,3,10,1.0,6.2
2002,12,10,1.0,6.3
1949,11,10,1.0,6.3
1929,12,10,1.0,6.2
1968,4,10,1.0,7.4
1962,8,10,1.0,5.4
1976,2,10,1.0,6.3
1984,8,10,1.0,6.6
2004,6,10,1.0,7.4
2007,9,10,1.0,4.5
1977,8,4,1.0,6.0
1977,12,10,2.0,6.8
1945,6,10,1.0,5.9
1925,9,9,52.0,7.8
1928,7,7,59.0,4.0
1948,3,10,1.0,7.8
2016,11,10,1.0,7.5
2013,4,10,1.0,5.5
1952,1,10,1.0,6.1
1947,2,10,1.0,6.7
1965,3,10,1.0,7.1
1995,5,10,1.0,7.1
1983,1,10,1.0,6.4
1960,5,10,1.0,5.6
1943,8,10,1.0,5.9
1987,6,10,1.0,6.1
2015,4,10,1.0,7.2
1964,9,10,1.0,6.2
1968,5,10,1.0,5.3
1978,3,10,1.0,6.4
1966,7,10,1.0,6.3
1995,5,10,1.0,6.6
2013,11,10,2.0,7.5
1983,10,10,1.0,6.4
1970,8,10,1.0,7.3
2014,8,10,1.0,5.9
1932,11,10,1.0,5.6
1963,7,10,1.0,5.8
1995,10,10,1.0,6.7
1986,8,10,1.0,3.7
1941,12,10,1.0,5.7
1940,7,10,1.0,6.5
1925,5,7,1.0,6.8
1944,4,10,1.0,7.4
1990,12,7,1.0,5.2
1994,12,8,1.0,6.2
2010,6,10,1.0,7.1
1944,3,10,1.0,6.4
1937,10,10,1.0,6.4
1946,10,10,1.0,7.0
1953,8,10,1.0,6.1
1964,10,10,2.0,6.2
1926,12,9,1.0,7.2
2004,4,10,1.0,7.1
1933,6,10,1.0,6.8
2007,3,10,1.0,6.9
1969,9,10,1.0,6.3
1948,5,10,1.0,6.4
1986,6,10,1.0,6.7
1932,3,10,58.0,4.1
1998,4,10,1.0,3.3
1985,3,10,1.0,6.1
1989,9,10,1.0,5.3
1968,10,10,2.0,7.6
2015,1,10,1.0,6.3
2007,4,10,2.0,7.8
2013,3,10,1.0,5.7
1977,12,10,1.0,5.5
1996,12,10,1.0,7.4
1940,2,10,1.0,5.8
2018,8,9,1.0,5.9
1954,2,10,1.0,5.7
1945,7,10,55.0,6.1
2011,9,10,1.0,6.4
2000,7,10,1.0,5.3
2021,6,10,1.0,6.3
2018,1,10,2.0,5.4
2015,5,10,1.0,6.2
2000,9,10,1.0,7.2
1992,5,10,1.0,5.8
2002,9,10,1.0,7.3
2008,6,10,2.0,6.7
1981,5,10,2.0,7.1
1962,7,10,1.0,6.0
1984,10,10,2.0,6.2
1998,5,10,2.0,7.4
2016,12,10,1.0,6.5
1967,2,10,1.0,6.2
1999,12,10,1.0,7.4
1987,12,10,1.0,6.6
1978,10,10,1.0,6.9
1973,9,10,1.0,7.2
1964,8,10,1.0,5.5
1998,7,10,1.0,7.6
1950,10,10,1.0,5.9
1984,9,10,2.0,8.4
2023,10,10,1.0,5.5
2002,5,10,1.0,7.0
1938,11,10,1.0,5.9
2025,3,10,1.0,5.9
2023,10,10,1.0,6.5
1940,3,10,1.0,4.7
2016,3,10,1.0,7.6
1991,12,10,3.0,8.0
1966,10,10,1.0,5.3
1973,10,7,1.0,4.4
1969,8,10,1.0,5.0
1948,6,10,1.0,6.4
1981,8,10,1.0,5.0
1976,12,10,2.0,5.7
1970,12,10,2.0,6.8
1981,1,10,2.0,6.4
1927,7,10,1.0,5.8
1978,10,10,2.0,7.0
1975,9,10,1.0,6.1
1991,3,10,1.0,5.7
1937,12,10,1.0,6.9
2012,4,10,1.0,6.5
2000,1,10,2.0,7.6
1936,4,10,1.0,6.6
2012,10,10,1.0,6.5
2007,3,10,1.0,7.3
1942,9,10,1.0,5.5
2005,7,10,1.0,5.1
1925,12,10,3.0,5.9
1935,12,10,58.0,5.5
1973,10,10,1.0,6.3
1969,8,10,2.0,5.8
1969,5,10,1.0,5.2
1981,7,10,1.0,5.5
1946,12,10,1.0,6.5
2013,2,10,1.0,6.7
1941,7,10,1.0,7.1
2014,10,10,1.0,6.0
1965,3,10,1.0,7.2
1963,4,10,54.0,6.7
1937,1,10,1.0,6.5
2013,11,10,2.0,7.3
1993,8,10,1.0,3.3
2006,11,10,1.0,6.8
1960,2,10,59.0,6.7
1973,10,10,1.0,7.2
1998,6,10,1.0,3.8
1965,9,10,1.0,6.7
1930,8,10,1.0,5.7
2013,9,8,1.0,6.2
1948,1,10,2.0,7.1
1925,9,10,1.0,4.2
1971,4,10,2.0,6.6
2019,10,10,2.0,4.9
1923,10,10,1.0,6.3
1924,11,9,1.0,7.1
1997,10,10,1.0,5.1
1978,8,8,1.0,6.7
1966,6,10,1.0,4.8
1971,11,10,3.0,8.0
1978,1,10,1.0,7.1
1997,5,10,1.0,4.8
1999,6,10,1.0,5.1
1933,8,10,1.0,6.4
1992,5,10,1.0,4.7
1998,9,10,1.0,4.5
2010,3,10,1.0,6.0
2003,4,10,1.0,3.5
1978,6,10,7.0,7.5
1939,6,10,1.0,6.5
1994,12,10,1.0,6.3
1959,3,10,1.0,7.6
1943,2,10,1.0,6.3
1930,4,10,3.0,2.5
1971,9,10,1.0,4.3
1944,4,10,1.0,5.8
2008,11,10,1.0,6.4
1994,5,10,1.0,5.9
2017,10,10,1.0,5.6
1991,9,10,1.0,5.1
1949,9,10,1.0,6.3
1948,10,10,1.0,6.1
1983,1,10,1.0,6.6
1980,2,10,2.0,6.7
1949,3,10,1.0,5.8
2024,11,10,2.0,7.7
1975,9,10,1.0,6.0
1988,4,10,1.0,5.3
1968,4,10,1.0,5.2
1957,5,10,1.0,6.1
1985,9,10,1.0,3.5
1985,5,10,1.0,5.1
2000,11,10,1.0,5.4
1995,12,10,45.0,8.2
1922,1,10,1.0,6.1
1928,2,6,1.0,6.2
2011,7,10,1.0,7.6
1963,4,10,1.0,4.4
1996,7,10,1.0,7.0
1987,8,10,1.0,5.7
1933,5,10,1.0,6.7
1978,2,10,1.0,6.2
1993,7,10,1.0,4.5
2019,7,10,1.0,7.3
1980,1,10,1.0,4.6
1980,10,10,1.0,4.0
1995,4,10,1.0,4.3
2024,5,10,1.0,5.8
1984,12,10,1.0,6.2
2021,2,10,1.0,5.5
2012,1,10,1.0,6.4
1960,2,10,1.0,5.8
1983,10,10,1.0,5.3
1986,3,10,1.0,4.4
1963,1,10,2.0,6.0
2018,1,10,1.0,5.9
1933,6,10,1.0,5.7
2019,11,10,1.0,7.9
1929,11,10,1.0,6.1
1952,5,10,1.0,7.2
1958,4,10,1.0,6.8
1927,2,8,1.0,6.1
2020,10,10,2.0,6.7
1925,9,8,1.0,6.8
1966,1,10,1.0,6.2
1940,4,10,1.0,6.6
1985,5,10,1.0,3.7
1977,9,10,1.0,4.3
1959,5,10,1.0,5.0
2007,3,10,2.0,8.4
2011,8,10,1.0,6.6
1979,12,10,1.0,4.7
2005,7,10,1.0,7.5
2007,1,10,2.0,5.9
1960,7,10,2.0,6.9
2003,1,10,1.0,8.5
1943,4,10,1.0,7.3
1942,5,10,1.0,6.6
1990,3,10,1.0,3.7
1980,6,10,2.0,7.3
1971,11,10,1.0,6.0
1994,12,10,2.0,6.2
1997,10,10,1.0,5.7
1936,2,10,1.0,5.8
1946,11,10,1.0,6.1
1960,2,10,1.0,6.6
1961,1,10,3.0,8.3
2008,6,10,1.0,3.8
1926,1,10,2.0,6.3
1945,5,10,1.0,5.2
1940,1,10,1.0,6.9
1992,10,10,1.0,6.3
2016,2,10,2.0,6.4
1936,4,10,1.0,6.0
1938,3,10,1.0,6.6
1956,2,10,1.0,6.3
1964,6,10,2.0,6.0
1949,12,10,1.0,6.0
1937,3,10,57.0,5.9
1991,2,10,1.0,7.9
1992,1,10,1.0,5.9
1961,12,10,2.0,6.1
1998,7,10,1.0,3.2
2012,10,10,1.0,6.9
1981,12,10,1.0,4.5
1985,7,10,1.0,6.8
1963,8,10,1.0,7.1
1944,8,10,1.0,6.4
1951,10,10,1.0,6.8
2010,6,10,1.0,6.7
1955,4,10,1.0,6.0
2013,8,5,1.0,7.2
1997,2,10,1.0,4.8
2018,11,10,1.0,5.6
2006,1,10,2.0,7.2
2007,10,10,2.0,7.5
1944,2,10,58.0,6.7
1987,9,10,1.0,5.4
2019,2,10,2.0,7.7
2010,3,10,1.0,6.0
2007,9,10,1.0,6.6
1985,2,10,1.0,6.9
1965,5,10,2.0,6.4
1987,3,10,1.0,7.0
2020,3,10,1.0,6.1
2017,10,10,2.0,7.6
1938,11,10,1.0,6.8
1948,11,10,1.0,6.9
1999,12,10,1.0,6.3
1985,5,10,1.0,3.6
2012,4,10,2.0,6.5
1945,10,9,1.0,6.4
1974,3,10,1.0,4.3
1954,12,10,1.0,5.0
1987,5,10,1.0,5.5
1975,8,10,1.0,6.3
2009,9,10,1.0,6.2
1969,9,10,1.0,6.5
1935,9,10,1.0,7.4
2012,3,10,1.0,5.8
1952,1,10,1.0,7.2
1974,9,10,2.0,5.3
2013,6,10,1.0,6.9
1971,11,10,1.0,5.4
1927,3,7,1.0,6.8
1987,1,10,1.0,5.0
1920,10,10,1.0,6.9
1972,7,10,2.0,8.0
1956,9,10,1.0,7.3
1926,1,10,1.0,6.7
1943,3,10,1.0,7.0
2003,3,10,1.0,5.6
1951,9,10,1.0,6.3
1952,8,5,1.0,5.5
2017,11,10,1.0,6.2
1941,4,10,1.0,6.1
1995,3,10,1.0,5.4
1954,2,10,1.0,4.8
2010,11,10,1.0,7.2
1997,1,10,1.0,4.6
2015,12,10,1.0,6.9
1976,3,10,1.0,5.9
1936,10,10,1.0,6.5
1966,1,10,1.0,7.2
2022,12,10,1.0,7.6
1976,9,10,59.0,6.6
1976,5,10,1.0,4.5
1990,1,10,1.0,3.6
1996,3,10,1.0,5.5
1934,11,10,1.0,6.6
2001,12,10,1.0,6.9
1989,3,10,1.0,7.4
1969,7,10,2.0,6.0
1933,4,10,1.0,6.1
1994,2,10,2.0,8.1
1993,4,10,1.0,5.7
2007,10,7,1.0,5.1
1941,6,10,1.0,6.8
2004,5,10,2.0,7.3
1932,4,10,1.0,6.6
1949,11,10,1.0,5.4
1972,12,10,1.0,7.5
1924,2,10,1.0,7.2
2025,1,7,2.0,5.6
1957,9,10,1.0,4.7
1957,12,10,1.0,5.6
1964,3,10,1.0,7.0
1936,9,10,2.0,6.4
2024,4,10,1.0,7.3
1975,4,10,1.0,7.1
1966,9,10,1.0,2.1
1971,10,10,1.0,6.7
1985,7,10,1.0,5.3
2008,4,10,1.0,7.3
1997,10,10,2.0,6.3
1985,8,10,1.0,5.9
2016,5,1,1.0,7.5
1999,10,10,2.0,8.8
2024,6,1,1.0,8.0
1963,12,10,1.0,5.5
1992,4,10,1.0,6.6
1980,12,10,1.0,5.6
1960,10,10,1.0,6.5
1950,8,10,1.0,8.0
1987,1,10,1.0,5.6
2021,10,10,53.0,6.4
1930,4,10,1.0,6.3
1933,12,10,1.0,6.2
2000,12,10,1.0,3.9
1938,6,10,1.0,5.8
1947,9,10,1.0,6.1
1977,4,10,2.0,6.8
2001,8,10,1.0,6.3
1958,11,10,1.0,6.5
1934,12,10,1.0,6.2
2007,8,10,1.0,6.2
1975,1,9,1.0,7.1
1958,3,10,1.0,6.6
2018,8,10,53.0,6.6
1932,1,10,1.0,5.2
1926,4,10,58.0,7.5
2019,12,10,1.0,6.2
1939,10,10,1.0,7.6
1929,5,10,1.0,6.6
1938,9,10,1.0,6.6
2007,3,10,1.0,7.6
1987,5,10,1.0,4.8
1934,6,10,1.0,5.9
1990,10,5,2.0,6.7
2007,3,10,2.0,6.5
1981,5,10,1.0,4.6
1988,12,10,1.0,6.8
1988,5,10,1.0,5.8
1980,10,10,1.0,3.1
2002,3,10,2.0,6.9
2019,8,10,1.0,6.7
1942,1,10,1.0,7.0
1977,2,10,1.0,6.3
1960,1,10,1.0,6.8
1940,1,10,1.0,6.2
1981,5,10,1.0,6.3
1920,9,10,1.0,4.8
2000,8,10,1.0,5.5
2000,3,10,1.0,5.9
1999,10,10,1.0,5.1
1981,9,10,1.0,4.1
1998,6,10,1.0,7.4
1941,4,10,1.0,6.6
1978,2,10,1.0,5.4
2024,12,10,2.0,6.9
1942,4,10,1.0,6.5
1999,12,10,1.0,5.2
1986,3,9,1.0,4.8
1995,10,10,2.0,5.6
2006,1,10,1.0,4.9
1983,2,10,1.0,6.2
1960,6,10,1.0,4.9
1966,12,10,1.0,7.0
1948,2,10,53.0,6.3
2015,10,10,1.0,5.0
1952,12,10,1.0,6.0
1966,11,5,1.0,6.5
2004,12,10,1.0,6.3
1960,10,10,2.0,6.8
2003,4,10,1.0,7.1
1931,3,10,1.0,5.7
1958,3,10,1.0,5.2
1939,6,10,1.0,6.4
2001,4,10,1.0,6.2
1924,12,10,1.0,5.9
2023,9,10,1.0,6.2
1963,10,10,1.0,5.5
2004,11,3,1.0,7.1
2023,3,10,1.0,6.7
1932,3,10,1.0,4.1
2013,1,1,1.0,7.4
1976,3,10,2.0,6.7
1929,12,10,1.0,6.4
2013,11,10,2.0,7.8
2018,7,10,1.0,7.5
1956,5,10,1.0,7.4
1980,8,10,1.0,5.4
1937,7,10,1.0,7.5
2022,3,10,1.0,5.7
2025,3,10,1.0,8.8
1944,8,10,1.0,4.8
1952,6,10,1.0,5.6
1933,6,10,1.0,6.7
1925,5,10,1.0,6.2
1930,5,10,1.0,7.0
1930,12,10,1.0,5.5
1964,12,7,1.0,4.9
1942,12,10,1.0,6.1
2009,7,10,1.0,7.8
2004,8,10,1.0,5.1
2016,9,10,2.0,7.2
1949,3,10,1.0,6.4
1942,6,10,58.0,5.5
2019,8,10,2.0,5.1
1962,9,10,1.0,5.4
1965,8,10,1.0,6.2
1982,1,10,1.0,6.4
1991,12,10,1.0,7.4
1975,3,10,2.0,6.2
1930,8,10,1.0,6.6
2019,7,10,1.0,6.0
2021,3,5,1.0,5.4
1998,5,10,2.0,5.6
1948,3,10,1.0,7.9
1943,5,10,2.0,5.4
1961,9,9,1.0,5.6
1989,3,10,1.0,6.2
1947,12,10,1.0,6.1
2013,3,10,1.0,7.5
1925,1,10,1.0,6.3
1978,3,10,1.0,5.6
1948,3,10,1.0,7.7
1920,9,8,1.0,5.8
2021,4,10,1.0,6.1
2022,11,10,1.0,4.9
1974,1,10,1.0,7.3
1992,5,10,2.0,5.9
2022,12,10,1.0,6.6
1974,7,10,1.0,7.3
2002,3,10,1.0,5.8
1966,7,10,1.0,4.1
1983,5,10,1.0,6.4
2017,8,10,2.0,7.9
1935,12,10,1.0,6.9
2011,10,10,1.0,5.2
1948,12,10,1.0,7.4
1974,1,10,1.0,3.9
2008,4,10,1.0,6.0
2007,12,10,1.0,7.4
1988,11,10,1.0,5.2
1963,9,10,1.0,4.8
1958,6,3,52.0,7.1
1928,8,8,1.0,5.8
1951,7,10,1.0,6.3
1964,1,10,1.0,4.4
1952,8,10,1.0,5.2
1941,1,10,1.0,4.9
1987,1,5,1.0,9.6
1991,6,10,1.0,3.7
1977,1,10,1.0,7.3
2003,6,10,1.0,5.9
1964,12,10,1.0,6.1
1946,4,10,1.0,5.9
2021,6,10,1.0,3.0
2019,5,10,1.0,4.2
1936,10,10,1.0,7.3
1965,9,10,1.0,6.9
2012,7,10,1.0,6.5
1979,1,10,1.0,6.7
2023,1,4,1.0,8.5
1981,6,10,1.0,6.6
1983,3,10,1.0,2.8
2008,9,10,1.0,6.2
1996,7,10,1.0,5.2
2011,1,10,1.0,6.4
2014,11,10,1.0,6.2
2000,5,9,1.0,6.5
1947,8,10,1.0,7.1
1937,12,10,1.0,6.4
2019,6,10,1.0,7.1
2024,12,10,1.0,6.2
1961,6,10,1.0,5.7
2013,4,10,1.0,7.4
1990,11,10,1.0,7.1
1944,9,10,1.0,7.2
1997,9,5,1.0,6.7
1982,4,10,2.0,5.8
1949,8,10,1.0,6.4
1948,12,10,1.0,6.0
1976,10,10,1.0,6.7
2011,1,10,1.0,6.9
1982,6,10,1.0,6.6
1983,11,10,1.0,3.9
1982,10,10,1.0,5.9
1972,11,10,1.0,7.0
1928,9,9,1.0,6.3
1994,10,10,1.0,4.8
1962,1,10,1.0,5.6
2004,3,9,1.0,8.2
1946,12,10,1.0,6.7
1935,8,10,3.0,6.3
1952,4,10,1.0,6.0
1956,4,10,1.0,5.8
1989,1,10,2.0,7.8
1980,11,10,1.0,6.1
1932,1,4,3.0,7.4
1973,12,10,2.0,7.5
1968,9,10,1.0,5.9
1964,10,10,1.0,6.8
1953,1,10,1.0,6.0
1998,10,10,1.0,7.5
1962,3,10,1.0,7.1
2004,5,10,1.0,6.0
1996,11,10,1.0,4.9
2016,4,10,1.0,5.9
1974,6,10,1.0,5.4
2007,3,8,1.0,8.1
2017,8,10,2.0,8.1
1994,9,10,1.0,4.6
1992,11,10,2.0,7.4
2016,12,10,1.0,6.0
1948,7,10,1.0,7.9
1940,11,10,1.0,6.1
2001,8,10,1.0,6.3
2015,12,10,1.0,6.2
1981,1,10,1.0,8.4
1947,11,10,1.0,6.4
1993,3,10,3.0,5.9
1937,1,9,1.0,4.5
2006,8,10,2.0,6.3
2007,1,10,1.0,6.2
1936,12,10,1.0,7.0
1999,8,10,1.0,8.1
1960,8,10,1.0,6.2
1967,6,10,2.0,6.4
1991,10,10,1.0,5.7
1992,4,10,1.0,5.8
1952,9,10,1.0,5.8
1971,1,10,2.0,7.1
1990,5,10,2.0,6.2
2013,9,10,1.0,7.4
1992,11,10,2.0,6.4
1998,2,10,1.0,6.2
1985,2,10,1.0,6.1
1959,9,10,1.0,6.8
1973,4,10,1.0,6.7
1971,4,10,1.0,7.0
2024,1,10,1.0,4.7
1967,5,10,2.0,6.7
1951,2,10,1.0,6.0
2014,2,10,1.0,7.1
1944,3,10,1.0,6.0
1993,2,10,1.0,5.7
1932,5,10,1.0,6.8
1959,9,10,1.0,6.5
2001,12,10,1.0,5.7
2021,2,10,1.0,5.9
1948,6,10,1.0,6.1
1927,12,10,1.0,7.0
1965,1,10,2.0,6.3
1934,10,10,1.0,6.3
1948,9,10,1.0,7.0
1947,1,10,1.0,6.4
1994,9,10,1.0,6.6
2015,4,10,1.0,6.0
1943,10,10,1.0,6.9
1936,3,10,1.0,6.7
1966,7,10,1.0,7.9
2023,3,10,1.0,6.7
1932,12,10,58.0,6.2
1944,7,10,2.0,7.5
1944,11,10,1.0,7.2
2003,12,10,1.0,6.7
1978,12,10,1.0,4.4
1939,1,10,1.0,6.8
2019,6,10,2.0,8.1
1997,2,10,1.0,7.8
1955,12,10,1.0,5.3
2020,5,10,1.0,6.5
2009,11,10,1.0,7.4
1968,4,10,1.0,2.2
1977,11,10,1.0,6.3
1984,4,10,2.0,7.7
1984,9,10,1.0,6.0
1999,6,10,2.0,6.9
1959,7,10,1.0,5.6
1977,11,10,2.0,7.4
2002,4,10,1.0,7.2
1987,7,10,1.0,1.8
2009,11,10,1.0,5.9
1989,9,10,1.0,6.8
2005,11,10,2.0,7.8
1941,1,10,1.0,5.7
2019,3,10,1.0,3.2
2007,4,2,1.0,7.2
2016,2,10,1.0,6.2
2011,11,10,1.0,7.1
2011,1,10,1.0,5.5
1974,9,7,1.0,5.9
1998,12,10,1.0,6.4
1991,9,10,1.0,5.9
2016,8,10,1.0,7.0
1957,9,10,1.0,6.9
2013,11,10,1.0,7.6
1941,8,10,1.0,6.5
1975,3,10,2.0,7.0
1944,11,10,2.0,7.2
2006,7,10,1.0,7.3
2000,10,10,1.0,7.2
2007,8,10,1.0,7.3
1957,9,10,1.0,5.5
2000,1,10,1.0,5.3
1978,4,10,1.0,7.4
1926,9,10,1.0,6.7
1934,12,10,1.0,5.5
1927,9,9,1.0,3.4
1932,9,10,1.0,6.5
1935,1,10,1.0,6.8
2024,11,10,2.0,6.8
1921,8,10,1.0,6.2
1932,10,10,1.0,6.5
1941,4,9,1.0,7.4
1940,6,10,55.0,5.5
1944,10,10,1.0,5.4
2025,3,10,1.0,6.3
1980,3,10,2.0,6.6
1944,12,10,55.0,6.5
1940,12,10,1.0,7.3
1934,4,10,1.0,6.2
1968,9,10,1.0,3.8
2003,10,10,1.0,5.6
2008,6,10,1.0,6.7
1958,9,10,1.0,5.6
1975,5,10,1.0,7.0
1980,10,10,1.0,6.1
1955,2,10,1.0,6.6
1949,3,10,1.0,7.1
2021,7,10,1.0,5.4
2008,1,10,1.0,6.0
1982,11,10,1.0,6.0
1948,7,10,1.0,6.0
1969,9,10,1.0,6.4
2011,6,10,1.0,4.8
2024,10,10,1.0,5.5
1935,12,8,59.0,4.8
2002,2,10,1.0,5.8
1967,1,10,1.0,7.6
1929,6,10,1.0,6.7
1957,9,10,1.0,5.5
1970,8,10,1.0,4.8
1980,3,10,1.0,4.0
1997,11,10,1.0,6.3
1939,2,10,1.0,5.9
1961,3,10,1.0,7.9
1950,3,10,1.0,5.3
1979,11,10,1.0,7.0
1933,3,10,1.0,4.6
1994,3,10,1.0,5.4
2000,8,10,1.0,4.7
1993,11,1,1.0,8.5
1941,8,10,1.0,6.6
2002,11,10,1.0,6.7
1951,9,10,1.0,6.2
1979,10,10,1.0,5.6
1982,2,10,1.0,5.0
2012,8,10,1.0,5.4
1978,1,9,1.0,5.6
1986,7,10,1.0,5.7
1974,7,10,1.0,4.8
1963,9,10,1.0,5.8
1981,2,10,1.0,6.3
2019,2,10,1.0,6.5
2001,9,10,1.0,6.6
1925,9,10,1.0,6.7
1968,9,10,1.0,5.3
1920,6,9,50.0,6.9
1999,12,10,1.0,5.6
2002,5,1,4.0,8.2
1992,9,10,1.0,5.9
1957,2,7,2.0,6.6
1957,8,10,1.0,6.1
2007,6,10,1.0,5.4
1959,6,10,1.0,5.8
1953,6,10,1.0,4.4
1961,11,10,1.0,6.3
1976,11,10,1.0,4.7
1943,4,10,1.0,6.1
2016,11,10,1.0,6.3
2015,6,10,1.0,7.4
1961,2,10,1.0,4.4
1923,2,10,1.0,6.9
1937,11,10,1.0,6.4
1990,6,10,2.0,7.4
2021,11,10,2.0,6.2
1993,3,10,1.0,5.2
1946,8,10,1.0,7.7
1998,4,10,1.0,6.0
1956,2,10,1.0,6.0
2003,10,10,1.0,7.7
1931,11,10,1.0,5.9
1939,2,10,1.0,8.0
2025,3,10,1.0,8.0
1945,5,10,1.0,6.2
1996,10,10,1.0,4.1
1962,4,10,1.0,6.5
1939,7,10,1.0,7.0
1971,4,10,1.0,6.5
2009,4,10,1.0,6.4
1986,11,10,1.0,7.3
1956,1,10,1.0,4.8
2002,12,10,1.0,5.6
1929,10,10,1.0,7.0
1932,10,10,54.0,5.6
2018,7,10,1.0,7.3
1941,9,10,1.0,6.8
1943,2,10,1.0,5.2
1999,10,10,1.0,6.6
1964,10,10,1.0,7.2
1960,4,10,1.0,6.3
2023,8,10,1.0,4.1
2001,11,10,1.0,4.9
2022,2,1,1.0,6.1
1997,8,10,1.0,6.1
1965,12,10,1.0,5.9
1998,1,10,1.0,3.7
1964,10,10,1.0,5.7
1991,8,10,1.0,6.4
1972,4,10,1.0,6.0
1963,10,10,1.0,5.5
2020,9,10,1.0,5.5
2025,1,9,1.0,3.7
1937,6,10,1.0,6.6
1958,6,10,1.0,6.7
1983,9,8,1.0,5.7
1964,12,10,1.0,5.0
1989,10,10,1.0,4.5
1992,4,10,1.0,7.0
2008,10,10,1.0,6.7
1947,2,10,2.0,5.8
2013,11,10,1.0,4.8
1971,9,10,1.0,7.0
1936,5,10,1.0,7.0
1968,2,10,1.0,7.9
2014,4,10,1.0,7.4
2020,9,10,1.0,8.9
2007,4,10,1.0,5.7
1929,6,10,1.0,6.5
1988,6,10,1.0,4.1
1998,10,10,2.0,7.5
2018,4,10,1.0,6.9
1978,7,10,1.0,6.0
2024,12,5,1.0,5.7
2024,7,10,1.0,4.8
2025,1,10,1.0,5.1
2002,9,10,1.0,4.7
1965,4,10,1.0,5.9
1961,5,10,2.0,5.8
1967,10,10,1.0,8.0
2007,10,10,1.0,8.0
2012,8,10,1.0,6.6
1973,12,10,1.0,7.2
2002,6,10,1.0,7.3
2021,7,10,1.0,6.6
2008,11,10,2.0,5.4
2004,7,10,1.0,5.3
2001,3,10,1.0,5.4
1946,10,10,2.0,7.2
2001,8,10,2.0,6.4
2013,1,10,1.0,4.2
1988,8,10,1.0,4.7
1952,3,10,1.0,7.3
1995,1,10,1.0,7.5
1925,8,10,50.0,5.6
1998,3,10,1.0,4.8
1950,4,10,1.0,7.0
1980,8,10,1.0,4.8
1988,8,10,1.0,5.6
1983,9,10,1.0,5.7
2001,8,10,1.0,5.7
1972,9,8,1.0,5.1
1948,10,10,1.0,6.7
1975,3,10,1.0,6.3
1968,11,7,1.0,4.8
1937,12,10,5.0,4.7
1959,9,10,1.0,4.9
1966,9,10,1.0,5.8
1949,9,10,2.0,7.6
1953,10,10,1.0,5.8
2020,11,10,1.0,4.9
1986,12,10,2.0,7.8
2005,11,10,1.0,6.4
1928,8,8,1.0,4.6
1985,9,10,1.0,7.1
2012,5,10,1.0,5.6
1957,10,10,1.0,5.7
1997,11,10,1.0,6.3
2012,9,10,1.0,5.5
1939,1,10,1.0,6.6
2016,12,10,2.0,8.0
1966,9,8,1.0,5.7
1999,11,10,1.0,7.9
1964,1,10,54.0,4.7
2001,8,10,1.0,4.9
1978,1,10,2.0,6.6
1935,3,10,1.0,5.5
1969,5,10,1.0,4.9
1966,1,10,2.0,6.2
1993,7,10,1.0,7.6
2023,8,10,1.0,6.9
2018,12,10,1.0,5.0
1967,11,10,1.0,6.9
2006,6,1,1.0,6.0
1947,7,10,1.0,6.8
1965,11,6,1.0,4.3
1998,10,10,1.0,4.1
1954,11,10,1.0,5.5
1931,12,10,1.0,6.8
1975,10,10,1.0,6.3
1940,12,10,1.0,6.4
2013,8,10,1.0,6.2
1948,10,10,1.0,5.2
1953,10,10,1.0,5.7
2018,7,10,1.0,6.9
1933,10,10,1.0,5.9
1971,6,10,1.0,4.2
1947,2,10,1.0,6.5
1985,11,10,1.0,7.4
1954,1,10,1.0,6.3
2006,1,10,1.0,4.4
2014,4,1,1.0,6.7
1991,5,10,2.0,7.9
1962,11,7,1.0,4.7
1956,3,10,1.0,6.2
2024,10,10,1.0,6.9
1986,2,10,2.0,5.9
1934,3,10,1.0,7.1
1982,6,10,1.0,5.6
2017,10,10,1.0,5.7
2011,9,10,1.0,6.6
2024,10,10,1.0,7.0
1940,1,10,1.0,7.6
2024,7,10,2.0,6.5
1980,4,10,1.0,6.3
1963,7,10,1.0,6.0
2020,7,10,2.0,6.2
1947,5,10,1.0,7.5
2004,7,10,1.0,7.2
1986,6,10,1.0,2.6
1953,8,10,1.0,6.0
2001,11,10,1.0,6.7
1972,11,10,1.0,8.5
1958,10,2,1.0,5.2
1938,4,10,1.0,5.6
2010,9,10,2.0,7.5
1959,10,10,1.0,4.5
1945,12,10,1.0,5.8
2009,8,10,1.0,7.3
2003,1,10,1.0,5.6
1974,12,10,1.0,4.8
1998,7,10,1.0,6.6
1992,6,10,1.0,5.4
2008,10,10,1.0,6.5
2007,1,10,1.0,7.2
1932,9,10,1.0,6.6
1968,2,10,1.0,4.3
2018,8,10,1.0,7.2
1979,8,10,1.0,6.5
1966,8,10,1.0,7.0
1990,6,10,1.0,5.3
1951,6,10,1.0,6.9
1985,2,10,1.0,5.3
2001,10,10,2.0,7.5
1946,6,10,1.0,6.7
1978,2,10,1.0,6.6
1980,2,10,1.0,5.2
1998,2,10,1.0,5.7
2019,8,10,1.0,3.9
1952,5,10,1.0,6.4
1959,7,10,1.0,6.5
2020,10,10,1.0,4.5
2006,8,10,2.0,4.0
1980,1,1,1.0,6.3
2005,9,10,1.0,4.2
1920,7,10,1.0,4.5
2020,4,10,1.0,5.7
1968,1,10,1.0,5.6
2014,6,10,1.0,6.6
1951,7,10,1.0,6.2
2014,10,10,1.0,6.9
2013,3,10,1.0,6.5
1973,5,10,1.0,5.1
1986,3,7,1.0,6.0
1997,7,10,1.0,7.0
2000,3,10,1.0,7.4
1946,9,10,1.0,7.4
1986,11,10,1.0,7.1
1972,2,10,1.0,6.2
2006,6,10,2.0,6.7
1989,2,10,1.0,6.6
1985,10,10,1.0,8.0
1980,6,10,2.0,7.0
1936,2,10,1.0,6.4
1951,11,10,1.0,6.5
1936,7,10,1.0,4.1
1999,8,10,1.0,4.2
2016,4,10,1.0,6.8
1965,9,10,1.0,6.4
2009,6,10,1.0,5.9
1987,8,10,1.0,4.8
1955,6,10,1.0,5.6
2018,5,10,1.0,7.4
2017,9,10,1.0,6.7
2014,7,10,1.0,5.1
2015,2,10,1.0,6.3
2014,9,10,1.0,6.7
1988,9,10,2.0,9.0
1921,7,8,1.0,6.7
1997,5,10,2.0,7.4
1937,1,10,1.0,6.0
1978,7,10,1.0,3.9
1966,9,10,2.0,6.4
1956,11,10,1.0,4.1
2013,5,1,1.0,6.8
1954,12,10,1.0,5.5
1988,4,10,1.0,4.4
2013,2,10,1.0,6.4
2025,3,10,1.0,6.9
1939,6,10,2.0,6.9
2009,12,10,2.0,7.6
2021,7,2,1.0,7.1
1975,6,10,1.0,4.4
1936,9,10,1.0,6.3
1940,8,10,1.0,5.7
2014,6,10,1.0,4.1
2014,10,10,1.0,7.0
1965,6,7,1.0,7.7
1934,8,10,1.0,6.6
1959,9,3,1.0,7.4
2020,11,10,1.0,7.3
1990,11,10,1.0,5.4
1938,1,10,1.0,6.3
2011,5,10,1.0,6.5
1955,12,10,1.0,5.8
1923,4,9,1.0,6.5
1995,5,10,1.0,7.5
2004,2,10,1.0,5.9
1977,7,10,1.0,4.7
1955,12,10,1.0,5.6
1944,6,10,1.0,6.2
2007,9,10,1.0,6.1
2008,9,10,1.0,6.2
1958,10,10,1.0,6.1
1994,5,10,1.0,6.8
1929,11,10,1.0,7.7
1988,6,10,1.0,6.0
1936,8,10,1.0,5.3
1971,10,10,1.0,3.4
1971,11,10,1.0,5.8
1950,12,10,1.0,6.2
1959,1,10,1.0,4.3
2013,12,10,2.0,7.2
1981,5,10,1.0,6.9
1952,4,10,1.0,5.7
1999,5,10,1.0,6.1
2010,8,10,1.0,5.1
1946,4,10,1.0,7.5
1954,5,10,1.0,5.5
1926,10,10,1.0,6.3
1950,12,10,1.0,6.7
2021,9,9,1.0,7.5
1941,1,10,1.0,6.2
1944,9,10,1.0,5.9
1969,8,10,1.0,6.3
1946,6,10,1.0,5.9
1970,11,9,1.0,5.1
2005,2,10,2.0,8.1
1960,7,10,1.0,7.1
1947,8,10,1.0,6.3
1929,6,10,1.0,6.0
2000,2,10,2.0,5.0
1923,9,7,1.0,5.2
1941,9,10,1.0,7.8
1936,4,10,1.0,6.0
2012,9,10,1.0,7.0
1984,7,10,1.0,6.4
2025,1,10,2.0,5.8
1922,3,7,1.0,5.8
1933,4,10,1.0,6.6
2019,7,10,1.0,7.0
1989,4,10,1.0,5.9
1970,5,10,2.0,6.5
2017,11,10,3.0,7.4
2011,10,10,1.0,6.3
2008,3,10,1.0,6.5
1952,9,10,1.0,5.5
1991,10,9,2.0,8.1
2006,10,8,1.0,5.9
2010,6,10,1.0,5.8
2009,2,10,1.0,7.9
2022,2,10,1.0,6.3
1977,10,10,1.0,4.3
1966,7,10,1.0,6.3
1982,10,10,1.0,5.5
1980,5,10,1.0,4.4
2015,6,10,1.0,6.5
1937,1,10,2.0,6.6
1938,4,10,1.0,6.1
1978,2,10,1.0,3.7
1947,5,10,1.0,6.2
1967,6,10,1.0,6.5
2004,3,10,1.0,6.5
1957,9,10,1.0,6.8
1936,5,10,1.0,6.4
1938,10,10,1.0,5.1
2025,1,10,2.0,8.2
1964,10,10,1.0,7.4
1949,1,10,1.0,7.4
1932,9,10,1.0,4.5
2000,5,10,1.0,6.4
1995,1,10,1.0,5.4
2024,4,10,1.0,6.6
1987,9,10,1.0,7.7
1929,9,9,1.0,5.1
2021,2,10,1.0,3.5
1984,5,10,1.0,7.0
1941,5,10,1.0,6.4
1983,12,10,1.0,6.1
1946,6,10,1.0,5.7
2012,9,2,1.0,7.5
2011,5,10,1.0,8.5
2002,2,10,1.0,6.1
1951,8,10,1.0,3.4
2024,3,10,1.0,8.0
1954,7,10,1.0,5.9
1987,11,10,1.0,5.2
1930,1,6,1.0,4.8
2025,1,9,1.0,7.1
1944,3,10,1.0,6.2
2021,7,10,1.0,6.7
1993,9,10,2.0,6.5
1985,6,10,2.0,6.5
1976,3,10,1.0,4.9
1988,9,9,1.0,5.1
1937,8,10,1.0,6.4
2004,5,10,1.0,7.4
1963,9,10,1.0,5.0
1984,3,6,1.0,5.0
1991,3,10,1.0,5.9
1990,11,10,1.0,4.1
2009,5,10,1.0,6.8
1939,12,10,1.0,6.1
2013,12,10,2.0,7.1
1962,4,10,1.0,6.0
1975,4,10,1.0,6.7
1969,9,10,1.0,5.2
2005,1,4,1.0,6.5
1976,12,10,2.0,7.7
1961,1,10,1.0,5.8
2012,4,5,1.0,8.3
1936,4,10,1.0,5.9
1964,11,10,2.0,6.9
1967,12,10,1.0,5.2
1930,2,8,1.0,8.0
1995,11,10,1.0,4.1
2006,4,10,1.0,7.4
1966,10,10,1.0,6.9
1958,2,10,1.0,5.8
1993,11,10,1.0,6.8
1936,7,10,1.0,5.7
2020,10,10,1.0,6.6
1989,7,6,1.0,6.9
1982,11,10,2.0,6.0
1991,6,10,1.0,6.6
1934,11,10,1.0,5.9
2006,2,10,1.0,6.9
2005,7,10,2.0,6.9
1998,4,10,1.0,6.4
1931,8,10,1.0,5.4
1966,7,10,1.0,6.9
1933,6,7,1.0,6.9
2002,1,10,1.0,6.2
1991,11,10,2.0,8.0
1952,11,10,1.0,6.3
2018,1,10,1.0,6.1
2015,8,10,1.0,5.8
1980,12,10,1.0,6.2
1942,5,10,1.0,3.6
2021,6,10,1.0,7.4
2005,9,10,2.0,7.4
1932,11,10,1.0,5.9
1991,1,10,1.0,5.6
1990,8,10,1.0,6.8
1990,1,10,1.0,6.0
1975,6,10,1.0,4.2
1972,8,10,1.0,7.2
1965,11,10,1.0,6.2
1969,10,10,1.0,5.5
1973,6,10,1.0,6.1
1934,5,10,1.0,5.4
1934,11,10,1.0,5.5
1940,5,10,1.0,6.4
1938,9,10,1.0,7.0
1984,6,10,1.0,6.1
1932,9,10,1.0,7.7
1988,9,10,1.0,5.4
1995,12,10,1.0,6.9
2011,5,10,1.0,4.7
1932,2,10,1.0,6.3
1994,7,10,1.0,7.0
2008,9,10,1.0,6.8
1994,6,10,2.0,5.4
1961,6,10,1.0,6.3
1970,6,10,1.0,6.3
1948,1,10,2.0,6.6
2000,12,10,1.0,7.5
2003,6,10,1.0,5.6
2011,1,10,1.0,5.3
1979,9,10,1.0,5.2
1948,6,10,1.0,6.2
1960,10,10,1.0,7.1
1967,5,10,1.0,6.8
2023,10,10,1.0,3.8
1957,9,10,1.0,5.8
1995,8,10,1.0,3.2
1967,7,10,1.0,5.8
1975,2,10,1.0,4.9
1983,12,10,1.0,5.5
1938,8,10,1.0,6.7
1932,2,10,1.0,5.8
1978,3,10,1.0,6.1
1974,10,10,1.0,5.7
2014,5,10,1.0,5.7
1966,1,10,1.0,6.5
2009,4,10,1.0,4.7
2020,9,10,2.0,6.6
1999,10,10,2.0,8.3
2014,4,10,1.0,6.3
1951,1,9,1.0,3.0
2007,7,10,2.0,7.5
2008,10,10,1.0,7.2
1924,5,10,55.0,6.1
2019,8,10,2.0,4.6
1938,2,10,1.0,6.1
1983,3,10,2.0,7.2
1933,8,10,1.0,6.4
1972,10,10,1.0,5.6
1983,7,10,1.0,4.6
1959,7,7,1.0,4.9
1955,11,10,1.0,5.4
2016,10,10,1.0,6.1
1953,9,10,1.0,6.7
1965,12,10,1.0,5.7
1941,9,10,1.0,6.2
1973,4,10,1.0,5.8
1945,12,10,1.0,5.8
1981,11,10,1.0,7.5
1945,7,10,1.0,6.5
1964,8,10,1.0,6.0
1937,10,10,1.0,7.1
1926,12,9,50.0,5.6
1966,6,7,1.0,5.6
1926,1,10,1.0,5.3
1986,8,10,1.0,8.2
1945,9,10,1.0,6.4
2006,10,10,2.0,7.1
1951,9,6,1.0,6.3
1986,5,10,1.0,4.3
1934,3,10,1.0,6.4
1965,9,7,1.0,4.9
1935,10,10,1.0,6.5
1996,12,10,1.0,2.6
1939,12,10,1.0,5.9
1945,2,10,1.0,6.5
2005,11,10,1.0,4.7
1978,2,10,1.0,6.2
1970,1,10,1.0,7.0
1994,7,10,1.0,6.4
1953,3,10,1.0,5.7
2005,3,10,1.0,7.1
1958,1,10,1.0,6.6
1956,3,10,1.0,5.7
1941,5,10,1.0,6.3
1941,8,10,1.0,6.3
1977,12,10,1.0,4.5
2015,11,10,1.0,7.0
2012,6,10,1.0,6.7
1966,8,10,2.0,7.2
1938,9,10,1.0,5.7
1981,10,10,5.0,8.7
1961,9,10,1.0,3.8
1985,10,10,1.0,6.6
2017,2,10,2.0,7.2
1988,3,8,2.0,8.2
1992,11,10,1.0,5.2
2012,3,3,1.0,6.5
1934,7,10,1.0,6.7
1960,3,10,1.0,5.7
2020,10,10,1.0,6.4
2007,2,10,1.0,5.4
1982,10,10,1.0,5.2
2005,3,10,1.0,7.1
1948,7,10,1.0,6.5
2010,9,1,1.0,6.5
2001,8,10,1.0,6.3
1956,4,10,1.0,7.1
1972,10,10,1.0,6.1
1934,8,10,1.0,5.7
1986,2,10,1.0,4.7
1968,11,10,1.0,4.4
2020,10,10,1.0,6.9
1986,2,10,2.0,6.6
2023,9,10,1.0,6.5
1960,3,10,1.0,6.7
2021,5,10,1.0,5.6
2015,11,10,1.0,6.7
1988,10,10,1.0,5.4
1962,9,10,1.0,6.3
1971,7,10,1.0,6.3
1978,12,10,1.0,6.2
1959,7,10,1.0,7.0
1971,10,10,1.0,7.2
2012,11,10,1.0,7.5
1964,1,10,1.0,5.7
1957,11,10,1.0,5.1
1987,12,10,1.0,7.2
2001,2,10,1.0,6.3
1986,2,10,2.0,5.4
1975,6,10,2.0,6.1
1946,12,10,1.0,7.1
1986,10,10,1.0,4.6
1944,6,10,1.0,6.5
2000,11,10,1.0,6.8
2020,10,10,1.0,6.7
1937,5,10,1.0,7.4
1988,10,10,1.0,5.7
1948,1,10,1.0,5.9
2012,6,10,1.0,7.5
1925,4,6,50.0,5.9
2012,11,10,2.0,7.9
1967,12,10,1.0,6.7
1998,3,10,1.0,6.7
1999,6,10,1.0,4.3
2008,1,10,1.0,4.7
1978,6,10,4.0,8.5
2020,12,10,2.0,6.2
1935,4,10,1.0,6.4
1985,4,10,1.0,6.3
1939,6,10,1.0,6.9
1991,5,10,1.0,6.6
2019,3,10,1.0,5.9
1932,12,10,1.0,6.2
1943,4,10,1.0,6.7
2009,3,10,1.0,6.4
1975,5,10,2.0,7.6
1921,4,10,50.0,6.5
2001,11,10,1.0,4.0
1979,9,10,1.0,6.3
2012,6,10,1.0,7.3
1973,5,8,1.0,7.5
1926,12,10,1.0,5.9
1961,4,10,1.0,6.8
1941,12,10,1.0,7.2
1934,5,10,51.0,5.1
1956,5,10,1.0,6.8
2004,3,10,1.0,6.7
2011,8,10,1.0,6.3
1999,10,10,1.0,7.2
2017,3,10,1.0,5.3
1971,1,10,1.0,4.3
1990,4,10,1.0,4.2
2015,6,10,1.0,5.6
1978,8,10,1.0,5.1
1946,7,10,1.0,6.0
2014,8,10,1.0,6.0
1929,3,9,1.0,6.1
2008,4,10,1.0,6.0
1943,8,10,55.0,7.1
2017,10,1,1.0,6.8
1940,9,10,1.0,7.3
1925,9,6,50.0,7.2
2003,9,10,1.0,6.8
2020,3,10,1.0,7.5
1974,4,10,2.0,6.9
1940,12,10,1.0,3.4
1947,9,10,1.0,7.5
1923,4,10,1.0,5.1
1991,2,10,1.0,5.9
2003,7,10,1.0,2.9
1977,3,10,1.0,8.4
2001,5,10,1.0,7.5
1929,1,10,1.0,7.1
1931,10,10,1.0,6.2
1976,12,10,1.0,6.8
1992,2,10,2.0,4.4
2024,10,10,1.0,4.5
1935,4,9,1.0,6.9
1974,8,10,1.0,6.6
1959,6,10,1.0,7.1
1964,1,10,1.0,5.7
1978,6,10,1.0,5.5
2004,2,10,1.0,7.7
1974,11,10,2.0,7.2
1923,4,7,50.0,2.3
1955,7,10,1.0,7.3
1931,7,10,1.0,6.8
1990,5,10,1.0,6.4
1926,10,6,1.0,7.8
1995,12,10,1.0,4.8
2009,6,10,1.0,5.6
1980,6,10,2.0,7.9
1953,4,10,1.0,5.9
1943,8,10,1.0,5.5
1941,5,10,1.0,5.7
1942,8,10,58.0,6.1
1960,2,10,1.0,7.7
1976,7,10,1.0,7.6
1978,3,10,1.0,6.7
2003,7,10,1.0,5.9
1983,8,7,1.0,5.9
1978,9,10,1.0,4.6
1936,1,10,1.0,6.9
2010,4,10,1.0,4.7
1967,7,5,1.0,5.3
1942,9,10,1.0,5.9
1941,5,10,1.0,7.2
1923,11,10,1.0,5.5
1933,9,10,1.0,6.3
1982,9,10,1.0,5.9
2019,6,10,1.0,7.6
1964,3,10,2.0,7.7
1966,6,10,1.0,7.2
2011,4,10,1.0,5.8
2021,7,10,1.0,5.8
1970,9,10,1.0,6.9
1954,4,10,1.0,6.0
1986,10,10,1.0,5.9
2011,6,10,1.0,4.1
1993,12,10,1.0,7.8
1948,2,10,1.0,6.6
1949,4,10,1.0,6.6
1949,10,10,59.0,6.6
1944,12,10,2.0,7.2
2008,3,10,1.0,7.2
1938,7,10,1.0,7.3
1972,5,10,1.0,6.8
1983,9,10,1.0,5.8
2022,10,10,1.0,7.2
2020,6,10,1.0,6.2
1942,9,10,1.0,6.9
1984,3,10,55.0,4.9
1975,12,9,1.0,6.7
1973,5,10,1.0,6.5
1934,1,10,55.0,5.6
1956,2,10,2.0,6.5
2021,3,10,1.0,6.0
2004,7,10,1.0,4.5
1967,8,10,1.0,5.2
2013,7,10,1.0,5.8
1968,10,10,1.0,5.4
2000,5,10,1.0,4.9
1973,7,10,1.0,4.4
1938,1,10,1.0,5.9
2017,2,10,1.0,6.8
1935,5,10,1.0,6.0
1990,11,10,1.0,5.0
1925,11,10,1.0,6.3
1924,5,7,1.0,4.3
1941,2,10,1.0,6.5
1983,6,10,1.0,5.6
1920,5,10,1.0,5.0
2008,9,10,1.0,7.6
1948,9,10,1.0,6.1
1949,3,10,1.0,7.2
2023,8,5,1.0,6.8
1982,6,10,1.0,5.6
1954,7,10,1.0,6.1
2002,11,10,1.0,6.2
2016,9,10,1.0,6.2
1987,1,10,1.0,4.4
2018,11,10,1.0,6.9
2015,5,10,1.0,6.8
2022,7,10,2.0,6.7
1954,11,10,1.0,5.4
1960,2,10,1.0,7.1
1981,9,10,1.0,5.9
1929,5,6,1.0,7.2
1952,4,10,1.0,4.0
1985,11,10,1.0,6.1
1950,10,10,1.0,6.0
1961,3,10,1.0,5.7
1958,7,10,2.0,6.8
1979,9,6,1.0,6.9
1985,9,10,1.0,6.8
1938,1,10,1.0,6.7
1990,9,10,1.0,4.2
2011,5,10,1.0,7.0
1972,5,10,1.0,5.6
1939,9,10,1.0,4.1
1964,9,10,1.0,4.8
1930,4,10,1.0,8.2
2019,1,10,1.0,6.8
1927,11,8,1.0,7.2
1968,12,10,1.0,8.0
2008,9,10,1.0,5.9
1993,5,10,2.0,7.0
1932,9,10,1.0,6.2
1992,6,10,1.0,3.9
1972,5,10,1.0,5.6
1941,1,10,1.0,6.0
1996,11,10,1.0,7.2
1944,2,10,1.0,6.5
1963,8,10,1.0,6.7
2011,9,10,1.0,5.9
2025,1,10,1.0,6.9
1930,9,5,1.0,6.2
1946,3,10,1.0,6.8
1957,12,8,2.0,6.6
2016,9,3,1.0,6.6
1941,2,10,2.0,7.8
2024,4,10,1.0,4.2
1990,5,10,2.0,7.4
1943,12,10,54.0,5.7
1944,4,10,1.0,6.2
2024,3,10,1.0,6.0
1977,3,10,1.0,5.5
1935,7,10,1.0,7.2
1964,10,10,1.0,5.2
1967,1,10,2.0,6.9
2022,9,10,1.0,6.4
1976,6,10,1.0,6.1
1953,7,10,1.0,6.2
2014,12,10,1.0,5.6
2013,9,10,1.0,5.0
1974,5,10,1.0,5.4
1939,12,10,1.0,5.6
1954,8,10,1.0,7.6
1985,3,10,1.0,7.1
1969,3,7,1.0,5.4
2025,2,10,1.0,7.5
1953,7,10,1.0,6.7
1973,1,10,2.0,7.5
2013,10,10,1.0,6.4
1949,10,10,58.0,5.0
1995,1,10,1.0,3.5
1954,7,10,1.0,7.0
1969,12,10,1.0,6.9
1942,2,10,1.0,6.8
2022,11,10,1.0,5.8
1985,11,10,1.0,5.0
1924,10,10,1.0,5.9
1991,10,7,55.0,6.4
1931,2,10,1.0,6.4
1942,10,10,1.0,6.2
2002,10,10,1.0,4.9
1961,10,10,1.0,6.7
2007,10,10,2.0,7.3
1930,2,10,1.0,5.9
2003,5,10,1.0,6.3
2016,8,10,1.0,4.8
1952,5,10,1.0,6.1
1986,6,10,1.0,5.1
1935,4,10,1.0,6.5
2021,3,10,1.0,6.5
1999,8,10,2.0,6.6
1942,12,10,1.0,7.6
1983,11,10,1.0,6.7
1986,4,10,1.0,4.0
2019,5,10,1.0,7.0
2013,10,10,1.0,3.6
2001,4,6,1.0,7.5
1944,4,10,1.0,7.4
1968,12,10,1.0,5.6
1949,7,10,1.0,6.8
1966,10,10,1.0,4.4
1944,12,10,56.0,5.8
2016,4,10,1.0,5.6
1936,8,10,1.0,6.3
1974,1,10,1.0,4.7
2016,1,10,1.0,7.1
1994,12,10,1.0,5.6
1926,4,10,1.0,4.0
1938,12,10,1.0,5.7
2024,10,10,1.0,7.7
1979,8,10,1.0,4.6
1939,10,10,1.0,5.9
2017,9,10,2.0,3.7
2003,8,10,2.0,7.8
1998,2,10,2.0,4.9
1975,12,10,1.0,5.2
1930,5,10,1.0,6.3
2004,11,10,1.0,7.0
1948,4,10,1.0,6.2
1999,1,10,1.0,4.4
1972,9,10,1.0,4.9
1958,4,5,1.0,6.5
1966,3,5,1.0,7.3
1988,5,10,1.0,6.4
2010,4,10,1.0,6.3
1992,5,10,1.0,3.9
1972,7,10,1.0,5.5
1986,3,10,1.0,5.4
1972,9,10,1.0,3.9
1956,3,10,1.0,6.9
1924,5,10,1.0,6.6
2023,5,10,2.0,7.9
1939,6,10,1.0,6.4
2009,12,10,1.0,5.3
1974,7,10,1.0,7.0
1965,11,10,2.0,6.5
1983,12,10,2.0,7.2
1986,10,10,1.0,6.6
2020,5,10,1.0,6.7
1996,9,10,1.0,6.3
1994,6,10,1.0,3.4
1950,5,10,1.0,7.3
1932,12,10,53.0,6.2
2008,11,10,1.0,6.5
1984,10,10,1.0,5.8
2016,2,10,1.0,5.8
1933,4,10,1.0,5.7
1942,10,10,1.0,6.1
1958,7,10,1.0,6.3
2023,6,10,1.0,5.7
1925,11,10,50.0,6.4
1946,7,10,1.0,5.5
1996,5,10,1.0,4.9
1976,11,10,1.0,5.1
1980,5,10,1.0,6.4
1940,9,10,1.0,7.3
2016,11,10,1.0,6.8
1969,4,10,2.0,6.2
2012,9,10,1.0,6.0
1948,4,10,1.0,6.6
1969,1,10,1.0,6.7
1936,6,10,1.0,6.0
1987,7,10,1.0,7.1
1953,6,10,1.0,5.3
1985,2,10,2.0,7.3
1956,4,10,1.0,6.3
1982,2,10,2.0,8.4
1960,3,10,1.0,7.1
1976,11,10,1.0,7.2
1991,3,10,1.0,3.4
2014,4,10,1.0,6.8
1948,10,10,1.0,6.7
1991,10,10,1.0,6.7
1981,4,10,1.0,5.8
2021,11,10,1.0,7.5
1988,4,10,1.0,6.2
2011,11,10,1.0,3.9
1991,5,10,1.0,5.4
1940,4,10,1.0,6.0
1968,9,7,1.0,4.8
1972,5,10,1.0,5.6
1937,1,10,1.0,5.9
2001,3,10,2.0,6.1
1959,4,10,1.0,6.4
1947,5,10,1.0,5.2
1947,1,7,2.0,7.4
1966,12,10,1.0,5.9
1953,10,10,1.0,6.2
2017,10,10,1.0,5.4
2019,7,10,1.0,6.4
1939,4,10,1.0,7.6
1928,5,10,1.0,6.4
2000,5,10,1.0,5.3
1974,12,10,1.0,6.6
2009,4,10,1.0,4.7
1937,3,10,1.0,6.9
1996,11,10,2.0,6.9
1983,7,10,2.0,6.1
1971,5,10,1.0,6.7
1967,3,10,1.0,5.2
1958,7,10,1.0,6.9
2009,3,10,1.0,7.0
1943,3,10,1.0,5.6
1930,3,10,1.0,5.8
1985,9,10,1.0,4.6
1941,1,10,4.0,6.1
1963,9,10,1.0,4.6
1974,8,10,1.0,6.4
1967,12,10,1.0,6.8
1995,11,10,1.0,6.3
1927,10,9,1.0,7.0
2022,1,10,1.0,4.7
1986,10,10,1.0,6.5
1983,11,10,1.0,5.2
1923,1,6,50.0,6.8
1925,11,10,1.0,7.3
1934,10,10,1.0,6.6
1998,3,10,1.0,6.8
1983,2,10,1.0,4.5
1994,9,10,3.0,7.9
1974,9,10,1.0,6.6
1937,12,10,1.0,7.3
1930,4,7,1.0,6.8
1968,10,10,1.0,6.2
1949,7,10,1.0,6.3
1985,4,10,1.0,5.7
2015,12,10,1.0,7.8
2004,4,10,1.0,7.1
1944,6,10,1.0,7.7
1998,10,10,1.0,6.1
2022,9,10,1.0,6.2
1943,4,10,1.0,5.9
1963,1,10,2.0,8.0
1979,11,10,2.0,6.4
1991,8,10,3.0,7.2
1961,12,10,1.0,6.1
2005,4,10,1.0,6.7
2022,10,10,52.0,5.7
2001,11,10,1.0,5.9
1944,6,10,1.0,6.0
1939,11,10,1.0,6.2
1962,10,10,1.0,6.0
1933,6,10,1.0,6.0
1990,3,10,1.0,3.5
1942,3,10,1.0,4.4
1946,6,10,1.0,6.7
2022,4,10,1.0,7.3
1971,1,10,1.0,7.2
1989,8,10,1.0,3.1
1962,5,10,1.0,7.2
1978,4,10,1.0,7.0
1964,8,10,2.0,8.6
1996,5,10,1.0,5.0
1923,11,10,1.0,6.3
1957,5,10,1.0,5.7
1986,2,10,1.0,6.4
2004,1,10,1.0,7.2
1975,3,10,2.0,5.2
1929,4,10,1.0,6.7
2016,6,10,1.0,7.0
1995,5,10,1.0,5.6
1992,7,10,1.0,5.1
1959,3,10,1.0,2.3
1994,8,10,1.0,6.5
1980,1,10,2.0,4.4
1962,7,10,1.0,7.5
1990,10,10,1.0,5.0
1997,2,10,2.0,6.3
2018,8,10,1.0,6.2
1976,3,10,1.0,6.5
1953,8,10,1.0,7.1
1957,1,10,1.0,5.7
2018,1,10,1.0,6.7
1930,5,10,1.0,5.4
1967,4,10,1.0,6.7
1952,10,10,1.0,6.4
1980,9,10,1.0,6.8
2003,12,10,1.0,5.8
2015,2,10,1.0,6.7
1955,1,10,1.0,7.6
1959,7,10,1.0,7.8
2015,3,10,1.0,6.8
1946,12,10,1.0,5.3
2004,6,10,1.0,7.2
1999,3,10,1.0,6.6
1953,6,10,1.0,5.7
1980,1,10,1.0,4.7
1936,12,10,2.0,6.5
1941,9,10,2.0,7.7
1994,5,10,1.0,6.0
2023,9,10,1.0,5.9
2016,4,10,1.0,6.4
1954,1,10,2.0,6.8
1935,5,10,1.0,6.8
1982,9,10,2.0,6.4
1977,4,10,2.0,7.4
1989,4,10,1.0,5.2
1963,8,10,1.0,7.2
1972,5,10,1.0,5.0
1940,4,10,1.0,6.8
1974,11,10,2.0,6.8
1965,2,10,1.0,4.5
2013,10,10,1.0,7.7
2019,4,10,1.0,6.9
2024,11,10,1.0,7.0
2006,1,10,1.0,6.9
1962,9,10,1.0,3.6
1981,2,10,1.0,6.2
1974,9,10,1.0,3.4
1939,3,10,1.0,7.7
2015,12,10,1.0,6.1
1949,8,10,1.0,6.3
2010,12,10,1.0,6.3
1968,2,10,1.0,6.9
1998,7,4,1.0,6.4
2010,1,7,1.0,7.6
1962,3,10,1.0,5.3
2018,7,10,1.0,5.2
1992,5,10,1.0,5.0
1987,4,10,1.0,5.7
1936,4,10,1.0,5.2
2025,4,10,1.0,6.1
1952,6,10,1.0,7.1
1981,1,5,1.0,5.2
1991,6,10,1.0,5.4
1923,10,9,1.0,7.1
1920,9,10,1.0,5.5
1976,8,10,1.0,4.9
1941,6,10,56.0,6.0
1987,11,10,1.0,5.1
1960,10,10,1.0,7.3
1958,7,10,1.0,5.5
2003,6,10,1.0,6.0
1976,12,10,1.0,5.8
2003,11,10,1.0,5.4
1974,7,10,1.0,6.4
1998,2,10,1.0,7.6
1987,12,10,1.0,4.5
1988,11,10,1.0,6.3
2018,8,10,1.0,4.9
1977,9,10,1.0,6.7
1960,8,10,1.0,5.1
1968,2,10,1.0,6.8
1940,3,10,1.0,6.4
1927,2,10,1.0,7.3
2005,2,10,1.0,5.6
1968,9,10,1.0,6.5
1962,10,10,1.0,5.2
1951,7,10,1.0,6.6
1979,5,10,1.0,5.4
2001,4,10,1.0,7.0
1983,8,10,2.0,7.1
1949,5,10,1.0,6.7
2004,8,10,1.0,6.6
1959,12,10,1.0,5.3
1954,5,10,1.0,4.7
2014,9,10,1.0,6.8
2004,5,10,1.0,6.8
2024,9,10,1.0,6.1
1992,2,10,1.0,4.8
1979,9,10,1.0,7.1
1988,1,10,1.0,5.6
2003,10,1,1.0,7.1
1941,8,10,1.0,5.5
1942,5,10,1.0,6.7
1942,3,10,1.0,6.8
2002,7,10,1.0,6.2
1940,3,10,1.0,7.7
1977,3,10,1.0,6.0
2003,1,10,1.0,6.4
1973,5,10,1.0,7.3
1977,4,10,1.0,3.6
2015,10,9,1.0,6.5
2009,4,10,1.0,6.7
2016,6,10,2.0,5.2
2002,4,10,1.0,5.8
1947,12,10,1.0,7.6
2023,4,10,1.0,6.8
1968,6,10,1.0,7.7
1975,8,10,1.0,6.2
1965,9,10,1.0,8.0
1962,7,10,1.0,5.8
1993,4,10,1.0,5.5
1957,6,10,1.0,6.7
1972,9,10,1.0,6.4
1976,8,10,1.0,6.4
1977,3,10,1.0,3.9
1950,12,10,1.0,5.7
2016,2,10,2.0,7.1
1998,11,10,1.0,4.9
2024,8,10,2.0,6.9
1940,5,6,1.0,7.2
1996,12,10,2.0,4.1
1961,12,10,1.0,6.1
1998,12,10,2.0,5.8
1983,12,10,1.0,7.5
1991,2,10,1.0,6.2
1982,6,8,2.0,8.2
1943,2,10,1.0,6.7
1999,8,10,1.0,7.0
1961,5,10,1.0,7.4
1985,5,10,1.0,4.6
1988,5,10,1.0,6.0
1960,8,10,1.0,6.2
2009,7,10,2.0,6.3
1940,3,10,1.0,5.0
2024,8,10,2.0,6.7
1965,9,10,1.0,6.6
1973,2,10,1.0,6.2
2012,3,10,1.0,7.3
1949,7,10,57.0,6.5
2004,6,10,1.0,5.1
1996,6,10,1.0,6.6
1952,8,10,1.0,7.5
1992,3,10,1.0,5.5
1938,1,10,1.0,7.3
2011,4,10,1.0,6.8
1981,11,10,1.0,4.0
1967,4,10,1.0,4.2
2005,10,10,1.0,5.6
1955,6,10,1.0,7.1
1935,11,10,59.0,5.9
2004,4,10,2.0,5.5
1980,9,10,2.0,7.2
1992,1,10,49.0,6.5
2004,10,10,1.0,6.7
1995,2,10,1.0,4.9
1957,9,10,1.0,7.0
1923,12,10,1.0,5.4
1933,10,10,1.0,6.6
1998,5,10,2.0,5.9
2022,3,3,1.0,8.0
1952,7,10,1.0,6.3
1978,3,10,1.0,5.8
1941,11,10,1.0,6.0
1937,3,6,2.0,6.1
2021,4,4,1.0,7.0
2005,12,10,1.0,6.4
1996,6,10,1.0,7.2
2001,7,10,1.0,5.4
1951,4,10,1.0,6.7
1977,2,10,1.0,5.7
1969,12,10,1.0,5.7
1939,2,10,1.0,5.1
1960,9,10,2.0,7.1
1974,2,10,1.0,3.5
2011,5,10,2.0,6.6
1955,9,10,1.0,4.7
1993,11,10,1.0,7.5
1989,5,10,1.0,6.4
1961,3,7,1.0,5.1
1973,2,10,1.0,6.8
1948,7,10,1.0,5.8
1965,9,10,1.0,7.1
1936,3,10,59.0,6.2
1982,4,10,2.0,7.1
1985,3,10,2.0,6.9
1935,9,10,1.0,6.3
1994,10,10,1.0,7.0
1937,3,10,1.0,6.2
1973,3,10,1.0,5.6
1929,12,8,1.0,6.9
2014,6,10,1.0,7.8
1949,10,10,1.0,6.9
1984,10,10,1.0,4.4
1955,12,10,1.0,5.6
1952,1,10,2.0,7.1
2008,2,10,1.0,5.9
1965,3,10,1.0,7.6
1967,9,8,1.0,2.7
2002,9,10,1.0,7.8
2019,3,10,1.0,6.2
2005,6,10,1.0,6.5
1981,9,10,1.0,5.1
1982,3,7,1.0,3.7
1945,7,10,55.0,7.1
1969,5,10,1.0,4.9
2012,2,5,1.0,6.5
1966,9,10,1.0,5.6
1995,1,10,1.0,4.5
1945,6,10,1.0,6.2
2015,5,10,1.0,7.0
1950,8,10,1.0,6.0
1926,12,10,1.0,6.2
1984,1,10,1.0,4.4
1937,1,10,1.0,5.0
1955,11,10,1.0,7.9
1956,7,10,1.0,6.3
2002,3,10,1.0,6.1
1962,7,10,2.0,6.5
2000,2,10,2.0,5.7
1931,10,10,50.0,4.7
1981,9,10,1.0,5.5
2014,11,10,2.0,8.7
2012,6,10,1.0,6.8
1991,6,10,1.0,3.0
1995,2,10,1.0,4.7
1940,11,10,58.0,5.3
1985,9,9,1.0,4.8
1930,9,10,1.0,4.9
1938,10,10,1.0,5.8
1934,2,10,1.0,6.1
1969,6,10,1.0,7.0
1984,8,10,1.0,4.1
1928,9,1,1.0,7.8
2005,2,10,2.0,7.6
1932,11,10,45.0,6.8
1937,11,10,1.0,6.1
1946,12,10,1.0,6.8
1962,1,10,2.0,5.8
1936,2,10,1.0,7.3
2021,8,10,1.0,5.4
1988,4,10,1.0,5.8
1985,8,10,1.0,6.5
2023,10,10,1.0,6.6
2010,6,2,1.0,6.6
1953,1,10,1.0,5.1
2025,3,10,1.0,7.8
1990,11,10,1.0,6.1
1969,9,10,1.0,5.4
1968,3,6,1.0,5.4
2006,2,10,1.0,3.8
2015,12,10,2.0,5.3
1989,6,10,1.0,7.2
1966,12,10,1.0,6.0
2024,4,10,1.0,7.6
1979,5,10,1.0,3.2
2003,10,10,1.0,6.5
2012,10,10,1.0,5.8
1967,2,10,1.0,6.8
1932,2,10,1.0,5.3
2002,9,10,1.0,6.0
1937,3,10,1.0,5.7
1982,8,10,1.0,6.5
2021,1,10,1.0,5.0
1995,10,5,1.0,7.4
1975,6,10,1.0,6.6
2017,10,1,1.0,7.1
1959,6,10,1.0,8.1
1940,3,10,1.0,7.6
1962,5,10,1.0,4.4
1990,4,8,1.0,6.8
1940,12,10,1.0,5.9
1949,8,10,2.0,6.5
1991,8,10,1.0,5.2
1996,2,10,1.0,6.2
1970,6,10,1.0,6.1
1988,11,10,1.0,5.6
1968,7,10,1.0,5.4
1988,2,10,2.0,8.1
1930,6,10,1.0,6.3
1929,9,8,45.0,5.5
2023,4,10,1.0,7.4
2009,4,10,2.0,7.2
1946,3,10,1.0,5.7
1933,9,10,1.0,7.4
1977,7,10,2.0,6.2
1954,1,10,1.0,5.3
1939,10,10,57.0,5.7
2020,5,10,2.0,7.1
1957,12,10,1.0,6.6
1973,6,10,1.0,6.2
2008,9,10,1.0,6.9
1965,8,10,1.0,6.4
2019,8,1,1.0,7.2
1947,4,10,1.0,6.8
1929,12,10,1.0,5.5
1960,9,7,1.0,7.0
1966,8,10,1.0,4.5
1968,12,10,1.0,7.3
1951,10,10,1.0,6.5
2017,3,10,1.0,6.1
1955,10,10,1.0,6.4
2012,4,10,2.0,6.2
1956,4,10,1.0,6.2
1936,1,10,59.0,7.0
1931,12,10,1.0,5.2
1996,1,10,1.0,4.6
2016,8,10,1.0,7.2
1985,12,10,2.0,5.3
1974,2,10,1.0,7.0
2015,6,10,2.0,6.4
1976,8,10,1.0,5.4
2015,8,10,1.0,6.6
2016,4,10,1.0,6.3
1984,5,7,1.0,7.1
1964,3,10,1.0,6.1
2004,4,10,1.0,7.1
1944,4,10,1.0,6.6
1935,10,10,1.0,6.9
1957,10,10,1.0,6.2
1932,11,10,1.0,4.9
2009,9,10,1.0,5.9
1966,11,10,1.0,5.3
1958,7,10,1.0,5.8
1997,5,10,1.0,4.8
1955,12,10,1.0,6.3
1981,9,10,1.0,5.0
2013,6,10,1.0,6.3
1932,4,10,1.0,6.2
2003,2,10,1.0,6.2
1967,9,10,1.0,6.2
1943,3,10,1.0,5.7
2002,11,7,1.0,5.7
1984,11,10,1.0,5.5
1927,12,10,55.0,6.2
1993,9,10,1.0,4.8
1946,3,10,1.0,6.1
1968,8,10,2.0,6.6
1971,10,10,1.0,5.2
1976,1,10,1.0,5.2
1961,7,10,1.0,5.3
1930,12,10,1.0,6.1
1955,2,10,1.0,5.7
2018,3,10,1.0,6.6
2006,10,10,1.0,6.0
1969,8,10,1.0,5.2
1937,3,10,1.0,6.2
1980,12,10,1.0,6.9
1930,11,5,46.0,6.7
1975,9,10,1.0,8.4
2003,8,10,1.0,6.4
2015,8,10,1.0,4.8
2000,2,10,1.0,6.1
1963,10,5,1.0,7.4
2000,11,10,1.0,7.3
1965,8,10,2.0,7.8
2014,8,10,1.0,6.1
1957,2,10,1.0,6.6
1935,1,10,1.0,6.5
1933,10,10,1.0,5.6
2019,11,10,1.0,7.5
2011,8,10,2.0,7.5
2023,5,10,1.0,6.1
1948,8,10,1.0,6.2
2022,8,10,1.0,4.3
1985,7,10,1.0,5.9
1965,12,10,1.0,8.0
2008,6,10,1.0,6.2
1956,5,10,1.0,7.2
2007,5,10,1.0,6.8
1976,6,10,1.0,8.2
2018,10,10,2.0,5.5
1981,7,10,1.0,7.2
1987,4,10,1.0,3.9
1995,1,10,1.0,4.6
2019,2,10,1.0,6.6
2009,12,10,1.0,7.1
2022,12,10,3.0,7.1
2014,12,10,1.0,3.5
2008,2,10,1.0,5.5
1955,9,10,1.0,6.8
2002,1,10,1.0,6.2
2007,10,5,1.0,7.8
1960,8,10,1.0,5.7
1939,7,10,1.0,7.1
2005,6,10,1.0,8.2
1957,4,10,1.0,5.7
1999,7,10,1.0,5.2
1970,2,10,1.0,5.2
1932,11,10,1.0,6.6
1989,11,10,1.0,6.9
1977,11,10,1.0,4.4
1998,11,10,1.0,6.2
2012,5,10,2.0,5.8
1931,10,10,1.0,7.0
2003,11,10,1.0,7.6
1947,6,10,1.0,6.8
1935,2,10,4.0,6.1
1934,5,10,1.0,5.3
1927,1,10,1.0,5.5
1994,1,10,1.0,5.3
1965,10,10,1.0,5.7
1948,8,10,1.0,6.8
1929,3,8,1.0,6.7
1944,5,10,1.0,5.2
1963,5,10,1.0,5.3
1976,11,10,2.0,6.2
1947,4,10,1.0,7.3
1950,10,10,1.0,6.1
1946,11,10,1.0,6.8
2006,10,10,2.0,7.4
1968,6,10,1.0,7.4
2024,10,10,1.0,6.4
1930,5,10,1.0,5.3
1921,9,8,1.0,6.7
1945,2,10,58.0,5.0
1961,10,10,1.0,5.0
2009,7,10,2.0,7.6
1937,8,10,1.0,6.0
1987,3,10,1.0,4.7
1944,2,10,4.0,5.2
2011,10,10,1.0,7.4
1991,4,10,1.0,8.4
1946,8,10,1.0,6.1
2010,5,10,1.0,5.9
1933,8,10,1.0,6.7
2023,7,10,1.0,6.9
2009,4,10,1.0,7.7
1975,4,10,1.0,6.4
2007,5,10,1.0,7.0
2021,7,10,1.0,4.6
1998,11,10,1.0,6.2
2005,8,10,2.0,6.6
1984,9,10,1.0,4.9
1924,10,10,1.0,6.5
2001,3,10,2.0,7.5
1921,3,10,1.0,6.4
1971,4,10,1.0,5.3
1993,7,10,1.0,7.6
1978,11,10,1.0,5.9
1981,2,10,1.0,4.1
2002,5,10,2.0,5.4
1965,10,10,1.0,6.1
2009,6,10,1.0,5.6
1978,6,10,1.0,6.0
1981,12,10,1.0,3.8
2015,2,10,2.0,6.7
1969,7,10,3.0,7.6
1960,6,10,2.0,6.3
1959,11,10,1.0,6.5
2021,11,10,1.0,4.7
1983,3,10,1.0,7.5
1997,6,10,2.0,7.3
2002,2,10,1.0,5.5
1938,11,10,1.0,6.2
1947,10,10,1.0,5.9
1956,5,10,1.0,5.8
2018,4,10,1.0,5.1
1979,5,10,1.0,7.4
1957,5,10,1.0,5.7
2003,1,10,1.0,1.7
1979,9,10,1.0,4.7
2010,3,10,1.0,5.1
1942,6,10,1.0,6.2
2014,6,10,1.0,6.4
1980,1,10,1.0,5.0
1986,3,10,1.0,5.5
1955,12,10,1.0,7.0
1961,7,10,1.0,5.0
1938,2,10,1.0,5.8
1975,12,10,1.0,6.7
1937,5,10,1.0,5.4
1966,3,10,1.0,6.3
2002,9,10,1.0,5.1
1984,6,10,3.0,8.3
1933,11,10,1.0,6.8
2006,2,10,2.0,7.0
1960,7,10,1.0,4.6
2002,9,10,1.0,6.1
2020,10,10,1.0,6.4
1976,7,10,1.0,5.5
1927,6,10,1.0,4.3
1973,3,10,1.0,4.5
2007,9,10,1.0,7.5
1980,3,10,1.0,6.1
1957,9,10,1.0,5.4
1937,3,10,1.0,5.8
2020,12,10,1.0,4.6
1997,10,10,1.0,6.5
1973,4,10,1.0,4.5
2023,9,10,1.0,5.2
1982,7,10,1.0,6.0
2005,9,10,1.0,6.1
1948,1,5,1.0,8.1
1965,8,10,1.0,5.6
1993,3,10,1.0,6.2
1956,3,10,1.0,5.6
2003,6,10,1.0,4.5
1997,10,10,2.0,7.1
1998,8,10,1.0,2.7
1955,9,10,1.0,5.8
1976,2,10,1.0,6.5
1955,12,10,1.0,6.3
1974,4,10,1.0,3.6
1982,12,10,1.0,4.8
1944,9,10,1.0,5.8
2006,4,10,1.0,5.9
2015,12,10,1.0,5.0
1976,9,10,1.0,5.0
1926,12,10,1.0,7.5
1972,12,10,1.0,5.4
1958,7,10,1.0,4.2
2012,9,10,1.0,5.8
1952,5,10,1.0,6.8
1952,5,10,1.0,5.6
2008,7,10,1.0,4.7
2022,10,1,1.0,5.4
2008,8,10,2.0,3.7
1973,5,10,1.0,7.0
1934,5,10,1.0,6.0
1979,9,10,1.0,8.0
2011,8,10,1.0,7.0
1956,11,10,1.0,6.7
1963,7,10,2.0,6.7
2006,12,10,1.0,6.8
1990,3,10,2.0,6.8
2014,11,10,1.0,5.4
1944,12,10,1.0,6.0
1958,11,10,1.0,6.6
2022,9,10,1.0,5.1
1949,8,10,1.0,6.3
1957,8,2,1.0,6.6
1989,11,10,1.0,3.6
1966,1,10,1.0,6.8
1926,5,8,1.0,4.6
1959,9,10,1.0,5.2
2012,6,10,1.0,6.7
1932,2,10,1.0,6.1
2013,10,10,1.0,7.0
1980,7,10,1.0,6.4
1963,7,10,1.0,6.8
1953,11,10,1.0,7.2
1998,8,10,1.0,5.8
2000,2,10,1.0,6.7
1933,12,10,1.0,5.7
1979,12,10,1.0,5.2
2001,9,10,1.0,6.8
2019,3,4,2.0,8.5
1990,7,10,1.0,5.4
1955,4,10,1.0,5.2
1991,12,10,1.0,5.0
1998,5,10,1.0,7.0
2005,4,10,1.0,7.0
1971,12,10,1.0,6.4
1974,7,10,1.0,6.2
2012,10,10,1.0,6.4
2004,10,10,1.0,6.3
1963,4,10,1.0,6.7
1934,4,10,1.0,6.7
1973,10,10,1.0,5.2
2022,3,9,1.0,4.7
2013,3,10,1.0,6.2
1939,6,10,1.0,6.2
1996,12,10,1.0,4.8
1928,10,9,1.0,5.4
1941,1,10,1.0,7.0
1945,7,10,1.0,6.0
1950,6,10,1.0,6.6
1950,6,10,1.0,7.4
2020,1,10,2.0,6.5
1951,12,10,1.0,7.7
2005,12,10,2.0,5.3
1950,12,10,1.0,5.7
2007,3,2,1.0,7.4
1959,7,10,1.0,5.4
1932,10,10,1.0,6.2
1927,8,10,1.0,7.6
1929,12,10,1.0,6.8
2013,5,10,1.0,7.3
1940,3,10,1.0,5.7
1980,4,10,1.0,3.7
1978,12,10,1.0,6.4
1921,6,9,50.0,4.1
1933,9,10,1.0,6.7
1968,7,10,1.0,5.4
1934,8,10,1.0,7.1
2021,8,10,2.0,8.3
1981,10,10,2.0,6.9
1943,10,10,54.0,5.9
1974,5,10,1.0,4.7
2020,3,10,2.0,6.8
1990,11,10,1.0,6.8
1973,7,10,1.0,3.1
1984,9,7,51.0,5.7
1990,2,10,1.0,8.5
1929,6,8,1.0,5.8
2023,12,10,1.0,6.1
1926,9,9,1.0,6.4
1948,11,10,1.0,7.6
1994,3,10,1.0,3.9
1941,5,10,2.0,7.6
1965,9,10,1.0,7.0
1976,12,10,1.0,3.3
1967,7,10,1.0,5.9
1946,1,10,59.0,6.1
1987,9,10,1.0,7.5
1959,2,10,1.0,6.4
1993,10,10,1.0,6.6
2017,10,8,1.0,5.8
1991,5,10,1.0,7.2
1925,11,10,1.0,7.3
2012,3,10,1.0,6.3
2006,9,10,1.0,6.8
2011,2,10,1.0,5.4
1922,2,10,1.0,6.7
1941,6,10,1.0,5.7
1978,3,10,2.0,7.0
1963,11,10,1.0,5.8
1988,5,7,1.0,6.5
1976,12,10,1.0,7.4
2006,8,10,1.0,7.8
2019,4,10,1.0,5.3
2005,12,10,1.0,5.4
1982,8,10,1.0,6.9
1960,9,10,1.0,5.6
1921,12,10,1.0,6.3
1977,6,10,2.0,6.6
1959,4,10,1.0,6.2
1941,10,10,1.0,5.3
1933,3,10,1.0,6.4
2007,11,10,1.0,7.2
1981,11,10,1.0,6.9
1965,4,10,1.0,4.9
1951,8,10,1.0,5.6
1935,11,10,1.0,6.5
2000,6,10,1.0,5.9
1934,12,10,1.0,6.0
1972,12,10,1.0,5.4
1983,9,10,1.0,7.2
2003,4,9,1.0,4.4
1984,9,10,1.0,4.2
1994,2,10,1.0,6.3
1977,9,10,1.0,8.5
1936,6,10,1.0,5.8
2020,5,10,1.0,6.0
2021,6,10,1.0,6.5
2014,4,10,1.0,7.5
2005,9,10,1.0,6.7
2022,4,10,2.0,6.5
1976,3,10,1.0,5.1
1995,9,10,1.0,5.9
2006,1,10,2.0,6.7
1945,10,10,59.0,5.5
2011,5,10,1.0,6.7
1953,9,10,1.0,5.9
2016,7,10,1.0,6.2
1937,3,10,1.0,6.3
1923,9,9,1.0,5.9
1950,9,10,1.0,8.2
1975,8,10,1.0,7.2
1947,11,10,1.0,6.2
1972,9,10,1.0,5.0
1981,6,10,2.0,6.5
2017,6,10,1.0,7.0
1936,6,10,1.0,6.7
2007,10,10,1.0,6.2
1926,3,10,1.0,5.2
1945,5,10,1.0,6.1
1962,10,10,1.0,6.5
1969,6,4,1.0,6.0
1993,1,4,1.0,5.8
1964,5,10,1.0,6.7
1972,1,10,1.0,4.3
2019,9,10,1.0,5.7
1954,8,10,1.0,8.6
1977,6,10,1.0,6.1
2013,8,10,1.0,6.9
1993,1,10,1.0,6.1
1992,8,10,1.0,7.0
2024,8,10,1.0,3.2
2005,10,10,1.0,3.7
1996,10,10,2.0,6.9
1950,9,10,1.0,5.6
1969,2,10,1.0,6.5
1952,6,10,1.0,6.1
1921,4,10,2.0,7.1
2007,3,10,1.0,5.9
1957,8,10,1.0,5.1
1935,6,9,1.0,6.1
1950,11,10,1.0,5.0
2008,10,10,1.0,6.4
1961,10,10,1.0,6.7
1981,5,10,1.0,5.1
2024,1,7,1.0,7.5
1983,7,10,1.0,6.0
2002,9,9,1.0,4.5
2001,6,10,1.0,5.5
1946,8,10,1.0,6.4
1969,12,10,1.0,4.2
1949,1,10,1.0,6.5
1941,3,10,59.0,6.1
1966,1,10,2.0,7.0
1959,9,10,1.0,5.3
1984,1,10,1.0,6.2
2020,3,10,1.0,5.9
1963,1,7,1.0,7.1
1993,4,10,1.0,6.2
1971,9,10,1.0,6.3
1992,5,10,1.0,4.7
1983,9,10,2.0,6.4
1931,12,10,1.0,6.5
2016,5,10,1.0,5.7
2024,9,10,2.0,5.4
1961,8,7,1.0,6.9
1997,3,10,1.0,6.4
1961,10,10,1.0,4.9
1953,10,10,1.0,6.6
1940,8,10,1.0,6.3
1979,1,7,2.0,7.9
1929,11,10,1.0,5.2
2017,4,3,1.0,7.2
2002,9,10,1.0,7.5
1964,3,10,1.0,6.0
1958,8,10,1.0,4.6
1940,5,10,1.0,5.7
1987,2,10,1.0,4.8
1955,4,9,1.0,5.8
1965,12,10,1.0,5.1
1953,7,10,1.0,7.2
1937,5,10,1.0,5.0
2001,6,10,1.0,6.8
2000,12,10,1.0,3.7
2020,11,10,1.0,4.8
1996,11,10,2.0,5.2
1933,10,10,1.0,7.0
2023,2,10,1.0,7.0
1963,6,10,1.0,6.5
2000,12,10,1.0,5.1
1958,12,10,1.0,6.2
2019,3,10,1.0,7.0
2007,4,10,1.0,7.1
1983,10,10,1.0,6.9
1993,4,10,1.0,5.5
2001,8,10,43.0,6.5
1934,3,10,1.0,6.2
1972,9,10,1.0,4.3
1966,11,10,1.0,3.5
2016,4,7,1.0,6.5
1969,5,10,1.0,6.1
2010,12,10,1.0,5.1
1994,6,10,1.0,6.2
1970,5,10,1.0,3.7
1926,7,9,1.0,7.1
1963,5,9,2.0,7.8
2008,10,8,1.0,7.2
1954,9,10,1.0,7.1
1953,8,10,1.0,7.6
1966,9,6,1.0,5.0
1941,1,10,1.0,6.3
1953,5,10,1.0,6.6
1986,10,10,1.0,3.9
2018,5,10,2.0,7.1
1988,3,10,1.0,7.7
1930,7,9,54.0,7.4
1965,4,10,2.0,7.1
1954,5,10,1.0,8.2
1993,2,10,1.0,6.6
1993,10,10,2.0,8.1
1971,9,3,1.0,5.3
2023,9,10,1.0,6.8
2006,7,10,1.0,6.9
1980,10,10,1.0,6.7
1955,11,10,1.0,8.1
1997,10,10,1.0,5.6
1941,1,10,1.0,7.6
2004,12,10,1.0,7.2
1931,6,5,1.0,6.0
1935,5,10,4.0,5.3
1935,9,10,1.0,6.7
1942,11,10,1.0,5.5
1953,8,10,1.0,7.4
2021,6,10,1.0,6.6
2002,4,10,1.0,6.4
1958,4,10,1.0,4.7
1953,7,10,1.0,5.9
1983,9,10,2.0,7.5
2016,4,10,1.0,6.2
1983,11,10,1.0,4.3
2000,11,10,2.0,7.2
2008,10,10,1.0,6.5
2001,3,10,1.0,6.2
1998,9,9,1.0,4.6
1924,11,10,1.0,5.3
1949,3,10,1.0,6.0
1996,1,10,1.0,6.5
1921,4,10,1.0,6.1
2022,4,10,2.0,6.1
2009,3,10,1.0,6.1
1930,5,8,1.0,5.6
1986,9,10,1.0,5.9
2011,10,10,1.0,3.9
1948,7,10,1.0,6.6
1992,10,10,2.0,5.1
1980,6,10,1.0,7.1
2024,11,10,1.0,6.1
1947,4,10,1.0,5.9
1938,9,10,1.0,6.9
2022,5,10,2.0,6.9
1925,4,10,1.0,5.5
1944,5,8,1.0,3.3
1982,12,10,1.0,7.2
1935,4,10,1.0,6.6
2022,8,10,1.0,6.1
1976,10,10,1.0,4.5
1988,7,10,1.0,4.9
2012,4,10,2.0,7.9
1930,5,10,1.0,4.9
1943,3,10,1.0,2.3
2007,11,10,1.0,6.3
1975,12,10,2.0,7.8
2023,4,10,1.0,6.6
1972,9,10,1.0,6.2
1962,12,10,1.0,4.6
1933,5,4,1.0,6.5
1993,8,10,1.0,6.6
1995,1,10,1.0,3.5
2004,9,10,1.0,6.4
2010,6,8,1.0,5.8
2014,4,10,1.0,7.7
1976,1,10,1.0,6.6
2025,3,10,1.0,7.3
1938,7,10,1.0,6.0
1988,7,10,1.0,5.9
2019,3,10,1.0,6.7
1932,5,10,1.0,5.7
1999,2,10,1.0,6.5
1972,9,10,1.0,7.1
2004,1,10,1.0,6.3
1990,12,5,1.0,8.4
1969,2,10,2.0,6.5
2013,10,10,1.0,6.5
1963,12,2,1.0,3.4
2014,9,10,1.0,4.8
2025,2,1,1.0,7.8
1928,9,10,1.0,5.3
1987,3,10,1.0,4.5
2025,3,5,1.0,6.9
1947,3,10,1.0,6.0
1934,12,10,1.0,6.0
1920,2,10,1.0,7.1
1963,3,10,1.0,6.8
2021,3,10,1.0,4.0
1949,8,10,54.0,6.2
2024,6,10,1.0,6.9
1939,10,10,1.0,6.5
1943,1,10,55.0,5.3
1980,9,10,1.0,5.2
1974,2,10,1.0,6.5
2018,8,10,1.0,6.6
1970,9,10,1.0,4.4
1986,9,10,2.0,7.4
1967,4,10,2.0,7.4
1966,9,10,2.0,7.9
1975,12,10,3.0,8.1
1942,3,10,1.0,6.3
1981,5,10,2.0,7.9
2022,8,10,1.0,6.3
1949,4,10,1.0,5.8
2004,2,10,1.0,7.5
1962,4,10,1.0,8.3
2020,12,10,2.0,5.5
1942,10,10,1.0,6.0
2020,4,10,1.0,5.3
2020,10,10,1.0,6.9
1967,8,10,1.0,5.1
2002,10,10,1.0,5.6
1948,9,5,1.0,7.3
1997,11,10,1.0,6.7
1984,3,10,1.0,6.0
2020,3,10,1.0,7.6
1962,11,10,2.0,5.8
1940,9,10,1.0,5.7
2011,8,10,1.0,7.1
2008,8,10,1.0,4.5
1940,9,10,1.0,6.0
1974,11,10,1.0,6.4
1952,9,10,1.0,7.5
1951,8,10,1.0,7.0
1951,8,10,1.0,6.5
1930,8,10,1.0,7.2
1942,9,10,1.0,6.1
1967,1,9,1.0,6.7
1987,4,10,1.0,4.7
1991,5,6,1.0,7.0
1959,6,10,1.0,6.3
1924,5,9,1.0,6.6
2010,4,10,1.0,5.0
2022,7,10,1.0,6.0
1956,3,4,1.0,6.9
1938,1,10,1.0,6.8
1975,6,10,1.0,4.5
2007,3,10,1.0,6.2
1986,8,10,1.0,5.6
1944,1,8,1.0,6.6
2009,2,10,1.0,7.6
1950,2,7,1.0,7.2
1995,2,10,1.0,7.4
1948,3,10,1.0,6.3
1985,11,10,1.0,4.2
1940,9,10,1.0,6.6
1951,5,10,1.0,5.8
2005,11,10,1.0,5.8
1991,12,10,1.0,7.2
1965,12,10,2.0,6.8
2025,2,10,2.0,6.2
1982,7,10,1.0,6.2
1970,9,10,1.0,5.5
1944,4,10,1.0,6.9
1936,10,10,59.0,5.3
1959,10,10,1.0,3.8
2025,3,10,2.0,9.2
1932,2,10,1.0,5.9
1989,9,10,1.0,6.6
1942,2,10,1.0,5.8
1947,9,10,2.0,6.4
1923,2,10,1.0,7.4
1940,4,10,1.0,6.0
1996,12,10,1.0,7.0
1925,1,10,1.0,3.9
1973,3,10,1.0,8.6
1981,11,10,1.0,4.8
1920,11,10,1.0,7.1
2024,10,10,1.0,6.8
2024,9,10,1.0,5.4
1940,8,10,1.0,6.3
1959,7,10,1.0,6.9
2018,4,10,1.0,5.2
2009,7,10,1.0,5.8
2023,11,10,2.0,6.7
1968,6,10,1.0,5.5
1972,1,10,1.0,5.1
1995,9,10,1.0,5.3
1994,9,10,1.0,5.3
1958,1,10,1.0,2.9
2004,5,10,2.0,7.7
1920,10,10,1.0,5.7
1972,12,10,1.0,7.4
2015,12,10,2.0,6.4
1947,6,10,1.0,5.8
1943,3,10,2.0,7.6
1923,2,6,1.0,4.7
2011,9,10,1.0,5.9
2023,12,10,1.0,7.6
2001,2,10,1.0,4.8
1956,2,10,1.0,5.5
1980,3,10,1.0,6.2
1966,9,6,2.0,5.8
1961,12,10,1.0,7.1
1976,3,10,1.0,6.8
2002,7,10,1.0,6.5
1979,2,10,1.0,4.5
1994,11,10,1.0,6.2
1984,1,10,1.0,6.7
1987,1,10,1.0,6.2
1987,4,10,1.0,6.2
1970,5,10,1.0,7.3
1932,8,2,1.0,6.4
1984,5,10,1.0,6.3
1933,3,10,1.0,6.5
1987,7,10,1.0,4.8
1987,8,10,2.0,7.5
1921,5,10,1.0,3.5
2021,9,10,1.0,5.4
2004,12,10,2.0,6.4
1966,2,10,1.0,7.9
1949,12,10,1.0,7.9
1969,8,10,1.0,5.3
1973,8,10,1.0,5.7
1973,10,10,1.0,5.6
1936,4,10,58.0,5.5
2018,10,10,1.0,6.7
2005,4,10,1.0,5.1
1940,5,10,1.0,6.3
2024,11,10,1.0,6.3
1970,1,10,1.0,6.1
2021,10,10,1.0,5.4
1997,7,10,1.0,6.2
1988,2,10,1.0,4.2
2016,9,10,1.0,6.6
1935,2,10,1.0,6.4
1949,9,10,1.0,6.3
1943,4,10,1.0,6.2
1960,5,6,1.0,7.8
1983,6,10,1.0,5.0
2019,1,10,1.0,4.9
1948,7,10,1.0,7.3
2009,4,10,1.0,2.5
2022,9,10,1.0,6.5
2005,8,10,1.0,5.9
1985,5,10,1.0,7.8
1932,2,10,53.0,6.0
1933,10,10,1.0,6.6
1979,8,10,1.0,5.6
1933,1,10,1.0,6.4
2024,4,10,1.0,7.4
1953,4,10,1.0,5.7
2017,4,10,2.0,6.3
1935,12,1,1.0,7.5
1972,12,10,1.0,7.0
1955,9,8,55.0,6.0
1964,10,10,1.0,7.0
1940,4,10,1.0,6.1
1925,9,7,50.0,4.3
2016,9,10,1.0,7.8
1957,6,10,1.0,5.6
1937,3,10,1.0,6.4
2015,9,10,1.0,5.5
1996,11,10,2.0,7.5
1972,9,10,59.0,4.0
1921,10,10,1.0,6.9
1935,1,10,1.0,6.1
1962,6,10,1.0,6.4
1933,9,10,1.0,5.8
1989,1,5,1.0,6.5
1963,10,10,1.0,7.2
2018,2,10,1.0,6.0
1969,9,10,1.0,4.3
1958,9,10,1.0,7.4
1965,7,10,2.0,7.6
2025,2,10,1.0,6.7
1970,4,10,1.0,6.4
1964,3,10,1.0,6.8
1992,11,9,1.0,4.7
1991,11,10,1.0,6.6
1929,10,10,1.0,6.4
1997,11,8,1.0,7.7
1966,9,8,1.0,7.2
1980,4,10,1.0,7.6
2016,1,10,1.0,5.9
2014,10,10,1.0,6.5
1974,1,10,1.0,5.2
1946,5,10,58.0,5.2
1966,6,10,1.0,5.4
1979,6,10,1.0,7.6
1924,7,7,1.0,6.9
1940,5,10,1.0,6.5
1998,5,10,1.0,7.1
1952,11,10,1.0,6.8
1994,2,10,2.0,5.8
1960,1,8,1.0,6.1
1983,12,8,1.0,6.0
1976,6,9,1.0,6.9
2022,9,10,1.0,6.2
1998,5,10,2.0,6.6
1961,5,10,2.0,8.0
1940,10,10,1.0,5.9
1961,9,10,1.0,7.3
1956,9,10,1.0,7.4
1976,12,10,1.0,5.8
1953,5,10,1.0,6.1
1941,1,10,57.0,5.6
2001,10,10,1.0,7.5
1965,12,10,1.0,7.5
1999,3,10,1.0,5.5
1932,3,10,1.0,5.9
1986,12,10,1.0,6.5
2003,1,10,1.0,5.8
1988,9,10,1.0,5.8
1986,5,10,1.0,5.3
1993,2,10,1.0,6.5
1986,11,10,1.0,7.2
1948,9,10,1.0,7.1
1921,9,10,1.0,6.8
2018,6,10,1.0,5.6
2003,12,10,1.0,6.7
1953,9,10,1.0,7.4
1940,9,10,1.0,6.0
2000,5,10,1.0,6.0
1934,4,10,58.0,6.2
2013,3,10,1.0,5.9
1994,7,10,1.0,7.0
1947,12,10,1.0,5.7
2018,10,10,1.0,6.2
1975,11,10,2.0,8.0
2019,9,10,1.0,6.7
1924,9,10,1.0,7.0
1963,7,10,1.0,7.4
1923,2,10,1.0,6.1
1927,1,10,1.0,6.1
1930,11,10,1.0,5.3
1998,12,10,1.0,4.8
1986,9,4,55.0,7.8
2004,9,10,1.0,5.4
1970,9,10,1.0,6.7
1995,1,10,2.0,6.5
1985,8,10,1.0,6.6
2008,3,10,1.0,6.6
2024,1,10,1.0,5.3
2001,1,10,1.0,6.1
1941,2,10,1.0,6.7
2000,7,10,3.0,6.8
1948,8,10,1.0,5.4
2002,7,10,1.0,4.8
1945,1,10,1.0,6.8
2003,4,9,1.0,7.3
1986,7,10,1.0,5.4
2009,1,10,1.0,6.1
1946,2,10,1.0,5.5
1923,1,10,1.0,6.9
1946,3,10,1.0,6.5
1995,10,5,1.0,4.8
1970,9,10,1.0,6.9
1974,9,10,2.0,7.8
2021,7,10,1.0,6.7
1965,7,10,1.0,5.8
1978,7,10,2.0,6.6
1976,4,7,1.0,6.4
1946,12,10,1.0,6.5
1986,8,10,1.0,4.6
1935,11,9,1.0,5.3
1934,1,10,1.0,6.8
2006,1,6,1.0,8.4
1932,8,7,51.0,7.0
1927,9,10,1.0,6.6
1975,1,10,1.0,7.3
1952,9,10,1.0,5.8
2025,1,10,1.0,7.5
2008,7,10,1.0,6.5
1942,9,10,1.0,6.1
1963,5,10,1.0,6.0
1946,2,10,1.0,6.4
1924,9,10,1.0,5.8
2014,11,1,1.0,7.0
1961,3,10,1.0,6.6
1984,10,10,1.0,5.1
1930,1,10,1.0,6.0
1995,3,10,1.0,7.4
2010,12,10,1.0,6.6
1982,6,10,1.0,7.2
1974,3,10,1.0,6.2
1948,3,10,1.0,6.3
1952,9,10,1.0,6.9
2005,5,10,1.0,6.9
1960,8,10,1.0,6.7
2002,6,10,2.0,6.1
1984,1,10,2.0,5.8
2025,3,10,1.0,6.8
1971,3,10,1.0,6.3
1944,8,10,2.0,7.6
1943,2,10,1.0,5.8
2009,1,10,1.0,6.3
1927,10,10,1.0,7.1
1939,5,10,1.0,6.9
1997,2,10,2.0,6.2
2015,5,10,1.0,7.2
1960,4,10,2.0,6.6
2022,5,8,1.0,7.4
2019,10,1,1.0,9.6
1988,5,10,1.0,3.8
1999,12,10,1.0,6.3
1935,6,10,1.0,6.8
2021,3,10,1.0,4.2
1974,8,10,1.0,4.5
1986,3,10,1.0,7.7
2011,4,10,1.0,5.1
1947,1,10,1.0,7.2
1963,9,10,55.0,6.0
1994,11,10,1.0,5.9
1939,1,10,1.0,6.3
2021,10,10,1.0,5.3
1980,8,10,1.0,5.3
1935,2,10,1.0,6.1
1942,6,10,1.0,6.2
1949,10,10,1.0,6.0
1976,1,10,1.0,8.0
2018,3,10,1.0,6.8
2021,3,10,1.0,6.4
1932,7,10,1.0,6.2
2013,5,10,1.0,7.4
1937,11,10,1.0,6.4
1955,9,10,2.0,7.1
1990,1,10,1.0,3.4
1968,1,10,1.0,6.4
1997,1,10,1.0,6.4
1933,1,10,45.0,5.2
1953,5,10,1.0,6.6
2016,1,10,1.0,8.1
2020,11,10,1.0,5.3
1946,9,10,1.0,7.4
1985,4,10,2.0,7.5
1999,2,10,1.0,6.7
1961,9,10,1.0,5.1
1994,3,10,1.0,6.3
2000,4,10,1.0,7.6
1998,4,10,2.0,6.5
1976,4,10,2.0,6.1
1974,12,10,1.0,5.5
1923,12,8,1.0,4.8
2012,3,10,1.0,6.4
1942,4,10,1.0,5.3
1959,7,10,1.0,6.2
2007,9,10,1.0,6.6
1989,11,10,2.0,7.8
1938,5,10,1.0,6.3
1931,3,10,1.0,6.1
1950,2,10,1.0,6.7
1963,1,10,1.0,5.9
1958,6,10,1.0,6.4
1980,10,10,1.0,4.7
1968,6,10,1.0,5.3
1972,7,10,2.0,6.5
2006,3,1,1.0,6.6
1941,5,10,1.0,5.2
1960,10,10,1.0,6.4
1987,4,10,1.0,5.5
1947,2,10,1.0,7.2
2013,9,10,1.0,6.2
1937,7,10,1.0,5.3
1978,9,10,2.0,7.3
1967,4,9,1.0,5.0
1995,5,10,1.0,7.3
1940,12,10,1.0,6.2
1944,2,10,1.0,5.8
1986,1,10,1.0,5.8
1973,5,10,1.0,6.4
1941,1,10,59.0,4.0
1969,12,10,1.0,7.2
1980,11,10,1.0,5.4
1995,2,10,1.0,6.5
2019,12,10,2.0,7.8
2000,10,10,1.0,7.0
2001,6,10,1.0,4.6
1940,3,10,58.0,6.7
1998,9,10,1.0,7.0
1969,12,10,1.0,6.2
2016,11,10,1.0,7.9
1946,10,10,1.0,4.4
1939,8,10,1.0,7.0
1954,2,10,1.0,6.1
1928,8,8,1.0,6.3
1964,12,10,1.0,7.4
2012,1,10,1.0,7.6
1994,12,10,1.0,5.4
1941,9,10,1.0,4.7
1934,6,10,1.0,6.1
1990,1,10,1.0,5.7
1940,5,10,1.0,6.4
2014,10,10,2.0,6.4
2020,1,10,1.0,6.5
1982,11,10,1.0,4.2
2006,12,10,1.0,6.3
1982,11,10,1.0,7.3
1929,8,8,1.0,7.0
1989,3,6,1.0,6.3
1982,9,10,1.0,4.8
1966,2,10,1.0,6.5
1960,1,10,1.0,6.7
1941,3,10,1.0,6.4
1997,5,10,1.0,6.7
1993,9,10,1.0,7.3
1962,9,10,1.0,5.1
1985,12,9,1.0,5.0
1928,12,9,1.0,5.8
1964,8,10,1.0,7.2
1967,8,10,1.0,5.5
1991,4,10,1.0,7.3
1935,9,10,1.0,6.3
1959,10,10,1.0,5.0
2003,10,10,1.0,7.0
1985,4,9,1.0,5.4
1976,3,10,1.0,5.5
2018,9,10,2.0,8.4
1941,6,10,1.0,6.0
1958,12,10,1.0,6.8
1990,11,10,1.0,5.5
1922,12,10,1.0,5.4
1983,3,10,1.0,7.3
2002,1,10,1.0,5.3
1971,7,10,1.0,7.8
1996,10,10,2.0,7.1
1956,12,9,1.0,4.2
1948,11,10,1.0,7.5
1978,9,10,1.0,5.5
1995,1,10,2.0,7.4
1931,8,10,1.0,6.1
1977,9,10,1.0,7.3
1984,6,10,1.0,6.2
2007,11,10,1.0,6.7
1959,4,9,58.0,5.0
1920,4,10,50.0,5.1
1920,8,10,1.0,5.2
1985,8,10,2.0,6.7
1996,10,10,2.0,7.5
2010,9,10,1.0,6.2
1966,12,10,1.0,7.2
1962,10,10,1.0,6.6
1996,8,10,1.0,5.4
1943,9,10,2.0,6.7
1946,4,10,1.0,6.7
1927,2,10,1.0,7.2
1951,5,10,1.0,5.6
1979,1,6,1.0,4.2
1960,9,10,1.0,5.1
2014,4,10,1.0,6.1
1948,12,9,1.0,7.4
1932,9,10,1.0,6.9
2016,4,5,57.0,7.5
2004,6,10,1.0,5.6
1997,9,10,1.0,6.1
1925,12,9,59.0,5.7
1999,7,10,1.0,5.9
2012,3,8,1.0,7.6
1980,12,10,1.0,5.3
1963,4,10,1.0,7.4
1924,4,6,1.0,7.3
1982,8,10,1.0,7.4
1940,9,10,3.0,7.5
1957,9,10,1.0,8.8
1947,9,10,2.0,7.5
2015,4,10,1.0,4.7
1977,11,10,2.0,6.9
1997,10,10,1.0,3.2
1998,11,10,2.0,3.4
1967,3,10,1.0,5.7
1967,9,10,1.0,7.1
1928,11,10,1.0,5.2
2017,3,10,1.0,6.0
2019,2,10,1.0,6.2
1967,7,10,1.0,6.4
1977,1,10,1.0,6.3
1956,6,10,1.0,5.5
1971,7,10,1.0,4.9
1999,9,10,1.0,4.2
1944,2,10,1.0,5.8
1955,4,10,1.0,6.1
1977,3,10,1.0,4.3
2005,2,10,2.0,4.2
1984,11,10,1.0,5.4
1947,9,10,1.0,6.5
1962,3,10,2.0,6.9
1969,9,10,1.0,7.1
1937,1,10,1.0,5.8
1967,4,10,1.0,4.7
2017,1,10,1.0,5.2
2022,3,10,1.0,6.7
1957,12,10,2.0,7.6
2012,5,10,2.0,7.9
1982,4,10,1.0,7.5
1994,5,10,1.0,4.6
1969,4,10,1.0,7.7
1982,1,10,1.0,5.1
1948,12,7,2.0,7.1
1939,11,10,1.0,6.5
1957,7,10,1.0,6.3
2001,4,10,2.0,5.1
1956,10,10,1.0,7.6
2011,7,10,1.0,5.2
1972,9,10,1.0,4.0
2011,2,10,1.0,6.5
1981,5,10,1.0,7.0
2000,6,10,1.0,4.1
2021,12,10,2.0,6.6
2001,8,10,1.0,5.9
2002,10,10,1.0,3.6
1989,11,10,1.0,5.3
1986,4,10,1.0,5.1
1990,2,10,1.0,5.1
2023,9,1,1.0,7.2
1967,12,10,1.0,5.5
1983,4,10,1.0,4.5
1975,4,10,1.0,5.3
1993,6,10,1.0,6.8
2010,8,10,1.0,6.4
1997,1,10,1.0,5.4
1933,4,10,1.0,7.0
1976,10,10,1.0,6.2
1982,4,10,1.0,4.4
1942,9,10,1.0,5.1
1945,12,10,1.0,5.9
1946,9,10,1.0,5.5
1962,2,10,1.0,6.1
2014,3,10,1.0,6.4
1986,5,10,1.0,4.1
1951,4,10,1.0,6.5
1945,6,10,1.0,6.8
1956,6,10,2.0,6.8
1920,11,10,1.0,5.9
2016,1,7,1.0,7.2
1982,9,10,1.0,4.4
1949,4,10,1.0,5.4
1957,9,10,1.0,6.6
1950,9,10,1.0,6.1
1933,12,10,1.0,6.8
2002,12,10,1.0,4.6
1979,3,10,1.0,6.5
1975,11,6,1.0,5.6
1984,12,10,1.0,3.1
1936,2,10,1.0,6.7
1979,10,10,1.0,5.2
1967,6,10,1.0,5.2
1923,1,9,1.0,6.2
1988,2,10,1.0,4.9
1938,1,10,1.0,5.7
1969,8,10,1.0,6.3
1946,4,10,1.0,6.5
1990,9,10,1.0,4.5
1966,3,10,1.0,5.6
2017,3,10,1.0,5.5
2006,7,10,1.0,5.3
2022,8,10,1.0,6.4
1976,11,10,1.0,4.1
1950,3,10,1.0,6.9
2005,7,10,1.0,5.6
1931,9,10,1.0,7.4
2017,9,10,1.0,6.5
1946,9,10,2.0,7.0
1980,6,10,1.0,5.6
1943,11,10,1.0,5.8
1964,4,10,1.0,4.9
2004,1,10,1.0,6.4
1983,9,10,1.0,3.8
1985,12,10,1.0,6.1
2006,4,10,1.0,6.6
2025,1,1,1.0,8.8
1993,8,10,1.0,6.4
1979,4,10,2.0,6.8
1945,1,10,1.0,5.3
1996,1,10,1.0,5.4
2023,9,10,1.0,5.5
1997,9,10,1.0,5.8
1943,11,10,1.0,6.6
2007,1,10,1.0,4.8
1971,9,10,1.0,4.4
1930,9,6,1.0,2.6
1964,12,10,1.0,6.9
1925,6,9,1.0,6.7
1961,10,10,1.0,7.7
1966,9,10,1.0,6.6
1977,5,10,1.0,4.4
2018,3,10,1.0,6.0
1990,5,10,1.0,5.1
2014,1,10,1.0,8.0
1984,10,10,1.0,7.0
2003,10,10,1.0,3.3
1998,12,10,1.0,6.9
1944,4,10,1.0,6.4
1931,3,10,1.0,6.1
1979,3,10,1.0,8.1
2019,4,10,1.0,7.1
1987,9,10,2.0,7.6
1999,7,10,1.0,6.3
1926,7,10,1.0,7.6
1971,8,10,1.0,4.8
2018,2,10,2.0,7.3
1978,10,10,1.0,4.6
1981,6,10,2.0,6.7
1982,9,10,1.0,4.4
1960,9,5,54.0,5.7
1977,4,10,2.0,6.8
2014,12,10,1.0,6.4
1989,9,10,1.0,6.4
1970,2,10,1.0,6.4
2010,4,10,1.0,5.7
1987,10,10,1.0,8.0
2019,10,10,1.0,7.1
1993,7,10,2.0,4.7
1925,9,7,1.0,6.5
1991,7,10,1.0,6.9
2023,3,10,1.0,6.1
2004,5,10,1.0,6.7
2017,8,10,2.0,7.3
1934,4,10,1.0,6.1
1948,8,10,1.0,5.9
1990,7,10,1.0,8.1
1927,9,10,1.0,7.0
2024,6,10,1.0,8.7
1936,12,10,1.0,5.8
1947,1,10,1.0,7.3
1961,8,10,1.0,5.2
1932,5,10,1.0,6.1
1952,2,10,1.0,7.2
1950,8,10,1.0,5.7
1951,12,10,1.0,4.7
1989,2,10,1.0,5.8
1980,10,10,1.0,5.1
1986,6,10,1.0,4.9
1990,9,10,1.0,7.1
1963,5,10,1.0,8.0
1981,2,10,1.0,5.5
1936,4,10,1.0,6.2
2013,3,10,1.0,6.8
1959,12,10,1.0,6.6
1977,9,10,1.0,5.5
2004,6,10,1.0,6.3
1981,1,10,2.0,7.1
1948,4,10,1.0,6.1
1973,1,10,1.0,6.3
1947,1,7,1.0,5.4
1995,12,10,1.0,6.7
2006,3,10,1.0,6.7
1930,9,10,1.0,5.6
1970,2,10,1.0,6.7
1964,11,10,1.0,5.8
1969,10,10,1.0,4.2
2015,10,10,1.0,2.7
1974,5,10,1.0,4.0
1945,7,10,1.0,6.2
2004,1,5,1.0,7.3
1983,9,10,1.0,5.5
1956,5,10,1.0,6.7
2010,7,10,1.0,5.9
1944,4,10,1.0,6.0
1971,5,10,1.0,6.6
1940,3,10,1.0,7.3
2011,4,10,1.0,6.4
1939,8,10,1.0,7.5
2003,6,10,1.0,6.3
1984,6,10,2.0,7.3
1941,4,10,58.0,6.1
1973,10,10,1.0,6.1
1940,7,10,1.0,5.3
1997,1,10,1.0,6.3
1992,9,10,1.0,5.4
1944,5,10,1.0,6.8
1945,10,10,1.0,7.3
1982,12,9,1.0,4.7
1991,4,10,1.0,6.9
1991,3,10,1.0,6.5
2008,12,10,2.0,7.1
2004,4,10,1.0,4.6
1951,7,10,1.0,6.3
1950,3,10,1.0,7.3
1993,4,10,1.0,3.0
2000,12,10,1.0,4.4
1942,3,10,1.0,4.3
2013,9,1,1.0,7.3
1946,11,10,1.0,7.3
1984,6,10,1.0,6.8
1991,9,10,1.0,5.3
1923,12,9,57.0,6.0
1990,6,10,1.0,6.2
1963,1,10,2.0,7.0
1970,9,10,1.0,4.1
1952,12,10,1.0,6.3
2001,3,10,1.0,3.4
1981,8,10,1.0,5.5
1997,1,10,1.0,4.9
1999,1,10,1.0,7.0
1945,8,10,2.0,7.3
1989,4,10,1.0,6.8
1979,5,10,1.0,6.0
1927,1,10,1.0,6.9
1975,3,10,1.0,5.3
1948,7,10,1.0,7.6
1986,3,10,1.0,4.4
1972,5,10,1.0,6.9
2012,12,10,2.0,7.0
1998,10,10,1.0,7.1
1929,5,10,1.0,7.4
2021,2,10,1.0,6.3
1936,6,10,1.0,5.6
1994,3,10,1.0,4.7
1973,9,10,1.0,4.7
1962,7,10,1.0,7.4
1962,2,9,1.0,5.0
2024,4,10,1.0,6.4
1999,1,10,2.0,7.5
2024,7,10,1.0,4.8
1993,9,10,1.0,7.9
1948,12,10,1.0,6.6
2002,2,10,1.0,5.2
1974,12,10,1.0,6.4
1975,6,10,1.0,4.2
1984,2,10,2.0,6.8
1935,2,10,1.0,5.8
1991,4,10,1.0,6.4
2021,9,10,1.0,4.8
2021,3,10,1.0,6.5
1955,4,10,1.0,6.8
1996,3,10,1.0,5.5
1928,2,9,1.0,6.9
2010,4,10,1.0,5.7
1998,6,10,1.0,4.8
1949,4,10,1.0,6.4
2013,3,10,1.0,6.1
1929,4,6,1.0,7.3
1966,12,10,1.0,5.0
1947,12,10,1.0,5.3
1964,1,10,2.0,6.7
1949,12,10,1.0,6.7
1993,12,3,4.0,7.4
1968,3,8,1.0,4.4
1967,4,10,1.0,3.4
2008,9,10,1.0,5.8
1993,2,10,2.0,7.4
1982,8,10,1.0,5.5
2002,4,10,1.0,6.5
2015,1,10,1.0,5.8
2025,3,10,1.0,3.0
1979,8,10,1.0,4.0
1938,9,10,1.0,6.1
1957,6,10,1.0,5.3
1996,2,10,1.0,5.7
1982,2,10,1.0,5.6
1941,8,10,1.0,6.3
1938,2,10,1.0,5.5
1985,4,10,1.0,5.0
2012,5,10,1.0,5.0
2017,3,10,1.0,6.4
1985,10,10,2.0,7.7
1939,1,10,2.0,6.6
1977,5,10,1.0,7.4
1994,10,10,2.0,7.8
1946,11,10,1.0,6.1
1966,9,5,1.0,4.0
1959,12,10,1.0,6.0
1980,5,7,1.0,5.1
1979,9,10,1.0,6.5
2018,12,10,1.0,7.3
1940,5,10,1.0,6.4
1964,3,10,1.0,4.6
1976,2,10,1.0,5.7
1992,3,10,1.0,5.3
1984,4,10,1.0,4.4
1975,11,10,1.0,5.8
1935,11,10,1.0,4.5
1960,6,10,1.0,5.6
1947,5,10,1.0,6.1
1959,1,10,1.0,7.0
1937,6,10,59.0,5.7
1999,5,10,1.0,6.5
1983,11,10,1.0,5.6
1986,3,10,1.0,6.0
2008,8,10,1.0,6.9
1984,3,10,1.0,6.9
1949,10,10,1.0,6.0
2009,12,10,1.0,5.9
1954,12,10,1.0,6.6
2007,6,10,2.0,6.9
1949,3,10,1.0,5.7
1960,9,10,1.0,4.9
1985,1,10,1.0,7.5
1992,6,10,1.0,7.1
1991,6,6,1.0,4.5
2021,12,10,59.0,5.1
1954,3,10,1.0,6.3
1983,5,10,1.0,5.8
1988,9,10,1.0,5.7
2023,10,10,1.0,6.7
2003,3,10,2.0,6.6
1939,11,10,1.0,6.3
1955,11,10,1.0,6.4
1981,4,10,1.0,4.6
1968,12,10,2.0,7.0
1981,3,10,1.0,7.0
1941,10,10,3.0,5.6
1924,2,10,2.0,6.3
1980,7,10,1.0,6.3
1997,4,10,2.0,5.3
2007,12,10,1.0,6.4
1983,5,10,2.0,3.6
2005,6,10,2.0,8.0
1954,12,10,1.0,4.9
1980,9,10,1.0,5.7
1952,9,10,1.0,7.1
2010,2,10,1.0,7.2
2010,9,10,1.0,7.0
1955,2,10,1.0,4.8
1985,3,10,1.0,4.8
1921,10,10,1.0,5.8
1955,1,10,1.0,6.5
1949,2,10,1.0,5.8
2013,4,10,1.0,6.5
2011,12,10,1.0,5.3
1979,2,10,1.0,7.3
2007,7,10,1.0,3.6
1987,9,10,1.0,5.3
2002,11,10,1.0,4.8
1942,1,10,1.0,6.5
2014,10,10,2.0,8.1
1989,11,10,1.0,7.6
1961,2,10,1.0,5.7
1998,11,10,1.0,3.3
1933,5,10,1.0,6.9
1988,5,10,1.0,6.0
1980,10,10,1.0,4.6
2004,8,10,1.0,7.0
2000,6,10,1.0,6.0
1982,7,10,1.0,6.6
1941,9,10,1.0,6.3
2010,3,10,1.0,5.0
2017,10,10,2.0,8.0
1930,11,6,1.0,5.7
2010,7,6,1.0,7.2
1937,11,10,1.0,7.0
1953,1,10,1.0,7.5
1953,4,10,1.0,5.8
1949,5,10,1.0,5.2
1952,3,10,1.0,6.4
1962,5,10,1.0,7.8
1962,1,10,2.0,7.7
2000,3,10,1.0,7.7
1975,9,10,1.0,6.2
1948,9,10,1.0,4.9
1937,4,10,1.0,7.2
2024,3,10,2.0,7.4
1998,9,10,1.0,7.4
1996,7,10,1.0,5.6
2023,10,10,1.0,6.1
1929,10,10,1.0,6.1
1931,9,10,1.0,6.2
1961,8,10,1.0,6.6
2000,2,10,1.0,6.8
2003,4,10,1.0,7.0
2020,10,10,1.0,5.8
1970,1,1,53.0,7.4
1990,2,10,1.0,3.4
1925,2,10,1.0,5.6
2008,9,10,1.0,5.0
1943,8,10,59.0,7.0
1955,9,9,2.0,6.4
1989,7,1,1.0,6.2
1969,6,10,1.0,4.4
1984,8,10,2.0,5.4
2025,2,10,2.0,6.1
1996,10,10,1.0,7.6
1953,3,10,1.0,6.2
1999,7,10,2.0,6.6
2024,12,10,1.0,6.1
1968,1,10,1.0,6.1
1934,4,10,1.0,6.1
1922,9,6,50.0,6.0
1956,4,10,1.0,6.4
1970,2,10,1.0,7.0
1932,5,10,1.0,6.4
1967,1,10,2.0,7.1
1958,9,10,1.0,4.6
1935,10,10,58.0,6.5
1960,1,10,1.0,6.6
1956,2,10,1.0,6.5
2001,6,10,2.0,4.2
2010,6,10,2.0,6.2
1922,8,10,55.0,5.9
2020,10,10,1.0,6.1
1937,9,10,1.0,6.4
1932,9,10,1.0,5.8
1955,3,10,1.0,4.5
1952,6,10,1.0,7.0
2019,12,10,1.0,7.5
1950,5,10,1.0,5.8
1944,6,10,1.0,5.6
2009,6,10,1.0,6.4
1941,8,10,2.0,6.5
1949,12,10,1.0,7.4
1925,9,10,1.0,6.7
1982,8,10,51.0,6.5
1965,7,10,1.0,3.9
1923,9,10,1.0,5.9
1959,11,10,1.0,5.6
1949,6,10,1.0,5.6
2025,3,9,1.0,9.5
1999,10,10,1.0,5.3
1957,8,10,1.0,6.9
2017,4,10,1.0,7.5
1973,10,6,1.0,4.1
1933,5,10,1.0,6.5
2011,11,10,1.0,6.9
1963,5,10,1.0,6.5
1942,4,10,1.0,5.9
1947,10,10,1.0,5.9
1987,12,10,1.0,6.2
1967,2,10,1.0,5.7
1940,3,10,1.0,7.1
1984,4,10,1.0,5.6
2003,8,10,1.0,7.4
2003,11,10,1.0,4.9
1987,2,10,1.0,4.4
1998,9,10,1.0,2.3
1976,4,10,1.0,6.3
1957,9,10,1.0,3.9
1972,5,9,1.0,7.2
1958,10,10,1.0,7.8
1956,4,10,1.0,6.4
2017,12,10,1.0,7.4
1981,1,10,1.0,4.8
1956,1,10,1.0,6.3
1974,1,10,1.0,4.8
1998,8,10,1.0,6.3
1993,1,10,1.0,5.9
2020,9,10,1.0,6.3
1981,10,10,1.0,3.8
1976,5,10,1.0,4.4
1953,10,10,1.0,6.7
1946,12,10,1.0,6.1
1978,6,10,1.0,7.2
1948,6,10,56.0,6.1
1946,1,10,1.0,4.9
1965,9,10,1.0,7.4
1934,10,10,1.0,7.1
1969,5,10,1.0,6.0
2000,3,10,1.0,4.7
1973,1,10,1.0,4.9
1997,11,10,1.0,6.3
1965,10,10,1.0,5.2
1963,9,10,1.0,5.1
1927,6,10,1.0,5.7
2002,11,10,1.0,6.6
1954,11,10,1.0,6.7
2001,9,10,1.0,3.5
2002,5,10,1.0,6.4
1971,10,10,1.0,3.5
1952,10,10,1.0,6.2
1979,9,10,1.0,4.7
2013,10,10,1.0,7.8
1970,7,10,1.0,4.7
1970,11,10,1.0,5.7
1953,6,3,58.0,5.8
1990,2,10,1.0,5.9
1930,7,10,1.0,6.4
1940,5,10,1.0,7.0
2008,2,10,3.0,7.5
1942,11,10,1.0,5.7
1951,1,9,1.0,6.4
1959,12,10,1.0,6.8
1962,8,10,1.0,6.7
1989,7,10,1.0,4.7
1934,9,10,1.0,7.0
2000,10,10,1.0,4.0
1940,11,10,1.0,5.0
1968,11,10,2.0,6.5
1946,7,10,1.0,5.8
2011,3,10,1.0,6.3
2018,4,10,1.0,5.5
1930,4,10,1.0,5.1
1944,12,10,1.0,6.2
1992,2,10,1.0,6.4
1931,8,1,1.0,7.1
2005,2,8,1.0,5.7
1925,6,10,1.0,7.8
2019,3,10,1.0,4.8
1999,2,10,1.0,4.6
1975,7,10,1.0,7.7
1952,6,10,1.0,6.9
1932,12,10,1.0,6.6
2014,6,10,1.0,4.5
1985,1,10,1.0,4.9
2012,10,10,2.0,7.4
2003,7,10,1.0,5.7
1985,9,10,1.0,6.8
1958,1,10,1.0,7.6
1943,3,10,1.0,4.9
2015,11,10,2.0,6.1
2003,9,10,1.0,5.9
1982,3,10,2.0,7.6
1955,3,10,1.0,6.5
1992,9,10,2.0,8.4
1934,1,10,1.0,9.0
1986,12,10,1.0,6.7
2012,7,10,1.0,5.2
1959,3,10,1.0,6.7
1989,4,10,1.0,5.4
1957,3,10,1.0,5.6
2011,1,10,1.0,6.0
1957,7,10,1.0,5.9
1920,3,7,50.0,5.4
1989,10,10,1.0,5.9
2005,7,10,2.0,7.0
1984,5,10,1.0,5.3
2016,4,10,1.0,5.5
2021,9,10,1.0,6.2
1951,11,10,1.0,7.5
1971,8,10,1.0,4.7
1974,9,10,1.0,7.5
1976,4,10,1.0,4.1
1991,8,2,2.0,6.3
1937,6,10,1.0,6.3
1937,12,10,1.0,6.0
2004,1,10,1.0,6.9
2023,6,1,1.0,7.4
1973,6,10,1.0,4.3
1998,4,10,1.0,5.6
1985,8,10,1.0,6.1
1935,11,10,1.0,6.4
1963,8,10,2.0,7.3
1978,6,10,1.0,4.4
1933,5,10,1.0,7.0
1971,1,10,1.0,4.0
1950,9,10,2.0,6.1
1936,10,10,1.0,4.4
1956,11,10,1.0,5.1
1986,9,10,1.0,6.5
2003,1,10,1.0,5.1
1975,2,10,2.0,7.8
1922,12,9,57.0,6.5
1946,3,10,59.0,5.6
1954,4,10,1.0,5.8
2023,7,10,1.0,7.2
1926,11,10,1.0,6.7
1982,9,10,1.0,3.4
2016,7,10,1.0,7.6
2008,10,10,1.0,5.6
1948,5,10,1.0,5.9
2011,7,10,2.0,7.5
1934,9,10,1.0,3.7
1928,7,10,1.0,6.8
1949,5,8,2.0,7.6
1982,5,10,1.0,5.6
1999,5,10,1.0,7.3
1940,9,10,59.0,5.7
1987,3,10,1.0,3.9
1933,6,10,1.0,7.0
1942,7,10,1.0,6.8
1951,2,2,54.0,6.6
1953,6,10,1.0,2.7
1995,6,10,1.0,7.4
1929,4,10,1.0,5.5
1961,6,10,1.0,7.0
1941,2,10,1.0,7.2
1995,6,10,1.0,6.5
1962,8,10,1.0,6.1
2011,2,10,1.0,1.7
1997,4,10,1.0,4.2
1957,3,10,1.0,4.9
2006,7,10,1.0,7.0
1960,12,10,1.0,3.8
1928,2,10,1.0,6.5
1985,11,10,1.0,5.6
1968,8,10,1.0,6.3
1970,4,10,1.0,6.2
2000,6,10,1.0,3.7
1953,12,10,2.0,6.7
1982,9,10,1.0,6.1
1927,9,9,1.0,6.1
1942,4,10,1.0,6.6
2013,11,6,1.0,6.9
1947,8,10,1.0,7.3
1947,9,10,1.0,6.1
1949,12,10,1.0,6.4
2020,7,10,1.0,4.1
1984,11,10,1.0,5.1
2009,10,10,2.0,7.4
2023,5,10,1.0,5.9
1938,10,10,58.0,6.3
1993,9,10,1.0,5.1
2023,7,10,1.0,6.4
1998,6,10,1.0,6.7
2025,1,10,1.0,5.7
1947,5,10,1.0,6.7
1979,5,10,1.0,6.4
1991,10,10,1.0,6.0
1941,9,10,1.0,5.8
1972,11,10,1.0,6.2
1946,12,10,1.0,6.1
2020,2,10,1.0,7.3
1938,10,10,1.0,5.6
1948,10,10,1.0,6.0
1944,9,10,1.0,6.2
1950,9,10,1.0,6.0
1963,6,10,1.0,6.2
1980,2,10,2.0,6.9
1934,2,10,1.0,6.7
2019,8,10,1.0,6.1
1974,10,10,1.0,5.4
1985,9,10,1.0,5.0
2008,10,10,1.0,5.6
1995,7,10,1.0,5.5
1935,2,10,58.0,5.6
2008,10,10,2.0,8.0
2002,1,10,1.0,6.6
1987,10,10,1.0,6.6
1959,3,10,1.0,6.7
1963,10,10,1.0,5.5
1948,1,10,1.0,5.6
1928,4,8,1.0,5.6
1999,4,10,1.0,6.6
1958,5,9,1.0,6.1
2018,11,10,1.0,6.7
1969,3,10,2.0,6.0
1957,9,10,1.0,5.6
1938,10,10,1.0,5.5
1987,8,10,1.0,7.0
1998,5,10,59.0,6.6
1954,9,10,1.0,5.8
1939,7,10,5.0,7.3
2023,12,10,1.0,5.9
1991,12,10,1.0,7.2
1983,2,10,1.0,5.6
1923,8,10,1.0,5.9
2004,4,10,2.0,7.8
2022,6,10,1.0,6.2
1975,11,10,1.0,5.7
1962,8,10,1.0,4.2
1991,2,10,1.0,6.3
1994,1,10,1.0,5.4
1990,3,10,1.0,5.1
1994,12,10,1.0,4.1
1971,7,10,1.0,6.5
2025,2,10,2.0,6.0
1955,5,10,1.0,5.3
1991,1,6,57.0,6.2
1934,12,10,1.0,7.2
1971,11,10,1.0,7.4
2023,10,10,1.0,7.2
2013,4,10,2.0,7.3
1986,12,10,1.0,4.7
1973,1,10,1.0,6.5
1964,9,10,1.0,7.1
1986,9,10,1.0,7.0
2011,4,10,2.0,6.4
1973,4,10,1.0,6.6
1967,1,10,1.0,7.3
2022,1,10,1.0,6.9
1977,12,10,1.0,4.5
1944,7,10,1.0,5.6
1972,10,10,1.0,7.3
2005,8,10,1.0,6.1
1969,3,10,1.0,4.3
1975,6,10,1.0,6.9
2000,5,10,1.0,7.2
1952,12,10,1.0,5.4
1985,1,10,1.0,7.2
1945,1,10,1.0,6.6
1943,12,10,1.0,6.0
2015,8,10,1.0,7.0
1984,4,10,1.0,3.9
1935,4,10,5.0,6.6
1931,6,10,1.0,5.8
1977,1,10,2.0,5.4
1940,6,10,2.0,6.3
2004,6,10,1.0,5.7
1961,3,10,1.0,6.7
1971,3,10,1.0,6.4
2014,11,10,1.0,7.5
1979,9,10,1.0,6.2
1957,4,10,1.0,7.3
1964,6,10,1.0,6.7
1980,8,10,1.0,6.3
2020,2,10,1.0,5.5
1946,1,10,4.0,5.9
1965,4,10,1.0,7.1
2015,7,10,1.0,5.9
2000,12,10,1.0,6.3
1994,10,10,1.0,7.2
2010,12,10,2.0,6.8
1961,8,10,1.0,6.3
1946,2,10,1.0,6.3
1994,9,10,1.0,4.6
1972,6,10,1.0,6.2
1957,12,10,1.0,5.9
2025,2,5,1.0,7.8
1954,8,10,1.0,6.8
2015,7,4,1.0,5.4
1961,9,10,1.0,4.3
2017,6,10,1.0,5.2
2015,10,10,1.0,6.6
1943,9,10,1.0,6.3
1947,5,10,1.0,6.1
1952,6,10,1.0,6.0
2014,3,10,1.0,7.0
1958,4,10,2.0,6.8
1935,2,10,51.0,5.1
1966,2,10,1.0,7.1
1958,4,10,2.0,7.1
1978,3,10,1.0,6.7
1974,9,10,2.0,7.7
2005,6,10,1.0,5.6
2001,9,10,1.0,6.8
1968,4,10,1.0,7.1
2009,10,10,1.0,5.2
1954,9,9,1.0,6.3
1932,7,10,1.0,7.2
1928,3,10,1.0,5.2
1935,4,10,1.0,7.0
1979,4,10,1.0,7.2
1961,1,10,1.0,4.7
1933,12,10,1.0,5.8
1958,5,10,1.0,6.5
2012,5,10,2.0,8.0
1920,11,8,50.0,5.6
1973,2,10,2.0,6.8
1985,12,10,1.0,5.4
1986,1,10,1.0,8.9
1952,5,10,1.0,4.9
2020,1,10,1.0,4.7
1987,2,10,1.0,6.7
1925,10,10,56.0,6.0
1997,5,10,1.0,7.0
2021,2,10,1.0,6.2
1982,3,10,1.0,6.2
1995,12,10,1.0,6.7
2016,5,10,1.0,7.0
1991,10,10,1.0,6.4
1974,9,7,1.0,6.5
2001,7,10,1.0,5.5
1987,2,10,1.0,5.6
1958,6,10,1.0,6.6
1971,5,10,1.0,4.5
2003,6,10,1.0,7.4
1934,5,10,1.0,6.5
1992,1,10,1.0,7.2
1984,1,10,2.0,7.2
1994,10,10,2.0,7.5
2011,12,10,1.0,4.1
1949,7,10,1.0,3.7
1927,3,3,1.0,6.9
1998,9,10,1.0,3.9
1998,9,7,1.0,7.1
1985,5,10,1.0,6.9
1934,12,10,1.0,6.7
1972,9,10,1.0,4.3
2001,4,10,1.0,6.1
2000,8,10,1.0,7.1
2023,11,10,2.0,7.3
2003,11,10,1.0,5.5
2004,10,10,1.0,7.2
1997,8,10,1.0,2.9
1967,5,10,2.0,7.1
2001,2,10,2.0,6.8
1994,1,2,54.0,6.9
1931,10,9,1.0,6.1
1987,4,10,1.0,7.7
1955,1,4,1.0,6.9
1991,10,10,1.0,4.6
2014,5,10,1.0,6.2
1960,2,10,1.0,4.9
2015,8,3,1.0,6.0
2020,3,10,2.0,6.5
1983,10,10,1.0,7.1
2016,5,10,1.0,3.8
2025,3,5,1.0,6.6
1938,6,10,1.0,6.4
1943,10,10,1.0,6.0
2024,10,10,1.0,6.3
2023,4,10,1.0,5.6
1967,11,10,1.0,5.7
1966,6,10,2.0,6.8
1989,6,10,2.0,6.9
1938,11,10,1.0,6.4
1988,11,10,1.0,4.7
2020,11,10,2.0,7.5
1975,9,10,1.0,7.4
1998,3,10,1.0,5.6
1938,3,10,1.0,6.4
2016,2,10,2.0,5.4
1988,8,10,1.0,7.9
1982,9,10,1.0,3.9
2021,9,8,1.0,4.5
2002,5,10,1.0,7.0
1921,5,7,1.0,8.4
1983,4,10,1.0,7.3
2018,7,10,2.0,6.7
2015,6,10,1.0,5.5
2013,6,10,1.0,6.4
2009,7,10,2.0,7.5
1990,2,10,2.0,5.5
1963,9,10,1.0,6.4
1932,10,10,1.0,6.2
1966,7,10,1.0,5.1
1985,8,10,1.0,7.0
1968,7,7,1.0,6.0
1996,6,10,1.0,6.0
1992,9,10,1.0,7.4
1990,1,10,1.0,6.8
1991,9,10,1.0,4.0
1998,10,10,1.0,5.9
2024,4,10,2.0,6.7
1934,10,10,1.0,6.1
1938,10,10,1.0,5.7
2021,3,10,1.0,6.2
1931,6,10,1.0,5.3
1958,6,10,1.0,7.5
1942,12,10,1.0,5.1
1992,1,10,1.0,4.5
2016,8,10,1.0,6.1
2023,2,10,1.0,5.7
1932,12,10,57.0,6.2
1922,12,10,2.0,7.1
1932,11,10,58.0,6.3
1997,4,10,1.0,6.4
1935,2,10,1.0,7.3
2000,1,10,2.0,4.3
2022,10,10,1.0,5.0
1961,6,10,1.0,6.3
2016,11,10,1.0,7.7
1966,11,10,1.0,6.6
1992,7,10,1.0,4.7
1986,10,10,1.0,7.6
1931,8,10,1.0,5.4
1996,9,10,1.0,4.6
1965,1,10,2.0,8.2
1923,4,9,1.0,7.3
1999,11,10,2.0,7.7
1987,11,10,1.0,7.6
1923,9,5,1.0,5.3
1971,6,10,1.0,6.4
1968,5,10,1.0,4.6
1951,9,10,2.0,7.9
2014,10,10,1.0,6.4
2003,8,10,1.0,6.7
2010,2,10,1.0,6.5
1999,2,10,2.0,7.3
2022,2,10,1.0,5.7
1997,7,10,1.0,6.4
1954,9,10,1.0,5.8
1958,7,10,1.0,6.4
2015,11,10,1.0,5.8
1993,2,10,1.0,7.0
1935,8,10,1.0,6.6
1968,2,10,1.0,5.8
1939,10,4,2.0,7.1
1988,1,10,1.0,4.7
2025,2,3,1.0,8.2
2024,6,10,1.0,7.0
2018,1,10,2.0,7.8
1933,12,10,1.0,6.8
1960,6,10,2.0,8.3
1960,9,10,1.0,6.6
1929,1,10,1.0,6.3
1961,3,10,1.0,7.4
1938,6,10,1.0,6.3
2020,4,10,1.0,7.4
1982,6,10,1.0,4.8
1966,10,10,1.0,5.4
2021,7,10,1.0,5.7
1932,11,10,3.0,6.7
2006,9,10,1.0,5.9
2011,8,10,1.0,6.7
1946,2,10,56.0,6.0
1972,2,10,1.0,7.1
1983,8,10,1.0,6.9
1962,10,10,1.0,7.6
1992,10,10,1.0,7.3
1937,7,10,59.0,5.1
2014,7,10,1.0,3.5
1933,6,10,1.0,6.7
1996,5,10,1.0,6.9
2012,5,10,1.0,7.0
1993,9,10,1.0,6.8
2009,9,10,1.0,5.0
1956,7,10,1.0,7.2
1976,9,10,1.0,3.8
1970,8,10,1.0,5.7
2003,9,10,1.0,6.4
2009,7,10,1.0,6.1
2013,12,10,1.0,6.7
1970,1,10,1.0,5.5
1999,11,10,1.0,5.1
2005,11,10,1.0,5.1
1932,3,10,1.0,6.2
1942,10,10,1.0,7.1
1960,5,10,1.0,6.7
1988,1,10,1.0,5.8
2000,7,10,1.0,4.5
1941,2,10,59.0,5.3
1969,10,10,1.0,6.2
2001,8,10,1.0,6.0
2008,3,10,1.0,4.7
1975,5,10,2.0,6.9
2011,2,10,1.0,5.9
1989,1,10,1.0,6.2
1995,7,10,2.0,4.1
1945,10,10,2.0,6.1
1977,1,10,1.0,5.8
1958,6,10,2.0,6.7
1978,6,10,1.0,5.7
2023,3,10,1.0,6.5
1994,5,10,1.0,6.5
1974,7,10,1.0,4.4
1988,6,10,1.0,6.1
1943,7,10,1.0,6.3
1993,4,10,1.0,5.8
1994,9,10,1.0,4.3
1993,12,10,1.0,5.0
1992,4,10,1.0,2.8
2006,8,10,1.0,5.1
1953,10,10,1.0,5.9
1966,5,10,2.0,7.0
2005,10,10,1.0,6.2
2013,9,10,2.0,7.7
2002,10,10,1.0,6.4
1944,2,10,1.0,6.9
2010,1,10,1.0,7.1
1970,2,3,1.0,5.3
2011,1,1,1.0,7.2
1999,3,10,1.0,4.8
1977,5,10,1.0,4.1
1936,12,10,1.0,5.3
1998,4,10,1.0,5.0
1974,3,10,1.0,6.6
1935,1,10,1.0,5.8
1982,8,10,1.0,5.1
1983,9,9,1.0,6.3
1984,8,10,1.0,5.7
1999,9,10,1.0,5.7
1975,10,10,1.0,4.7
1953,10,10,1.0,6.9
1949,7,10,1.0,5.5
1995,8,6,1.0,5.5
1949,8,10,1.0,5.6
1921,11,10,1.0,2.3
2024,2,10,1.0,5.6
1960,9,10,1.0,5.0
1942,5,10,4.0,7.0
1960,9,10,1.0,6.4
1968,3,10,1.0,6.6
1949,9,10,1.0,6.4
1949,1,10,1.0,6.4
1954,2,10,1.0,5.8
2010,12,10,1.0,6.0
2010,7,10,1.0,5.0
1937,4,10,1.0,6.1
1996,12,10,1.0,6.8
2007,4,10,1.0,5.1
1954,3,10,1.0,6.7
1945,6,10,1.0,6.7
1953,10,10,1.0,5.6
2017,8,10,1.0,5.7
1994,4,10,1.0,4.8
1970,5,10,1.0,6.1
1970,1,9,1.0,1.8
1972,9,10,1.0,5.7
2024,1,10,1.0,6.5
1997,9,10,1.0,7.4
1950,5,10,1.0,6.7
1960,3,10,1.0,3.4
1969,4,10,1.0,6.7
2011,4,10,1.0,4.7
2016,8,10,1.0,7.9
2022,11,10,1.0,5.8
1979,9,10,1.0,5.5
2015,5,10,1.0,3.9
1938,1,10,1.0,7.7
1994,3,10,1.0,6.5
2011,4,10,1.0,5.5
1998,11,10,1.0,5.5
1971,8,10,1.0,7.0
1988,11,10,1.0,7.6
1979,9,10,1.0,7.3
1960,9,10,1.0,6.5
2004,10,10,1.0,4.6
1951,10,9,55.0,5.7
1965,5,10,1.0,7.0
1992,3,10,2.0,7.1
1997,3,10,1.0,3.3
1920,8,9,50.0,5.3
2005,7,10,1.0,7.4
1984,8,10,1.0,7.0
1968,1,10,1.0,5.9
2023,11,10,1.0,5.9
2019,3,10,1.0,6.4
2015,9,1,1.0,8.0
1988,12,10,1.0,6.5
2000,10,10,2.0,7.0
1973,8,10,1.0,7.6
1927,8,9,1.0,5.8
2000,9,5,1.0,6.8
1987,7,10,46.0,6.4
1995,3,10,1.0,5.6
1929,1,10,2.0,7.5
1971,5,10,1.0,7.8
1982,9,10,1.0,5.7
1923,11,10,57.0,5.9
1964,4,10,1.0,4.6
1921,4,10,1.0,6.8
2021,11,10,1.0,5.9
1961,5,10,1.0,6.8
1975,2,10,1.0,7.1
1987,8,10,1.0,6.9
1961,6,10,1.0,7.8
2006,4,10,1.0,6.4
2015,8,10,1.0,6.7
1936,7,10,4.0,6.9
1942,6,10,3.0,6.1
2015,12,10,1.0,7.4
1979,7,10,2.0,7.7
2007,4,10,1.0,5.5
1994,1,10,1.0,2.6
1942,2,10,1.0,7.5
2019,2,10,1.0,7.2
2011,6,8,1.0,5.3
1936,1,10,1.0,7.0
1940,10,10,4.0,6.4
1938,6,10,1.0,6.7
1931,10,10,1.0,6.6
1968,11,10,1.0,6.7
2022,3,10,1.0,7.1
1988,1,10,1.0,5.7
2010,8,10,1.0,6.7
1987,9,10,1.0,6.3
1947,6,10,1.0,6.0
1994,12,10,1.0,5.2
1949,1,10,1.0,6.7
2002,12,9,1.0,6.9
1964,1,10,1.0,7.8
1999,10,10,1.0,6.7
1928,9,9,1.0,5.9
1948,3,10,1.0,6.4
1964,9,10,1.0,6.6
1922,11,8,1.0,5.3
1992,11,10,1.0,4.5
1999,4,10,1.0,6.0
1961,10,10,1.0,6.5
1942,9,10,1.0,7.0
1931,10,10,1.0,5.7
1932,9,10,1.0,7.1
1930,9,10,1.0,6.4
1963,12,10,1.0,6.6
2010,12,10,1.0,4.4
2018,11,10,2.0,8.2
2004,5,10,1.0,7.4
1931,10,10,1.0,5.8
1974,2,10,1.0,7.0
1970,5,10,1.0,4.4
1999,11,10,1.0,7.3
1997,7,10,1.0,7.1
2009,1,10,1.0,5.5
1954,9,10,1.0,5.8
1970,1,10,1.0,6.7
1995,4,10,1.0,4.5
1947,10,10,1.0,7.2
1927,7,10,1.0,6.2
1963,12,10,1.0,6.1
1993,8,10,1.0,7.0
2000,5,10,1.0,5.2
1938,2,10,1.0,3.9
1947,9,10,1.0,6.4
1961,1,10,1.0,6.4
1963,2,10,1.0,5.8
2005,9,10,1.0,3.0
1940,3,9,1.0,5.4
1950,2,10,1.0,5.1
1940,8,10,1.0,6.2
1926,8,6,1.0,5.4
1947,7,10,1.0,5.9
1921,5,7,1.0,6.3
1951,3,10,1.0,7.3
1975,4,10,1.0,5.7
1929,12,8,1.0,5.4
2000,6,10,1.0,6.9
1978,11,10,1.0,6.2
1942,7,10,1.0,6.5
1996,2,10,1.0,7.5
1997,8,10,1.0,6.1
1945,10,10,1.0,5.2
1930,12,10,1.0,6.9
1985,7,10,1.0,6.1
2006,5,10,1.0,7.6
1976,9,10,1.0,4.4
1984,11,10,1.0,5.4
1961,6,10,1.0,7.8
1999,2,10,2.0,7.0
1940,5,10,55.0,5.6
1963,8,10,1.0,6.9
1997,7,10,1.0,4.0
1949,2,10,1.0,4.8
1998,10,7,1.0,6.6
1942,7,10,55.0,6.1
1945,10,10,1.0,5.7
1973,10,10,1.0,4.9
1982,12,10,1.0,5.8
2016,7,10,1.0,6.5
1964,3,10,1.0,4.1
1966,9,10,1.0,6.9
2024,1,10,2.0,5.7
1988,9,10,1.0,4.8
1929,5,10,1.0,6.6
1964,10,10,2.0,6.9
2013,11,10,1.0,7.9
1965,9,10,1.0,7.8
1985,12,10,1.0,5.9
2006,5,10,1.0,6.6
1984,10,10,1.0,5.2
2004,1,10,2.0,7.5
1966,1,10,1.0,6.5
1951,7,10,1.0,5.5
2013,10,10,1.0,6.8
1951,7,10,1.0,7.1
1978,8,10,1.0,4.1
1929,2,10,1.0,6.6
1973,4,10,1.0,7.0
1997,9,10,1.0,4.7
1947,11,10,1.0,6.2
2014,11,10,2.0,6.8
2003,8,10,2.0,4.9
2015,2,10,1.0,5.8
2001,12,10,1.0,6.1
1970,10,8,1.0,5.9
1943,11,10,1.0,7.5
1941,6,10,1.0,5.4
2017,7,10,1.0,6.7
1993,1,10,1.0,7.4
1984,11,8,2.0,8.8
2000,11,10,3.0,7.7
1948,12,10,1.0,6.8
1957,6,10,1.0,5.8
1962,11,10,1.0,7.3
2002,8,10,1.0,3.9
1948,4,10,1.0,6.1
2000,4,10,1.0,6.6
2006,11,10,1.0,7.2
1946,10,10,1.0,5.4
1966,11,10,1.0,2.7
1963,11,10,1.0,6.4
2018,4,10,1.0,5.9
2016,7,8,1.0,5.2
2019,10,9,1.0,4.7
1978,9,10,1.0,3.6
1928,8,10,1.0,6.4
1932,8,10,1.0,4.1
1944,12,10,1.0,5.8
1929,12,10,1.0,6.6
1930,11,10,1.0,5.3
2003,1,10,1.0,7.0
1951,12,10,1.0,6.3
2019,6,10,1.0,6.1
1947,6,10,1.0,6.3
1941,12,10,1.0,5.8
2022,12,10,1.0,6.7
1966,9,10,1.0,6.8
1928,10,10,1.0,6.8
1974,6,10,1.0,5.1
2025,3,9,1.0,6.9
1932,3,10,1.0,7.7
1957,5,10,1.0,6.0
1987,4,10,1.0,5.4
1925,3,10,1.0,6.5
1940,4,10,1.0,7.2
1965,8,10,1.0,6.3
2006,9,10,1.0,7.3
1990,9,10,2.0,7.2
1995,3,10,1.0,4.8
2014,9,10,1.0,6.5
1987,3,10,1.0,5.9
1985,12,10,2.0,7.1
1968,5,10,1.0,5.1
1945,11,10,1.0,6.9
1970,5,10,1.0,6.2
1941,5,10,1.0,6.2
1956,3,10,1.0,6.1
1956,1,10,2.0,6.6
2006,8,9,1.0,6.5
2005,12,10,2.0,7.4
1989,11,10,1.0,4.5
1966,1,10,2.0,6.8
1975,12,10,1.0,6.3
2024,8,10,1.0,6.2
2008,10,10,1.0,6.5
1950,1,10,2.0,7.3
2023,12,10,1.0,5.3
1959,11,10,1.0,5.1
2009,11,10,1.0,7.9
1926,7,9,1.0,4.8
2025,3,10,1.0,3.8
2017,12,10,1.0,5.5
1985,9,10,2.0,5.9
1979,8,10,1.0,5.8
1940,3,10,1.0,5.1
2012,10,10,1.0,6.2
1966,1,3,1.0,6.1
1967,9,10,1.0,7.5
1939,10,10,1.0,6.3
1973,8,10,1.0,6.1
1995,2,10,1.0,4.5
1945,4,10,1.0,6.1
2007,10,10,1.0,7.2
2014,7,10,1.0,6.2
1984,3,10,1.0,5.9
1953,4,10,1.0,6.4
2000,11,9,1.0,4.0
2011,6,10,2.0,3.1
1998,10,10,1.0,6.4
2024,4,10,2.0,6.3
1956,8,10,1.0,7.4
1968,5,10,1.0,5.9
1921,12,9,1.0,5.6
1978,10,10,1.0,7.1
1979,12,10,1.0,7.1
1988,10,7,1.0,5.0
1990,2,10,2.0,8.1
1978,10,10,1.0,3.7
1996,10,10,1.0,7.1
1969,2,10,1.0,7.4
1944,12,10,1.0,6.3
2012,1,10,1.0,4.2
1938,5,10,1.0,6.3
1985,11,10,1.0,6.2
1936,2,7,1.0,4.8
1942,12,10,1.0,6.6
1987,2,10,1.0,2.4
1956,11,10,1.0,5.8
1981,9,10,1.0,6.2
1965,2,9,1.0,3.7
1941,5,10,56.0,5.8
1956,10,10,1.0,6.1
1993,11,8,1.0,5.7
1941,5,10,1.0,5.7
1950,12,10,1.0,6.4
1952,1,5,1.0,3.4
1966,5,10,1.0,5.4
1988,9,10,2.0,7.1
1934,12,10,1.0,5.0
2023,9,10,2.0,5.6
1941,6,10,1.0,6.8
1976,9,10,1.0,5.0
1947,3,10,1.0,6.9
2014,3,10,1.0,7.4
2006,7,10,1.0,6.7
1995,1,10,1.0,7.4
1973,5,8,3.0,7.2
1921,7,6,6.0,2.1
1942,2,10,1.0,5.6
1967,5,10,1.0,4.4
1936,8,10,59.0,5.5
2002,7,10,2.0,6.8
1924,5,10,1.0,5.4
1972,11,10,1.0,2.9
1925,7,8,1.0,6.1
1958,4,10,1.0,7.0
2008,5,10,2.0,7.5
1946,10,10,1.0,6.0
2018,9,10,1.0,5.6
1925,1,10,2.0,8.0
2005,3,5,1.0,5.3
2007,7,10,1.0,6.4
1983,8,10,2.0,6.5
1951,10,10,1.0,5.0
1949,2,10,1.0,6.1
2019,7,10,1.0,7.2
1967,12,10,1.0,5.7
1999,8,10,1.0,5.9
1948,1,10,1.0,5.0
1990,6,10,1.0,5.1
1971,2,10,1.0,5.0
1956,7,10,1.0,6.0
1931,9,10,1.0,5.8
2012,9,3,1.0,7.5
1965,12,10,1.0,5.7
1935,2,10,1.0,6.0
2008,6,10,1.0,5.3
1964,12,10,1.0,6.2
1945,1,10,1.0,6.4
2006,11,10,1.0,4.7
2003,10,10,1.0,7.4
1986,8,8,1.0,6.7
1950,7,10,1.0,7.0
1933,5,10,1.0,6.3
1996,7,10,1.0,4.9
1975,3,10,1.0,4.4
1995,8,10,1.0,6.9
1995,5,10,2.0,7.3
2009,4,10,1.0,6.1
1981,3,10,1.0,7.5
1929,7,9,2.0,6.8
1969,12,8,1.0,5.7
1994,11,10,1.0,6.3
1970,9,10,1.0,4.5
1999,10,10,1.0,4.0
2006,3,10,1.0,7.5
2007,9,10,1.0,6.8
1951,3,10,1.0,6.8
1985,12,10,1.0,5.1
2013,1,10,1.0,4.8
1997,5,10,1.0,4.4
2016,5,10,1.0,6.1
1948,10,10,1.0,7.5
1936,7,10,1.0,5.6
1981,1,10,1.0,4.4
2006,4,10,1.0,5.0
1947,10,10,2.0,7.8
1939,12,10,1.0,5.6
2004,5,10,1.0,6.8
2011,7,10,2.0,7.3
2024,10,10,1.0,4.3
1941,9,10,1.0,7.1
1963,2,10,1.0,6.4
1941,2,10,1.0,6.1
1955,1,10,2.0,7.1
2017,2,10,1.0,6.8
1938,1,10,1.0,5.5
1935,5,10,1.0,5.8
1974,5,10,1.0,4.1
1931,11,10,1.0,6.7
1964,9,10,1.0,5.9
1955,3,10,1.0,5.8
2015,11,10,12.0,7.5
1982,1,10,1.0,5.8
2023,6,10,1.0,6.3
2007,12,10,2.0,7.5
1989,7,10,1.0,5.8
2014,9,10,1.0,5.9
2024,2,10,1.0,5.5
1964,1,10,1.0,7.6
1993,3,10,1.0,5.1
1937,8,10,59.0,4.6
1975,5,10,1.0,6.9
1932,1,10,1.0,5.9
1993,9,10,1.0,6.0
1958,6,10,1.0,6.6
1981,10,10,1.0,6.9
1957,10,10,1.0,7.3
1998,7,10,1.0,6.5
1977,12,10,1.0,6.8
1935,12,8,1.0,5.7
2016,3,10,1.0,7.1
1948,3,10,1.0,6.2
1975,5,10,2.0,7.7
1950,5,10,1.0,6.6
1968,1,10,1.0,4.6
1965,10,10,1.0,5.7
2020,5,10,1.0,6.0
1994,10,10,1.0,6.5
1937,12,10,1.0,6.0
1968,10,10,2.0,7.1
2008,7,10,1.0,6.1
1985,3,10,2.0,6.3
1992,7,10,1.0,6.1
2011,7,10,1.0,6.5
1951,3,8,1.0,4.9
1973,9,10,1.0,5.0
1992,12,10,2.0,6.0
1934,6,10,1.0,6.4
1985,2,10,1.0,4.2
1988,10,10,2.0,6.6
2018,8,10,1.0,6.8
2003,12,10,2.0,6.1
2023,3,10,1.0,6.8
1977,12,10,1.0,6.8
1937,9,10,1.0,6.3
1993,1,10,2.0,7.3
1962,12,10,1.0,5.6
1934,11,10,1.0,6.3
1940,2,10,1.0,7.5
2012,3,10,1.0,6.4
1974,4,10,1.0,6.3
1949,9,10,1.0,6.6
1958,12,10,1.0,7.9
1995,8,8,1.0,5.9
1944,1,10,1.0,6.2
1990,2,10,1.0,7.3
1952,3,10,1.0,6.4
1984,1,10,1.0,5.8
1997,3,10,1.0,6.4
2003,5,10,1.0,7.2
1932,2,10,1.0,6.5
1980,9,10,1.0,5.4
1945,10,10,1.0,6.5
1999,2,10,1.0,7.6
1978,1,10,1.0,7.1
1987,4,10,1.0,6.5
2012,6,10,1.0,7.0
1951,10,10,1.0,6.9
1981,7,10,1.0,3.2
1954,8,10,1.0,7.0
1950,11,10,1.0,6.7
1926,11,10,1.0,6.1
2009,2,10,1.0,6.7
1930,3,10,1.0,5.6
2016,4,1,1.0,8.6
2021,5,5,1.0,5.4
1956,12,10,1.0,5.4
1979,10,10,1.0,7.4
1962,9,10,57.0,7.3
2008,6,10,1.0,6.1
1958,2,10,1.0,5.6
1965,8,10,1.0,8.4
2006,7,10,1.0,7.4
1981,12,10,1.0,7.0
1930,5,10,1.0,6.0
1941,9,10,1.0,6.3
2006,1,10,1.0,4.8
2008,6,10,1.0,7.8
2012,8,10,1.0,6.6
1954,2,10,1.0,6.3
1955,5,10,1.0,6.5
2019,8,10,1.0,6.8
1984,11,10,1.0,6.9
1967,3,10,1.0,5.0
1961,9,10,1.0,4.8
1938,9,10,1.0,5.7
2023,12,10,1.0,8.7
2004,6,10,2.0,7.4
2009,10,10,1.0,6.5
1929,7,10,1.0,5.5
2004,3,10,1.0,6.4
2011,3,10,1.0,5.5
1962,12,10,2.0,6.2
1979,2,10,1.0,2.3
1962,9,9,1.0,4.8
2019,5,10,1.0,7.3
1969,6,10,1.0,6.1
1933,10,10,56.0,5.1
1985,9,10,1.0,4.0
1978,8,6,2.0,8.3
2022,1,10,1.0,5.7
1991,12,10,1.0,4.2
1955,2,10,1.0,4.8
1936,5,10,1.0,6.7
1992,11,10,1.0,5.7
1934,6,10,1.0,6.6
2020,3,10,1.0,4.6
2018,2,10,1.0,5.6
1959,5,10,1.0,6.3
1954,9,10,1.0,5.1
1997,11,10,1.0,7.3
1998,11,10,1.0,3.6
1972,1,10,1.0,5.6
2008,12,10,1.0,7.2
1957,2,10,1.0,4.6
1968,5,10,1.0,4.5
1997,3,10,1.0,7.2
2013,2,10,1.0,6.9
1957,8,10,1.0,5.9
1987,5,10,2.0,6.1
2018,12,10,1.0,6.6
1975,6,10,2.0,6.5
1965,10,10,1.0,5.4
1953,3,10,2.0,6.8
1940,2,10,1.0,6.9
1925,6,10,1.0,7.0
1995,2,10,1.0,7.4
2008,10,10,2.0,6.5
1928,8,10,1.0,5.4
1998,11,10,1.0,5.3
1947,4,10,1.0,6.2
2005,12,10,1.0,5.7
1967,6,10,1.0,7.6
2013,8,10,1.0,6.4
1985,3,10,1.0,5.1
2002,8,10,1.0,6.7
1995,11,10,1.0,6.9
1960,5,10,1.0,7.5
1933,2,10,1.0,6.0
2019,8,10,2.0,4.6
2018,9,10,1.0,5.4
2008,1,10,1.0,4.5
1938,9,10,1.0,6.6
1982,12,10,1.0,2.5
2020,10,10,1.0,5.7
1989,1,8,1.0,4.5
2003,11,10,50.0,7.6
2022,11,10,2.0,6.8
1961,9,10,1.0,5.0
2022,9,10,1.0,6.7
1950,11,10,4.0,7.2
2015,7,10,2.0,6.8
1971,2,10,1.0,6.9
2016,6,10,1.0,6.4
1974,2,10,1.0,6.2
1967,10,10,1.0,5.2
1952,8,10,1.0,6.0
2002,2,10,1.0,5.5
1985,8,10,1.0,6.8
1985,3,10,1.0,7.1
1935,7,10,52.0,5.1
1932,6,10,1.0,6.9
1972,11,10,1.0,5.9
1938,3,10,1.0,7.0
1980,6,4,1.0,6.8
2016,9,10,2.0,7.4
1931,4,2,1.0,5.8
1954,1,10,1.0,5.9
2021,3,10,1.0,5.8
1983,10,10,2.0,6.9
1949,8,10,1.0,6.2
1929,11,10,1.0,6.2
2016,3,10,1.0,3.2
1944,1,10,1.0,4.7
1980,11,10,1.0,6.5
2017,5,10,1.0,5.0
1934,12,10,1.0,5.9
1922,3,9,50.0,5.1
1928,11,10,1.0,7.7
1969,5,10,1.0,6.8
2020,2,10,1.0,6.0
1924,9,10,1.0,6.6
1930,8,10,1.0,3.9
1982,5,10,1.0,5.7
1976,6,10,1.0,4.2
1999,1,10,1.0,6.1
2001,11,9,1.0,5.8
2024,10,10,1.0,7.2
1980,7,10,1.0,5.4
1941,10,10,1.0,6.0
1940,8,10,1.0,7.0
1993,11,10,1.0,5.8
1941,10,10,1.0,5.4
1964,2,10,1.0,4.1
1973,7,10,2.0,7.8
1996,2,10,1.0,3.2
1925,9,10,1.0,8.0
1993,12,10,2.0,7.6
2008,7,10,2.0,7.2
2017,5,10,1.0,6.1
1937,9,9,1.0,4.8
1934,5,10,1.0,6.8
2004,8,10,1.0,7.4
1993,3,10,1.0,6.5
1942,4,10,2.0,6.8
2009,5,10,2.0,7.7
1976,8,10,1.0,6.8
2005,11,4,1.0,6.2
1965,11,10,1.0,5.5
1962,10,10,1.0,4.7
1923,12,10,1.0,6.1
1962,3,6,1.0,7.8
1956,12,10,1.0,5.7
1995,11,10,1.0,4.4
1941,9,10,1.0,7.0
2025,2,10,2.0,7.6
1982,12,10,1.0,3.5
2008,1,10,1.0,5.2
1974,7,10,1.0,6.7
2021,6,10,1.0,5.3
1969,10,10,1.0,5.9
2013,6,10,1.0,6.8
2008,12,10,1.0,6.2
1989,7,10,3.0,6.3
1937,9,10,1.0,7.3
1981,5,10,1.0,5.0
1934,12,10,1.0,6.1
2007,3,10,1.0,6.2
2010,12,10,1.0,5.6
1932,12,10,1.0,6.7
1981,10,10,1.0,5.7
2016,1,10,2.0,7.0
1938,8,10,55.0,5.7
1927,9,10,1.0,6.8
2007,6,10,1.0,8.1
2012,8,10,1.0,7.5
1927,11,8,54.0,5.1
2016,10,10,1.0,6.8
1974,9,10,1.0,5.9
1986,12,10,1.0,5.6
1997,3,10,2.0,4.3
1943,4,10,1.0,7.4
1922,6,3,1.0,5.2
1980,6,10,1.0,5.3
1997,12,10,2.0,7.3
1921,5,10,1.0,5.5
1956,9,10,2.0,7.2
1958,9,10,1.0,6.5
2009,9,10,1.0,7.1
1943,12,10,1.0,6.7
1931,3,10,1.0,6.2
1991,2,10,1.0,4.4
1956,9,10,1.0,7.0
1929,9,10,1.0,6.6
2011,7,10,1.0,4.4
1997,10,10,1.0,6.4
1998,8,10,1.0,5.7
2011,8,10,1.0,6.1
1970,11,10,1.0,6.1
1994,10,10,1.0,6.7
2006,11,10,1.0,6.2
1937,2,10,1.0,6.0
1979,6,10,1.0,3.2
1952,6,10,1.0,7.5
1936,7,10,1.0,5.8
2013,4,10,1.0,6.2
1959,9,10,1.0,6.0
1977,5,10,1.0,4.8
2008,9,10,1.0,5.5
2020,12,10,2.0,5.9
1994,4,10,2.0,4.3
2020,9,10,1.0,7.5
1999,5,10,1.0,6.1
1968,8,10,2.0,6.3
2000,3,10,1.0,6.9
1931,9,10,1.0,5.7
1993,5,10,1.0,3.7
1928,11,10,1.0,5.9
2005,4,10,1.0,7.3
1988,9,10,1.0,4.9
1945,11,10,1.0,7.0
2004,4,10,3.0,7.1
1975,10,10,1.0,5.6
1959,10,10,3.0,6.7
1942,12,10,1.0,6.5
1997,3,10,1.0,6.9
1973,5,10,1.0,4.5
2012,12,10,1.0,6.7
2011,11,10,1.0,6.2
1966,2,10,1.0,6.1
1948,3,10,1.0,5.7
1991,6,10,1.0,6.3
1955,10,10,1.0,6.2
2021,2,10,1.0,4.2
2009,4,10,1.0,6.5
1999,9,10,1.0,5.2
1979,2,10,1.0,5.0
1937,2,10,1.0,6.8
1939,5,10,2.0,7.6
1947,10,10,1.0,6.3
1945,4,10,1.0,5.4
1971,9,10,1.0,5.4
1967,8,10,1.0,5.0
2004,10,10,1.0,5.6
1942,4,10,1.0,6.0
1962,9,10,1.0,5.4
1997,6,10,1.0,6.9
1924,3,8,1.0,6.0
1950,2,10,1.0,6.5
2004,4,1,1.0,6.9
1938,12,10,56.0,5.8
1948,6,10,1.0,5.5
2015,1,10,1.0,6.2
1937,3,10,1.0,5.5
1932,3,10,1.0,6.1
1970,6,10,1.0,6.3
1973,1,10,1.0,5.1
2010,3,9,1.0,4.6
2014,2,10,2.0,7.6
1992,3,10,1.0,3.7
2010,7,10,1.0,6.0
1950,1,8,1.0,7.0
1985,9,10,1.0,4.1
1932,10,10,1.0,4.8
1946,1,10,59.0,7.0
1958,9,10,1.0,5.2
2012,1,10,2.0,6.1
1977,4,10,2.0,7.7
2025,3,10,1.0,3.7
2022,10,10,1.0,6.0
1940,11,10,1.0,6.0
2024,8,1,1.0,6.6
1938,1,10,1.0,6.3
1965,3,10,1.0,6.1
1997,12,10,2.0,7.7
1998,3,10,2.0,7.6
1972,7,10,1.0,6.7
1957,4,10,1.0,5.7
1950,11,10,1.0,7.0
1936,3,10,1.0,7.6
2002,5,10,1.0,5.9
1952,10,10,1.0,5.7
1949,7,10,59.0,5.8
1975,11,10,1.0,6.7
1970,5,10,1.0,6.0
1993,12,10,1.0,5.6
1961,3,10,1.0,5.5
1943,5,10,1.0,5.7
2016,1,10,1.0,6.1
1964,10,10,1.0,8.0
1944,10,10,1.0,5.5
1974,8,10,1.0,5.8
1965,12,10,1.0,6.8
1934,10,10,1.0,6.5
1997,9,10,2.0,7.4
1922,4,10,1.0,6.6
1987,5,10,1.0,5.6
1998,10,10,1.0,6.0
1932,12,10,58.0,5.8
2004,11,10,1.0,6.0
2009,5,10,1.0,6.5
1953,9,10,1.0,3.9
1992,6,10,2.0,4.1
1976,9,10,1.0,5.3
1946,5,10,1.0,6.2
1944,1,10,1.0,6.1
1951,5,10,1.0,5.9
1963,12,10,1.0,6.4
1978,1,10,2.0,7.2
2002,10,10,1.0,6.9
1978,7,10,1.0,6.2
1973,9,10,1.0,6.5
2000,1,10,1.0,7.0
1963,8,9,1.0,6.1
1960,1,10,1.0,6.8
1944,3,10,1.0,7.1
1930,9,8,1.0,6.0
1967,5,10,1.0,3.7
1978,3,10,1.0,6.6
1956,1,10,1.0,6.4
1966,12,10,3.0,6.5
1938,11,10,1.0,6.1
1931,5,10,1.0,6.3
1963,2,9,1.0,5.8
1996,8,10,1.0,6.3
1961,6,10,1.0,3.5
1972,9,10,1.0,6.6
1935,10,10,57.0,5.6
1986,2,10,1.0,5.3
1960,1,10,1.0,7.4
1967,5,10,1.0,5.3
1967,1,10,2.0,8.3
1966,4,10,1.0,6.2
1938,9,10,1.0,6.7
2005,11,10,1.0,5.2
1972,2,7,1.0,5.8
1980,3,10,2.0,4.6
2017,11,10,1.0,4.6
1981,12,10,3.0,7.3
1955,11,10,1.0,5.3
1949,6,10,1.0,6.2
1993,4,10,2.0,7.3
1942,9,10,1.0,5.5
1937,7,10,1.0,6.0
1995,2,10,1.0,3.7
1997,8,10,2.0,6.3
1932,3,10,1.0,6.7
1974,2,10,1.0,3.8
1997,10,10,1.0,6.2
1999,11,10,1.0,7.4
1955,1,10,1.0,5.6
1996,8,10,1.0,5.9
2011,1,10,1.0,6.0
1954,2,10,1.0,6.6
1943,5,10,1.0,6.8
1975,1,10,1.0,6.2
1931,3,10,1.0,5.7
1989,11,10,1.0,5.3
2015,4,10,1.0,7.3
1939,2,10,1.0,6.1
1988,10,10,1.0,5.6
2018,9,10,2.0,6.1
1999,8,10,1.0,4.5
1937,9,10,1.0,5.6
2007,1,10,3.0,5.2
1963,2,10,2.0,6.4
1977,10,10,1.0,8.1
1931,5,10,56.0,6.5
2006,2,10,1.0,5.3
1960,11,10,2.0,6.8
1970,1,10,1.0,4.5
1947,12,10,1.0,6.3
1973,3,10,1.0,6.3
1935,4,10,55.0,5.8
1957,4,10,1.0,8.0
1998,5,10,1.0,6.6
1932,7,10,59.0,6.1
2007,1,10,1.0,7.4
1956,2,10,1.0,6.4
1946,11,10,57.0,6.3
1948,9,10,1.0,7.3
1946,9,10,1.0,7.2
1949,1,10,1.0,6.4
1951,11,10,1.0,7.2
1931,11,10,1.0,4.3
1941,6,10,1.0,6.8
1980,4,8,2.0,8.0
1974,10,10,1.0,6.2
2015,11,10,1.0,6.6
1994,10,10,1.0,7.3
2012,2,10,1.0,6.1
1956,4,10,1.0,6.5
1974,11,10,1.0,4.4
1949,2,10,1.0,6.3
1945,10,10,1.0,6.2
1991,10,10,1.0,6.3
2018,4,10,1.0,6.4
1950,11,10,1.0,7.5
1994,6,10,1.0,7.6
1950,8,10,1.0,6.1
2004,9,10,1.0,5.1
1956,5,10,1.0,6.2
2006,10,10,1.0,6.3
1998,7,10,1.0,7.3
2008,7,7,1.0,5.2
2012,5,10,1.0,5.7
1934,1,10,1.0,6.2
1973,12,10,2.0,8.3
2014,12,10,1.0,6.2
1929,11,7,1.0,7.3
2023,2,10,1.0,6.2
1994,5,9,1.0,3.6
2008,10,10,2.0,7.0
1959,12,10,1.0,7.7
1998,6,10,1.0,6.7
2020,8,10,1.0,6.6
1924,8,10,1.0,8.3
1971,4,6,1.0,6.2
2022,2,10,1.0,5.6
2014,2,7,2.0,6.9
1951,4,10,1.0,6.2
2012,10,10,1.0,7.9
1999,12,10,1.0,5.4
1953,12,10,1.0,6.6
1925,3,10,1.0,6.7
2015,5,10,2.0,6.7
2014,9,10,1.0,6.6
2021,6,10,1.0,6.4
1975,6,10,1.0,6.7
2009,5,10,1.0,7.4
1991,5,10,1.0,7.1
1955,10,10,1.0,6.3
1922,3,10,1.0,6.3
2015,9,10,2.0,5.7
2024,11,10,2.0,4.8
2015,10,10,1.0,4.7
1945,2,10,1.0,7.5
1961,12,10,1.0,6.9
1931,9,4,53.0,7.0
1937,7,10,1.0,7.2
1950,1,10,1.0,7.3
1944,6,10,1.0,6.1
2016,12,10,2.0,4.1
1949,12,10,1.0,7.3
1975,6,10,2.0,7.6
1958,10,10,1.0,6.3
2012,4,10,2.0,7.6
1945,2,10,1.0,6.3
2022,3,10,1.0,3.5
1981,12,10,1.0,6.9
1922,8,8,1.0,5.7
1985,10,10,1.0,7.1
1976,6,8,1.0,6.2
2023,4,10,2.0,6.6
1978,11,10,2.0,7.3
1973,9,10,1.0,5.4
1940,1,10,1.0,4.9
1961,4,10,1.0,4.9
1945,12,10,1.0,6.5
1991,3,10,1.0,6.1
2021,8,10,1.0,4.8
1962,5,10,1.0,6.0
2017,11,10,1.0,3.9
1957,11,10,1.0,6.5
1989,12,10,2.0,7.3
2018,11,10,1.0,6.1
1951,11,10,1.0,6.9
2017,3,10,1.0,6.8
1989,1,10,2.0,7.0
1957,4,10,1.0,6.9
2007,9,10,1.0,7.4
1977,3,10,1.0,5.7
1994,10,10,1.0,4.0
1930,1,10,1.0,6.1
2000,5,10,1.0,5.6
1930,9,10,1.0,5.2
2025,2,7,2.0,7.5
1997,10,10,1.0,6.5
1948,5,10,1.0,5.9
1957,9,10,1.0,6.1
1945,6,10,1.0,7.1
1973,4,10,1.0,7.3
1977,11,10,1.0,3.4
1999,9,10,1.0,5.1
1956,10,10,1.0,7.4
1961,2,10,1.0,6.9
2005,4,10,1.0,6.8
1972,4,10,1.0,7.3
2019,12,10,2.0,7.9
2010,12,10,1.0,6.3
2023,9,10,1.0,5.9
1981,11,10,1.0,4.7
1984,3,1,1.0,5.4
1953,9,10,1.0,6.7
1964,4,10,1.0,6.9
1965,12,10,1.0,5.1
1977,10,10,1.0,3.3
2001,2,10,1.0,7.0
1950,2,10,1.0,6.6
1986,7,10,1.0,7.0
2007,10,10,1.0,7.2
1937,12,10,55.0,5.4
1945,12,10,1.0,5.8
1991,5,10,1.0,5.7
2007,12,10,1.0,4.1
1934,7,10,1.0,4.9
1956,4,10,2.0,6.2
1959,1,10,1.0,6.8
2010,3,10,1.0,6.2
1984,12,10,2.0,7.2
2020,7,10,1.0,4.2
2009,1,10,1.0,5.4
1948,8,10,1.0,7.3
2001,9,10,2.0,6.4
1964,8,10,1.0,5.6
1931,10,10,1.0,7.2
1961,2,10,1.0,5.8
2010,1,10,2.0,6.6
1945,4,10,1.0,6.2
2012,3,10,1.0,6.8
1955,4,10,1.0,6.1
1986,1,10,2.0,7.3
1985,11,10,1.0,5.9
1961,9,10,1.0,6.7
2019,7,10,1.0,7.3
1964,6,10,2.0,7.7
1948,4,10,1.0,6.9
1948,5,10,1.0,5.7
1953,3,10,2.0,6.7
1985,10,10,2.0,4.9
1978,3,10,1.0,6.3
1937,2,10,1.0,6.3
1922,4,8,50.0,6.2
1923,1,7,1.0,6.4
2010,6,10,1.0,5.8
1924,7,10,1.0,6.7
2020,12,10,1.0,6.3
1940,4,10,1.0,6.1
1972,11,10,1.0,6.4
1938,5,10,1.0,6.2
1960,3,10,1.0,7.0
1972,1,10,1.0,6.9
1982,10,10,1.0,6.8
1996,3,10,1.0,5.9
1986,7,6,1.0,4.1
2013,5,10,2.0,6.8
2020,2,10,2.0,8.6
2013,11,10,1.0,6.8
2010,9,10,2.0,6.3
1951,7,10,54.0,5.4
1972,8,10,1.0,5.3
2021,10,10,1.0,6.5
1932,7,10,1.0,6.8
1953,12,10,1.0,6.3
1943,8,10,2.0,7.9
1991,12,10,1.0,7.0
2018,1,10,1.0,5.7
1957,7,10,1.0,5.4
1980,9,10,1.0,7.0
1995,6,10,1.0,7.1
1964,6,10,1.0,5.2
1976,10,10,1.0,6.2
1963,10,10,1.0,5.2
1935,9,10,1.0,4.6
1928,5,10,27.0,7.4
2013,9,10,1.0,6.7
1978,4,10,1.0,5.5
1946,10,10,1.0,6.3
1932,10,10,1.0,6.9
1960,3,10,1.0,7.5
1962,10,10,1.0,5.7
2022,7,10,1.0,5.8
2011,8,10,1.0,5.4
1949,8,10,1.0,6.4
1934,6,10,1.0,6.4
1970,12,10,1.0,7.3
2009,5,10,2.0,6.7
1937,12,10,1.0,6.0
1971,9,10,1.0,3.5
1941,12,10,1.0,7.0
1926,12,10,1.0,4.8
1939,9,10,1.0,5.6
1997,4,10,1.0,6.2
1970,6,10,1.0,5.1
2013,1,10,2.0,7.4
1993,10,10,2.0,7.8
1961,2,10,1.0,6.1
2025,3,3,55.0,1.9
1929,3,6,1.0,6.2
1963,8,10,2.0,6.6
1976,6,10,1.0,4.1
2021,5,6,1.0,7.5
2006,4,10,1.0,6.8
1966,1,10,1.0,6.2
1991,5,10,1.0,5.7
1968,10,10,1.0,7.8
2003,9,10,1.0,6.5
1941,1,9,2.0,7.2
2024,1,10,2.0,6.5
1989,5,10,1.0,5.4
1943,3,10,1.0,6.5
1976,9,10,1.0,5.7
1953,5,10,1.0,6.3
2001,9,6,1.0,7.9
1957,7,10,1.0,5.9
1999,5,10,1.0,5.2
1968,10,10,2.0,6.4
1927,5,10,48.0,5.8
1963,10,3,1.0,4.5
1961,5,10,1.0,6.3
1957,10,8,1.0,5.6
2024,5,10,1.0,5.6
1925,2,10,1.0,6.8
1962,3,10,1.0,7.8
1952,11,10,1.0,7.6
1962,10,10,2.0,8.0
1973,2,10,1.0,6.5
1979,3,10,4.0,7.2
1980,12,10,2.0,5.7
2017,5,10,1.0,6.3
1972,11,6,1.0,6.0
1956,10,10,1.0,5.6
1955,4,10,1.0,6.0
1991,8,10,2.0,6.8
1990,4,10,1.0,5.5
1957,1,10,1.0,6.3
1976,1,10,1.0,5.7
2006,4,10,1.0,6.1
2021,6,10,1.0,5.4
1940,7,10,1.0,5.2
1950,4,10,1.0,7.9
2009,8,10,1.0,6.3
1972,7,10,1.0,4.9
1921,9,10,1.0,6.6
2023,4,10,1.0,7.0
1958,12,10,1.0,5.9
1964,6,10,1.0,5.3
1970,1,5,51.0,4.6
1954,10,10,1.0,6.8
1927,6,9,1.0,5.5
1931,11,10,1.0,6.0
1987,4,10,1.0,6.6
1960,7,10,58.0,4.2
1962,4,10,1.0,7.6
1967,7,10,1.0,6.4
1950,1,10,1.0,6.9
1982,6,10,1.0,6.2
1943,3,10,2.0,7.0
1941,1,10,1.0,6.3
1966,11,10,1.0,1.6
1994,12,10,2.0,5.2
2002,1,10,1.0,4.1
2011,5,10,1.0,6.1
1966,6,10,1.0,5.6
2012,5,10,1.0,5.1
1976,6,10,2.0,7.5
1972,6,10,1.0,5.3
1935,9,10,1.0,6.7
1955,6,10,1.0,5.9
2013,6,10,1.0,6.4
1935,9,10,1.0,6.3
1990,5,10,1.0,5.6
2017,7,10,1.0,7.5
1977,8,10,1.0,4.9
1922,1,10,1.0,6.6
1933,6,10,1.0,6.2
1999,8,10,1.0,3.5
1976,5,10,1.0,5.9
2013,6,10,1.0,6.6
2021,12,10,1.0,3.3
1990,3,10,1.0,4.0
1993,7,10,1.0,5.5
2005,4,10,1.0,7.1
1977,11,10,1.0,4.6
1993,11,10,2.0,7.3
1924,2,10,1.0,6.6
1993,1,9,2.0,7.8
1951,11,10,1.0,7.1
1978,2,10,1.0,6.9
1930,8,10,1.0,5.5
1935,6,10,1.0,4.7
1989,9,10,1.0,4.5
1984,8,10,1.0,6.3
2018,3,10,1.0,6.6
1939,1,10,1.0,6.0
2021,2,10,1.0,8.2
2003,10,10,1.0,5.9
1929,2,7,1.0,6.4
1924,10,8,1.0,5.7
1992,9,10,1.0,5.6
2021,7,10,2.0,6.6
1930,6,10,1.0,5.1
1958,2,10,1.0,6.4
1994,12,10,1.0,6.5
1980,10,10,1.0,5.9
2025,2,10,2.0,6.7
1935,9,10,1.0,5.6
1979,12,10,1.0,4.7
1930,2,10,1.0,5.5
1925,8,10,1.0,6.0
2014,4,10,1.0,6.5
1936,2,10,1.0,6.7
2004,11,10,2.0,6.4
2017,1,10,2.0,7.1
1953,9,10,1.0,5.8
1936,7,10,1.0,7.2
1962,12,10,1.0,5.4
1979,3,10,1.0,7.0
1971,4,10,1.0,7.5
1923,9,10,1.0,5.1
1951,1,10,1.0,6.6
2012,6,10,1.0,5.9
1924,9,9,1.0,6.3
1973,8,10,1.0,6.7
1970,9,10,1.0,5.5
1969,7,10,2.0,5.7
2008,12,10,2.0,7.2
1953,12,10,1.0,7.1
1993,5,10,1.0,5.8
1988,8,10,1.0,6.6
1948,3,10,1.0,6.7
1995,12,10,1.0,7.1
1932,6,10,1.0,7.0
1949,11,10,1.0,5.5
2018,8,10,2.0,7.1
2014,12,10,1.0,6.5
1997,4,10,1.0,7.2
2000,2,10,1.0,4.4
1985,5,10,1.0,4.7
1982,9,10,1.0,5.5
1941,5,10,1.0,6.0
1929,5,10,1.0,6.9
1936,8,10,58.0,5.2
1920,3,10,50.0,5.8
1952,9,10,1.0,7.4
2007,12,10,2.0,6.5
1925,3,10,1.0,6.2
1978,12,10,1.0,4.8
1956,2,10,1.0,6.0
1999,8,10,1.0,3.9
1972,6,10,1.0,4.9
1958,10,10,2.0,6.6
2002,11,10,1.0,6.0
1946,4,10,1.0,6.0
1991,4,10,1.0,5.6
1999,10,10,1.0,7.1
1945,11,10,1.0,5.6
1926,2,10,1.0,5.6
1949,5,10,1.0,5.0
1958,4,10,2.0,7.5
1969,12,10,1.0,6.0
2018,1,10,2.0,7.4
1950,12,10,1.0,6.2
2024,9,10,1.0,6.9
1968,2,4,1.0,6.5
1964,2,10,55.0,6.3
1942,10,10,1.0,6.4
1992,10,10,1.0,5.1
1946,8,10,1.0,6.3
2015,2,10,1.0,6.0
1937,2,10,1.0,7.3
2014,12,10,2.0,8.1
2018,11,10,1.0,6.7
1973,8,10,1.0,4.5
1957,10,10,1.0,6.4
1947,7,10,1.0,6.5
2000,10,10,1.0,7.5
1929,12,10,1.0,3.9
1964,12,10,1.0,7.1
1976,7,10,1.0,6.2
1967,4,10,1.0,7.3
2010,11,10,1.0,6.3
1953,12,10,1.0,6.9
1930,11,10,1.0,6.4
1977,3,10,1.0,5.0
1990,7,10,1.0,5.5
1939,12,10,1.0,4.7
2019,8,10,1.0,7.2
1997,12,10,2.0,6.3
2013,9,10,1.0,6.1
1996,1,10,2.0,7.7
1962,4,10,1.0,7.4
1935,9,10,1.0,6.8
1975,11,10,1.0,6.2
1974,3,10,1.0,6.0
2019,10,10,1.0,7.2
1991,12,10,1.0,3.8
1991,10,10,1.0,6.2
1942,9,10,1.0,6.1
1944,2,10,1.0,7.0
1967,12,10,1.0,5.0
1966,9,10,1.0,5.0
2009,10,10,1.0,5.3
2005,10,4,1.0,7.2
1941,12,10,52.0,6.7
2013,6,10,1.0,6.0
2018,11,10,1.0,6.6
1984,11,10,1.0,7.3
2021,3,10,1.0,8.0
2000,10,10,1.0,5.9
1943,1,10,1.0,6.8
1954,1,7,3.0,7.8
2010,1,10,1.0,6.7
1946,7,10,56.0,5.9
2020,3,10,1.0,6.4
1951,10,10,1.0,6.0
1944,10,10,3.0,6.8
2025,3,10,1.0,5.0
1985,9,10,1.0,4.9
1966,9,10,1.0,6.5
2006,8,10,1.0,5.1
1981,5,10,1.0,7.4
1989,11,10,1.0,4.1
2016,8,10,1.0,6.1
1988,9,10,1.0,4.3
2022,3,10,1.0,4.6
1951,4,10,1.0,5.7
1950,10,10,1.0,6.7
2016,1,10,1.0,6.3
1975,8,10,1.0,6.3
1981,12,10,1.0,5.6
1996,1,10,1.0,7.4
1964,3,10,1.0,4.7
2007,6,10,1.0,6.6
1959,9,10,1.0,6.1
2018,9,10,2.0,7.1
1958,12,10,1.0,7.5
2007,12,10,1.0,5.6
1929,12,10,1.0,5.5
1966,11,10,1.0,5.6
1938,11,10,1.0,6.1
1987,3,10,1.0,4.8
2016,8,10,1.0,6.8
1934,7,10,1.0,5.6
1938,12,10,1.0,5.6
2000,3,10,1.0,6.1
2000,7,10,2.0,7.2
1939,11,10,1.0,5.4
2007,2,10,1.0,6.8
1945,12,10,1.0,7.0
1931,6,10,3.0,6.8
1969,4,10,1.0,7.9
1964,9,9,1.0,4.8
1949,11,10,1.0,6.5
1993,12,10,1.0,4.9
1994,4,10,1.0,3.3
1994,4,10,1.0,3.2
2021,10,10,1.0,5.9
2024,5,10,1.0,6.4
1997,4,10,1.0,5.7
1932,3,10,1.0,6.5
2012,9,10,1.0,5.5
1974,4,10,1.0,7.6
2003,1,10,1.0,6.7
1965,7,3,1.0,5.8
1935,6,10,1.0,5.2
2024,4,10,1.0,7.3
1943,1,10,1.0,6.5
1999,12,10,2.0,5.1
1988,12,10,1.0,6.6
2019,5,10,2.0,7.4
1989,3,10,1.0,4.3
1961,12,10,1.0,5.0
1990,12,10,1.0,7.3
2009,10,10,1.0,5.5
1925,8,7,1.0,6.1
2004,7,10,1.0,6.6
1947,8,10,1.0,5.7
1927,11,9,1.0,6.3
1943,5,10,1.0,6.1
1935,5,10,1.0,6.3
1966,9,10,1.0,4.3
1967,7,10,1.0,5.7
1999,8,10,2.0,6.1
1981,1,10,1.0,6.5
2002,3,10,1.0,5.2
1955,1,10,1.0,4.8
1983,12,10,1.0,6.2
1962,9,10,1.0,4.1
1995,9,10,1.0,6.1
1933,12,10,1.0,7.2
2000,2,10,3.0,8.0
1941,2,3,1.0,6.8
1958,1,10,1.0,3.7
1953,12,10,1.0,6.4
1998,3,2,1.0,7.2
2013,3,4,2.0,6.1
1934,11,10,1.0,5.1
1930,2,10,1.0,5.8
2013,5,10,1.0,4.8
1941,3,10,1.0,6.4
2016,4,10,1.0,6.0
1998,11,10,2.0,7.2
1984,8,10,1.0,5.3
1984,11,10,1.0,4.7
1965,10,10,1.0,5.8
2024,8,10,1.0,5.1
1924,10,10,1.0,6.4
2011,1,10,1.0,7.6
1970,3,10,2.0,6.8
1939,6,10,1.0,6.2
2014,11,10,2.0,7.7
1984,8,10,1.0,6.3
1992,9,10,1.0,5.5
1968,12,7,1.0,4.5
2018,10,10,2.0,7.4
1945,8,10,1.0,6.8
2014,12,10,1.0,7.6
1971,9,10,1.0,4.2
1946,12,10,1.0,7.3
1953,4,10,1.0,7.8
2023,3,10,1.0,6.5
2003,9,10,1.0,7.4
1952,3,10,1.0,6.0
1976,2,10,1.0,5.7
1995,8,10,1.0,6.5
1984,1,10,1.0,3.1
2015,8,10,1.0,6.7
1960,11,5,50.0,6.3
1971,3,10,2.0,8.0
1929,10,10,1.0,7.0
1966,10,10,1.0,7.2
1990,4,10,1.0,5.2
1987,1,10,1.0,5.8
1934,11,10,1.0,6.7
1997,2,10,1.0,6.5
2017,7,10,1.0,5.8
1938,8,10,1.0,5.9
1939,3,10,1.0,6.2
1987,12,10,1.0,6.3
1976,10,10,1.0,5.4
1986,5,10,2.0,7.3
1920,7,10,50.0,5.8
1942,12,10,1.0,5.4
1965,12,10,1.0,4.6
2021,6,1,1.0,6.6
2004,3,10,1.0,6.4
1982,2,10,1.0,6.6
1963,9,10,1.0,5.2
1980,12,5,1.0,4.0
2005,7,8,1.0,6.7
1942,8,10,1.0,6.4
1958,6,10,1.0,3.9
1969,9,10,2.0,7.6
2021,9,10,1.0,6.5
1941,12,5,2.0,7.5
1979,10,10,1.0,6.1
1954,9,10,1.0,4.2
1956,11,10,1.0,5.3
1967,4,10,1.0,7.6
2003,11,10,1.0,5.8
1967,11,10,1.0,6.2
1969,1,10,1.0,7.2
1932,12,10,1.0,7.0
1957,4,10,1.0,4.9
1971,8,10,1.0,5.0
1969,10,10,1.0,4.1
1981,11,10,1.0,6.2
1932,7,10,1.0,5.3
2014,7,10,2.0,6.0
1966,7,10,1.0,6.6
1977,10,10,2.0,7.1
1944,12,10,1.0,7.5
1987,12,10,1.0,6.9
2003,8,10,2.0,7.1
2000,2,10,1.0,5.3
2016,4,10,1.0,6.5
2017,8,10,1.0,6.5
1951,12,10,1.0,6.4
2001,4,10,1.0,5.7
1931,5,10,1.0,6.1
1999,4,10,1.0,3.7
1985,7,10,1.0,6.3
2000,9,10,1.0,7.7
1999,4,10,1.0,6.2
2000,4,10,1.0,7.5
2020,6,10,1.0,4.1
1942,9,10,1.0,6.9
2021,5,10,1.0,5.0
1954,9,10,2.0,6.9
2004,9,10,1.0,5.2
1944,2,10,1.0,7.0
2005,1,10,1.0,6.6
1950,12,10,1.0,6.2
1984,3,10,1.0,5.8
1978,10,10,1.0,7.0
1978,10,10,1.0,7.3
1946,8,10,1.0,5.9
1978,10,10,1.0,5.5
1975,3,10,1.0,5.0
1949,8,10,1.0,7.4
1980,3,9,1.0,4.5
1954,8,10,1.0,6.3
1932,10,10,1.0,5.1
1933,1,10,1.0,6.3
1999,2,10,1.0,6.0
2003,8,10,1.0,5.7
1937,11,10,1.0,6.8
1944,1,10,1.0,5.6
1959,8,10,58.0,6.3
1990,6,10,2.0,7.5
2025,1,10,1.0,6.9
2022,12,10,1.0,7.4
1936,8,10,1.0,5.5
2023,4,10,1.0,5.5
2002,2,10,1.0,6.1
1990,6,10,1.0,2.2
1941,6,10,59.0,5.6
1993,9,10,1.0,6.4
1956,12,10,2.0,8.1
1996,11,10,1.0,5.8
1993,1,10,1.0,6.1
1953,1,10,2.0,6.9
1986,4,10,1.0,5.7
1936,10,10,1.0,5.7
2007,11,10,1.0,5.7
2021,7,10,1.0,6.0
1987,4,10,1.0,4.4
1971,10,10,1.0,6.3
1981,2,10,1.0,6.3
1931,4,10,1.0,6.3
1952,2,10,1.0,6.8
2006,5,10,1.0,5.7
1944,3,10,1.0,6.8
2020,5,10,1.0,6.9
1962,5,10,1.0,8.3
1968,1,10,1.0,6.7
2018,11,10,2.0,7.9
1929,9,10,1.0,5.8
1931,7,10,1.0,5.5
1952,10,10,1.0,6.4
1984,9,10,1.0,5.4
1996,4,10,1.0,5.7
2015,7,10,1.0,5.9
1934,2,10,54.0,5.2
1989,10,10,2.0,8.5
2022,1,10,1.0,6.1
2007,10,10,1.0,7.1
1996,4,10,1.0,6.3
1980,9,10,1.0,5.5
1947,12,10,1.0,7.7
2009,8,10,1.0,7.1
2015,10,10,1.0,7.0
1964,1,10,1.0,4.8
1999,7,10,1.0,7.0
1923,6,10,50.0,6.7
2004,10,10,1.0,6.9
1958,8,10,1.0,5.7
1984,5,10,1.0,5.6
2013,9,8,1.0,4.4
2004,11,10,1.0,6.7
1956,2,10,1.0,7.2
1989,11,10,1.0,5.8
1942,2,10,59.0,6.5
1929,6,8,1.0,5.7
1954,1,10,1.0,5.6
1944,9,10,1.0,6.8
1954,10,10,1.0,6.0
1981,10,10,1.0,6.5
2019,6,10,1.0,7.8
1922,3,10,1.0,2.7
1952,10,6,1.0,7.2
2024,6,1,1.0,8.0
1942,6,10,1.0,6.2
1967,2,10,1.0,5.6
2019,7,10,1.0,6.2
1927,8,10,1.0,4.5
2022,8,10,1.0,5.9
1943,6,10,2.0,5.1
1961,12,10,1.0,7.2
1989,4,10,1.0,7.0
1958,3,10,1.0,5.8
1959,7,10,1.0,7.3
2002,8,10,1.0,6.3
2001,10,10,1.0,6.9
1950,11,10,1.0,8.0
1969,4,10,1.0,7.5
2021,2,10,1.0,6.5
1969,5,10,1.0,6.2
1951,1,10,1.0,7.3
1959,2,10,1.0,5.5
2019,11,10,2.0,6.8
1963,5,10,1.0,6.7
2002,6,10,2.0,7.6
1991,9,1,1.0,7.0
1944,11,10,1.0,7.6
1982,8,10,1.0,5.3
1963,5,10,1.0,5.6
1980,6,10,1.0,5.1
1954,1,10,2.0,7.2
2019,3,10,1.0,6.2
1958,8,10,1.0,7.9
1969,7,10,1.0,5.8
2003,2,10,1.0,7.7
1974,12,10,1.0,6.5
1957,6,10,1.0,5.7
1959,12,10,1.0,6.9
1951,9,10,1.0,7.4
1972,7,10,1.0,3.1
1952,11,10,1.0,8.2
1973,5,10,1.0,7.2
1996,10,10,1.0,7.0
1922,11,10,1.0,8.2
1960,3,10,59.0,6.1
1962,4,10,2.0,8.1
1957,12,10,1.0,4.8
2012,1,10,1.0,4.2
2008,12,10,1.0,6.2
1986,9,8,1.0,5.0
1956,12,10,1.0,6.4
1986,3,10,1.0,7.2
1987,2,10,2.0,7.7
1971,2,10,1.0,6.1
1930,10,10,1.0,6.5
1983,1,10,1.0,5.5
1932,5,9,48.0,5.3
1959,3,10,1.0,7.5
1964,5,10,1.0,5.7
1930,6,10,1.0,4.8
1998,7,10,2.0,6.3
1985,11,10,1.0,6.2
1941,3,10,1.0,5.7
1978,4,10,1.0,6.5
1978,10,10,1.0,5.1
1936,6,10,1.0,5.8
2023,2,10,1.0,6.1
1953,10,10,1.0,5.6
1946,6,10,1.0,7.0
2025,3,8,2.0,9.6
1954,3,8,1.0,7.2
1954,4,10,1.0,5.8
1968,12,10,2.0,7.0
1962,3,10,1.0,4.7
1951,2,10,1.0,6.4
1990,9,10,1.0,6.9
2002,9,10,2.0,7.1
1951,11,10,1.0,6.5
1969,6,10,1.0,6.7
1973,12,10,1.0,6.4
1931,10,10,1.0,6.3
1995,10,10,1.0,6.2
1947,5,10,1.0,7.1
1967,8,10,1.0,6.4
2010,6,10,1.0,7.2
1940,6,10,1.0,5.6
1968,12,10,1.0,6.0
1948,7,10,1.0,5.4
1997,6,5,1.0,6.9
1952,10,10,1.0,6.4
1978,6,10,1.0,6.2
2012,8,10,1.0,5.9
1964,12,10,2.0,6.9
2020,2,10,1.0,7.6
1954,3,10,1.0,6.2
1947,11,10,2.0,7.7
1958,5,10,1.0,5.3
1926,2,10,1.0,6.7
1974,1,10,1.0,6.0
1995,4,10,1.0,7.0
1965,11,10,1.0,5.9
1936,5,10,1.0,5.6
1969,6,10,1.0,6.3
1957,7,10,1.0,5.7
1998,5,10,1.0,4.7
2014,11,10,2.0,5.4
1954,9,10,1.0,6.9
1933,12,10,1.0,6.6
1930,4,10,1.0,6.6
1952,10,10,1.0,6.1
1937,3,10,1.0,5.8
1984,10,10,1.0,6.8
1984,10,10,1.0,6.2
2011,4,10,1.0,3.2
2019,6,10,1.0,6.1
1926,3,9,1.0,5.0
1973,6,10,1.0,4.7
1937,5,10,1.0,6.3
1942,12,10,1.0,6.9
1966,9,10,1.0,5.0
1951,11,10,1.0,6.4
2022,1,10,1.0,5.4
1941,4,10,1.0,7.4
1981,1,10,1.0,6.3
1956,5,10,1.0,6.0
1969,3,10,1.0,6.6
1948,10,10,1.0,6.4
1950,1,7,1.0,7.6
1948,10,10,55.0,6.8
1991,10,10,1.0,7.3
1961,4,10,1.0,7.2
1945,1,10,56.0,5.8
1980,7,10,1.0,7.7
1989,8,10,1.0,6.6
1954,12,10,1.0,5.4
2014,2,10,1.0,6.2
1943,9,10,1.0,6.6
1967,4,10,2.0,7.2
2013,9,10,1.0,5.6
2017,9,10,1.0,5.8
1970,9,10,2.0,3.7
1923,3,10,1.0,7.4
1997,11,10,1.0,7.5
2012,11,10,1.0,5.3
1936,6,10,1.0,6.7
2004,9,10,1.0,6.6
1944,7,10,1.0,6.6
1967,5,10,1.0,4.9
1963,10,10,1.0,7.6
1980,6,10,1.0,7.1
2003,6,10,1.0,3.4
1952,11,10,1.0,6.1
2015,5,10,2.0,6.6
1952,2,10,1.0,7.2
2018,9,10,3.0,8.3
1967,9,10,1.0,7.5
1987,6,10,1.0,7.8
1947,2,10,1.0,6.8
1967,8,10,1.0,6.1
1953,4,10,1.0,6.3
1959,10,10,1.0,6.3
1945,12,10,1.0,6.0
1992,11,10,1.0,7.6
2000,10,10,1.0,7.5
2023,12,1,3.0,9.5
1987,3,10,1.0,3.4
1999,7,10,1.0,7.1
1942,12,10,1.0,5.6
2008,2,10,1.0,5.4
1962,9,10,1.0,5.6
1967,9,10,1.0,5.9
1934,3,10,1.0,6.5
1950,3,10,1.0,5.8
1967,1,10,1.0,5.6
2010,4,10,1.0,6.2
2008,9,10,2.0,7.3
1953,10,10,1.0,6.5
1967,3,10,1.0,7.4
1962,6,10,1.0,5.4
2018,2,10,1.0,4.7
2005,11,10,1.0,7.3
1974,12,10,1.0,5.9
1971,2,10,2.0,6.5
1941,2,10,1.0,6.4
1983,7,10,1.0,4.9
1943,1,10,1.0,5.9
1926,3,10,1.0,6.1
1986,2,10,1.0,7.0
1975,9,10,1.0,4.1
1971,7,10,1.0,3.7
1978,10,10,1.0,6.2
1933,3,10,1.0,5.9
1943,9,10,1.0,6.9
1936,10,10,4.0,4.5
1986,12,10,1.0,5.0
2016,4,10,2.0,5.8
1975,9,10,1.0,4.4
1968,10,10,2.0,6.6
1930,11,10,1.0,5.3
1961,10,10,2.0,8.3
1989,1,10,1.0,6.1
1996,6,10,1.0,7.2
1947,8,10,1.0,2.3
1963,1,10,1.0,5.6
2002,7,10,1.0,7.3
1975,1,10,1.0,5.5
2007,2,10,1.0,6.0
1992,2,10,2.0,7.4
1982,8,10,1.0,5.3
1955,9,9,1.0,4.7
1970,2,10,2.0,6.2
1946,2,10,1.0,6.9
1943,4,10,59.0,6.5
1926,10,10,1.0,7.0
2016,7,10,1.0,6.8
1960,4,10,1.0,6.1
1949,10,10,1.0,7.0
1971,4,10,1.0,7.5
1976,10,10,2.0,7.6
1939,12,10,1.0,6.0
2015,6,10,1.0,6.5
1954,8,10,1.0,6.2
1955,8,10,1.0,5.6
1961,10,10,1.0,6.9
1974,12,10,1.0,7.8
1952,9,10,1.0,6.8
1929,12,10,1.0,7.8
1997,6,10,2.0,8.0
2017,5,10,1.0,5.9
1966,4,10,1.0,4.6
1998,12,10,1.0,5.7
1949,1,10,1.0,7.2
1995,7,10,1.0,4.7
1989,2,10,1.0,6.9
1992,12,10,1.0,5.1
1996,9,10,2.0,7.6
1966,1,10,2.0,7.4
1938,9,10,1.0,6.2
1964,3,10,1.0,7.1
1949,1,10,1.0,6.0
1959,9,10,1.0,2.5
1977,9,10,1.0,7.1
1977,6,10,1.0,6.1
2003,2,10,1.0,6.5
1950,1,10,1.0,6.5
2017,6,6,1.0,7.5
2001,10,10,2.0,7.8
1978,4,10,1.0,6.6
1984,12,10,1.0,6.5
1986,1,10,1.0,6.0
1973,6,7,1.0,6.7
1954,1,10,1.0,5.3
1996,3,10,2.0,6.2
2020,10,3,1.0,7.5
1936,10,10,1.0,6.3
1940,11,10,1.0,4.9
1987,8,10,1.0,5.5
2020,12,10,1.0,6.1
1956,8,10,1.0,6.8
1961,10,10,1.0,6.8
1952,12,10,1.0,5.6
1975,8,10,1.0,7.2
1973,3,10,1.0,6.2
2008,10,10,1.0,5.3
1938,9,10,1.0,5.0
1957,2,10,1.0,7.8
2024,11,10,1.0,5.6
1971,9,7,1.0,6.1
1932,3,10,1.0,5.5
2008,1,10,1.0,6.2
2014,7,10,1.0,7.3
2010,3,10,1.0,7.0
1938,3,10,1.0,7.2
1971,12,10,1.0,7.5
2011,12,10,1.0,7.3
2000,9,10,1.0,6.2
2022,9,1,1.0,5.4
1965,3,10,1.0,6.0
1943,10,10,1.0,6.2
2014,4,6,1.0,6.3
1960,10,10,1.0,6.5
1976,5,10,2.0,6.5
1988,5,10,1.0,4.8
1934,11,10,1.0,6.0
1978,2,10,2.0,6.5
1988,10,10,1.0,6.4
2022,2,10,1.0,6.2
2021,2,10,1.0,5.4
1976,1,10,1.0,5.4
1985,8,10,1.0,6.6
1976,11,10,1.0,4.1
1942,11,10,1.0,5.5
1996,3,10,1.0,7.1
1955,2,10,2.0,6.4
1956,12,10,1.0,7.1
1930,10,10,1.0,5.9
1982,1,10,1.0,6.9
2016,11,10,2.0,7.3
1980,10,10,2.0,6.9
1937,3,10,1.0,6.2
1996,5,10,1.0,6.6
2007,11,10,1.0,7.4
1943,7,10,4.0,7.0
2004,9,10,1.0,6.9
1932,4,10,1.0,6.0
1962,2,10,1.0,7.6
1931,4,10,1.0,5.2
1955,11,10,1.0,6.0
1979,12,10,1.0,7.1
1985,4,10,1.0,6.5
2017,9,10,1.0,8.3
1960,8,10,1.0,7.5
2020,10,10,1.0,4.4
2019,11,1,3.0,8.1
1997,10,10,2.0,7.9
2001,8,10,1.0,6.2
1942,3,10,1.0,4.4
1989,4,10,1.0,5.0
1973,2,10,1.0,6.2
1939,10,10,1.0,3.5
1929,8,10,1.0,6.0
1939,3,10,1.0,5.9
1941,7,10,1.0,5.5
1982,9,10,1.0,4.4
2016,4,10,1.0,6.3
1946,3,10,1.0,6.3
1965,10,10,1.0,5.1
1985,1,10,1.0,5.1
1929,3,10,1.0,6.8
1946,9,10,1.0,4.2
1955,11,10,1.0,5.3
2021,6,10,2.0,4.7
1983,7,10,1.0,5.2
1994,3,10,1.0,4.4
2007,9,10,2.0,7.2
1935,1,10,1.0,6.0
1958,6,10,1.0,5.8
1991,9,9,1.0,4.6
1980,5,10,2.0,6.2
1981,1,10,2.0,8.0
1961,5,10,1.0,6.9
1926,9,10,1.0,6.6
1973,9,10,1.0,4.9
2002,11,10,2.0,6.1
1967,10,10,1.0,5.5
1973,11,10,1.0,6.7
1998,3,10,1.0,5.8
1952,5,10,1.0,6.6
1991,11,10,1.0,4.1
1924,1,9,1.0,5.4
1973,3,10,2.0,7.5
2012,5,10,2.0,7.2
1925,8,5,1.0,6.2
1954,4,8,1.0,5.4
2023,2,10,1.0,5.9
1935,5,10,54.0,6.0
1976,10,10,2.0,7.5
1965,3,10,1.0,4.6
1962,3,10,1.0,6.0
1964,12,10,2.0,7.8
1936,9,10,1.0,4.9
1992,10,10,1.0,6.8
1949,9,10,1.0,5.6
1956,11,10,1.0,6.8
1947,12,10,1.0,6.2
1987,1,10,3.0,6.3
1996,3,10,1.0,6.0
2017,9,10,2.0,6.7
2008,2,10,1.0,6.8
1991,12,10,1.0,5.8
1928,9,10,1.0,6.4
1926,9,7,1.0,5.8
1959,1,10,1.0,6.5
1950,6,10,56.0,5.2
2002,11,10,2.0,6.1
1975,12,10,1.0,6.3
1998,6,10,1.0,7.7
2007,11,10,1.0,6.2
2019,4,10,2.0,6.5
1929,12,7,1.0,7.1
1965,8,10,1.0,7.5
2005,4,10,2.0,7.6
1929,11,10,2.0,7.4
1994,2,10,2.0,7.6
2012,3,10,1.0,4.0
2007,4,10,1.0,7.0
1976,8,10,1.0,4.9
1946,9,10,1.0,5.4
1972,4,10,1.0,6.6
2018,6,10,1.0,7.9
1971,4,10,1.0,6.9
1972,7,10,1.0,7.2
1956,9,10,1.0,5.8
1931,6,10,1.0,6.6
1930,2,10,1.0,6.0
1947,5,10,1.0,6.9
1940,3,10,1.0,7.4
1964,10,10,1.0,6.2
1935,10,10,1.0,6.6
1945,12,10,1.0,6.8
1962,2,10,2.0,8.6
1952,1,10,1.0,5.9
2022,12,10,1.0,5.3
2022,10,10,1.0,5.3
1968,4,10,1.0,5.4
1959,10,10,1.0,7.5
1976,12,10,1.0,6.8
2024,1,2,1.0,5.8
1964,1,10,2.0,7.1
1968,5,10,1.0,5.3
1995,3,10,1.0,7.1
1936,9,10,1.0,6.5
1976,11,10,1.0,5.5
1957,5,10,1.0,7.4
1956,9,10,1.0,5.8
1963,10,10,1.0,5.6
2012,6,10,1.0,5.8
1948,5,10,1.0,6.6
1983,2,10,1.0,6.9
2021,11,10,2.0,5.9
1935,9,10,1.0,5.8
2019,7,10,1.0,6.1
2001,1,10,1.0,3.6
2013,12,10,1.0,5.2
1989,5,10,1.0,4.9
1951,10,10,1.0,5.7
1960,3,10,1.0,8.3
2005,10,10,2.0,6.5
1954,9,10,1.0,6.2
2019,8,8,1.0,8.4
1930,8,10,1.0,6.9
2009,7,10,1.0,6.9
1992,3,6,1.0,4.0
1961,12,10,1.0,6.2
1989,9,10,1.0,6.3
1920,10,6,50.0,5.2
1958,11,10,1.0,5.1
2017,3,10,1.0,7.5
1997,2,10,2.0,8.0
1944,10,10,1.0,6.5
1998,10,10,2.0,5.9
1979,2,10,1.0,6.2
2009,7,10,1.0,5.7
1973,7,10,1.0,6.4
1946,8,10,1.0,6.2
1942,1,10,54.0,6.1
2010,10,10,1.0,5.6
1983,11,10,1.0,4.8
2010,6,10,2.0,5.1
1934,8,10,1.0,5.7
1931,5,10,1.0,6.1
1977,10,10,1.0,5.1
2014,8,10,1.0,4.8
1984,12,10,1.0,4.7
1963,3,10,1.0,5.3
1998,10,1,1.0,7.6
2003,1,10,2.0,4.9
2002,1,10,47.0,7.0
2023,9,10,1.0,4.7
1996,5,10,1.0,6.6
1933,11,10,1.0,5.9
1985,5,10,1.0,6.6
2015,5,10,1.0,6.7
1927,3,10,1.0,6.1
1973,1,10,1.0,5.0
1976,5,10,1.0,5.4
1955,4,10,1.0,4.7
1995,12,10,1.0,7.5
1925,12,6,54.0,6.0
1952,10,10,1.0,7.3
1956,9,10,1.0,6.5
1957,1,10,1.0,4.7
1979,9,5,1.0,6.3
1963,12,10,2.0,6.9
1937,1,10,1.0,5.2
1996,3,10,1.0,5.4
1936,12,10,1.0,6.1
1929,12,10,1.0,5.5
2004,1,6,1.0,7.4
1958,12,10,1.0,5.2
1994,4,10,1.0,5.5
1954,9,10,1.0,6.8
1983,1,10,2.0,7.4
2024,2,10,1.0,5.3
2020,2,10,1.0,6.5
1986,11,10,1.0,5.4
1989,12,10,1.0,7.9
1926,10,10,4.0,6.6
2022,7,10,2.0,7.6
1932,10,6,1.0,5.1
2012,1,10,1.0,6.6
1966,8,10,1.0,5.9
2001,5,10,1.0,7.2
1951,4,10,1.0,6.1
2017,2,10,1.0,6.6
1993,12,10,1.0,6.2
1948,6,10,1.0,7.2
1953,10,10,1.0,5.7
1966,10,10,1.0,6.9
2014,6,10,2.0,7.2
2007,6,10,1.0,6.6
1953,10,10,1.0,6.4
1978,6,10,1.0,6.9
1979,2,10,1.0,7.1
2015,6,10,1.0,6.9
1978,9,10,1.0,6.8
1975,8,10,1.0,4.9
1951,8,10,1.0,6.1
1984,1,10,1.0,6.0
1990,11,10,1.0,6.0
1964,7,10,2.0,6.8
1981,9,10,1.0,5.6
1983,4,10,1.0,6.7
1955,11,10,1.0,6.4
1957,10,10,1.0,6.6
2009,10,10,1.0,6.0
1960,5,10,1.0,7.3
1945,1,10,1.0,7.8
1994,5,10,1.0,4.6
2015,7,10,1.0,7.6
1947,10,10,1.0,7.7
2015,4,10,1.0,7.6
1979,4,10,1.0,5.4
2014,5,5,1.0,6.4
1948,2,10,1.0,6.2
1940,12,10,2.0,5.8
1981,2,10,1.0,7.2
1987,8,10,1.0,5.1
2023,8,10,1.0,4.0
2009,5,10,1.0,6.1
1936,9,10,1.0,5.6
2024,12,10,1.0,8.1
1951,2,10,1.0,6.9
1992,2,10,1.0,6.8
1995,3,10,1.0,6.3
2015,5,10,2.0,7.0
1989,5,10,1.0,7.3
2018,11,10,1.0,6.8
1967,8,10,1.0,6.6
1974,4,10,1.0,6.7
2016,10,10,2.0,5.6
2008,11,10,1.0,6.6
1965,8,10,1.0,7.0
1949,11,10,1.0,6.9
2000,1,10,2.0,6.1
1966,1,10,1.0,6.9
1986,3,10,1.0,4.5
2024,5,10,1.0,4.9
1993,10,10,1.0,4.2
1923,2,10,2.0,7.1
2013,11,10,1.0,6.5
2021,4,10,1.0,7.2
1957,10,10,1.0,5.4
1984,9,10,1.0,6.2
1992,12,10,1.0,7.2
2020,12,10,1.0,6.3
1978,8,10,1.0,7.4
1969,12,10,1.0,6.0
1997,7,10,1.0,5.2
2022,8,10,1.0,6.7
2016,7,10,1.0,5.4
2011,9,10,1.0,6.8
2006,11,10,2.0,7.5
1969,4,10,1.0,6.2
1969,4,10,2.0,8.3
1954,2,10,1.0,5.5
1934,1,10,1.0,6.4
2021,1,10,1.0,5.4
1996,9,10,1.0,6.5
1992,6,10,1.0,3.8
1989,9,10,1.0,7.1
2001,10,10,1.0,7.1
2011,10,10,1.0,7.4
1955,8,10,1.0,5.6
1991,6,10,1.0,4.6
1958,10,10,1.0,7.2
1944,7,10,1.0,6.5
1981,8,10,1.0,5.4
1956,9,10,1.0,6.5
2007,6,10,2.0,6.4
1984,3,10,2.0,7.4
1979,9,10,1.0,6.2
2018,12,10,2.0,7.1
2011,6,10,3.0,6.5
1945,9,10,1.0,4.7
1965,7,10,2.0,7.1
1960,6,10,1.0,6.0
1979,3,7,1.0,7.2
1980,8,10,1.0,4.6
2022,8,10,2.0,7.9
1975,2,10,1.0,3.3
1934,10,10,1.0,6.8
2011,10,2,1.0,6.2
1966,2,10,1.0,5.5
1959,2,10,1.0,5.4
1943,2,10,1.0,6.9
1984,7,10,1.0,3.8
1930,10,10,1.0,5.5
1956,7,10,1.0,7.3
1925,9,5,1.0,6.6
1925,9,10,1.0,6.1
1970,8,10,3.0,8.8
1983,10,10,1.0,7.2
1977,9,8,1.0,6.3
1941,10,10,1.0,5.9
2014,7,10,1.0,5.4
1947,9,10,1.0,4.9
1964,12,8,1.0,7.4
1987,11,10,1.0,7.3
1945,7,10,57.0,5.4
1962,2,10,2.0,7.9
1968,12,10,1.0,5.5
1998,3,10,1.0,6.2
1977,9,10,1.0,5.7
1990,6,10,1.0,4.5
1972,4,10,1.0,4.4
2019,5,10,1.0,4.5
1944,2,10,2.0,7.2
2009,10,10,1.0,4.4
1941,5,10,1.0,5.6
1930,3,5,1.0,4.0
2019,11,10,1.0,3.7
2011,10,1,1.0,7.1
2010,4,10,1.0,4.4
2005,1,10,1.0,5.2
1983,3,10,1.0,7.1
2006,3,10,2.0,7.8
1972,4,8,1.0,6.2
1999,4,10,1.0,6.9
1959,3,10,1.0,6.5
1947,6,10,1.0,6.3
1944,5,10,1.0,6.5
1959,1,10,1.0,5.8
2024,2,10,1.0,7.1
1957,4,10,1.0,5.7
2019,3,10,1.0,5.7
1997,7,10,2.0,6.5
1935,9,10,1.0,6.6
1984,9,10,1.0,6.7
2008,2,10,1.0,5.7
1929,2,6,1.0,7.6
1922,2,9,1.0,6.0
1968,4,10,1.0,7.6
1957,10,10,1.0,6.5
1944,5,10,1.0,5.5
1982,7,10,1.0,5.4
1951,6,10,1.0,5.6
1936,11,10,1.0,6.5
1969,12,10,1.0,6.9
2022,10,10,2.0,6.8
1986,10,10,2.0,7.4
1980,12,10,1.0,4.3
1956,6,10,1.0,5.9
2014,8,10,1.0,5.9
2017,1,10,1.0,5.7
2014,5,10,1.0,6.1
1986,11,10,1.0,5.5
1942,5,10,1.0,6.5
1967,5,10,1.0,5.7
2001,7,10,1.0,6.4
1993,12,10,1.0,5.1
1966,6,10,1.0,6.1
1932,8,10,1.0,7.5
2025,3,4,1.0,5.9
1934,7,10,1.0,6.1
2020,2,10,1.0,6.1
2024,8,10,1.0,6.3
1999,3,10,1.0,6.5
1948,5,10,1.0,6.6
2003,6,10,1.0,5.3
1920,2,9,52.0,6.7
1995,7,10,2.0,4.7
1965,6,10,1.0,4.8
1938,12,10,58.0,6.4
1957,12,10,1.0,6.7
1966,5,10,1.0,6.9
1975,5,10,1.0,6.4
1920,11,10,1.0,6.2
1940,12,10,1.0,6.9
1936,10,10,1.0,7.6
1971,10,10,1.0,6.0
1987,2,10,1.0,6.4
1973,10,10,1.0,7.0
1958,2,10,1.0,6.2
1979,9,6,1.0,5.9
1950,11,10,1.0,6.3
1959,6,10,2.0,6.5
1961,10,10,2.0,6.2
2012,9,10,1.0,6.5
1960,3,10,1.0,5.8
1998,8,10,1.0,7.0
1963,8,10,1.0,6.5
1968,10,10,1.0,5.9
2016,9,10,1.0,5.1
1991,11,10,1.0,4.6
1967,3,10,1.0,5.8
1956,1,10,2.0,6.4
2001,3,10,2.0,6.3
1966,7,10,2.0,6.9
2000,2,10,1.0,6.7
1943,8,10,1.0,5.4
1975,1,10,1.0,4.3
2015,6,10,1.0,2.7
1996,3,10,1.0,4.3
2020,9,10,1.0,6.5
1936,12,10,1.0,6.6
2017,12,10,1.0,7.0
1962,3,10,1.0,7.6
2008,1,10,1.0,5.4
1950,11,10,1.0,6.0
1946,5,10,1.0,5.8
1956,7,10,1.0,6.4
1928,1,10,1.0,7.9
1977,3,10,1.0,5.9
1983,1,9,1.0,4.1
2020,11,10,2.0,7.6
1947,7,10,1.0,6.4
1933,2,10,1.0,5.9
1991,10,10,1.0,5.4
1974,10,10,1.0,6.6
1945,10,10,1.0,6.8
1988,2,10,1.0,7.5
1971,9,10,2.0,6.6
1997,9,10,1.0,7.5
1993,5,10,1.0,4.6
2024,9,10,1.0,6.7
1961,3,10,1.0,7.7
2010,5,10,1.0,7.0
1973,11,10,1.0,6.7
1959,10,6,1.0,6.8
2021,12,10,1.0,6.5
2000,9,10,1.0,6.8
2017,6,10,1.0,4.3
1944,8,10,1.0,6.8
1936,10,10,55.0,6.1
1979,3,10,1.0,5.9
1944,12,10,1.0,6.3
2013,10,10,1.0,6.9
2010,5,10,2.0,6.1
1990,9,10,1.0,6.7
1927,9,10,1.0,5.8
1932,7,10,54.0,6.1
1976,7,10,1.0,4.7
1951,7,10,1.0,7.0
2009,6,10,1.0,4.9
1941,7,10,1.0,7.6
1990,12,10,1.0,4.2
1943,10,10,1.0,7.0
2008,9,7,1.0,6.6
1959,9,10,1.0,7.0
2007,11,10,1.0,6.4
1993,9,10,1.0,5.2
1922,10,10,1.0,5.2
1925,5,10,1.0,6.0
1989,12,9,1.0,7.3
1935,11,10,1.0,6.6
1986,10,10,1.0,6.2
2007,10,10,2.0,8.1
2014,10,10,1.0,6.9
1983,2,10,1.0,7.2
1976,4,10,1.0,7.7
1974,8,10,1.0,7.3
2003,12,10,1.0,4.2
2006,4,10,1.0,5.5
1952,5,10,1.0,7.2
1936,2,10,1.0,7.5
1972,4,10,1.0,5.7
1937,11,10,1.0,4.8
1944,11,10,1.0,4.6
1990,2,10,1.0,6.3
2013,8,10,1.0,7.5
1944,4,10,1.0,6.4
1977,11,10,4.0,7.9
1989,3,10,1.0,4.8
1981,8,10,1.0,7.5
2006,7,10,1.0,4.5
1941,11,10,45.0,6.0
2018,8,10,1.0,4.3
2025,2,10,2.0,2.6
1952,11,10,1.0,4.6
1948,7,10,1.0,6.0
1970,5,10,1.0,5.8
1984,4,10,1.0,3.5
1955,8,10,1.0,5.5
2025,1,10,2.0,6.6
1980,2,10,1.0,3.6
1982,12,10,1.0,7.2
1971,6,10,1.0,5.8
2012,2,10,1.0,7.6
1940,11,10,57.0,6.0
1954,2,10,1.0,6.3
1989,11,10,1.0,7.8
1985,11,10,1.0,4.7
1921,6,10,1.0,7.2
1967,2,10,1.0,7.2
1940,9,10,1.0,7.2
1972,11,10,1.0,4.5
2018,4,10,1.0,6.2
2006,9,10,1.0,6.4
2024,5,4,1.0,6.6
2016,9,10,2.0,5.4
1980,3,10,1.0,5.5
2016,9,10,1.0,5.8
1940,3,10,1.0,6.4
2024,4,10,1.0,5.2
1986,3,10,1.0,5.2
1966,1,10,2.0,7.5
1941,8,4,48.0,6.3
1958,8,10,1.0,5.3
1951,4,10,1.0,6.9
1970,3,10,1.0,6.9
1975,10,10,1.0,5.1
1998,7,10,1.0,5.5
1983,8,10,1.0,7.2
1959,3,10,1.0,5.8
1953,12,10,1.0,6.6
1984,1,10,1.0,5.4
1949,3,10,1.0,7.1
1987,1,10,1.0,6.4
1921,9,5,1.0,5.9
2020,12,10,1.0,6.1
1948,6,10,1.0,6.1
2022,4,10,1.0,6.3
2019,1,10,1.0,5.1
1997,9,10,1.0,3.8
2020,9,10,1.0,6.3
1965,12,4,1.0,5.0
1959,7,10,1.0,6.7
2015,8,6,1.0,8.1
1985,3,10,1.0,6.5
2018,4,10,1.0,6.9
1955,12,10,1.0,6.0
2024,6,10,3.0,6.7
1982,4,10,1.0,5.1
1949,6,10,1.0,6.4
1990,10,10,1.0,6.0
2015,4,10,1.0,7.2
1970,2,10,1.0,6.5
1967,3,10,1.0,6.3
2017,10,10,1.0,6.8
1992,6,10,1.0,6.9
1966,1,10,1.0,5.4
2023,2,10,2.0,6.2
1937,12,10,1.0,7.0
2003,8,10,2.0,7.2
1968,12,10,2.0,7.0
2003,8,10,2.0,6.5
1972,6,10,1.0,2.9
1971,8,10,1.0,4.9
1927,9,10,1.0,3.8
1958,6,10,1.0,7.2
1979,12,10,1.0,4.8
1935,10,10,2.0,6.8
1993,9,10,1.0,5.8
1979,6,10,1.0,6.5
1947,12,10,1.0,4.9
1991,3,10,1.0,5.5
1937,8,10,1.0,6.1
1995,1,10,1.0,6.7
2003,8,10,1.0,5.3
1967,9,3,1.0,7.0
2022,3,10,53.0,7.3
1959,1,10,1.0,6.9
1944,7,10,1.0,6.3
2009,2,10,1.0,5.5
1955,2,10,1.0,6.5
2007,7,10,1.0,7.2
1969,9,10,1.0,7.2
1950,9,10,1.0,6.1
2001,6,10,1.0,5.8
2013,4,10,2.0,4.7
2021,10,10,1.0,5.8
2007,8,10,1.0,5.4
2022,9,10,1.0,6.5
2007,2,10,1.0,5.6
1993,8,10,1.0,4.4
1985,5,10,2.0,6.3
1938,8,10,1.0,5.9
1962,7,10,1.0,5.9
1954,11,10,1.0,5.6
1940,4,10,59.0,6.3
2020,5,3,1.0,7.9
1961,4,10,1.0,4.8
1981,5,10,2.0,6.5
1958,4,10,1.0,6.1
1934,5,10,1.0,5.1
1934,11,10,1.0,6.3
1966,4,10,1.0,5.1
1956,10,10,1.0,5.4
1941,9,10,1.0,5.3
1969,10,10,1.0,6.6
1946,11,10,1.0,5.9
1976,11,10,1.0,6.8
1928,6,9,1.0,6.4
1982,2,10,1.0,4.2
1948,10,10,1.0,6.6
2007,5,10,2.0,7.4
1941,10,10,3.0,7.2
2018,8,10,1.0,9.0
1925,4,10,1.0,4.9
1981,7,10,1.0,5.1
1936,11,10,1.0,5.9
2009,5,6,1.0,7.7
1933,6,10,1.0,5.8
2007,10,10,1.0,6.8
1940,8,10,1.0,7.2
1992,1,10,1.0,5.5
2015,10,10,1.0,6.6
1955,5,10,1.0,6.5
2016,6,10,1.0,7.1
1982,9,8,1.0,3.7
1987,7,10,2.0,6.8
1961,9,10,1.0,5.6
1951,5,10,1.0,6.3
1928,9,10,1.0,5.3
1990,4,10,2.0,6.6
2000,9,8,1.0,7.5
1977,8,10,1.0,6.5
1929,7,10,1.0,5.2
2003,11,10,1.0,7.1
1961,1,10,1.0,5.8
1993,10,10,4.0,7.9
1977,1,10,3.0,6.0
2010,9,10,1.0,7.6
1929,11,10,1.0,6.2
1982,11,8,1.0,7.0
1931,4,10,1.0,6.8
1945,11,10,1.0,6.2
1980,6,10,1.0,5.3
1981,2,10,1.0,5.1
2024,10,10,1.0,7.9
1936,4,10,1.0,6.1
1975,4,10,1.0,4.7
1934,6,10,1.0,6.7
1968,11,10,2.0,5.7
2002,3,10,2.0,6.5
1972,4,10,1.0,6.1
1934,3,10,1.0,6.5
1957,3,10,1.0,5.5
1992,10,10,1.0,6.3
1985,1,10,1.0,6.1
1938,3,10,1.0,6.2
1975,6,10,2.0,6.9
2024,9,10,1.0,6.0
2009,1,10,1.0,7.1
2006,8,10,1.0,7.0
1986,4,10,1.0,5.5
1924,8,10,1.0,6.0
1942,12,10,1.0,6.7
1970,6,10,1.0,5.1
1992,2,10,2.0,7.1
1967,9,10,2.0,5.5
2019,7,10,1.0,2.7
2013,6,10,1.0,7.4
1945,10,10,1.0,5.2
2004,2,10,1.0,4.5
2008,10,10,1.0,6.9
1971,8,10,1.0,5.0
1981,9,10,2.0,7.9
1947,5,10,1.0,3.8
1973,9,10,1.0,4.2
1970,3,9,1.0,7.8
2020,3,10,2.0,6.7
2010,12,2,1.0,6.6
1961,4,10,1.0,4.8
1979,11,10,1.0,7.2
2019,12,10,2.0,5.2
1949,6,10,1.0,5.6
1989,8,10,1.0,4.3
1935,11,10,59.0,6.0
1933,3,10,1.0,6.9
2009,6,10,2.0,8.0
2016,2,10,1.0,7.3
2019,10,10,2.0,3.6
1986,10,10,1.0,5.9
2014,8,10,1.0,6.2
1974,9,10,1.0,6.4
1968,9,10,1.0,7.1
2025,5,10,1.0,6.7
1968,2,10,1.0,6.1
2015,10,2,1.0,6.4
2010,5,10,1.0,6.5
1970,2,10,1.0,5.5
1953,10,10,2.0,6.9
1956,4,10,1.0,5.6
2006,5,10,1.0,7.2
1955,10,7,1.0,7.5
1995,3,10,1.0,6.3
1954,5,10,1.0,5.6
1972,11,10,2.0,6.6
1999,6,10,1.0,4.9
2018,6,10,1.0,7.5
1991,8,10,1.0,6.8
1970,6,10,2.0,7.1
1985,5,4,1.0,5.7
1981,11,10,2.0,7.5
1972,9,10,1.0,7.2
1947,5,10,1.0,5.7
2017,5,10,1.0,7.0
1970,1,10,1.0,4.8
1942,6,10,1.0,4.1
2024,7,10,1.0,6.3
1988,9,10,1.0,7.1
1942,4,10,1.0,5.8
1941,12,10,1.0,6.2
1965,10,10,1.0,6.6
1964,2,8,1.0,7.2
1994,10,10,1.0,5.9
1995,5,10,2.0,7.6
2002,7,10,1.0,3.9
1955,8,10,1.0,7.0
2007,10,10,2.0,7.5
1937,8,10,1.0,6.7
1986,5,10,1.0,5.1
1922,9,10,2.0,6.7
2001,2,10,1.0,8.0
1983,8,10,1.0,7.0
1963,5,10,1.0,5.6
2004,1,10,1.0,5.8
1957,5,10,1.0,5.2
1960,12,10,1.0,5.2
1921,11,9,50.0,6.9
2014,6,10,1.0,7.4
1948,11,10,1.0,5.4
1944,1,10,52.0,6.5
1949,3,10,59.0,6.1
1943,5,10,1.0,5.7
2002,12,10,1.0,5.4
1934,12,10,52.0,5.1
1998,2,10,1.0,5.8
1974,5,10,1.0,7.0
2017,10,10,1.0,6.4
1990,2,10,1.0,4.1
1943,12,10,1.0,6.3
2024,12,9,2.0,6.8
1983,3,10,1.0,6.7
2017,6,10,1.0,6.0
1975,8,10,1.0,3.9
1962,11,10,1.0,6.6
1978,11,10,1.0,6.4
1937,8,10,1.0,6.1
1938,11,10,1.0,6.5
1960,9,10,1.0,6.6
1947,9,10,1.0,6.6
1938,5,10,1.0,6.1
1986,11,10,1.0,4.1
2011,9,10,1.0,5.3
2009,4,5,1.0,7.9
1942,1,10,1.0,5.7
1977,6,10,1.0,5.4
1971,11,1,1.0,5.5
1964,4,10,1.0,7.0
2020,2,10,2.0,6.6
1970,9,10,1.0,4.8
1991,3,10,1.0,4.4
2020,3,10,1.0,5.8
1939,8,10,1.0,7.2
1960,9,10,1.0,7.1
2007,3,10,1.0,6.7
2006,4,10,2.0,7.2
1987,1,10,1.0,7.7
1959,9,10,2.0,6.0
1989,4,10,1.0,4.5
2013,3,8,1.0,7.1
2008,5,10,1.0,6.7
1930,11,10,1.0,6.5
2014,5,10,1.0,7.2
1973,9,10,2.0,7.4
1981,4,10,1.0,4.7
1985,3,10,1.0,5.0
1956,10,10,2.0,8.6
1980,2,10,1.0,6.9
1934,6,10,1.0,5.1
2016,4,10,1.0,6.3
2005,10,9,1.0,5.7
2024,8,10,1.0,7.5
1967,9,10,1.0,7.6
1944,4,10,1.0,5.6
1955,9,10,1.0,6.9
1922,11,10,5.0,5.3
1951,7,10,2.0,6.8
2015,1,10,2.0,6.2
1934,10,10,54.0,5.3
2000,12,10,1.0,5.5
2011,10,10,1.0,6.9
2023,6,10,1.0,4.7
1971,9,5,1.0,6.3
1949,11,10,1.0,5.8
1942,12,10,1.0,5.9
1978,2,10,1.0,3.4
1989,9,10,1.0,5.3
1944,7,10,1.0,5.5
1960,11,10,1.0,5.1
1928,9,10,1.0,1.3
1929,7,6,3.0,4.9
1928,4,8,59.0,6.5
2004,10,10,1.0,3.9
1993,3,10,1.0,4.5
1937,12,8,1.0,6.9
2020,10,4,1.0,7.9
1934,6,10,1.0,7.0
2021,7,10,2.0,6.8
2004,8,10,1.0,6.7
1941,1,10,1.0,4.7
1953,11,10,1.0,5.9
1931,12,10,1.0,7.4
1965,2,10,1.0,6.6
2014,8,10,1.0,5.3
2017,10,10,1.0,8.0
1966,10,10,1.0,4.8
1983,7,10,2.0,7.6
1987,10,10,1.0,6.3
2017,6,10,1.0,6.3
1992,2,10,1.0,4.9
1973,11,10,1.0,4.5
1962,4,10,1.0,6.1
1995,4,10,1.0,5.0
2011,7,10,1.0,6.7
1948,1,10,1.0,5.5
1935,4,10,1.0,6.6
2017,6,10,1.0,7.8
1996,1,10,1.0,4.3
2000,5,4,1.0,7.4
1942,7,10,1.0,6.6
2020,2,10,1.0,6.0
2000,2,10,1.0,5.6
1934,12,10,1.0,7.3
2025,1,10,1.0,5.9
1961,5,10,1.0,7.9
2024,8,10,1.0,7.1
2015,10,10,2.0,5.0
2010,4,10,1.0,6.8
1982,7,10,1.0,6.4
1964,12,5,1.0,6.6
2017,5,10,1.0,6.7
1991,7,10,3.0,5.5
1978,3,10,1.0,4.3
1946,6,10,1.0,5.9
2003,5,10,1.0,5.6
1968,8,10,1.0,6.1
2024,3,10,2.0,8.4
1957,1,10,2.0,7.8
1972,9,7,1.0,4.0
1932,6,10,1.0,4.3
1970,2,9,1.0,7.0
1977,6,10,1.0,7.3
2021,1,10,46.0,6.9
1967,7,10,2.0,6.1
1984,7,10,1.0,5.7
1982,10,10,2.0,7.6
2003,12,6,1.0,3.3
1928,8,8,1.0,5.8
1983,2,10,1.0,6.9
1986,1,10,1.0,7.2
1941,3,10,1.0,6.3
1983,4,10,2.0,6.2
1933,12,10,1.0,7.4
1988,7,10,1.0,4.9
1971,2,10,1.0,6.7
1994,6,10,1.0,6.2
1925,10,10,1.0,6.7
1942,7,10,1.0,5.7
1991,3,10,2.0,8.4
2014,5,10,1.0,6.1
2006,2,10,1.0,2.8
1974,8,10,1.0,7.4
1961,8,10,1.0,4.6
1943,9,10,1.0,5.6
1921,6,10,1.0,5.4
1997,4,10,1.0,6.8
1949,9,10,1.0,5.3
1944,5,10,2.0,5.8
1989,1,10,1.0,6.6
1984,7,10,1.0,7.1
1968,6,10,2.0,8.0
1997,10,10,1.0,4.8
1982,9,10,1.0,3.7
1986,4,10,1.0,4.6
1981,10,10,1.0,6.6
1978,10,10,1.0,7.0
2023,6,10,1.0,4.5
1939,2,10,1.0,6.9
1946,2,10,1.0,5.8
1944,10,10,1.0,6.6
2021,3,10,1.0,5.0
1960,10,10,2.0,6.3
1933,7,10,1.0,6.9
1986,10,10,1.0,6.2
1982,4,10,2.0,6.4
1957,11,10,1.0,5.7
1960,4,10,2.0,7.8
2024,7,10,2.0,4.7
1963,8,10,1.0,6.2
1980,10,10,1.0,6.0
2018,8,10,2.0,7.5
1976,9,10,1.0,4.8
1991,8,10,50.0,6.3
1941,4,10,1.0,5.0
2008,7,10,1.0,6.2
1957,10,10,1.0,5.2
2018,12,10,2.0,5.5
1942,10,10,1.0,6.8
1932,11,10,1.0,6.8
1938,11,10,1.0,6.5
1953,3,10,1.0,6.5
2021,1,10,1.0,5.9
2024,12,10,1.0,5.4
1991,8,10,1.0,7.6
2007,3,10,1.0,6.9
1979,11,10,1.0,5.4
1988,2,10,2.0,6.3
1959,9,10,1.0,7.1
1965,1,10,2.0,7.1
1932,12,10,1.0,6.3
1953,3,10,1.0,3.4
1956,10,10,1.0,7.7
1945,2,10,1.0,6.5
1934,12,10,1.0,6.1
1984,7,10,1.0,4.0
1996,11,10,1.0,6.3
1963,9,10,1.0,7.8
1972,8,10,2.0,8.0
1988,4,10,1.0,3.5
1962,9,10,1.0,6.1
1981,5,10,1.0,5.0
1993,7,10,1.0,5.9
1969,10,10,2.0,7.3
1994,11,10,1.0,4.7
1983,1,10,57.0,7.9
1928,2,10,1.0,5.8
1995,11,10,1.0,6.6
1925,1,10,1.0,6.0
1940,6,10,1.0,6.3
1985,5,10,1.0,6.6
1939,3,10,58.0,5.4
1945,9,10,1.0,7.3
1974,10,8,1.0,8.4
2004,6,10,1.0,6.7
2013,11,10,1.0,7.2
2009,9,10,2.0,7.3
1941,10,10,1.0,6.2
1958,5,10,1.0,6.0
2008,1,10,1.0,5.8
1970,8,10,1.0,5.8
2008,9,10,1.0,7.2
2005,1,10,1.0,7.4
1935,12,10,1.0,6.2
2005,12,10,2.0,5.7
2024,4,10,1.0,6.8
2025,2,8,3.0,8.2
1997,6,10,1.0,6.9
1932,10,10,59.0,5.6
2005,1,10,1.0,8.0
2015,5,10,2.0,7.6
1993,11,10,1.0,5.5
2023,3,10,2.0,7.2
1957,2,10,1.0,6.6
1963,9,10,2.0,8.0
1999,10,10,2.0,6.7
1969,6,10,1.0,5.5
2014,10,10,1.0,6.3
1991,1,10,1.0,5.5
1982,5,10,1.0,7.9
1940,2,10,1.0,5.5
1969,4,10,1.0,5.1
2022,11,10,1.0,7.6
1943,5,10,3.0,7.4
1989,7,10,1.0,5.8
2017,2,10,1.0,7.2
1977,6,10,2.0,7.5
2009,9,10,1.0,7.5
1948,9,6,1.0,7.4
2002,6,10,1.0,7.0
1982,9,10,1.0,7.1
1941,1,10,1.0,6.3
1983,2,10,1.0,5.1
1978,6,10,1.0,4.5
1973,2,10,2.0,5.4
1987,3,10,1.0,4.3
1970,4,10,1.0,5.1
1991,7,10,1.0,5.0
1935,7,10,1.0,5.2
2003,9,10,2.0,6.6
2007,5,10,1.0,6.4
2001,8,10,1.0,5.7
2013,4,3,1.0,6.3
1967,4,10,1.0,2.3
1997,10,10,1.0,5.9
1939,2,10,1.0,6.2
1962,12,10,2.0,5.5
1951,5,10,1.0,6.8
2002,9,10,1.0,5.3
1938,8,10,57.0,7.5
1943,9,10,2.0,7.3
2003,3,10,1.0,5.3
1948,10,10,1.0,7.0
2023,8,10,1.0,5.3
1945,2,10,1.0,6.1
1995,4,10,1.0,6.4
1985,12,10,2.0,6.7
1979,1,10,1.0,5.4
2020,3,10,1.0,6.6
1985,6,10,2.0,5.0
2005,3,10,1.0,6.4
1956,5,10,1.0,6.9
1980,10,10,1.0,6.6
1988,12,10,3.0,4.7
1932,6,10,1.0,7.0
2010,4,10,1.0,6.2
1990,9,6,35.0,5.1
1921,6,6,1.0,5.4
2018,2,7,1.0,6.6
1994,5,10,1.0,4.3
1955,5,10,1.0,5.7
1990,11,10,1.0,4.2
1925,11,10,1.0,1.8
1959,12,10,2.0,7.0
1954,12,10,1.0,6.8
1985,9,10,1.0,7.5
1982,10,7,2.0,8.0
2019,9,4,1.0,7.9
1952,6,10,1.0,6.8
1928,6,10,1.0,5.4
1953,2,10,1.0,5.9
1957,4,10,1.0,6.4
2024,8,10,1.0,7.1
1962,6,10,1.0,6.9
1938,1,10,1.0,5.2
1975,9,10,1.0,4.2
2000,10,10,1.0,5.1
1940,1,10,1.0,6.1
1971,1,8,1.0,6.1
1985,10,10,1.0,3.9
1989,5,10,1.0,3.2
2006,7,10,1.0,6.5
2024,4,10,1.0,8.0
1935,1,10,1.0,5.5
2022,2,10,1.0,4.7
2006,10,10,1.0,4.6
1964,11,10,2.0,6.1
1996,9,10,2.0,7.0
1935,2,10,1.0,6.3
2016,3,7,1.0,6.1
2014,8,10,1.0,7.5
2019,7,10,1.0,7.0
2011,3,10,1.0,4.4
1962,7,10,1.0,6.7
1966,10,10,1.0,6.1
2009,4,10,1.0,7.6
2013,3,10,1.0,7.4
1983,3,10,1.0,7.3
1940,6,10,55.0,7.0
1958,12,10,1.0,6.2
2011,5,10,1.0,6.6
1970,7,10,1.0,1.8
1954,1,10,1.0,5.7
1927,4,10,1.0,6.4
2012,10,10,1.0,5.0
2005,9,9,2.0,7.6
1931,11,10,1.0,6.9
2003,4,10,1.0,4.3
1958,11,10,1.0,6.0
1994,7,10,2.0,6.2
1989,8,10,2.0,7.5
1930,8,9,1.0,6.6
2008,2,10,1.0,5.8
1930,8,10,1.0,7.4
1965,5,10,1.0,4.9
1963,8,10,1.0,5.1
1971,12,10,1.0,6.9
1920,11,10,1.0,6.4
1975,12,10,1.0,6.4
1981,1,10,1.0,6.8
1978,11,10,1.0,6.4
1952,9,10,2.0,5.8
1984,8,10,1.0,3.0
2004,11,10,1.0,8.0
2019,6,10,1.0,6.7
1956,10,10,1.0,5.9
1969,2,9,1.0,5.1
1992,1,10,2.0,5.8
1956,9,10,1.0,6.7
1985,3,10,1.0,7.4
1953,10,10,1.0,5.8
2005,3,10,2.0,8.0
2004,12,10,1.0,7.2
1973,10,10,1.0,5.6
1980,9,10,1.0,5.3
1928,1,10,1.0,6.6
1997,5,10,1.0,7.7
1936,7,10,1.0,7.0
2011,10,10,1.0,5.6
2010,9,1,1.0,6.6
1939,9,10,58.0,5.3
2016,5,10,1.0,6.5
1968,8,10,1.0,6.4
1931,1,5,1.0,7.2
2001,7,10,1.0,4.7
2013,9,10,1.0,7.0
1927,6,10,1.0,5.0
1964,5,10,1.0,5.6
1967,11,5,1.0,5.8
1973,3,7,1.0,5.5
1935,9,10,1.0,5.2
2000,5,10,1.0,5.5
2011,5,1,1.0,5.9
2009,1,10,1.0,6.3
1946,5,10,1.0,6.9
2012,1,10,1.0,6.3
2005,9,10,2.0,4.6
2006,10,7,1.0,7.3
1994,1,10,1.0,4.2
1979,9,10,1.0,6.4
1998,5,10,1.0,4.1
1999,7,10,1.0,7.1
2019,11,2,1.0,5.2
1968,2,10,45.0,7.2
1963,11,10,1.0,3.2
2000,10,10,2.0,7.4
2003,3,10,1.0,6.2
2017,3,10,1.0,6.5
1966,1,10,1.0,5.1
2000,3,10,1.0,6.1
2016,8,10,1.0,6.1
1964,4,10,1.0,5.7
2001,8,10,1.0,7.7
2023,9,10,1.0,8.5
1974,7,7,1.0,5.3
2023,9,10,1.0,6.9
2024,7,10,1.0,5.4
1974,12,10,1.0,5.2
1945,7,10,1.0,6.1
1945,5,10,1.0,5.6
2014,3,10,1.0,5.7
1923,2,8,50.0,7.0
1937,2,10,1.0,7.1
1944,9,10,1.0,4.5
1993,7,10,1.0,3.5
1936,1,10,1.0,7.3
1942,9,10,1.0,7.0
1954,9,10,1.0,6.0
1933,12,10,1.0,6.2
1966,9,10,1.0,6.1
1968,1,10,1.0,4.5
2022,9,10,2.0,7.1
1949,11,10,1.0,7.1
1950,4,10,1.0,6.7
1990,8,7,1.0,5.6
2018,8,10,2.0,5.7
2004,8,10,2.0,4.3
2007,6,10,1.0,5.5
1982,1,10,1.0,5.8
2011,8,10,1.0,6.2
1978,10,10,2.0,7.2
2015,2,10,2.0,7.7
1927,12,10,1.0,7.0
2024,10,10,1.0,5.4
1969,3,10,1.0,4.2
1992,3,10,1.0,7.1
1995,12,10,1.0,6.1
1976,8,10,1.0,6.6
1954,12,10,1.0,7.1
1922,10,10,1.0,6.9
1999,9,10,1.0,7.3
2006,4,10,1.0,6.1
1952,9,10,1.0,7.3
2021,10,3,1.0,7.3
1969,2,10,1.0,7.1
1937,12,10,1.0,6.1
1972,9,10,1.0,5.4
1984,3,8,1.0,6.3
1985,7,10,1.0,5.9
1976,3,10,1.0,6.0
1954,12,10,2.0,6.5
2010,5,4,1.0,7.1
2018,1,10,1.0,4.1
2016,2,10,1.0,5.9
1938,9,10,55.0,5.6
1982,11,10,1.0,7.2
1956,3,10,2.0,5.8
2000,9,10,1.0,5.3
2009,8,10,1.0,6.0
1978,8,10,1.0,7.3
1956,8,10,1.0,5.1
1952,9,10,1.0,6.8
1939,1,10,1.0,5.7
1959,2,10,1.0,6.5
2006,1,10,2.0,8.1
1928,7,10,57.0,5.7
1939,3,10,1.0,6.9
1935,1,10,1.0,5.7
1998,6,10,1.0,6.3
1924,9,10,1.0,6.5
1964,10,10,1.0,8.2
2025,3,10,1.0,5.0
2015,8,10,1.0,4.3
1949,10,10,1.0,7.1
2024,8,3,2.0,5.6
2019,7,1,1.0,7.1
1977,9,10,1.0,7.1
2019,2,10,1.0,6.9
1967,5,10,3.0,7.8
1971,5,10,1.0,3.5
2020,8,10,1.0,4.9
1969,7,10,1.0,5.7
2004,5,10,1.0,6.2
2025,4,10,1.0,7.8
1951,2,10,1.0,6.3
1954,4,10,1.0,6.9
1920,8,7,50.0,7.0
2002,2,10,1.0,3.3
1956,10,9,1.0,3.4
1950,9,10,1.0,7.2
2002,8,10,1.0,5.4
1984,1,10,1.0,5.3
1982,9,10,1.0,6.5
1936,3,10,1.0,6.4
1966,12,9,1.0,6.7
2019,6,10,2.0,6.8
1980,9,10,2.0,6.9
1949,1,10,1.0,6.7
2020,12,10,1.0,4.8
1939,8,10,1.0,6.0
1967,12,10,1.0,6.9
1965,9,10,2.0,7.2
1998,5,10,1.0,5.5
1957,5,10,1.0,5.6
1965,9,10,1.0,4.2
1957,11,10,1.0,5.9
1953,12,10,1.0,6.8
2018,3,10,1.0,6.6
1969,2,7,1.0,5.3
1942,11,10,1.0,6.9
1980,10,10,1.0,4.9
1957,8,10,1.0,6.1
1951,11,7,1.0,7.4
2025,2,10,1.0,5.5
2011,5,10,2.0,5.5
1992,6,10,2.0,5.8
2015,7,10,1.0,6.8
2009,7,10,1.0,5.8
1982,6,10,1.0,7.9
1998,1,10,1.0,6.1
1973,11,10,1.0,4.7
2019,1,10,1.0,6.3
1993,3,10,1.0,5.6
1971,10,10,1.0,4.7
1955,12,10,1.0,6.3
2004,10,10,1.0,5.2
1963,9,10,1.0,6.6
1985,12,10,1.0,6.2
1981,7,10,1.0,5.1
1987,3,10,1.0,7.6
1975,3,10,1.0,6.7
1986,10,10,1.0,6.0
1943,10,7,1.0,7.3
2017,3,10,1.0,6.8
1939,3,10,1.0,5.1
2022,11,10,1.0,4.7
1932,7,10,1.0,5.9
2007,1,10,1.0,5.5
1986,6,10,1.0,6.1
1996,1,10,1.0,7.0
2025,2,6,2.0,6.0
1998,1,10,1.0,3.0
1980,2,10,1.0,4.6
2021,9,10,1.0,4.4
1987,5,10,1.0,5.8
1943,1,10,1.0,6.4
1957,9,10,1.0,8.0
1975,9,10,1.0,6.3
2015,7,10,1.0,5.6
2004,7,10,1.0,7.4
1937,3,10,1.0,6.1
1968,7,10,1.0,7.1
1944,9,10,1.0,6.8
1991,7,10,1.0,6.7
1942,2,10,1.0,6.2
1956,1,10,1.0,7.8
1995,3,10,1.0,5.3
2019,3,10,3.0,7.8
1952,1,10,2.0,4.5
1980,9,10,1.0,4.7
1999,4,10,1.0,6.3
2004,5,10,1.0,6.0
1961,5,10,1.0,7.0
1935,11,10,1.0,6.3
1967,9,10,1.0,5.3
1989,4,10,1.0,5.7
1936,9,10,1.0,7.9
2021,4,10,2.0,6.7
1968,8,10,1.0,6.4
1973,5,10,2.0,7.5
2000,9,10,1.0,6.8
1953,7,10,1.0,6.3
1967,2,10,1.0,6.3
1990,12,10,1.0,6.7
1951,3,10,1.0,6.7
1988,3,10,1.0,6.1
2008,6,10,1.0,5.5
1976,11,10,1.0,6.0
2003,1,10,2.0,7.6
1930,11,10,1.0,6.4
1926,6,10,1.0,6.9
1975,4,10,1.0,5.1
2018,7,10,1.0,6.8
1974,11,10,1.0,6.9
1979,11,10,1.0,6.3
1967,10,10,1.0,6.4
1980,1,10,1.0,5.6
1934,5,10,1.0,7.4
1934,11,10,1.0,7.2
1932,4,10,1.0,6.2
1994,4,10,1.0,5.2
1991,8,10,1.0,6.1
1954,10,10,1.0,7.0
2022,5,10,1.0,6.4
1983,8,10,1.0,4.4
1938,12,10,1.0,6.1
1940,3,10,1.0,6.3
1930,12,10,57.0,6.9
1928,11,6,1.0,6.8
1970,9,10,1.0,3.6
2008,4,10,1.0,5.7
1942,11,10,1.0,7.1
2007,10,10,1.0,3.3
1934,10,10,1.0,6.4
1993,1,1,1.0,6.7
2011,4,10,1.0,6.7
1933,8,10,1.0,6.0
2024,5,10,1.0,6.4
1942,8,10,1.0,6.2
1932,7,10,1.0,5.7
1981,10,10,1.0,7.4
1974,6,10,1.0,4.8
1925,12,10,1.0,5.4
1991,10,10,1.0,6.4
1931,2,10,1.0,6.3
1935,9,10,1.0,6.6
1949,12,10,1.0,6.9
1929,7,10,1.0,5.4
1959,1,10,1.0,3.9
1994,6,10,2.0,5.9
1962,12,10,1.0,4.8
2003,5,10,1.0,5.7
1956,8,10,1.0,5.9
2014,5,6,1.0,3.6
1994,1,10,1.0,4.6
2004,7,10,1.0,6.4
1959,6,10,1.0,7.0
1941,11,10,1.0,7.2
1963,1,10,1.0,7.1
1995,9,10,1.0,5.0
1965,7,10,52.0,5.5
1928,9,7,1.0,6.6
1972,10,10,1.0,4.1
1939,3,10,1.0,6.0
1953,11,10,1.0,6.3
2005,12,10,1.0,6.1
2001,1,10,1.0,6.2
2001,12,10,1.0,5.3
2023,10,10,1.0,6.3
1971,1,10,2.0,7.0
1987,12,10,1.0,3.5
1980,1,10,1.0,5.1
1965,10,10,1.0,7.6
1994,3,10,1.0,5.5
2022,3,10,1.0,7.2
1984,7,10,1.0,3.8
1970,4,10,1.0,7.5
1942,11,10,1.0,5.1
1979,10,8,1.0,5.2
1997,2,10,1.0,6.0
1990,8,10,1.0,6.8
2011,9,10,1.0,7.1
1970,4,10,2.0,6.2
2016,12,10,2.0,7.2
2007,3,10,1.0,5.5
2013,7,10,1.0,5.4
1933,9,10,1.0,6.2
1932,7,10,1.0,6.6
1957,12,10,58.0,8.3
2006,12,10,1.0,6.6
2019,10,10,2.0,6.6
1957,4,10,1.0,6.8
1954,4,10,1.0,5.8
1961,10,10,1.0,7.5
1921,11,10,1.0,7.2
1957,4,10,1.0,7.1
1920,11,10,1.0,6.8
1987,4,10,1.0,5.3
1947,3,10,1.0,5.5
1996,6,10,1.0,5.5
1977,1,10,1.0,6.6
1955,6,10,2.0,7.1
1953,2,10,1.0,6.5
1959,11,10,1.0,6.2
1968,4,10,1.0,7.1
1993,10,10,1.0,4.4
2000,3,10,1.0,7.1
1937,1,10,1.0,4.8
1973,4,10,1.0,4.6
2014,10,10,1.0,3.1
2017,12,10,2.0,7.2
2023,10,10,1.0,6.4
1936,9,10,1.0,5.3
1996,5,10,1.0,5.3
2017,11,3,1.0,3.9
1986,5,10,1.0,6.1
1978,8,10,1.0,5.6
1980,3,10,1.0,5.4
2024,10,10,2.0,6.6
1944,8,10,1.0,5.0
1951,11,10,1.0,5.2
1941,10,10,1.0,7.2
1950,1,10,1.0,6.7
1961,3,10,1.0,7.2
1964,12,10,1.0,7.0
1986,5,10,1.0,3.6
1973,12,10,2.0,8.1
2017,4,10,1.0,6.0
1953,7,10,2.0,5.3
2024,9,10,1.0,5.4
1967,8,10,1.0,4.5
1968,9,7,1.0,5.9
2013,4,8,1.0,6.3
2006,3,10,2.0,6.5
1955,7,10,1.0,6.5
1951,2,10,1.0,6.8
1963,9,8,54.0,6.8
1927,1,8,1.0,5.9
1943,5,7,1.0,6.8
1984,2,10,1.0,6.4
2009,4,10,1.0,6.3
1929,5,10,1.0,6.1
1973,11,8,1.0,6.3
1994,1,10,1.0,7.7
1952,3,10,1.0,6.3
1948,3,10,2.0,7.6
1983,10,10,1.0,5.4
1937,5,10,1.0,6.5
1967,12,10,1.0,5.7
1993,12,10,1.0,7.0
2015,8,10,1.0,6.7
1989,11,10,1.0,6.1
1964,8,10,1.0,5.6
1997,9,10,1.0,4.3
1928,1,10,1.0,7.2
1976,7,10,1.0,6.6
2010,12,10,1.0,6.2
2012,8,10,1.0,6.6
1937,8,10,1.0,7.4
2009,3,4,1.0,7.1
1969,4,10,1.0,5.1
1927,9,9,50.0,5.6
2022,9,10,2.0,7.6
1976,3,8,1.0,5.4
2017,3,10,1.0,7.7
1964,9,10,1.0,7.6
2007,3,10,1.0,6.1
1950,1,10,1.0,6.3
1946,10,10,1.0,6.2
1949,1,10,1.0,7.4
1953,9,10,1.0,8.0
2025,1,10,1.0,6.1
2017,5,10,2.0,6.4
2005,5,10,1.0,5.6
1982,12,10,1.0,3.4
2019,12,10,2.0,6.1
2021,8,10,1.0,7.3
1996,1,10,1.0,5.4
1957,1,7,1.0,5.3
1992,10,10,1.0,5.8
1941,8,10,1.0,6.3
1960,9,10,1.0,5.9
1921,2,10,5.0,6.5
1964,1,10,1.0,8.3
1970,5,10,1.0,6.7
1948,3,10,1.0,6.3
2021,10,10,1.0,5.5
2025,3,10,2.0,7.0
2009,12,10,1.0,7.1
1986,3,10,1.0,7.0
2021,7,10,1.0,6.6
1956,12,10,1.0,5.3
1950,8,10,54.0,5.7
1969,1,6,1.0,5.2
1976,8,3,1.0,7.3
1968,8,10,1.0,6.2
1962,6,10,2.0,7.1
1969,12,10,1.0,6.6
1981,1,10,1.0,5.9
2002,8,10,45.0,6.9
1965,12,10,1.0,4.5
2008,4,10,1.0,4.5
1982,2,8,1.0,7.6
2010,1,10,1.0,5.8
1982,10,10,1.0,5.7
2013,6,10,1.0,7.0
1921,1,2,1.0,7.1
1925,2,7,1.0,6.5
2016,1,10,1.0,4.7
1921,4,7,1.0,6.1
1938,11,10,1.0,4.7
1937,5,10,1.0,6.3
1980,9,10,1.0,4.4
1993,9,10,1.0,7.6
1961,7,10,1.0,7.2
1955,11,10,1.0,7.4
1963,7,10,1.0,6.5
1964,9,10,3.0,7.6
1985,9,9,1.0,4.4
2016,11,10,1.0,4.6
1968,6,2,1.0,4.5
1976,2,10,1.0,6.4
1950,3,10,1.0,6.0
1932,6,10,1.0,6.1
1964,10,10,1.0,4.7
1951,4,10,1.0,6.2
1984,12,10,1.0,4.4
2013,4,10,1.0,3.1
1920,11,10,1.0,7.4
1975,10,10,1.0,4.5
1988,11,10,1.0,5.3
1999,7,10,1.0,5.2
1943,11,10,57.0,5.6
2002,4,10,1.0,5.9
1935,5,10,2.0,7.9
2014,1,9,1.0,7.1
1995,6,10,1.0,8.1
1971,9,10,1.0,6.0
1949,9,10,1.0,6.9
1962,9,10,1.0,4.3
1949,6,10,1.0,6.5
1942,2,10,1.0,5.7
1943,1,7,1.0,6.0
1968,8,10,1.0,4.6
2011,5,10,1.0,6.1
2011,7,6,1.0,7.0
2007,3,10,1.0,6.1
2005,1,10,2.0,8.1
1944,7,10,1.0,6.4
1973,10,10,1.0,6.4
1937,11,10,1.0,6.4
1948,2,10,1.0,7.3
1958,4,10,1.0,6.2
1998,3,10,2.0,7.7
1930,8,10,1.0,5.3
1990,1,10,1.0,3.9
2012,11,10,1.0,6.0
2025,3,8,2.0,8.6
2008,4,10,2.0,7.1
1979,6,10,3.0,7.8
2022,12,10,1.0,7.0
1998,6,10,2.0,7.0
1921,11,10,1.0,6.2
1960,10,9,1.0,6.6
1942,8,10,1.0,4.9
2019,10,10,1.0,6.2
1956,9,10,1.0,6.6
2024,9,9,1.0,7.2
1971,3,10,1.0,7.9
1935,5,10,1.0,6.6
2023,11,2,1.0,6.6
1931,12,10,1.0,6.2
1962,3,10,1.0,4.6
1992,2,10,1.0,6.0
1987,12,10,1.0,8.0
2022,2,10,1.0,6.2
1956,7,10,1.0,5.3
1977,5,10,1.0,8.3
2013,12,10,1.0,4.2
1975,11,10,1.0,5.3
2014,3,10,1.0,6.8
2020,6,10,2.0,6.5
1985,5,10,1.0,4.3
1931,7,10,1.0,7.1
1956,4,10,1.0,5.9
1950,5,10,1.0,7.1
1963,7,10,1.0,7.4
1956,11,10,1.0,5.4
1933,3,10,1.0,7.3
1933,7,10,1.0,6.4
1970,9,10,1.0,5.1
1987,12,10,1.0,6.9
1966,2,10,1.0,6.4
1994,9,10,1.0,5.5
1972,3,10,1.0,5.9
1980,9,10,1.0,4.5
1953,2,10,1.0,5.2
1975,1,10,1.0,5.4
1960,2,10,1.0,7.2
2005,10,10,1.0,6.7
1947,8,10,1.0,6.5
1982,3,10,1.0,7.3
2024,6,10,2.0,8.4
1997,12,10,1.0,6.1
1991,5,10,2.0,7.6
1929,12,8,1.0,6.8
1960,9,10,1.0,6.2
1931,11,10,1.0,6.9
1939,8,10,1.0,5.6
1950,1,7,1.0,7.8
2012,8,10,2.0,6.6
1987,4,10,1.0,6.1
2008,8,10,1.0,7.2
1960,9,10,1.0,7.2
1986,5,10,2.0,7.2
1953,9,10,1.0,6.2
1936,11,10,1.0,6.6
1985,9,10,2.0,6.5
1985,4,10,1.0,5.6
2004,1,10,2.0,7.8
1968,9,10,1.0,6.9
2016,9,10,2.0,7.1
1940,7,10,1.0,7.4
1982,4,10,1.0,5.1
1927,11,10,1.0,6.3
1970,12,10,1.0,6.1
2002,5,10,1.0,6.1
1953,7,10,1.0,5.3
1991,1,10,1.0,4.9
1975,10,10,1.0,6.5
1969,7,10,1.0,6.6
1926,4,10,50.0,6.6
2013,10,10,1.0,5.8
1926,3,10,1.0,7.2
1969,10,10,1.0,3.9
1956,2,10,1.0,7.7
2010,9,10,1.0,6.3
1988,9,10,1.0,5.8
1963,9,10,1.0,6.0
2007,11,10,1.0,7.2
1994,2,10,1.0,4.1
1935,9,10,1.0,6.5
1978,5,10,1.0,5.7
1991,8,10,1.0,6.1
1935,2,10,1.0,7.2
2016,12,10,2.0,5.9
1977,8,10,2.0,7.0
1962,1,10,2.0,7.6
2023,12,10,2.0,5.6
1977,2,10,2.0,8.8
1991,11,10,2.0,7.2
1991,1,10,1.0,6.8
2013,1,10,1.0,3.9
1993,9,10,55.0,6.3
1942,4,10,1.0,5.3
1941,4,10,1.0,6.3
1980,10,10,1.0,2.5
1996,9,10,2.0,7.5
1938,11,10,1.0,7.9
1992,5,10,1.0,6.4
1990,5,10,1.0,6.0
1933,9,10,1.0,6.3
2025,1,10,1.0,4.8
2013,10,10,2.0,5.7
1937,11,10,1.0,6.2
1990,10,10,1.0,7.4
2025,3,10,2.0,4.4
1995,4,10,1.0,7.0
1993,4,10,1.0,6.6
2014,10,10,2.0,5.7
1938,7,10,1.0,5.2
1978,11,10,2.0,6.8
2011,7,10,2.0,4.0
2014,8,10,1.0,5.4
1979,11,10,1.0,5.8
1998,9,10,1.0,6.4
2024,6,10,2.0,6.3
1938,4,10,1.0,6.2
1946,7,10,57.0,5.8
1972,9,10,1.0,6.4
1940,2,10,1.0,6.9
1999,3,10,1.0,5.5
1953,5,10,1.0,5.5
2002,1,10,1.0,5.2
2006,5,10,1.0,7.2
2004,1,10,1.0,7.3
1993,7,10,1.0,6.1
1972,7,10,1.0,6.7
1942,11,10,1.0,6.1
2019,11,1,1.0,6.4
1986,10,10,1.0,6.6
1937,6,10,1.0,4.8
1952,7,10,1.0,6.9
1966,9,10,1.0,7.0
2001,1,9,1.0,7.1
2022,6,10,1.0,8.1
1947,7,10,1.0,5.1
1968,9,10,1.0,4.3
1961,1,10,2.0,6.8
1941,5,10,5.0,6.2
2011,4,10,1.0,7.0
2007,5,2,1.0,5.9
1997,5,10,1.0,4.8
1940,4,3,1.0,5.7
2011,12,8,1.0,6.3
1950,1,10,1.0,8.6
1931,8,10,1.0,5.3
1941,7,10,1.0,5.4
1968,9,6,1.0,5.7
2020,10,10,1.0,6.3
1980,12,10,2.0,7.6
1949,4,10,1.0,7.8
1982,1,10,1.0,7.6
1975,11,9,1.0,3.1
2016,3,10,1.0,6.6
2015,9,10,1.0,7.2
2021,6,10,1.0,5.8
1937,9,10,1.0,5.9
2003,4,10,1.0,6.5
1963,7,10,1.0,6.4
1951,5,10,1.0,8.2
1960,12,10,1.0,5.5
1938,11,10,1.0,4.5
1962,10,10,1.0,5.4
2008,10,10,1.0,6.6
1979,1,10,1.0,6.5
1931,9,10,1.0,6.5
1968,5,10,2.0,8.3
1995,10,10,2.0,6.6
1987,4,10,1.0,6.5
1966,10,10,1.0,6.7
1962,10,8,1.0,6.4
1936,1,10,1.0,5.9
1993,3,10,1.0,7.1
2022,10,10,2.0,7.3
1988,2,10,1.0,5.6
1945,3,10,1.0,6.5
2011,5,10,2.0,6.6
2014,1,4,1.0,6.4
1976,8,10,1.0,4.0
2023,5,9,1.0,6.7
1986,10,10,1.0,5.1
1999,8,10,1.0,6.5
1943,12,10,1.0,5.1
1958,11,10,1.0,4.8
1946,12,10,1.0,5.9
2012,7,10,1.0,7.1
1976,6,10,1.0,2.8
2021,7,10,1.0,6.7
2012,4,8,1.0,6.9
2025,2,10,1.0,6.6
1997,6,10,1.0,5.4
1972,3,10,1.0,6.7
2011,3,10,1.0,6.7
1969,4,10,1.0,6.5
1937,11,10,1.0,5.8
1939,1,10,1.0,6.7
2025,2,10,1.0,7.8
1938,7,10,1.0,6.1
1947,4,10,1.0,5.6
1946,1,10,2.0,7.2
2016,4,10,1.0,6.4
2011,7,10,2.0,6.3
1952,11,10,1.0,5.6
2010,9,8,1.0,7.2
1971,12,10,1.0,6.2
1981,1,10,1.0,7.8
1945,8,9,1.0,6.3
1965,9,10,1.0,5.2
1978,12,10,1.0,5.9
1940,1,2,1.0,8.0
2002,5,10,1.0,5.2
1991,11,10,1.0,7.1
1975,1,10,2.0,7.9
1956,12,10,1.0,4.0
2016,4,10,2.0,5.3
1960,11,10,1.0,7.0
2021,5,10,1.0,5.2
1985,9,10,1.0,6.5
1949,9,10,1.0,6.8
2009,3,10,1.0,5.7
1949,12,10,1.0,7.3
1954,12,10,1.0,6.0
2001,6,10,1.0,5.7
1974,9,10,1.0,5.0
1992,6,10,1.0,6.2
1955,3,10,1.0,6.1
1991,5,10,1.0,6.1
1957,10,10,1.0,6.3
1978,2,10,1.0,7.3
2016,8,10,1.0,5.3
2003,12,10,2.0,6.7
1999,6,10,1.0,7.6
2004,9,10,1.0,3.8
1969,1,10,2.0,6.7
1959,8,10,1.0,5.6
1952,9,10,1.0,6.0
1946,5,10,1.0,6.8
2002,4,10,1.0,7.3
1987,7,10,2.0,8.6
1955,11,10,1.0,6.2
1939,11,10,1.0,6.4
2016,6,10,1.0,7.0
1941,4,10,1.0,5.5
1938,5,10,1.0,5.9
1961,12,10,1.0,7.0
2013,7,10,1.0,7.4
1949,9,10,1.0,7.5
2022,5,10,2.0,6.3
1928,2,8,1.0,6.1
2009,9,10,1.0,7.0
1946,9,10,1.0,4.5
1945,9,10,4.0,6.6
2003,9,10,2.0,6.3
1973,1,10,1.0,4.9
2004,12,2,1.0,7.3
1939,1,10,1.0,6.1
2025,9,10,1.0,7.5
1978,2,10,1.0,4.0
1924,6,7,50.0,6.3
1926,8,10,1.0,6.1
1963,9,10,1.0,6.0
1958,3,10,1.0,6.9
1952,9,10,1.0,6.6
2023,4,10,1.0,7.9
1926,3,10,1.0,6.1
1997,9,10,1.0,5.0
1981,1,10,1.0,3.8
1953,9,10,1.0,3.4
1954,5,10,1.0,6.1
2006,12,10,1.0,5.9
1980,2,10,1.0,8.2
1925,2,10,1.0,6.0
1941,1,10,1.0,7.5
1983,8,10,1.0,5.7
1938,10,10,1.0,6.7
1947,1,10,1.0,5.9
1940,9,10,1.0,5.7
1945,11,10,58.0,6.2
1990,3,7,56.0,5.6
1984,10,10,1.0,6.1
2009,8,10,1.0,4.7
1949,7,10,1.0,6.5
1944,12,10,1.0,5.4
1938,7,3,1.0,6.2
1962,6,10,1.0,7.2
1977,6,10,1.0,7.8
2019,1,10,2.0,7.0
1956,3,10,1.0,7.6
1925,9,5,1.0,7.0
1975,7,10,1.0,7.1
2024,6,10,1.0,6.2
2021,11,10,1.0,5.2
1961,5,10,1.0,6.9
1936,11,10,4.0,5.6
1946,9,10,1.0,5.4
2016,10,10,1.0,6.8
1924,10,10,1.0,6.8
1981,9,10,2.0,6.8
1962,4,10,1.0,4.9
1993,1,10,1.0,6.3
2018,12,10,2.0,5.2
2017,2,10,1.0,6.8
1946,8,10,1.0,6.4
1991,5,10,1.0,6.0
1970,9,10,1.0,8.0
2024,2,10,1.0,6.2
1941,11,10,1.0,5.9
2000,8,10,1.0,5.9
2007,9,10,1.0,6.5
1949,1,10,1.0,5.6
1962,8,10,1.0,5.9
1923,1,5,50.0,7.2
1998,7,10,1.0,7.1
2023,7,10,1.0,4.8
1983,5,10,1.0,2.8
2019,3,10,1.0,4.7
1941,2,10,1.0,6.4
2015,2,10,1.0,6.6
2005,1,10,1.0,4.1
2012,11,10,1.0,8.2
2016,10,10,3.0,7.7
2016,3,3,1.0,7.2
1964,10,10,1.0,6.2
1952,1,10,1.0,7.2
2022,11,10,1.0,7.1
1983,2,10,1.0,5.6
1949,5,10,1.0,6.8
1938,3,10,1.0,7.0
1939,1,10,1.0,6.7
2021,9,10,1.0,7.4
1934,12,10,1.0,6.3
1942,10,3,55.0,6.6
1966,9,10,1.0,5.4
2002,8,10,2.0,6.7
2015,1,10,2.0,6.0
1943,4,10,1.0,5.7
1941,3,10,1.0,5.2
1954,10,10,1.0,6.2
1930,2,10,1.0,6.3
1980,12,10,1.0,7.9
2005,5,10,1.0,5.2
2006,11,10,1.0,7.5
1993,9,10,1.0,6.3
2005,7,10,2.0,5.1
1998,12,3,1.0,7.9
1991,8,10,1.0,6.0
1951,8,10,1.0,6.5
1934,1,10,1.0,7.5
2003,8,10,1.0,6.6
2003,4,10,1.0,7.2
1944,8,10,1.0,5.8
1994,1,10,2.0,4.1
2024,2,10,1.0,4.6
1940,1,10,1.0,4.7
2009,10,1,1.0,6.8
2007,10,10,1.0,6.7
1987,4,10,1.0,4.8
1999,10,10,2.0,5.7
1933,11,10,1.0,7.0
1969,10,10,1.0,6.5
1968,3,10,1.0,4.1
1971,5,10,2.0,6.4
1958,9,10,1.0,6.3
1977,9,10,1.0,3.7
1986,3,10,1.0,5.9
1952,3,10,1.0,6.0
1932,8,10,1.0,6.4
1926,2,10,59.0,7.7
2025,2,2,2.0,9.2
1974,1,10,1.0,4.9
1968,8,10,1.0,5.3
1946,8,10,1.0,5.8
2017,5,10,2.0,6.7
2019,9,10,1.0,4.4
1989,8,10,1.0,5.0
1949,4,10,1.0,6.9
1954,12,10,1.0,5.9
1988,12,10,1.0,4.5
1941,9,10,1.0,6.8
1989,10,10,1.0,4.2
1995,4,10,1.0,6.5
1943,8,10,1.0,4.9
1978,9,10,1.0,5.3
1965,3,10,1.0,5.8
2022,3,10,1.0,6.9
1995,11,10,1.0,7.3
2022,5,10,2.0,4.5
2025,1,10,1.0,7.1
1990,10,10,1.0,4.9
2018,1,10,1.0,4.3
1999,1,10,1.0,3.9
1925,4,10,1.0,6.5
1934,11,10,1.0,4.5
1926,2,10,55.0,5.8
2000,4,10,1.0,6.0
1930,5,8,1.0,7.2
1952,10,10,1.0,5.9
1920,10,10,1.0,6.3
1980,2,10,1.0,7.2
2019,6,10,2.0,6.9
1936,6,10,57.0,6.2
2000,1,10,1.0,7.1
1999,4,10,1.0,6.4
1928,2,7,1.0,3.2
1948,3,6,1.0,5.5
2025,3,10,1.0,7.4
2008,2,10,1.0,7.1
1974,9,10,1.0,4.3
1925,10,10,1.0,5.8
1980,3,10,1.0,5.4
1972,4,10,1.0,4.6
1930,11,10,1.0,5.3
2007,2,10,1.0,7.4
1982,2,10,1.0,6.2
2024,11,10,1.0,5.6
2012,3,10,1.0,6.8
1981,8,10,1.0,7.4
1997,3,10,1.0,6.3
1950,1,10,1.0,5.8
1998,4,10,1.0,6.7
2013,8,10,2.0,6.2
1978,1,10,1.0,7.4
1977,2,10,1.0,6.3
2018,11,10,1.0,6.7
1958,8,10,1.0,6.5
1965,9,10,2.0,6.7
1988,6,10,1.0,6.4
2009,5,10,1.0,5.8
2000,2,10,1.0,5.7
1953,12,10,2.0,6.4
1990,4,10,1.0,5.7
1935,8,10,1.0,6.3
2014,7,10,1.0,6.8
1987,10,10,1.0,5.4
1939,12,10,1.0,6.0
2009,2,10,1.0,3.7
2015,11,10,1.0,6.7
1960,3,10,1.0,6.0
1995,9,7,1.0,5.5
1986,10,10,2.0,7.4
1961,6,10,1.0,3.5
1969,10,10,1.0,6.3
1982,11,10,1.0,7.3
1966,12,10,1.0,6.2
1947,5,10,1.0,6.2
1971,9,10,1.0,5.4
2016,11,3,2.0,8.6
1937,12,10,1.0,5.0
2017,2,10,1.0,6.7
1993,7,10,1.0,6.5
2018,3,10,2.0,7.4
2022,2,10,1.0,5.8
1947,2,10,1.0,6.3
1999,8,10,1.0,5.4
2008,10,10,1.0,5.8
1948,12,10,1.0,6.4
2020,3,10,2.0,7.8
1952,7,10,1.0,5.8
1975,10,10,1.0,6.6
1967,5,10,1.0,6.3
2002,11,10,1.0,5.8
1921,10,10,1.0,7.1
2024,10,10,1.0,6.6
2007,10,1,1.0,6.4
1959,9,10,1.0,5.7
1977,9,10,1.0,6.0
2023,2,10,2.0,7.0
1961,1,10,1.0,4.9
1990,9,10,1.0,6.2
1970,9,10,1.0,6.4
2011,4,10,1.0,7.7
1965,9,10,1.0,6.6
2022,3,6,1.0,5.4
2004,1,5,1.0,7.5
1981,9,10,1.0,6.5
2008,9,10,2.0,6.5
1948,3,7,1.0,6.0
2009,5,10,1.0,6.8
1928,4,7,50.0,5.6
1957,5,10,2.0,7.1
1966,12,10,1.0,6.4
2007,10,10,1.0,5.3
1986,9,10,1.0,6.8
1963,11,10,1.0,7.0
1989,10,10,1.0,7.2
2013,10,10,1.0,5.6
2010,8,10,1.0,7.4
1977,7,10,1.0,3.2
1925,1,10,1.0,7.6
1967,2,10,1.0,6.3
2021,2,10,2.0,6.5
1965,7,10,1.0,6.6
1993,4,10,1.0,6.4
1940,4,10,1.0,7.3
2021,12,6,1.0,7.5
2019,3,10,1.0,7.2
2011,2,10,2.0,7.3
1948,4,10,1.0,7.4
2019,8,10,1.0,7.5
1926,7,10,2.0,6.2
2018,9,10,1.0,6.1
1937,4,10,1.0,5.9
1925,3,10,56.0,6.3
2005,9,10,1.0,4.6
2014,8,10,1.0,5.8
2007,2,10,1.0,7.2
1997,8,10,1.0,6.0
1980,3,10,1.0,5.5
1993,9,10,1.0,3.5
2017,9,10,2.0,7.3
2016,7,10,2.0,7.0
1930,7,10,1.0,6.5
1990,3,10,1.0,5.8
1946,4,10,54.0,6.2
1957,10,10,1.0,7.1
2001,10,10,1.0,5.4
1976,8,10,1.0,5.9
2002,2,10,1.0,6.9
1982,7,10,1.0,5.5
2025,2,10,2.0,7.6
1986,10,10,1.0,4.4
1927,10,10,1.0,7.4
1959,9,10,1.0,5.3
2023,6,10,1.0,6.1
2001,11,10,1.0,6.2
1965,1,10,3.0,8.3
1982,9,10,1.0,5.4
2021,10,10,1.0,3.8
1992,9,10,1.0,4.1
2020,8,10,1.0,7.0
2010,10,10,1.0,6.3
1947,1,10,1.0,6.3
1983,9,10,1.0,4.8
1986,6,10,1.0,4.4
1955,7,10,1.0,6.3
2024,9,3,1.0,4.7
1955,12,10,1.0,6.7
1964,12,10,1.0,4.3
1992,9,10,1.0,4.4
2012,3,10,1.0,6.2
1955,8,10,2.0,8.2
1975,1,10,1.0,2.9
1952,4,10,1.0,5.2
1977,5,10,1.0,6.4
1945,2,10,57.0,6.4
1932,6,10,1.0,5.4
1950,1,10,1.0,5.7
1923,11,10,1.0,6.9
1963,9,10,1.0,6.2
1976,11,10,1.0,5.9
1996,11,10,1.0,6.7
2019,8,10,2.0,7.3
1968,6,10,1.0,4.9
1966,4,10,1.0,6.2
1985,11,10,1.0,6.5
1976,11,8,1.0,3.7
1950,7,10,1.0,6.7
1920,11,10,50.0,7.1
1955,9,10,1.0,6.2
1949,4,10,1.0,7.4
2025,2,10,1.0,5.2
1964,8,10,1.0,5.8
1987,7,10,1.0,4.4
2015,3,10,1.0,4.9
1948,3,10,2.0,6.5
2004,8,10,1.0,5.8
1951,11,10,1.0,6.0
1982,3,10,1.0,6.5
1952,5,10,1.0,5.2
2011,9,10,1.0,7.3
2023,9,10,1.0,6.5
1962,6,10,1.0,6.2
1959,12,10,2.0,8.3
1985,10,10,1.0,7.6
1943,4,10,1.0,7.1
2013,10,10,1.0,5.4
1994,3,10,2.0,5.9
1944,3,10,56.0,5.3
1999,1,10,1.0,5.9
1923,8,10,1.0,6.6
1982,12,10,1.0,6.9
1920,3,10,1.0,5.7
1993,2,10,1.0,7.5
2005,1,10,1.0,5.6
1993,1,10,1.0,5.4
1962,1,10,2.0,7.1
2007,3,10,1.0,5.0
1925,3,10,52.0,5.7
1998,5,10,2.0,6.7
1948,11,10,1.0,5.8
1989,5,10,2.0,6.8
1950,5,10,1.0,6.0
2004,4,10,2.0,8.0
1985,2,10,1.0,7.2
1945,1,10,4.0,6.7
1924,3,10,50.0,6.4
2009,10,10,1.0,6.9
1959,1,10,1.0,5.6
1962,4,10,1.0,6.8
1962,4,10,1.0,6.4
1955,6,10,1.0,6.9
1970,12,10,1.0,6.7
1965,5,10,1.0,6.5
1982,1,10,1.0,4.4
2021,7,10,1.0,3.1
2015,5,10,1.0,5.9
2008,5,10,1.0,6.1
1986,6,10,1.0,7.9
1940,11,10,1.0,7.5
1985,11,10,1.0,5.2
2009,12,10,2.0,8.4
1934,5,10,1.0,5.8
1988,3,10,1.0,5.1
1961,11,10,1.0,4.5
2003,1,10,1.0,6.0
1972,3,10,1.0,6.0
1979,9,10,2.0,8.4
1995,11,10,1.0,5.7
1994,12,10,2.0,6.4
1982,10,10,1.0,4.6
2015,12,10,1.0,6.2
1962,9,10,1.0,6.0
1940,4,10,1.0,5.7
2014,11,10,1.0,7.3
1996,4,10,1.0,7.3
1969,4,3,1.0,7.0
2001,12,10,1.0,7.5
1944,3,10,1.0,5.1
1979,7,10,1.0,4.3
1992,11,10,1.0,4.4
1949,4,10,1.0,6.2
1986,4,10,1.0,6.8
1942,3,10,1.0,5.2
2013,11,10,2.0,6.3
1938,4,10,57.0,2.9
1947,12,10,1.0,6.6
1972,9,10,2.0,5.6
2019,8,10,1.0,6.5
1949,1,10,1.0,7.0
2021,8,10,2.0,7.2
2001,10,10,1.0,6.2
1954,9,10,1.0,6.4
1946,7,10,1.0,6.5
1926,12,9,1.0,6.8
1952,11,10,1.0,5.5
1994,4,10,1.0,4.3
1999,4,10,2.0,8.1
2022,2,10,1.0,6.1
1942,2,10,1.0,5.8
2021,6,10,1.0,6.0
2002,10,10,1.0,4.4
1951,5,10,1.0,6.4
1967,2,10,2.0,6.2
1958,5,10,1.0,5.5
1978,2,10,1.0,5.9
1992,4,10,1.0,7.8
1977,11,6,1.0,6.0
2012,9,10,1.0,7.0
1979,7,10,1.0,6.6
2000,5,10,1.0,6.5
1987,8,10,1.0,7.0
2013,8,10,1.0,6.1
1940,2,10,56.0,6.2
1949,7,10,1.0,6.1
1988,4,10,1.0,5.6
1960,4,10,1.0,7.5
1952,9,10,1.0,7.1
1982,3,10,1.0,4.1
1975,3,10,1.0,4.6
1987,1,10,1.0,5.7
1957,1,10,1.0,7.2
1923,1,10,1.0,7.2
1995,2,10,1.0,6.4
1976,5,10,1.0,5.7
1993,1,10,1.0,7.9
1989,2,10,2.0,6.8
1979,5,10,1.0,4.4
1975,6,10,1.0,5.7
1966,12,10,1.0,5.0
1965,11,10,1.0,6.2
1967,1,10,1.0,6.0
1983,4,10,1.0,6.3
1957,10,10,1.0,6.4
1969,1,2,1.0,5.3
1940,6,10,1.0,7.0
1972,9,10,1.0,5.4
1997,2,10,1.0,6.7
1996,6,10,1.0,5.1
1985,9,10,1.0,8.5
2011,10,10,1.0,7.5
1997,1,10,1.0,7.5
1981,8,10,1.0,4.4
2024,10,10,1.0,5.0
1971,8,10,1.0,6.8
1953,7,10,1.0,6.2
1920,11,9,1.0,5.6
1996,10,10,1.0,6.7
1985,9,10,1.0,7.6
1969,9,10,1.0,5.9
1961,5,10,54.0,1.9
1984,4,10,1.0,7.2
2008,3,10,1.0,7.5
1933,7,10,1.0,5.4
1983,6,10,1.0,3.5
1979,4,10,1.0,6.0
1924,12,4,58.0,5.8
2011,5,10,1.0,5.2
1933,3,9,1.0,5.9
1953,4,10,1.0,6.2
2002,8,10,1.0,7.1
2011,11,10,3.0,8.2
1921,9,10,1.0,5.5
2011,3,10,1.0,7.3
2017,4,10,1.0,6.5
1973,3,10,1.0,6.9
1997,7,10,1.0,5.6
2001,9,10,1.0,4.8
1959,5,10,1.0,6.9
1988,2,10,1.0,6.8
1957,12,10,1.0,5.1
2010,11,6,1.0,6.5
1996,7,10,1.0,4.1
1982,10,10,1.0,6.1
1922,12,7,1.0,4.6
1938,12,10,1.0,5.9
1951,1,9,2.0,5.9
1993,5,10,1.0,5.1
2015,12,10,1.0,6.2
1938,11,10,1.0,5.7
1994,9,10,1.0,6.0
1926,8,10,1.0,6.3
1998,10,10,1.0,4.6
1942,11,10,1.0,6.2
2015,12,10,2.0,5.1
2008,6,10,1.0,6.6
2018,1,10,1.0,6.3
1998,11,10,1.0,3.2
1953,11,10,1.0,7.0
1972,1,10,1.0,5.4
1937,10,10,55.0,6.4
2019,12,10,2.0,7.6
1982,8,10,1.0,6.6
1944,5,10,1.0,6.3
2020,7,10,1.0,5.6
1947,3,10,58.0,6.0
1976,6,10,2.0,6.4
1963,1,10,2.0,6.7
1997,3,10,1.0,6.2
1925,8,10,1.0,7.4
2013,8,10,2.0,7.2
1948,6,10,1.0,6.8
1984,2,10,1.0,6.3
1935,10,10,1.0,6.0
1959,10,10,2.0,8.1
1993,7,10,1.0,6.9
1960,9,10,1.0,5.5
1939,4,10,1.0,6.4
1934,10,10,1.0,5.1
2023,3,10,1.0,6.2
1924,8,10,1.0,7.1
1988,2,10,1.0,6.0
1982,3,10,1.0,6.5
1955,11,10,1.0,6.3
2024,7,10,1.0,4.7
2021,8,10,1.0,6.5
2010,11,10,1.0,6.4
1935,3,10,1.0,6.0
1930,12,10,1.0,5.9
1969,2,10,1.0,6.2
2006,7,10,1.0,6.6
1960,7,10,1.0,6.6
1967,12,10,1.0,5.3
1965,1,10,1.0,6.5
1949,7,10,1.0,5.0
1930,11,8,1.0,6.9
1978,2,10,1.0,4.3
1970,5,10,1.0,5.0
2011,5,10,1.0,6.9
1935,4,10,58.0,6.4
1963,2,10,1.0,4.8
1923,9,10,1.0,5.6
1948,9,10,1.0,7.2
1966,8,10,2.0,6.7
1986,11,10,1.0,4.3
1988,2,10,2.0,6.1
1971,12,10,3.0,7.2
2021,8,10,2.0,6.8
1991,5,10,1.0,6.1
1938,4,10,1.0,5.6
1945,4,10,1.0,6.0
2009,6,10,2.0,3.6
1986,10,10,1.0,5.2
2003,8,10,1.0,6.5
1956,4,10,1.0,5.4
2019,10,10,1.0,5.7
2001,1,10,2.0,7.9
1995,2,10,1.0,7.8
1973,1,10,1.0,7.1
2021,3,10,1.0,7.1
2011,2,10,1.0,5.1
1949,9,10,1.0,7.0
2006,6,5,1.0,4.7
1979,8,10,1.0,5.7
2021,6,10,1.0,7.0
1964,9,10,1.0,3.7
1963,1,10,1.0,6.1
1993,9,10,1.0,7.0
1979,10,10,1.0,5.7
1955,11,10,1.0,5.8
1990,9,10,1.0,4.7
1978,2,10,1.0,4.4
1982,9,10,1.0,7.9
1961,10,10,1.0,4.5
2015,4,10,2.0,6.4
2000,9,10,1.0,8.6
2004,2,10,1.0,6.8
1983,11,10,2.0,7.1
1946,3,10,2.0,6.3
1929,12,10,1.0,5.8
1967,11,10,1.0,7.2
2010,10,10,2.0,8.8
1954,8,5,1.0,6.8
1991,9,10,1.0,5.7
2011,7,10,1.0,5.4
1955,12,10,1.0,5.0
1957,6,10,1.0,6.3
1957,4,10,1.0,5.7
1966,1,10,2.0,6.1
2005,8,10,1.0,5.5
1951,3,10,1.0,6.9
1931,3,10,1.0,5.1
1948,10,10,1.0,6.9
1951,1,10,1.0,5.8
1995,1,10,1.0,3.4
1938,3,10,1.0,5.1
1971,1,10,1.0,4.5
2002,11,10,1.0,6.0
1949,9,10,1.0,7.5
1986,2,10,2.0,4.9
1947,5,10,1.0,5.8
1997,8,10,1.0,6.2
1939,4,10,1.0,7.1
2025,4,6,1.0,7.4
2024,11,10,1.0,4.8
2007,3,6,1.0,7.5
1945,8,5,1.0,6.0
1996,1,10,1.0,4.1
2006,4,10,1.0,5.5
1967,1,10,2.0,8.2
1939,2,10,1.0,6.3
1931,7,10,1.0,4.7
1952,10,10,1.0,4.9
1928,8,10,1.0,7.2
1940,3,10,1.0,6.6
2022,2,10,2.0,6.0
2001,4,10,1.0,4.6
1953,2,10,1.0,4.5
1940,5,10,1.0,6.4
1975,11,10,1.0,6.8
2017,11,10,2.0,7.9
1973,6,10,1.0,6.8
2001,3,10,1.0,5.0
1998,10,3,1.0,8.0
1954,7,10,1.0,3.9
1979,8,10,1.0,5.2
2024,6,10,2.0,6.5
1968,5,10,1.0,6.1
2002,8,10,2.0,6.7
1948,1,7,1.0,7.4
1987,8,10,1.0,7.9
1945,7,10,1.0,6.5
1995,9,10,1.0,6.2
2013,3,10,1.0,6.9
1938,7,10,1.0,6.4
1982,8,10,1.0,5.7
1940,3,10,1.0,5.7
2019,10,10,1.0,7.5
1958,7,10,1.0,7.0
1999,9,10,1.0,5.7
1969,7,10,1.0,7.3
2009,9,10,1.0,6.9
2001,9,10,1.0,2.4
2013,12,10,2.0,7.1
1941,10,10,51.0,6.1
1927,10,10,1.0,6.1
1928,10,10,1.0,3.8
1930,3,10,1.0,5.8
2025,1,10,1.0,5.7
2024,6,10,1.0,7.0
2016,12,7,1.0,7.0
1956,9,10,1.0,6.6
1976,10,10,1.0,5.6
2015,4,10,1.0,5.1
1964,4,10,2.0,7.0
2004,7,10,1.0,5.4
1951,10,10,1.0,6.0
1984,9,10,1.0,7.5
1980,1,10,1.0,4.7
1972,1,10,1.0,5.0
1978,10,8,1.0,4.6
1996,2,10,1.0,5.4
2009,7,10,1.0,7.8
2008,3,10,1.0,6.7
1968,6,10,1.0,4.9
2025,1,10,2.0,4.7
1988,2,10,1.0,5.6
1991,10,10,1.0,6.5
1977,11,10,2.0,5.8
2014,12,10,1.0,4.6
2013,8,10,1.0,6.9
1987,11,10,1.0,6.7
2009,11,10,2.0,5.7
1973,8,10,1.0,5.3
1994,4,10,1.0,6.2
2002,6,10,1.0,6.1
1976,8,10,1.0,7.0
1952,5,10,1.0,5.2
1966,9,10,1.0,6.3
2016,12,10,1.0,5.3
1952,9,10,1.0,6.6
2011,6,10,1.0,6.4
1987,11,10,1.0,6.1
2017,2,10,1.0,6.0
1971,6,10,1.0,6.6
1952,10,10,2.0,6.8
1937,4,10,1.0,5.4
2018,11,10,2.0,7.1
1959,1,10,2.0,7.2
2023,9,10,1.0,6.2
1981,12,10,1.0,7.1
1941,12,10,4.0,6.4
1989,8,10,2.0,7.1
1979,10,10,1.0,4.9
1964,6,10,1.0,4.3
1975,1,10,1.0,5.9
1950,5,10,1.0,6.0
1957,7,10,1.0,6.8
2020,6,10,1.0,6.3
1971,5,10,1.0,7.4
1956,2,10,1.0,7.4
1939,3,10,1.0,5.8
1955,2,10,1.0,6.9
1926,9,10,1.0,7.3
1960,12,10,1.0,5.9
1932,3,10,1.0,5.5
1996,9,10,1.0,4.2
1986,1,10,1.0,5.8
1971,4,10,1.0,5.7
1969,11,10,1.0,7.6
1973,9,10,1.0,7.4
1974,3,10,1.0,4.8
2008,8,10,2.0,6.1
1953,1,10,2.0,6.7
2024,11,10,2.0,4.7
1973,1,10,1.0,7.4
1937,12,10,54.0,5.4
1990,11,10,1.0,5.4
1960,8,10,1.0,5.0
1951,6,10,1.0,6.8
1977,1,10,1.0,7.1
1981,12,10,1.0,5.5
2016,10,10,1.0,4.7
2014,11,10,1.0,6.6
1999,10,10,1.0,6.0
1973,7,10,2.0,7.8
1923,11,10,1.0,5.2
2017,1,8,1.0,7.5
1966,11,10,1.0,4.9
1977,10,10,1.0,5.9
1983,12,10,2.0,6.7
2001,10,10,2.0,6.9
1959,2,10,1.0,6.2
1945,5,10,1.0,4.8
1975,3,10,1.0,6.1
2000,4,10,1.0,4.4
1925,9,8,50.0,7.1
1930,11,10,1.0,5.7
1946,5,10,1.0,6.4
1953,9,10,3.0,6.7
2005,9,10,1.0,5.6
1984,12,10,1.0,5.5
1962,3,10,1.0,6.2
1970,11,10,1.0,5.9
1984,9,10,1.0,6.7
1988,7,10,1.0,4.7
2005,4,10,1.0,6.0
2001,10,10,1.0,6.4
2015,2,10,2.0,7.4
1978,10,10,1.0,6.3
1964,2,10,1.0,7.4
1992,1,10,2.0,6.5
2016,4,10,1.0,7.3
1939,3,10,1.0,5.2
1949,4,10,2.0,7.3
1985,10,10,1.0,7.0
1973,11,10,1.0,6.2
1941,1,10,2.0,7.2
1937,9,10,1.0,5.1
1986,9,10,1.0,6.9
1985,6,10,2.0,6.9
1995,5,10,1.0,7.8
1966,2,10,1.0,7.4
2010,5,10,1.0,6.3
1985,2,10,2.0,5.5
1989,1,10,1.0,6.0
1973,3,10,1.0,6.9
1987,5,10,1.0,6.6
2002,3,10,1.0,6.2
1950,7,10,2.0,6.4
1944,11,10,1.0,5.1
2003,1,10,2.0,7.2
1976,2,5,1.0,6.3
2020,11,10,1.0,7.1
2018,3,10,1.0,7.0
1975,4,10,1.0,5.7
1926,7,6,50.0,6.7
1997,6,9,2.0,6.8
2001,3,10,2.0,7.0
2017,3,7,1.0,6.5
1976,3,10,1.0,4.7
1968,6,10,2.0,7.2
2011,7,10,1.0,5.8
1950,8,10,1.0,7.5
1946,12,10,1.0,6.3
1991,3,10,1.0,3.4
2000,8,10,1.0,6.6
2011,9,10,1.0,6.7
1975,6,10,1.0,2.7
1979,5,10,2.0,6.8
1940,12,10,1.0,6.9
1989,3,10,1.0,4.3
1942,4,9,1.0,5.6
1995,12,10,1.0,4.0
1962,9,10,1.0,5.9
1967,8,10,1.0,7.8
1952,11,10,1.0,5.6
2015,12,10,1.0,6.3
1974,10,10,1.0,6.3
2013,5,10,1.0,7.1
1963,8,10,1.0,6.6
2012,7,10,2.0,5.9
1935,12,10,1.0,6.5
1950,5,10,1.0,6.7
1978,2,10,2.0,5.2
2006,3,10,1.0,6.2
1955,11,10,1.0,6.4
1945,7,10,1.0,6.8
1932,5,10,55.0,5.1
1946,3,10,1.0,7.7
1961,6,10,1.0,6.1
1994,4,10,1.0,5.4
2024,6,10,1.0,5.2
2020,1,10,1.0,6.1
1981,4,10,1.0,6.6
1995,7,10,1.0,6.9
1977,8,10,1.0,5.5
2013,3,10,1.0,6.7
1998,8,10,1.0,6.5
2024,12,10,2.0,6.7
1962,7,10,1.0,4.0
1968,9,10,1.0,7.4
2004,9,10,1.0,6.5
1943,12,10,1.0,5.2
1952,1,10,1.0,6.8
2024,6,10,1.0,7.3
1974,8,10,1.0,6.1
2021,11,10,1.0,7.4
1950,5,10,1.0,5.7
1975,2,10,1.0,6.8
1933,6,10,1.0,7.1
1999,1,5,1.0,8.5
1988,9,10,1.0,4.4
1961,3,10,2.0,7.7
1951,5,10,1.0,5.8
2016,5,10,1.0,3.7
1957,1,10,2.0,6.8
2025,3,10,1.0,7.3
1992,10,10,1.0,5.7
1997,4,10,1.0,4.0
1955,5,10,1.0,6.7
2018,3,10,1.0,4.5
1971,9,10,1.0,5.2
2024,9,10,1.0,7.1
1972,2,10,1.0,6.0
1942,3,10,1.0,6.8
1986,5,10,1.0,5.5
1995,10,10,1.0,6.8
2013,11,10,1.0,6.3
1943,7,10,55.0,5.4
1951,1,10,1.0,6.4
1949,3,10,1.0,5.3
1937,10,10,1.0,7.7
1947,9,10,1.0,7.2
1946,8,10,1.0,5.6
1940,6,10,1.0,5.7
1985,9,10,1.0,4.4
1990,2,10,1.0,6.6
1962,11,10,2.0,7.8
1948,9,10,1.0,7.1
1958,10,10,1.0,5.2
2019,2,1,1.0,5.2
1951,12,10,4.0,5.4
1956,12,10,1.0,6.4
1947,6,10,47.0,7.2
1926,9,10,1.0,6.4
1935,5,10,1.0,6.9
1964,9,10,1.0,7.0
1975,3,10,1.0,5.5
2001,12,10,2.0,6.9
2006,8,2,1.0,7.3
1981,11,10,2.0,6.6
2025,3,10,1.0,5.3
1985,3,10,1.0,7.2
1929,10,10,1.0,5.7
1982,6,10,1.0,7.1
1923,10,10,1.0,3.9
2005,5,10,2.0,6.2
1949,8,10,1.0,6.4
2000,2,10,2.0,6.7
1951,4,9,1.0,4.7
2012,8,10,1.0,7.1
1978,4,10,1.0,2.7
1952,8,10,1.0,7.0
1966,12,10,1.0,5.4
1966,5,10,1.0,5.6
2010,10,10,2.0,7.2
1938,7,10,59.0,6.4
1987,6,10,1.0,5.6
2008,3,10,2.0,7.0
1925,1,10,1.0,5.6
1966,1,10,1.0,6.4
2011,6,10,1.0,3.3
1970,9,10,1.0,6.1
1981,4,10,1.0,5.4
1961,9,10,1.0,7.5
1949,8,10,1.0,4.9
1982,10,3,1.0,7.4
1987,3,5,1.0,7.1
2018,2,10,1.0,4.5
2000,2,10,2.0,7.0
1960,6,10,1.0,5.2
1953,8,10,1.0,6.3
1931,10,9,1.0,5.9
1960,9,10,1.0,7.5
1955,12,10,1.0,4.0
2003,5,10,2.0,6.8
1941,12,10,1.0,6.9
1984,9,10,1.0,5.4
1929,6,10,1.0,7.1
2013,4,10,1.0,6.7
1941,8,10,1.0,6.3
1948,12,10,1.0,6.9
1933,1,10,1.0,6.2
1993,9,10,1.0,6.8
1968,1,10,1.0,5.6
1964,4,10,1.0,6.1
1977,10,10,1.0,4.1
1930,12,10,1.0,5.6
1932,3,10,1.0,6.8
1949,11,10,1.0,6.7
1946,11,10,56.0,6.6
2019,5,10,1.0,6.6
1928,5,10,1.0,6.6
1970,9,10,1.0,5.5
2023,5,10,1.0,4.8
1921,11,8,50.0,5.9
2004,5,10,1.0,7.5
2011,8,10,1.0,7.2
1970,2,10,1.0,6.4
1954,3,10,1.0,6.5
2000,2,10,1.0,5.3
1936,1,10,1.0,6.5
1926,2,10,1.0,6.8
1952,8,10,1.0,7.2
1964,4,10,1.0,3.9
1994,3,10,1.0,6.9
2024,3,10,1.0,6.0
1940,8,10,1.0,6.6
1958,2,10,1.0,6.4
1981,4,10,1.0,6.4
1942,4,10,1.0,6.2
1971,12,10,1.0,5.8
1962,4,10,1.0,7.5
1999,3,10,1.0,6.1
1978,4,10,1.0,6.7
1956,10,10,1.0,7.1
1966,4,10,1.0,7.1
1967,1,10,1.0,5.9
1979,4,10,1.0,5.3
1982,9,10,1.0,6.4
2006,5,1,1.0,7.3
1990,6,10,1.0,5.8
1944,9,10,1.0,5.3
2014,7,10,1.0,5.9
2000,10,10,1.0,5.2
2001,11,10,1.0,5.6
1987,1,10,1.0,4.5
1955,4,10,1.0,6.2
1935,1,10,3.0,7.0
2016,12,10,1.0,7.3
1957,10,10,1.0,5.6
1971,12,10,1.0,5.7
1929,6,10,1.0,6.6
1965,9,10,50.0,4.7
1987,12,10,1.0,4.2
1983,1,10,1.0,5.6
1959,1,10,1.0,6.8
1994,1,10,1.0,7.6
1926,6,9,1.0,2.9
1976,9,10,1.0,5.8
1969,1,9,1.0,4.5
1987,11,10,1.0,5.0
1932,3,10,1.0,6.8
1972,7,10,1.0,6.4
2022,12,10,2.0,7.1
1962,8,10,1.0,4.7
1974,6,10,1.0,5.9
1985,4,10,1.0,5.6
2004,9,4,1.0,4.4
2024,5,10,1.0,6.7
2006,9,10,1.0,6.0
2022,6,10,2.0,8.4
1962,1,10,1.0,7.0
2015,12,10,2.0,7.3
1972,11,10,2.0,5.1
1982,8,10,2.0,6.4
1988,8,10,1.0,7.7
1969,7,10,1.0,6.9
1950,6,10,1.0,6.7
1951,9,10,1.0,6.3
1993,2,10,1.0,5.7
2006,9,10,2.0,8.0
1951,5,10,1.0,7.8
1962,3,10,1.0,6.9
2010,5,10,1.0,5.7
1984,2,10,1.0,6.0
2010,1,10,1.0,4.7
1986,7,10,1.0,6.2
1977,8,10,1.0,6.5
2000,8,10,1.0,7.1
1970,10,10,1.0,6.9
1950,2,10,1.0,6.7
2014,3,2,1.0,7.3
1983,8,10,1.0,5.6
1964,8,10,1.0,6.6
1962,3,10,1.0,6.3
1962,9,10,1.0,7.1
1983,10,10,1.0,7.9
2024,3,10,1.0,6.9
1960,10,10,1.0,6.8
1934,11,10,1.0,6.5
1984,3,10,1.0,6.4
2016,8,10,1.0,5.9
1956,5,10,1.0,7.8
2016,7,10,1.0,5.9
1983,9,10,1.0,7.3
1986,4,10,1.0,5.2
1964,12,10,1.0,7.4
2017,3,10,2.0,6.3
1958,10,10,1.0,5.8
1930,10,10,1.0,6.0
1946,8,10,1.0,7.3
2000,6,10,2.0,7.3
1983,1,10,2.0,7.7
2003,11,10,2.0,6.5
1944,4,10,1.0,6.7
2001,6,10,1.0,6.0
1945,2,10,2.0,7.1
1967,3,10,2.0,7.2
1927,8,10,1.0,5.2
2021,3,1,1.0,1.5
1979,11,10,1.0,4.6
1978,8,10,3.0,7.5
1988,2,10,1.0,5.5
1941,11,10,1.0,6.1
1997,12,10,2.0,6.1
1936,9,10,1.0,5.9
1987,6,10,1.0,5.1
1938,10,10,1.0,6.8
1948,12,10,1.0,7.2
1949,1,10,1.0,6.4
1958,3,10,1.0,5.4
1948,11,10,1.0,5.4
1959,8,10,55.0,3.7
2022,2,10,1.0,7.0
2001,9,10,1.0,2.9
2001,12,10,1.0,4.8
1970,4,10,1.0,2.5
1936,6,10,1.0,6.6
1947,9,10,1.0,6.5
1937,7,10,1.0,6.7
2015,8,10,1.0,5.9
2001,12,10,1.0,6.7
2008,9,10,1.0,7.3
1979,8,10,1.0,4.3
2025,3,10,1.0,7.8
2008,9,10,1.0,7.3
1988,1,10,2.0,7.9
1939,1,10,53.0,5.7
1960,3,10,1.0,6.6
2013,8,10,1.0,5.8
1943,3,10,58.0,5.6
1947,6,10,1.0,7.3
1984,11,10,1.0,7.2
1923,9,10,1.0,4.9
1926,9,10,1.0,5.8
1970,12,10,1.0,5.7
2010,6,10,1.0,5.6
1967,7,10,1.0,5.4
1979,10,10,1.0,6.4
1993,3,10,1.0,2.4
1983,6,10,1.0,5.1
1962,7,10,1.0,5.3
2024,10,10,1.0,5.5
1960,6,10,1.0,6.3
1944,9,10,56.0,5.4
2010,9,10,1.0,2.4
1975,1,10,1.0,5.7
1948,9,10,1.0,5.6
1978,1,10,1.0,5.5
1983,10,10,1.0,5.9
2009,3,10,1.0,7.2
1999,11,10,1.0,7.1
1988,10,10,2.0,5.9
2005,12,10,1.0,7.0
2013,11,10,1.0,6.4
1935,12,10,1.0,6.5
2006,1,10,1.0,5.5
1972,3,10,2.0,7.1
1992,9,10,1.0,5.4
1932,10,10,1.0,6.3
1950,1,10,1.0,6.0
1959,7,10,1.0,7.0
1929,4,10,1.0,5.7
1936,2,10,1.0,5.5
1929,1,10,1.0,6.5
2014,1,10,1.0,6.6
2025,1,10,1.0,4.8
1995,1,10,3.0,6.2
1983,12,10,1.0,7.0
1962,11,10,2.0,6.1
1991,11,10,1.0,6.3
2021,6,10,1.0,3.8
2010,11,10,1.0,4.5
2019,8,10,1.0,5.1
2004,1,10,1.0,4.3
1929,6,8,1.0,7.6
2006,1,10,1.0,6.7
2015,3,10,1.0,7.1
1982,10,10,1.0,5.0
1983,6,10,2.0,6.2
1966,3,10,1.0,7.3
1968,12,10,1.0,7.3
2020,2,10,1.0,6.5
1955,3,10,1.0,6.5
1962,4,10,1.0,7.4
1956,2,10,1.0,6.8
2018,10,10,2.0,6.8
2020,4,10,1.0,5.2
1948,2,10,1.0,5.9
1938,3,10,1.0,6.6
1997,11,10,1.0,6.5
1952,1,10,1.0,5.9
1981,8,10,3.0,7.2
1993,2,10,1.0,6.8
2010,11,10,2.0,7.4
1979,12,10,1.0,5.7
1991,9,10,1.0,5.3
1947,2,1,1.0,7.2
2002,1,9,1.0,6.2
1987,10,10,1.0,5.2
2013,1,10,1.0,5.6
1992,8,10,1.0,6.3
1964,9,10,1.0,6.2
1959,4,10,2.0,8.0
1991,1,10,1.0,7.4
1979,3,10,1.0,4.5
1966,9,10,1.0,4.5
1953,7,10,1.0,6.8
1943,7,10,1.0,6.2
2002,5,10,2.0,5.6
1944,2,10,1.0,6.8
1941,4,10,1.0,6.8
1996,1,10,2.0,4.5
1977,9,10,1.0,4.0
1983,6,10,1.0,5.9
2013,10,10,3.0,7.7
1927,2,9,1.0,1.2
1996,11,10,1.0,5.5
2006,8,10,1.0,6.5
1924,9,10,1.0,8.3
1951,4,10,1.0,6.6
2010,9,10,1.0,7.4
1978,6,8,1.0,4.5
1963,6,7,2.0,7.4
1924,5,10,45.0,8.2
1975,6,10,1.0,6.1
2000,4,10,1.0,5.4
1977,3,10,1.0,4.4
1951,10,10,1.0,6.0
1969,6,10,2.0,6.9
1965,9,10,1.0,5.7
1928,2,6,1.0,5.7
1937,10,10,1.0,5.6
1962,7,8,1.0,7.9
1930,1,10,1.0,6.6
1926,8,10,1.0,7.5
1963,10,10,1.0,6.4
2009,10,10,1.0,6.4
2008,8,10,1.0,5.8
1993,10,10,2.0,7.0
1966,1,10,1.0,7.9
2002,9,10,1.0,5.2
1949,11,10,1.0,5.3
1996,5,10,3.0,8.1
2019,4,10,1.0,6.3
1963,4,10,1.0,7.2
1992,12,10,1.0,6.3
2006,3,10,1.0,5.0
1993,9,10,1.0,6.9
2019,9,10,1.0,6.7
1965,4,6,51.0,8.4
1977,7,10,1.0,6.5
1970,9,5,1.0,6.4
2009,4,10,1.0,7.2
1987,1,8,1.0,4.6
1961,12,10,1.0,7.8
1969,1,10,2.0,8.0
1996,2,10,1.0,4.7
1937,7,10,1.0,5.1
1997,11,10,1.0,6.7
2024,9,10,2.0,8.0
1944,12,10,1.0,6.2
1975,7,10,1.0,7.6
1929,4,10,1.0,6.4
1952,8,10,1.0,7.1
2025,1,7,1.0,8.3
1938,6,10,1.0,7.4
2017,10,10,1.0,7.7
1978,6,10,1.0,7.0
1991,10,10,1.0,6.0
1990,7,10,2.0,7.1
1977,2,10,1.0,6.0
2010,9,10,2.0,6.2
1995,1,10,1.0,3.6
2003,12,10,1.0,5.0
2003,5,10,2.0,5.2
1970,9,10,1.0,4.7
1977,11,10,1.0,5.9
2003,2,7,1.0,6.5
2016,3,10,1.0,5.0
1930,12,10,1.0,7.0
1956,11,10,1.0,6.6
1986,5,10,1.0,5.7
1983,8,10,1.0,6.6
1972,2,10,1.0,3.8
1932,1,10,1.0,6.6
1930,2,9,1.0,5.4
1966,11,6,1.0,6.1
1945,8,10,1.0,7.0
2009,8,10,1.0,6.6
1940,1,10,1.0,6.1
1970,12,10,1.0,6.4
1982,9,10,1.0,4.0
1997,7,10,1.0,6.0
1991,6,10,1.0,5.3
1931,6,10,1.0,6.0
1997,8,10,2.0,6.0
2000,9,10,1.0,7.8
1939,3,10,1.0,6.0
2018,9,10,1.0,6.6
1963,3,10,1.0,6.4
2023,10,10,1.0,7.6
2004,8,10,1.0,6.5
2006,2,10,1.0,7.3
2001,1,5,1.0,7.2
1966,5,10,1.0,5.4
1978,11,10,1.0,5.5
1975,11,10,1.0,6.9
1959,10,10,1.0,5.4
1932,11,10,1.0,5.6
1953,2,10,1.0,7.1
1976,1,10,1.0,6.2
1922,5,10,1.0,6.7
2015,8,10,1.0,6.9
1967,3,10,1.0,4.4
2008,6,10,1.0,7.0
1982,11,10,1.0,6.2
1965,10,10,1.0,6.5
1943,11,10,1.0,6.9
2002,3,10,1.0,6.6
2019,9,10,1.0,8.0
1971,10,10,1.0,6.8
2010,7,10,2.0,7.5
1964,9,10,1.0,6.7
2015,10,10,1.0,7.1
1990,3,10,1.0,5.5
1938,8,10,58.0,5.8
2011,9,10,1.0,6.7
2014,9,10,1.0,5.6
1940,5,10,1.0,7.6
2006,6,10,1.0,4.6
1953,5,10,1.0,7.1
2015,11,6,1.0,6.5
1989,10,10,1.0,6.2
2006,5,10,1.0,7.3
1935,12,10,1.0,6.9
1947,10,10,1.0,6.7
1990,4,10,1.0,6.3
2006,4,10,1.0,7.9
1927,8,8,1.0,7.4
1995,9,10,1.0,4.8
1978,10,10,2.0,7.1
2013,5,10,1.0,7.1
1968,8,10,1.0,6.8
1955,8,10,1.0,6.7
1990,1,10,1.0,2.8
1980,6,10,2.0,8.4
2009,8,10,1.0,7.6
1939,5,10,1.0,5.4
1997,1,10,1.0,3.9
1985,10,10,2.0,7.1
1930,5,10,1.0,6.8
1996,9,3,1.0,5.8
1980,1,10,1.0,5.1
1976,4,10,1.0,4.6
1994,9,7,1.0,5.6
1968,10,10,1.0,6.8
1942,4,10,1.0,7.1
2001,8,10,1.0,3.8
1926,1,10,1.0,6.5
2010,11,10,2.0,7.3
1986,1,10,1.0,6.8
1963,5,10,2.0,6.7
1937,11,10,1.0,7.3
1947,9,10,1.0,6.8
1969,2,10,1.0,6.7
1931,3,10,1.0,5.6
2018,8,7,1.0,5.8
1960,2,10,1.0,5.4
1951,8,10,1.0,7.1
1969,10,10,2.0,6.6
1992,4,10,1.0,6.0
1986,1,10,1.0,3.9
1974,9,10,1.0,4.8
1939,3,10,1.0,6.5
1968,3,10,1.0,5.1
1988,11,10,2.0,6.9
1973,1,10,1.0,6.5
1975,5,10,1.0,5.4
1970,4,10,1.0,7.4
2011,5,10,1.0,7.4
1946,3,10,1.0,6.6
1962,9,1,1.0,5.1
1962,4,10,1.0,5.2
1939,8,10,1.0,4.9
1946,9,10,1.0,4.8
1996,7,10,1.0,5.8
1992,11,10,1.0,5.5
1992,6,10,1.0,4.8
1966,10,10,1.0,6.3
1987,8,10,1.0,5.3
1958,5,10,1.0,5.8
1954,1,5,1.0,6.6
2022,12,8,1.0,2.9
1932,12,10,1.0,7.3
1986,5,10,1.0,6.3
1956,5,10,1.0,6.4
2025,4,10,3.0,7.1
1980,6,10,1.0,6.2
1947,1,10,55.0,6.0
1931,10,7,1.0,6.8
1986,2,10,2.0,5.6
1937,3,10,1.0,6.3
1953,10,10,1.0,7.5
1931,10,10,1.0,5.9
1948,4,10,2.0,7.2
1930,4,10,1.0,6.4
2002,8,10,1.0,7.3
1924,12,10,1.0,6.2
1967,12,10,1.0,6.8
1985,9,10,1.0,5.2
1982,8,10,1.0,5.3
1970,2,10,1.0,6.6
2008,7,10,2.0,4.6
2021,2,1,1.0,7.5
1980,8,10,1.0,5.9
1989,9,10,1.0,6.7
1929,1,8,1.0,7.0
1922,5,5,50.0,5.9
2023,9,2,1.0,6.4
1998,10,10,1.0,3.5
1994,8,6,1.0,7.5
2000,11,9,1.0,6.7
1995,9,10,1.0,6.2
1984,5,10,1.0,6.4
1972,4,10,1.0,6.0
1933,5,10,1.0,5.5
1968,3,10,1.0,5.3
1991,1,10,1.0,7.0
1958,11,10,1.0,6.4
1946,8,10,1.0,7.9
1971,4,10,1.0,7.1
1977,5,10,1.0,5.1
1939,7,10,5.0,6.0
1936,2,10,1.0,7.1
1963,3,10,3.0,7.9
1973,3,8,54.0,5.5
1930,8,10,1.0,6.1
1991,11,10,1.0,7.1
1930,4,10,1.0,5.6
1957,8,10,1.0,7.4
1977,9,10,1.0,5.1
1927,12,10,1.0,6.6
1943,5,10,1.0,6.5
2021,12,10,2.0,7.2
2023,3,10,1.0,7.6
1963,8,10,1.0,7.2
1986,3,10,1.0,7.1
1956,11,10,1.0,5.7
1942,3,10,1.0,6.0
1991,10,10,1.0,3.7
1999,9,10,1.0,5.0
1994,3,10,1.0,5.5
1949,8,10,1.0,6.0
1937,8,10,2.0,7.5
1955,2,10,1.0,6.7
1946,4,10,1.0,7.3
2024,10,10,1.0,6.8
2015,10,10,1.0,5.9
1958,1,10,2.0,7.7
1963,4,10,1.0,6.7
1961,8,10,1.0,6.1
2025,4,9,1.0,7.8
1961,8,10,1.0,6.2
1963,8,10,1.0,5.7
1935,1,10,1.0,7.1
1959,6,10,1.0,5.2
1961,6,10,1.0,6.3
1933,7,10,1.0,6.9
1980,10,10,1.0,4.8
1981,8,10,1.0,5.5
2009,5,10,1.0,6.3
2000,12,10,1.0,5.8
2007,8,10,1.0,8.0
2019,6,10,1.0,6.6
1997,9,10,2.0,7.2
2021,6,10,1.0,5.4
1990,1,10,1.0,5.2
1987,3,10,2.0,4.8
1967,9,10,1.0,4.8
1934,4,10,55.0,6.1
1987,10,10,1.0,3.5
1991,3,10,1.0,6.5
1926,5,10,50.0,5.9
1951,4,10,1.0,6.4
2005,5,10,1.0,7.4
2011,9,10,2.0,6.9
1983,8,10,1.0,7.4
1967,2,10,1.0,6.1
1990,10,10,1.0,4.3
2009,10,10,1.0,6.2
2023,9,10,2.0,7.2
1983,1,10,1.0,4.7
1944,1,10,45.0,6.0
2017,8,10,1.0,7.5
1938,6,10,1.0,5.3
2017,7,10,2.0,7.5
1964,5,10,1.0,5.7
2004,12,10,1.0,6.4
1998,1,10,1.0,6.8
1992,1,10,1.0,3.4
1972,5,10,1.0,6.0
2018,2,10,1.0,6.6
1938,6,10,1.0,6.8
1965,12,10,1.0,5.6
1953,7,10,1.0,5.3
2017,9,2,1.0,6.6
2022,3,10,1.0,5.8
2003,3,10,1.0,5.5
1963,11,7,1.0,5.7
1984,12,10,1.0,6.2
2017,10,10,1.0,6.5
1925,1,10,2.0,8.1
1980,7,10,1.0,7.8
1985,12,10,1.0,4.7
1993,9,10,1.0,5.7
1937,4,10,1.0,5.8
1985,8,10,1.0,7.0
2014,3,10,2.0,7.7
1982,7,10,1.0,7.0
2010,2,10,1.0,6.3
2016,10,10,1.0,6.2
1983,5,10,1.0,5.5
1960,7,10,1.0,5.8
1970,6,10,2.0,8.1
1955,9,10,1.0,7.4
1988,9,10,2.0,6.1
2018,1,10,2.0,7.0
2001,2,10,1.0,6.5
2005,10,7,1.0,7.3
1999,10,10,1.0,5.2
1955,1,10,1.0,6.2
1992,9,10,1.0,5.7
1985,1,10,1.0,5.1
1962,9,10,1.0,6.1
2024,8,10,1.0,7.0
1928,12,10,1.0,7.1
1928,5,8,1.0,5.8
1960,9,10,1.0,6.3
1932,11,10,1.0,6.2
1950,8,10,1.0,6.2
1991,2,10,3.0,6.9
1958,12,10,1.0,6.4
2014,5,10,1.0,4.2
1978,6,10,2.0,6.7
1955,3,10,1.0,6.3
1945,12,10,1.0,6.6
1977,6,10,1.0,6.9
1996,5,8,1.0,2.5
2009,8,1,1.0,7.7
1968,11,10,2.0,6.6
1923,11,10,1.0,6.7
1983,9,10,1.0,6.4
1957,4,10,1.0,7.6
1951,8,10,1.0,5.4
1987,1,10,1.0,4.4
2000,3,10,1.0,5.5
1978,8,10,1.0,5.5
1946,10,10,51.0,5.4
1928,3,9,1.0,7.4
1923,12,8,1.0,4.1
2017,9,10,1.0,7.2
2016,8,10,1.0,6.2
1989,9,10,1.0,6.6
1972,1,5,1.0,3.9
2001,8,10,1.0,7.0
1941,12,10,1.0,6.1
2018,8,10,2.0,4.5
1965,9,10,1.0,5.2
1957,6,10,1.0,6.7
2018,9,10,1.0,5.5
1950,11,10,1.0,6.1
2023,5,10,1.0,5.6
2015,8,10,1.0,6.9
1973,6,10,1.0,6.2
1928,6,5,1.0,4.8
1986,3,10,1.0,7.1
1978,11,10,2.0,5.9
2017,11,2,1.0,7.3
1948,3,10,1.0,6.1
1947,7,10,1.0,6.3
1954,7,10,1.0,6.5
1944,11,10,1.0,6.2
1988,3,10,1.0,3.5
2009,12,10,1.0,5.2
1967,1,10,2.0,7.6
1965,4,10,4.0,6.6
2024,10,10,1.0,6.8
1997,10,5,1.0,4.4
1973,6,10,1.0,5.3
1972,6,10,1.0,6.4
1979,9,5,1.0,3.5
1960,7,10,1.0,6.6
1969,1,10,1.0,5.5
1949,2,10,1.0,6.0
1935,9,10,1.0,6.5
1952,9,10,1.0,5.8
1941,10,10,54.0,5.7
1952,1,4,2.0,7.8
1997,6,10,1.0,3.2
1970,3,10,1.0,7.7
1927,9,10,2.0,6.0
1920,6,10,1.0,6.6
1935,10,10,1.0,7.5
2000,5,10,2.0,7.4
2010,5,10,55.0,7.2
1926,10,9,1.0,5.5
1982,10,6,1.0,5.2
2009,1,10,2.0,7.1
1937,10,10,1.0,5.5
1952,12,10,1.0,6.2
1930,12,10,1.0,7.6
1980,6,10,1.0,5.3
1981,4,10,1.0,5.7
1970,9,10,1.0,4.9
1976,2,10,1.0,7.0
2018,3,10,1.0,5.5
1964,10,10,1.0,6.4
1950,4,10,1.0,4.9
1997,9,10,1.0,4.6
1948,2,10,1.0,6.6
1990,4,10,1.0,5.4
1980,8,10,1.0,4.5
2005,11,10,1.0,6.5
2025,1,10,2.0,8.6
1985,8,10,1.0,5.3
1986,7,10,1.0,4.8
2022,5,10,1.0,5.8
1957,3,10,1.0,5.8
1979,8,10,1.0,6.1
1974,5,10,1.0,6.6
1970,3,10,1.0,4.7
1956,8,10,1.0,7.3
1926,8,9,1.0,5.9
1955,4,10,1.0,4.9
2005,5,10,1.0,4.2
1969,6,8,2.0,6.9
2015,4,10,1.0,4.5
1950,6,10,1.0,7.1
1975,3,10,1.0,4.2
1994,7,10,1.0,6.5
1949,8,10,1.0,4.9
1981,1,10,1.0,4.1
2020,6,10,1.0,4.6
1981,6,10,1.0,6.9
1928,2,10,1.0,6.4
1949,9,10,2.0,7.0
1982,12,10,1.0,7.0
1962,10,10,2.0,7.7
2014,2,10,1.0,6.1
1973,4,10,1.0,7.5
1982,8,10,1.0,5.1
2021,3,6,1.0,7.4
1946,3,10,1.0,6.0
1978,2,10,1.0,5.7
2007,9,10,1.0,7.1
1983,12,10,1.0,5.7
1978,5,10,1.0,4.4
1965,8,10,1.0,6.2
2014,7,10,1.0,5.1
1973,8,10,1.0,5.5
2011,6,10,1.0,5.5
1951,6,10,1.0,6.8
1995,4,10,1.0,4.9
2006,10,10,1.0,6.7
1930,6,10,1.0,5.2
1934,8,10,1.0,4.7
1967,9,10,1.0,6.1
1991,1,10,1.0,3.6
1981,5,10,1.0,6.0
1981,4,10,1.0,4.1
2006,4,10,1.0,7.7
1936,3,10,1.0,6.3
1945,2,10,2.0,7.3
1982,11,4,1.0,5.6
1949,7,10,1.0,6.9
1952,11,10,1.0,6.2
1991,10,10,1.0,6.2
1993,6,10,1.0,5.9
1956,6,10,1.0,5.8
1946,12,10,1.0,7.7
2019,10,10,1.0,5.8
1941,11,10,1.0,5.7
1926,1,7,52.0,6.6
1926,2,7,1.0,6.7
1928,3,10,1.0,6.6
1967,1,10,1.0,6.3
1993,9,10,1.0,4.1
1984,12,10,1.0,5.5
1944,8,10,4.0,7.1
1930,6,10,3.0,3.5
1942,10,10,52.0,3.6
1941,7,10,1.0,5.5
2024,3,10,1.0,6.1
1964,4,10,1.0,6.4
2012,10,10,1.0,7.2
1961,5,10,3.0,7.6
2011,8,10,1.0,7.1
1935,10,10,1.0,5.9
1958,5,10,1.0,5.1
1953,1,10,1.0,6.1
1977,12,10,1.0,6.6
1950,9,10,1.0,7.4
1995,2,10,1.0,6.2
1997,2,10,2.0,7.7
2017,6,10,1.0,7.5
1989,4,10,1.0,6.2
1957,7,10,1.0,6.1
1948,7,10,1.0,6.0
2001,1,6,1.0,2.3
1977,4,5,2.0,6.7
1935,4,10,1.0,5.5
2019,11,10,1.0,6.5
2023,12,10,1.0,5.9
1950,9,10,1.0,6.0
1971,12,10,1.0,7.4
1997,6,10,2.0,7.9
1924,12,10,1.0,6.5
2011,11,6,1.0,7.0
1939,3,10,1.0,6.2
1997,9,10,1.0,5.8
1990,5,10,1.0,4.8
2015,9,10,1.0,8.0
1922,9,10,1.0,5.2
1986,12,10,1.0,6.2
2018,1,10,2.0,4.6
2022,1,8,1.0,8.9
2006,9,10,1.0,7.4
1954,9,10,1.0,7.0
1935,11,1,57.0,6.0
1997,1,10,1.0,6.2
1941,4,10,1.0,7.6
1954,12,10,1.0,6.8
1985,5,10,1.0,4.4
2025,2,10,1.0,8.4
1955,4,10,1.0,4.8
1948,9,10,1.0,7.5
1942,12,1,1.0,6.2
2011,11,10,1.0,6.3
1985,9,1,1.0,7.0
1977,3,10,1.0,5.0
1971,11,10,2.0,7.1
1962,6,10,1.0,7.0
1961,7,10,2.0,7.2
1983,11,10,1.0,5.2
1951,9,10,1.0,7.1
1998,12,10,1.0,5.9
1966,4,10,1.0,5.6
1960,10,10,1.0,4.6
2023,9,10,1.0,6.9
1959,10,10,2.0,6.9
1977,7,10,1.0,5.8
1953,12,10,1.0,6.3
1964,11,10,2.0,7.6
1983,11,10,2.0,5.8
1958,12,10,1.0,6.3
1997,11,10,1.0,6.7
2006,11,10,1.0,7.0
1947,4,10,1.0,6.3
1984,1,10,1.0,8.5
1957,9,9,1.0,3.7
1926,5,10,3.0,6.6
2014,7,10,1.0,6.6
2019,4,10,1.0,5.3
1973,1,10,1.0,7.3
1965,1,10,1.0,6.6
2025,3,10,1.0,5.7
2012,8,10,1.0,6.3
2022,4,10,2.0,6.7
1990,9,10,1.0,5.7
1959,10,10,1.0,6.7
2004,6,10,2.0,6.7
1995,12,10,1.0,7.0
1999,1,10,2.0,5.4
1946,12,10,1.0,6.1
2021,7,10,1.0,4.5
1996,10,10,1.0,7.4
1933,1,10,1.0,5.6
1933,12,10,1.0,6.4
1987,8,10,1.0,7.1
1979,2,10,1.0,4.3
1976,5,10,1.0,4.4
2000,5,10,1.0,5.2
1958,4,10,2.0,6.4
1959,11,10,1.0,6.3
2015,11,10,1.0,7.1
1957,10,10,1.0,6.0
2012,7,10,1.0,7.5
1982,5,10,2.0,4.9
1931,1,7,1.0,7.8
1998,2,10,1.0,5.5
1987,2,10,1.0,4.9
1969,6,10,1.0,6.7
2003,11,10,1.0,6.3
1977,4,10,1.0,6.1
1959,2,10,1.0,6.7
1939,10,10,1.0,6.7
2002,12,10,1.0,7.0
1932,12,10,1.0,4.3
1958,2,10,1.0,5.6
1998,9,10,2.0,7.2
1966,4,10,1.0,5.2
1974,3,10,2.0,6.4
1940,4,10,1.0,5.4
1987,9,10,1.0,8.3
1983,11,10,1.0,5.6
1992,1,5,1.0,6.7
1959,7,10,1.0,5.5
1974,9,10,1.0,5.1
1962,7,10,1.0,6.6
1984,2,10,1.0,5.8
1934,12,10,1.0,6.4
1994,6,10,1.0,3.2
2023,5,10,1.0,5.6
1961,2,10,1.0,6.5
1934,6,10,1.0,6.1
1965,9,10,1.0,5.1
2016,3,10,1.0,6.0
1985,10,9,1.0,5.3
2005,7,3,1.0,7.8
2005,11,10,1.0,6.9
1969,2,10,1.0,4.8
1951,4,10,1.0,5.9
2009,12,10,1.0,5.3
1989,3,10,1.0,6.4
2023,3,10,2.0,6.0
2023,9,10,1.0,5.4
1973,2,10,2.0,7.7
2013,7,10,1.0,6.5
1958,3,10,1.0,6.0
1943,1,10,1.0,5.7
1964,11,10,1.0,4.9
1958,10,10,2.0,7.1
1999,3,10,1.0,4.9
1935,9,10,1.0,5.8
1948,6,10,1.0,6.5
1995,8,10,2.0,6.1
1957,9,10,1.0,5.5
1940,12,10,2.0,6.8
1962,1,10,1.0,7.2
1928,11,10,1.0,6.0
1973,1,10,1.0,6.0
1957,3,10,1.0,6.1
1981,8,10,1.0,5.6
2017,4,10,1.0,4.6
1968,10,10,1.0,6.2
1982,8,10,1.0,5.4
1937,12,10,1.0,4.5
1933,8,10,1.0,4.8
2023,4,10,2.0,6.2
2014,8,10,1.0,6.9
1970,11,10,1.0,6.4
2007,8,10,2.0,8.1
1959,9,10,1.0,4.8
1941,2,10,59.0,5.3
1948,5,10,1.0,6.8
1982,8,10,1.0,4.5
1927,6,10,1.0,5.9
2019,3,10,1.0,6.6
1970,2,10,1.0,7.0
1973,6,10,1.0,5.3
2002,10,10,1.0,7.4
2004,2,10,1.0,5.7
2012,2,10,1.0,6.5
1942,2,10,1.0,6.4
1978,10,10,1.0,6.4
1977,6,10,2.0,7.4
1925,11,9,1.0,7.1
1981,5,10,3.0,7.0
2002,4,10,1.0,6.6
1954,9,10,1.0,5.9
2005,5,10,2.0,6.7
1948,10,10,2.0,6.5
1987,8,10,1.0,5.9
2011,6,1,1.0,8.5
1971,9,10,1.0,4.1
2016,4,10,1.0,6.9
2010,10,10,1.0,6.9
1974,10,10,2.0,7.0
1987,9,10,1.0,6.0
2018,6,10,1.0,6.3
2017,10,10,1.0,5.4
1992,4,10,1.0,5.7
1999,2,10,1.0,3.9
1976,9,10,1.0,3.6
1982,12,10,1.0,5.3
2025,3,5,1.0,4.8
1922,10,9,1.0,7.6
1978,9,10,1.0,4.4
1995,2,10,1.0,7.2
2012,2,10,1.0,6.8
1948,9,10,2.0,7.8
2008,3,1,1.0,6.8
1946,11,10,1.0,3.8
1996,9,10,1.0,4.5
1953,11,10,1.0,8.0
1967,9,10,1.0,5.6
2007,4,10,1.0,6.0
1971,8,10,1.0,6.2
1986,8,10,1.0,6.8
1933,7,10,1.0,5.1
1948,3,10,2.0,6.3
1994,11,10,1.0,5.1
1928,9,9,1.0,4.6
1950,6,10,1.0,5.7
1980,9,10,1.0,4.3
1969,10,10,1.0,6.3
1994,1,10,1.0,6.9
1995,10,10,2.0,5.3
1955,6,10,1.0,6.4
1945,10,10,1.0,6.3
1983,6,10,1.0,6.8
2025,2,10,55.0,6.7
1951,2,10,1.0,5.0
1963,6,10,1.0,4.9
1980,5,10,1.0,3.7
1958,10,10,1.0,5.6
2006,2,10,1.0,6.7
1939,9,10,1.0,6.7
1998,8,10,1.0,6.3
2024,1,10,1.0,5.2
1979,1,10,1.0,4.4
1926,2,10,1.0,7.0
1931,1,10,1.0,3.5
2022,5,10,1.0,5.6
2017,2,10,1.0,7.9
2017,12,10,1.0,7.7
1959,5,10,1.0,5.3
1937,7,10,56.0,6.7
1997,8,10,1.0,5.3
1932,10,10,1.0,6.5
1962,10,10,1.0,6.3
1957,3,10,1.0,6.5
1956,10,10,1.0,6.4
1952,2,10,1.0,6.2
1978,12,10,2.0,6.3
1931,10,10,1.0,6.3
1923,12,8,1.0,6.2
1936,12,10,1.0,4.1
2020,5,10,1.0,6.0
1966,1,10,1.0,6.4
2008,10,2,1.0,5.8
1929,9,7,1.0,7.0
1948,7,10,1.0,7.7
1981,3,10,1.0,7.1
1962,12,9,1.0,6.6
1951,1,9,1.0,6.6
1934,2,5,1.0,7.1
1936,11,10,57.0,5.5
1924,2,10,1.0,7.4
2000,6,10,1.0,3.7
1938,10,10,54.0,6.1
1983,11,10,1.0,7.8
1979,1,10,1.0,6.7
1976,10,10,1.0,7.0
1971,6,10,1.0,5.1
2003,7,10,1.0,4.9
1982,6,10,1.0,5.4
1947,2,10,1.0,5.7
1983,9,10,1.0,5.4
1958,8,10,1.0,5.7
2020,11,10,1.0,5.5
2015,2,10,1.0,7.6
1996,7,8,1.0,6.8
2004,1,10,1.0,7.2
1979,5,10,1.0,6.2
1957,9,10,1.0,5.5
1922,10,10,1.0,7.0
2021,9,10,1.0,6.1
1974,10,10,1.0,7.7
1935,3,10,1.0,6.7
1961,11,10,1.0,6.4
1960,1,10,1.0,5.3
1984,1,10,1.0,5.6
2024,3,10,1.0,6.6
1997,3,10,1.0,6.0
1921,12,1,56.0,5.8
1982,12,10,1.0,7.1
1937,12,10,1.0,6.3
2001,4,10,1.0,6.2
1943,1,10,1.0,4.9
1978,3,10,1.0,4.7
1941,11,10,1.0,4.6
1933,1,10,1.0,6.0
1977,12,10,1.0,6.6
1979,8,10,1.0,6.9
1939,5,10,59.0,5.1
1970,7,10,2.0,7.0
1943,8,10,1.0,6.4
1972,7,10,1.0,6.7
1962,4,10,1.0,7.1
1965,12,10,1.0,6.5
1971,8,10,1.0,6.7
1998,10,10,1.0,6.3
1980,11,10,1.0,4.8
1924,9,6,1.0,9.3
1940,5,7,2.0,8.1
1941,3,10,1.0,6.0
2020,1,10,2.0,7.2
2020,12,10,2.0,5.4
1945,1,10,1.0,6.3
1955,5,10,1.0,6.7
1985,3,10,1.0,6.5
1984,12,10,1.0,6.3
1965,12,9,1.0,6.3
1978,2,10,1.0,2.8
1973,6,10,1.0,6.3
2006,4,10,1.0,6.6
1930,11,10,1.0,6.1
2000,5,10,1.0,6.2
1927,9,6,1.0,6.8
1996,9,10,1.0,4.1
1937,9,10,1.0,6.4
1994,1,10,1.0,5.6
1977,8,10,1.0,3.7
1987,3,10,1.0,4.6
2010,12,10,1.0,5.5
1958,10,10,1.0,5.4
2003,10,10,1.0,6.3
1987,3,10,1.0,6.4
2011,4,10,2.0,8.3
2010,4,9,52.0,5.7
1955,9,10,1.0,7.7
1928,9,10,1.0,6.3
1978,6,10,1.0,5.1
2024,4,10,1.0,5.4
1926,3,9,1.0,6.7
1942,11,10,1.0,5.9
2023,10,10,1.0,6.3
1946,4,10,1.0,6.1
1945,9,10,1.0,6.6
2013,6,10,1.0,5.5
1957,12,10,1.0,7.1
1949,5,10,1.0,5.7
2014,9,10,1.0,7.6
1959,8,10,1.0,6.7
2014,6,10,2.0,6.8
1946,3,10,1.0,6.1
1968,2,10,1.0,6.3
1940,6,10,1.0,6.0
2009,10,10,1.0,5.9
1923,8,8,1.0,6.1
1930,12,10,1.0,7.0
2009,3,10,1.0,6.0
1981,5,10,1.0,4.7
1966,12,10,1.0,5.9
1949,9,10,1.0,5.7
2004,7,10,1.0,7.4
1955,9,8,1.0,5.7
2012,4,10,1.0,6.7
1990,2,10,1.0,5.5
2013,2,10,2.0,6.3
1957,2,10,1.0,7.7
2004,9,10,1.0,6.1
2019,12,10,1.0,3.5
1946,2,10,1.0,6.8
1961,9,10,1.0,4.7
1978,9,10,2.0,4.1
1941,10,10,1.0,7.2
1984,8,10,1.0,5.5
1971,10,10,1.0,4.8
1968,9,10,1.0,4.8
2018,8,10,1.0,5.8
2011,10,10,2.0,4.9
1929,4,10,1.0,6.2
1925,9,10,1.0,6.8
1941,3,9,1.0,5.7
1983,12,4,1.0,6.3
1970,12,10,1.0,7.1
2010,12,10,1.0,7.5
1994,5,10,1.0,4.9
1980,9,10,1.0,4.4
1958,12,8,1.0,5.4
1968,10,10,1.0,6.5
1980,4,10,1.0,5.6
1945,6,10,1.0,6.8
1922,12,5,1.0,5.3
1925,4,7,56.0,5.1
1929,3,8,1.0,6.6
1924,11,10,1.0,6.3
1935,3,10,52.0,5.3
1961,8,10,1.0,6.2
1955,12,10,1.0,6.8
1940,1,10,1.0,7.5
2004,8,10,1.0,5.9
2012,9,10,1.0,7.5
1931,9,10,1.0,6.7
1961,2,10,2.0,6.2
2014,6,10,1.0,7.7
1920,2,10,1.0,4.1
2023,11,10,1.0,5.2
1978,8,6,1.0,5.2
1973,3,10,1.0,3.7
1960,2,10,1.0,6.1
1943,8,10,1.0,7.1
2020,3,10,1.0,4.3
2002,2,10,1.0,7.7
2002,2,10,2.0,7.2
1988,12,10,1.0,4.5
1993,2,10,1.0,7.2
1969,5,10,2.0,6.5
1983,2,10,1.0,4.0
1966,7,10,1.0,5.1
1984,9,10,1.0,4.8
2025,2,10,1.0,8.0
1978,10,10,1.0,4.9
2010,9,1,1.0,6.8
2021,8,10,1.0,6.7
1925,7,10,1.0,6.9
2020,7,10,1.0,3.2
1955,4,10,1.0,6.3
1927,12,9,1.0,6.4
1978,8,10,1.0,5.9
2012,11,10,1.0,5.4
1984,12,10,1.0,5.2
2011,6,10,2.0,7.0
2021,12,10,1.0,7.1
1929,7,10,1.0,6.8
2000,6,10,1.0,6.6
2025,2,7,1.0,9.0
1985,9,10,2.0,8.3
1945,11,10,2.0,7.8
1984,9,10,1.0,4.1
1953,4,10,1.0,6.2
1937,10,10,1.0,5.9
1995,7,9,1.0,6.5
1920,7,1,1.0,6.8
1999,6,10,1.0,3.8
2014,10,10,2.0,5.4
2017,6,10,1.0,6.3
1979,1,9,1.0,6.1
2017,8,10,1.0,6.5
1992,11,10,2.0,6.7
1984,12,10,1.0,5.9
2007,4,10,1.0,4.3
1983,6,10,2.0,5.5
2024,8,10,1.0,5.8
1957,4,10,1.0,6.1
1986,10,10,1.0,7.2
1952,2,10,1.0,5.9
1977,10,10,2.0,7.4
1991,5,10,1.0,5.4
2011,8,10,1.0,5.2
1925,10,10,2.0,7.2
1978,5,10,1.0,6.1
1976,8,10,1.0,4.5
1975,6,10,1.0,6.6
1941,9,10,1.0,7.1
1930,5,9,1.0,6.5
2011,5,10,1.0,6.2
1940,9,10,58.0,6.0
1956,11,6,1.0,6.7
1938,12,10,1.0,7.5
1955,3,10,1.0,5.8
1995,1,10,1.0,4.6
1929,9,6,1.0,5.6
1964,1,10,2.0,6.2
1943,3,10,1.0,6.4
1969,12,10,1.0,3.7
1993,10,10,1.0,5.7
1976,8,8,1.0,8.8
1963,9,10,1.0,4.2
1923,6,9,1.0,6.2
1999,4,10,1.0,6.5
2011,9,10,1.0,6.1
1988,7,10,1.0,7.2
1944,1,10,1.0,7.2
1972,6,10,1.0,4.8
2005,7,7,1.0,6.5
1991,2,10,1.0,5.2
1963,1,7,1.0,7.1
1956,9,10,1.0,6.9
1937,5,10,1.0,6.6
2018,6,6,1.0,7.4
1989,2,10,1.0,7.2
1940,1,10,1.0,5.2
2011,11,10,1.0,6.4
1945,1,10,1.0,5.9
1961,12,10,1.0,5.7
1988,4,10,1.0,5.7
2008,6,10,1.0,4.4
2003,8,10,1.0,5.9
2018,3,10,1.0,5.2
1957,2,10,1.0,6.5
1998,8,10,1.0,5.8
1990,1,10,2.0,5.4
1950,6,10,1.0,5.3
1935,11,10,1.0,6.3
1947,8,10,1.0,8.0
2002,5,10,1.0,6.8
1945,6,10,1.0,6.2
1950,9,10,1.0,7.1
1952,5,10,1.0,5.9
1960,1,10,1.0,6.7
2019,7,5,1.0,7.4
1977,2,10,2.0,6.8
1960,8,10,1.0,4.9
1996,5,10,1.0,5.1
1949,4,10,1.0,6.6
2004,1,10,1.0,5.2
2008,9,10,1.0,5.9
1954,3,10,1.0,6.4
1981,1,10,1.0,5.7
2006,10,10,1.0,7.4
2016,4,10,2.0,5.7
1920,9,5,1.0,6.0
1967,11,10,1.0,5.7
1971,7,10,1.0,5.7
1950,11,10,1.0,5.7
1931,5,10,1.0,7.1
1958,4,10,1.0,6.5
1931,9,10,1.0,6.2
2013,1,10,2.0,6.9
1961,1,10,1.0,4.1
1961,11,10,1.0,6.8
1939,7,7,1.0,5.4
1954,1,10,1.0,5.7
1924,10,10,3.0,3.0
1983,6,10,2.0,7.5
1937,8,10,1.0,5.4
1945,8,10,1.0,5.8
1927,4,9,53.0,7.0
1997,4,10,1.0,5.4
1933,5,10,1.0,6.5
1959,7,10,1.0,3.9
1960,1,10,1.0,6.2
1971,9,9,1.0,5.1
1955,1,10,3.0,6.6
2020,10,10,1.0,6.5
1967,4,5,1.0,7.0
1971,9,10,1.0,6.0
1939,2,10,1.0,6.6
1994,5,10,1.0,5.1
1941,1,10,59.0,5.8
1923,6,9,50.0,7.8
1996,10,10,1.0,7.2
1964,10,10,1.0,3.9
1951,10,10,1.0,6.0
1998,3,10,1.0,6.6
1961,10,10,1.0,5.5
2012,12,10,1.0,6.7
1998,12,10,1.0,6.7
1970,4,10,2.0,6.6
2016,6,10,2.0,7.2
1971,12,10,1.0,5.3
1960,6,10,1.0,3.3
1997,10,4,1.0,7.1
2007,7,10,2.0,7.1
2025,2,10,1.0,6.0
1950,11,10,1.0,6.9
1988,1,10,1.0,3.7
1954,3,10,1.0,7.5
2014,3,10,1.0,6.9
1940,3,10,1.0,6.9
1972,5,7,1.0,6.3
1934,8,10,1.0,6.5
1932,11,10,1.0,5.2
2012,4,10,1.0,5.8
1996,1,10,1.0,5.6
1950,7,10,1.0,6.9
2010,5,6,1.0,6.0
1980,7,5,2.0,4.4
2003,10,10,1.0,6.8
1978,1,10,1.0,5.2
1937,2,10,1.0,6.2
1986,12,10,1.0,7.2
2023,8,10,1.0,7.2
1952,6,10,1.0,6.2
2016,8,10,1.0,7.6
1966,7,10,1.0,5.0
2025,1,10,1.0,7.1
2006,11,10,1.0,5.5
1948,4,10,1.0,6.0
1977,9,10,1.0,5.0
1993,10,10,1.0,6.6
1959,9,10,2.0,6.7
2011,3,10,1.0,7.3
1984,10,10,2.0,6.3
2013,3,10,2.0,6.5
1974,10,10,1.0,4.9
1978,9,10,1.0,7.0
1957,12,10,1.0,6.5
1952,8,10,1.0,6.1
2016,3,10,1.0,6.6
2015,5,10,1.0,5.6
2023,2,10,1.0,5.3
2007,2,6,1.0,7.1
2009,10,10,1.0,6.2
1955,9,10,1.0,7.2
2016,10,10,1.0,7.4
1983,11,10,1.0,4.4
1955,5,10,1.0,4.7
2000,9,10,2.0,7.4
2008,8,10,1.0,6.5
1999,6,10,1.0,6.0
1925,10,10,1.0,7.0
1948,2,10,1.0,6.8
1934,10,10,3.0,5.5
1947,10,10,1.0,6.6
2005,12,10,1.0,6.2
1973,2,10,1.0,6.6
1972,12,8,1.0,7.0
1967,8,10,1.0,7.9
2023,11,10,1.0,7.4
1941,4,10,1.0,4.8
1972,5,10,1.0,4.8
1974,4,10,1.0,6.5
2005,8,10,1.0,7.1
1983,8,10,1.0,4.3
1962,12,10,2.0,7.7
2010,6,10,1.0,5.9
2012,12,10,1.0,6.5
1998,8,10,1.0,6.5
1943,8,10,1.0,5.9
2007,10,10,1.0,7.3
1952,12,10,1.0,6.2
1993,3,10,1.0,3.8
2003,10,10,1.0,6.5
1965,11,10,2.0,6.6
1988,9,10,1.0,4.4
1984,8,10,1.0,5.4
1945,5,10,1.0,6.4
1999,1,10,1.0,5.9
2019,6,10,1.0,5.9
1996,9,10,1.0,4.5
2022,3,10,1.0,6.2
1975,10,10,1.0,6.5
2001,12,10,2.0,8.9
2025,2,10,1.0,7.9
1983,1,10,1.0,4.5
1941,8,10,1.0,5.4
1930,3,10,1.0,7.2
1968,5,10,1.0,7.0
2010,4,10,1.0,6.4
1937,7,10,1.0,6.6
2024,12,10,2.0,7.3
1950,8,10,1.0,6.6
1992,6,10,1.0,5.1
1984,1,8,1.0,7.5
1941,12,10,1.0,7.1
2006,5,10,1.0,4.6
2024,9,10,2.0,6.8
1983,1,10,1.0,7.6
1992,2,6,1.0,4.9
2012,8,10,1.0,5.8
2017,5,10,1.0,4.6
1930,3,7,1.0,6.0
1980,2,10,1.0,5.3
1924,9,7,1.0,7.1
1968,8,10,1.0,7.1
1961,1,10,1.0,6.4
1980,12,10,1.0,6.5
1957,2,10,1.0,6.6
1983,6,10,1.0,5.9
1967,9,10,2.0,6.8
1920,11,6,1.0,5.7
1984,9,8,1.0,7.6
2022,11,10,1.0,6.9
1972,9,1,1.0,7.1
1940,11,10,2.0,8.0
2001,12,10,3.0,7.4
1973,4,10,1.0,6.4
1937,5,10,1.0,6.6
2005,8,10,2.0,7.3
1951,5,10,2.0,6.4
1987,6,10,1.0,5.8
1928,1,6,50.0,6.4
2016,9,10,1.0,7.4
1976,11,10,1.0,5.4
2017,12,10,2.0,5.5
1983,3,10,1.0,7.0
2013,11,3,1.0,7.1
1978,12,10,1.0,3.2
1963,5,10,1.0,3.7
2019,3,10,1.0,6.3
1961,4,10,1.0,6.6
1964,2,10,1.0,7.8
1974,7,10,1.0,6.9
2019,3,10,1.0,5.5
1989,6,10,1.0,6.4
1994,7,10,1.0,5.4
1936,6,10,1.0,5.6
1988,1,10,1.0,4.9
1974,1,10,1.0,7.4
1957,5,10,1.0,5.1
2024,4,10,2.0,6.8
1965,3,5,1.0,4.0
1922,2,10,1.0,6.5
1993,4,10,1.0,5.4
2023,3,10,1.0,2.9
1940,4,10,1.0,6.0
1960,6,1,1.0,7.2
1968,12,10,1.0,4.1
1957,4,10,1.0,6.6
1964,12,10,1.0,4.4
2013,9,10,1.0,7.5
1937,2,10,1.0,5.8
1986,6,10,1.0,7.1
2017,10,10,1.0,5.6
2006,8,10,1.0,6.5
1955,9,10,1.0,7.3
1969,8,10,1.0,6.8
2024,6,10,1.0,7.8
1940,11,10,1.0,5.9
1949,4,10,1.0,5.9
2019,7,10,1.0,6.3
1979,5,10,1.0,4.6
1983,3,10,1.0,6.1
2002,12,10,1.0,5.7
1971,9,10,1.0,4.5
2018,1,10,1.0,6.6
1975,5,10,1.0,4.9
2014,7,6,1.0,4.2
1965,10,10,1.0,4.8
1964,12,10,2.0,7.9
1978,4,10,1.0,8.1
2000,9,10,1.0,6.7
1953,1,6,1.0,7.3
1998,10,10,1.0,6.9
2016,6,10,1.0,5.9
1961,2,10,2.0,7.9
1954,10,10,1.0,5.9
1946,12,10,1.0,6.4
1981,5,10,1.0,5.5
1927,5,10,1.0,7.3
1934,12,10,1.0,4.8
1934,1,10,1.0,5.9
2021,4,10,1.0,6.0
1978,9,4,2.0,7.1
1983,9,10,1.0,4.7
1975,12,10,1.0,4.6
1985,6,10,2.0,7.4
1988,1,10,1.0,5.5
1985,12,7,1.0,5.7
1973,9,10,1.0,5.3
1935,9,10,1.0,5.3
1970,4,10,1.0,7.0
2025,2,10,2.0,7.2
1959,4,10,1.0,5.4
1936,1,10,1.0,5.6
1998,10,7,1.0,6.0
1949,3,10,1.0,6.5
2004,5,10,1.0,7.7
2010,6,10,1.0,5.5
1969,7,10,1.0,6.9
1946,10,10,1.0,5.9
1989,10,10,1.0,6.0
1952,9,10,1.0,6.3
2005,7,10,1.0,6.3
2024,7,10,1.0,5.3
1971,1,10,1.0,5.3
1977,11,10,1.0,6.8
2011,3,10,1.0,5.7
1951,5,10,1.0,7.3
1937,4,9,1.0,6.3
1958,4,10,1.0,7.9
1963,9,10,1.0,6.0
1941,11,10,4.0,6.6
1940,8,10,2.0,6.2
1995,8,10,1.0,6.5
2023,5,10,1.0,6.6
1961,6,10,1.0,6.8
1966,12,10,1.0,6.7
1952,11,10,1.0,6.7
1974,11,10,2.0,7.2
2025,2,10,1.0,6.2
1992,7,10,1.0,5.2
2022,6,10,1.0,5.9
1945,1,10,1.0,6.4
2013,9,10,1.0,7.2
1923,6,10,1.0,7.0
1952,8,10,1.0,6.3
1991,1,10,1.0,4.3
2013,4,10,1.0,6.3
2008,9,10,1.0,5.9
1971,8,6,1.0,6.4
1992,12,10,1.0,4.0
2023,7,10,1.0,6.9
2011,4,10,1.0,5.6
1944,9,10,1.0,6.1
1938,8,10,1.0,5.6
1972,10,10,1.0,5.1
2009,2,10,1.0,4.6
1977,7,10,1.0,8.7
1958,2,10,1.0,5.3
2003,11,10,1.0,7.4
1970,9,10,1.0,7.1
1979,7,10,1.0,3.3
1983,9,10,1.0,4.8
1931,9,10,1.0,6.3
2025,3,10,1.0,7.7
2018,10,10,1.0,8.5
1941,1,10,1.0,6.2
1962,10,10,1.0,6.5
1970,11,10,1.0,6.4
1993,2,10,1.0,6.2
1945,11,10,1.0,5.7
1966,1,10,1.0,6.5
1946,6,10,1.0,7.4
2024,11,10,2.0,7.8
1948,3,10,1.0,5.8
1993,12,10,1.0,4.1
1928,6,10,1.0,6.8
2012,9,10,2.0,6.6
1968,6,10,1.0,6.1
1947,1,10,1.0,7.0
1948,1,10,1.0,4.8
1982,7,10,1.0,3.6
1955,1,10,1.0,5.6
1992,11,10,2.0,6.9
1921,11,10,1.0,6.2
1961,9,10,2.0,7.1
1956,9,10,1.0,6.7
1983,8,10,1.0,4.1
1959,7,10,1.0,5.6
1923,2,10,1.0,5.4
1932,9,4,1.0,6.1
1965,7,10,1.0,4.9
1988,11,10,1.0,7.5
1943,5,10,1.0,6.3
2014,12,10,2.0,3.4
1965,11,4,1.0,3.8
1972,3,10,1.0,4.8
1960,8,10,2.0,8.1
1935,10,10,1.0,6.5
1963,11,10,1.0,5.4
2016,9,10,1.0,6.4
2022,9,10,1.0,6.5
1926,5,7,1.0,3.0
2011,9,9,1.0,5.2
1941,11,10,1.0,6.0
2016,11,10,1.0,7.3
2012,2,10,2.0,6.5
2000,12,10,2.0,7.8
1950,1,10,1.0,7.6
1951,1,10,1.0,6.7
1965,1,10,1.0,6.1
2006,6,10,1.0,6.9
1929,8,10,1.0,5.0
2023,3,1,1.0,6.8
1926,9,10,58.0,5.6
1997,3,10,52.0,6.8
2012,9,2,1.0,8.0
1971,7,10,1.0,6.9
1975,1,10,1.0,5.7
1974,2,10,1.0,6.6
1985,3,10,1.0,6.9
1972,9,10,2.0,6.7
2025,1,10,1.0,5.2
1956,2,10,1.0,5.4
2010,11,10,1.0,5.5
1920,6,9,50.0,7.0
1927,2,10,1.0,3.7
1963,7,10,1.0,4.7
1924,2,10,1.0,6.5
2023,1,10,1.0,6.6
1994,4,10,1.0,6.6
1954,4,10,1.0,6.0
2000,1,10,1.0,7.8
1959,3,10,1.0,6.5
1967,9,10,1.0,5.5
1970,8,10,2.0,7.8
1999,1,10,1.0,7.3
1989,12,10,3.0,6.1
2013,4,10,1.0,6.3
1930,1,10,1.0,5.0
1955,7,10,1.0,6.3
1992,7,10,1.0,6.6
1999,9,10,1.0,5.2
2016,1,10,1.0,7.6
1982,2,10,1.0,4.8
1956,4,10,1.0,7.3
1940,11,10,58.0,6.1
2010,3,10,1.0,6.8
2023,4,10,1.0,5.5
2006,10,10,1.0,6.8
1943,1,10,1.0,6.4
1995,8,10,1.0,6.0
1958,12,10,1.0,6.3
1935,9,10,1.0,5.7
2016,9,10,2.0,6.7
1973,4,10,1.0,5.3
2018,2,10,1.0,6.9
1920,7,7,1.0,5.9
2011,5,10,1.0,5.7
1927,2,10,1.0,4.7
1956,12,10,1.0,8.5
1967,8,10,1.0,5.1
1924,5,10,1.0,6.4
1928,9,10,1.0,6.5
2000,4,10,1.0,7.3
1969,3,10,2.0,6.2
2018,7,9,1.0,7.7
2008,8,10,1.0,5.5
2019,11,10,1.0,4.9
1938,6,10,1.0,7.7
1989,9,10,2.0,6.8
1935,8,10,1.0,7.4
1998,9,10,1.0,6.6
1967,9,10,1.0,5.7
1991,8,10,1.0,7.6
1991,4,10,1.0,5.9
1987,7,10,1.0,5.1
1949,7,10,1.0,6.5
1998,8,10,1.0,6.7
2005,9,10,1.0,4.6
1964,9,10,1.0,5.6
1960,9,10,2.0,6.6
1981,10,10,1.0,4.2
1950,9,10,1.0,5.8
2007,4,10,1.0,6.7
2017,9,10,1.0,6.8
1946,8,10,57.0,6.6
1930,11,10,1.0,6.5
2019,9,10,1.0,5.7
1970,4,10,1.0,6.5
1960,4,10,1.0,7.2
1992,6,1,1.0,7.5
1938,5,10,59.0,5.6
1926,10,10,1.0,6.5
2010,9,10,1.0,5.7
2000,9,10,1.0,5.7
2011,7,10,1.0,3.6
2010,6,10,1.0,7.0
1940,1,10,1.0,6.7
1980,9,10,2.0,7.9
1941,10,10,1.0,5.6
1992,8,10,1.0,7.6
1946,2,10,1.0,6.2
1921,3,10,1.0,5.3
1997,9,10,1.0,5.9
1974,2,10,1.0,4.9
1937,9,10,1.0,7.0
1947,11,10,1.0,7.4
1982,4,10,2.0,7.2
1956,9,10,1.0,5.1
1997,4,10,1.0,7.2
1982,5,10,1.0,4.4
2018,1,1,2.0,7.3
1957,4,10,1.0,6.8
1971,12,10,1.0,4.6
2000,10,10,1.0,6.7
2005,9,10,1.0,5.1
2007,3,10,1.0,5.9
1945,9,10,1.0,6.5
1930,8,10,1.0,6.4
2004,4,10,1.0,4.0
2020,1,6,2.0,6.7
1934,5,10,52.0,5.3
1954,1,10,1.0,6.2
2006,3,1,1.0,7.0
1942,6,10,1.0,6.1
1941,4,10,1.0,6.7
2009,4,10,1.0,7.1
2020,2,10,1.0,5.7
1990,11,10,1.0,6.2
2011,9,10,1.0,6.8
1958,9,10,1.0,5.8
1995,3,10,1.0,6.6
1986,12,10,1.0,7.3
1994,12,10,2.0,7.4
1939,3,10,1.0,6.4
2014,9,10,1.0,4.8
2011,2,10,2.0,7.3
1951,10,10,1.0,6.4
1968,11,1,1.0,7.5
1952,5,10,1.0,7.3
1977,8,10,1.0,6.6
2016,9,10,1.0,6.1
2012,10,10,1.0,7.7
2017,9,10,1.0,6.7
1970,12,10,2.0,7.5
1969,1,10,1.0,4.8
1994,3,10,1.0,7.0
1965,6,10,1.0,5.3
1933,12,10,1.0,6.6
1934,10,10,1.0,5.9
1929,7,9,1.0,6.8
1981,11,10,1.0,6.3
1970,1,6,48.0,5.5
1955,3,10,1.0,6.0
2003,8,10,2.0,7.6
2009,2,10,1.0,6.5
1975,10,10,1.0,6.2
1931,11,10,1.0,5.1
1946,4,10,1.0,6.7
1997,1,10,2.0,8.4
1974,9,10,1.0,6.8
1948,3,10,1.0,7.2
1927,9,10,1.0,6.3
2024,12,10,1.0,6.0
2004,12,10,1.0,5.9
1988,9,10,1.0,7.1
1993,11,10,2.0,7.1
1925,7,10,1.0,6.6
1977,10,10,1.0,7.1
1980,6,10,2.0,4.3
2005,9,1,1.0,8.0
1960,12,10,1.0,6.3
2020,3,10,1.0,6.4
1968,1,10,1.0,5.6
2002,9,10,55.0,5.7
1962,4,10,1.0,6.4
1980,2,10,2.0,6.8
1991,9,10,1.0,7.6
1961,12,10,1.0,6.4
1971,2,10,1.0,6.3
2007,9,10,1.0,2.7
1943,6,10,57.0,5.0
1986,3,10,1.0,6.3
1935,3,10,1.0,6.6
1931,7,10,55.0,6.8
1942,9,10,1.0,6.1
2022,11,10,1.0,5.2
1985,8,10,1.0,6.6
2014,6,10,1.0,5.9
1948,3,10,1.0,5.4
1937,11,10,1.0,6.5
1998,10,10,1.0,3.4
1941,11,10,1.0,4.7
2000,5,10,1.0,6.6
1928,1,8,1.0,5.2
1980,2,10,1.0,6.0
1958,3,10,1.0,6.5
1964,9,10,1.0,7.1
2005,1,10,1.0,7.5
1957,10,10,1.0,6.5
1988,6,10,1.0,4.0
1959,1,10,1.0,7.1
1945,4,10,3.0,6.6
2015,1,10,2.0,7.0
2018,2,10,1.0,5.7
2021,9,10,1.0,7.0
2021,7,10,1.0,6.4
2011,12,10,2.0,6.5
2000,8,10,1.0,5.5
2015,1,10,1.0,4.8
1952,8,10,1.0,6.7
1945,7,10,1.0,2.8
1943,7,3,1.0,6.4
2014,8,10,1.0,6.4
1984,5,10,1.0,5.9
1978,5,10,1.0,4.7
1969,12,10,1.0,6.4
1932,2,10,1.0,6.8
1972,11,10,2.0,8.4
1928,10,10,1.0,6.3
1930,6,10,55.0,5.6
1972,5,10,1.0,5.3
1976,10,10,1.0,5.5
1969,6,10,1.0,4.4
1945,6,10,1.0,5.6
2009,5,10,1.0,5.7
1958,12,10,1.0,5.5
1932,11,10,1.0,6.3
2005,6,10,1.0,6.2
1930,3,10,1.0,6.7
2005,7,10,1.0,5.4
2006,7,10,1.0,7.8
2013,5,10,1.0,7.3
1938,1,10,1.0,6.5
1953,10,10,1.0,6.0
2000,11,10,1.0,6.4
1986,6,10,2.0,7.8
1976,7,10,1.0,6.1
2005,4,10,1.0,7.3
1989,4,10,1.0,5.1
1999,2,10,1.0,6.0
1963,12,10,1.0,5.4
2008,1,10,1.0,8.2
1977,10,10,1.0,6.8
1981,2,10,1.0,4.7
2014,7,10,2.0,4.7
1993,8,10,1.0,7.3
1985,8,10,1.0,5.6
1937,7,10,1.0,6.1
1996,11,10,2.0,7.8
1988,3,10,1.0,5.9
1955,11,10,1.0,6.5
1990,5,10,1.0,7.2
2017,7,10,1.0,6.4
1970,3,10,1.0,4.7
1997,7,10,1.0,7.2
1924,5,10,1.0,5.8
1978,4,10,1.0,4.8
1940,3,10,1.0,6.9
1979,12,10,2.0,8.0
1979,12,7,1.0,6.3
1980,12,10,2.0,6.6
1947,7,10,1.0,5.7
1948,11,10,1.0,6.9
1985,4,10,1.0,7.7
1986,11,10,1.0,5.9
1984,9,10,1.0,5.6
1941,11,10,1.0,5.8
2025,1,10,1.0,5.7
2011,12,10,2.0,7.4
1945,3,10,1.0,7.2
1936,6,10,1.0,5.8
1948,7,10,1.0,6.4
1961,9,10,1.0,4.5
1929,1,10,1.0,6.0
1971,9,10,2.0,6.3
1971,12,7,1.0,7.3
2008,10,10,1.0,5.2
1960,7,10,2.0,6.9
1931,4,10,1.0,8.5
2018,12,10,2.0,7.5
1948,12,10,1.0,7.5
1958,10,10,1.0,6.3
1967,4,10,1.0,4.4
1965,3,10,2.0,7.8
1999,2,10,1.0,5.6
1989,3,10,1.0,6.6
1991,5,10,1.0,5.9
1955,2,10,1.0,7.6
1990,12,10,2.0,7.6
1961,12,10,1.0,6.2
2022,10,10,1.0,6.7
2008,10,10,1.0,6.4
2007,4,10,1.0,7.0
1957,1,10,1.0,7.4
1944,7,10,1.0,5.7
1982,12,10,1.0,6.4
2004,4,10,1.0,7.1
1976,4,10,1.0,5.3
2001,6,10,1.0,4.7
1974,3,10,1.0,5.6
1986,9,10,1.0,4.8
1991,1,10,1.0,4.2
1978,9,10,1.0,6.8
1986,10,10,1.0,7.8
1977,9,10,1.0,7.4
1955,6,10,1.0,5.5
2009,3,10,1.0,5.8
1996,10,10,1.0,7.3
1953,8,10,1.0,7.0
1971,8,10,1.0,6.4
2022,8,10,1.0,4.0
2001,3,10,55.0,6.6
1945,7,10,1.0,6.2
1971,10,10,1.0,5.6
2021,10,10,1.0,6.3
1944,12,10,1.0,8.2
1951,9,10,1.0,7.5
1967,9,7,1.0,5.9
1966,9,10,1.0,5.9
1968,12,8,1.0,6.0
1978,6,10,1.0,6.2
1980,1,10,1.0,6.9
2011,8,10,1.0,7.0
2006,1,10,1.0,5.8
2019,6,10,1.0,7.2
1935,3,10,1.0,7.9
1978,12,10,1.0,5.4
2019,10,10,1.0,7.5
1937,10,10,1.0,7.6
1958,12,10,1.0,7.1
1959,2,10,1.0,5.7
2016,3,10,2.0,6.7
1958,7,10,1.0,6.7
1979,9,10,1.0,5.8
1987,6,10,1.0,5.9
1988,2,10,1.0,6.4
1991,6,10,1.0,6.8
1926,9,10,1.0,7.1
1953,8,10,1.0,5.9
2010,10,10,1.0,5.5
1971,1,10,2.0,7.8
1946,12,10,1.0,6.0
1994,8,10,1.0,6.5
1938,8,10,1.0,6.7
2009,9,10,1.0,4.7
2018,10,10,2.0,7.6
1992,6,10,2.0,7.1
2019,4,10,1.0,6.1
2009,3,10,1.0,7.0
1967,6,10,1.0,5.8
1991,6,10,1.0,5.5
1979,11,10,1.0,7.0
2014,3,10,1.0,5.2
1995,6,10,1.0,5.3
2019,6,10,1.0,5.6
1928,11,10,1.0,5.9
2018,10,10,1.0,7.2
1993,7,10,2.0,7.3
1926,5,10,3.0,5.8
2019,7,10,2.0,7.9
1982,9,10,1.0,5.9
1984,3,10,1.0,9.2
1991,8,10,1.0,6.9
1961,1,1,1.0,4.3
1971,1,10,1.0,6.7
1941,4,10,1.0,5.9
2003,12,1,1.0,5.2
1947,8,10,1.0,6.4
1956,9,10,1.0,7.2
1984,6,10,1.0,4.6
1989,11,10,1.0,6.4
1987,9,10,1.0,5.4
1940,6,10,1.0,6.0
1996,7,10,1.0,5.3
1938,7,10,1.0,5.1
1947,9,10,1.0,6.5
1972,5,9,1.0,5.3
1941,6,10,1.0,6.2
1930,1,10,1.0,6.4
1953,4,10,1.0,5.9
1998,12,10,2.0,6.8
1993,11,10,2.0,7.0
2024,10,10,1.0,7.0
1982,9,10,1.0,4.9
2019,5,10,2.0,7.1
1920,1,9,1.0,4.2
1949,12,10,1.0,6.8
1999,11,3,1.0,4.2
1974,2,10,1.0,6.6
2001,7,10,1.0,6.5
2005,10,10,1.0,3.7
1993,2,10,1.0,7.6
1992,2,10,1.0,4.8
1981,4,10,2.0,7.0
1967,7,5,1.0,6.6
1920,12,10,1.0,5.0
2015,7,3,1.0,6.6
1935,11,10,1.0,7.3
2014,4,1,1.0,6.3
1926,10,10,1.0,5.7
1977,6,10,1.0,6.9
1986,12,10,1.0,6.9
2025,1,10,1.0,4.6
2000,9,10,1.0,4.1
2024,2,5,1.0,9.2
1947,9,3,1.0,4.0
1920,8,10,1.0,7.3
1976,4,10,1.0,3.3
1994,11,10,1.0,5.1
1971,9,10,1.0,3.8
1991,10,10,1.0,4.8
1993,4,10,1.0,6.4
2018,9,8,1.0,4.6
1998,2,10,1.0,7.0
1934,12,10,1.0,5.6
1970,9,10,2.0,7.4
1939,2,10,1.0,6.1
2005,9,10,1.0,6.9
1928,11,10,1.0,5.7
1973,6,10,1.0,4.8
1941,6,10,1.0,6.8
1972,11,10,1.0,6.1
1948,4,10,1.0,6.2
1930,10,10,1.0,5.9
2007,11,10,1.0,6.2
1991,1,10,1.0,4.9
2004,9,10,1.0,7.5
1974,9,10,1.0,5.5
1982,1,10,1.0,5.0
1985,1,10,2.0,6.5
1975,4,1,55.0,6.8
1983,8,10,1.0,4.6
1954,12,10,1.0,7.0
2007,3,10,1.0,4.7
1978,1,10,1.0,4.9
1940,7,10,59.0,5.9
2001,11,10,1.0,7.1
2020,11,10,2.0,7.4
2018,8,10,2.0,6.2
1941,2,10,1.0,6.0
1922,2,10,1.0,5.4
1969,3,10,1.0,6.3
2022,6,10,2.0,8.3
1983,1,10,1.0,6.8
1978,10,10,1.0,7.7
1998,10,10,1.0,7.5
1938,9,10,1.0,6.2
1964,3,10,1.0,6.6
1991,8,10,1.0,7.4
1981,8,10,1.0,6.3
2015,10,3,1.0,6.9
1994,1,10,1.0,5.8
1939,4,10,57.0,6.0
1994,1,10,2.0,6.8
1950,7,10,1.0,6.1
2014,1,10,1.0,6.1
2011,1,10,1.0,6.3
1941,5,10,1.0,6.7
2007,11,10,1.0,7.1
1932,10,10,1.0,6.6
1926,9,10,3.0,5.9
1958,11,10,1.0,5.1
2016,12,10,2.0,6.9
1988,3,10,1.0,6.2
2006,9,10,1.0,4.7
2016,1,10,1.0,3.4
1928,12,10,1.0,6.4
2008,10,10,1.0,6.1
2010,8,7,1.0,4.4
2011,6,10,1.0,6.2
1979,1,10,1.0,5.2
2001,10,1,1.0,7.3
1970,1,10,1.0,5.4
1936,2,10,1.0,5.2
1981,9,10,1.0,4.2
2019,2,10,1.0,5.9
1966,1,10,1.0,7.0
1938,6,10,54.0,7.1
1982,4,10,1.0,4.2
1947,8,10,1.0,6.3
1933,4,10,1.0,5.5
1968,7,10,2.0,8.2
1982,4,10,1.0,5.2
2005,4,10,1.0,5.3
1975,3,10,1.0,6.1
1967,10,10,1.0,6.7
1954,12,10,1.0,6.5
1996,9,10,2.0,7.0
2000,11,10,1.0,4.9
2004,4,10,1.0,6.0
1967,3,10,1.0,5.0
1977,3,10,1.0,6.3
1972,1,10,1.0,7.1
1961,4,10,1.0,6.5
1990,8,10,2.0,7.1
1959,7,10,1.0,6.6
1960,8,10,1.0,8.0
1932,3,10,1.0,5.3
1997,11,10,2.0,6.8
1984,5,10,1.0,6.7
1964,6,10,1.0,5.3
1937,1,10,1.0,3.4
2022,11,10,1.0,5.5
1928,9,10,1.0,6.0
1940,2,10,1.0,6.2
1947,2,10,1.0,6.4
2013,9,10,1.0,6.4
1963,9,10,1.0,5.2
2024,3,10,1.0,6.2
1988,5,10,1.0,4.4
2011,10,10,1.0,5.7
1989,4,10,1.0,4.9
1997,1,10,1.0,6.3
1970,11,10,1.0,4.7
1969,1,10,1.0,6.4
1977,11,10,2.0,7.2
1926,3,10,55.0,5.2
1935,8,10,1.0,6.2
1966,1,10,1.0,7.5
2009,8,10,1.0,7.1
1982,7,10,1.0,5.8
2000,8,10,2.0,5.1
1973,6,10,1.0,6.2
2008,10,10,1.0,6.4
1973,5,10,2.0,7.2
1987,5,10,1.0,4.7
1954,11,10,1.0,7.1
1939,2,10,1.0,6.3
1963,2,10,1.0,6.0
1943,5,10,1.0,4.9
1985,5,6,1.0,5.8
1949,11,10,1.0,6.2
2014,2,10,2.0,5.7
1930,7,10,1.0,6.3
1997,1,10,1.0,3.1
1948,2,10,1.0,6.9
1974,8,10,1.0,5.5
2011,8,10,1.0,6.7
1980,9,10,1.0,6.6
1944,2,10,1.0,4.9
1959,7,10,1.0,7.1
2006,1,10,2.0,7.9
1946,12,10,1.0,6.3
1964,1,8,2.0,7.8
2002,1,10,1.0,4.3
2017,9,10,1.0,5.8
1942,12,10,1.0,5.5
1966,2,10,2.0,7.1
1953,5,10,1.0,6.6
1980,12,10,1.0,6.4
1998,5,10,1.0,4.8
1989,12,10,1.0,7.3
1958,4,10,1.0,5.7
2019,6,10,1.0,5.5
1979,11,10,1.0,7.2
2020,7,10,1.0,7.0
1957,12,10,1.0,7.0
1933,12,10,1.0,5.6
1964,4,10,1.0,6.7
2007,9,10,1.0,6.1
1943,7,10,1.0,7.1
2025,2,10,2.0,9.2
2020,10,10,1.0,5.9
2013,10,10,1.0,5.9
2000,3,10,2.0,6.7
1977,6,8,1.0,6.0
2008,1,10,1.0,5.6
2006,3,10,1.0,4.4
2007,8,10,1.0,7.1
1981,7,10,1.0,4.4
1950,6,10,1.0,6.8
1957,8,10,1.0,6.1
1935,3,10,1.0,7.6
1923,7,10,1.0,7.8
1920,2,9,1.0,2.4
1990,4,10,1.0,4.1
1931,8,10,1.0,5.7
1932,7,9,53.0,6.2
1982,3,6,1.0,4.8
1961,12,10,1.0,3.9
2005,9,10,1.0,6.3
1929,9,3,1.0,6.8
1921,10,10,1.0,2.3
1991,12,10,1.0,3.6
1997,11,10,1.0,7.3
1927,4,10,1.0,5.4
2010,6,10,1.0,6.6
1985,5,10,1.0,4.4
1959,12,10,2.0,6.8
1969,11,10,2.0,7.0
1937,10,10,2.0,7.0
1981,10,10,1.0,7.8
2005,9,10,1.0,7.4
1949,9,10,1.0,7.1
1964,7,10,1.0,6.2
1927,9,10,1.0,6.6
1958,5,10,1.0,7.4
1954,7,10,1.0,5.7
2001,3,10,1.0,5.6
1999,2,10,2.0,6.6
1935,5,10,1.0,5.5
1933,4,10,1.0,7.9
1964,5,10,1.0,6.9
1955,12,10,1.0,3.6
1962,1,10,1.0,7.1
1937,1,10,1.0,5.9
1984,11,10,1.0,4.8
1931,3,10,1.0,5.6
2013,1,10,1.0,6.1
1988,10,10,1.0,7.7
1940,12,10,1.0,6.8
1982,6,10,1.0,3.7
2018,12,10,1.0,5.2
1943,12,9,1.0,6.5
2003,11,10,1.0,7.4
1931,1,10,1.0,7.2
1938,5,10,1.0,4.7
1935,4,10,1.0,5.9
1967,3,10,1.0,5.8
1936,1,10,1.0,6.3
1991,11,10,1.0,4.5
2018,10,10,3.0,7.7
2009,2,9,1.0,5.3
2022,4,10,1.0,5.2
2020,5,10,2.0,5.9
1966,1,10,1.0,5.7
2017,9,10,2.0,6.2
1979,12,10,1.0,6.0
1989,1,1,1.0,7.9
1960,9,10,1.0,8.3
2003,6,10,6.0,8.5
1995,1,10,1.0,6.7
1962,5,10,1.0,4.7
1933,11,10,1.0,6.4
1957,1,10,1.0,7.6
2018,6,10,1.0,6.8
2013,7,10,1.0,6.7
1939,7,10,1.0,6.2
1933,11,10,1.0,6.7
1968,10,10,1.0,7.4
1997,5,10,1.0,7.0
2000,10,10,1.0,4.2
1983,6,10,2.0,5.0
1940,10,10,1.0,6.4
1985,11,10,1.0,6.8
2019,10,10,1.0,6.6
1993,1,6,1.0,6.0
1956,11,10,1.0,6.6
2018,11,10,1.0,6.5
1929,4,9,1.0,6.6
1967,12,10,2.0,6.4
1999,12,10,1.0,6.0
1962,5,10,2.0,6.2
1948,5,10,1.0,6.6
1945,1,10,1.0,8.0
2016,9,10,1.0,7.6
1969,6,10,1.0,6.0
2008,7,10,1.0,5.8
2010,10,10,1.0,5.3
1991,2,10,1.0,5.7
1926,10,10,1.0,7.3
1959,1,10,2.0,6.7
1943,2,10,1.0,6.0
1968,2,10,1.0,5.6
1980,9,10,1.0,5.1
1947,5,10,1.0,7.8
1981,3,10,1.0,7.4
1948,7,10,1.0,6.5
1991,10,10,1.0,5.4
2003,1,10,2.0,7.6
1961,5,7,1.0,4.5
2002,7,10,3.0,7.5
1958,10,10,1.0,7.5
1977,10,10,1.0,7.4
1951,11,10,1.0,5.5
2018,2,6,1.0,6.6
1978,10,6,1.0,4.4
1947,8,10,1.0,6.1
1950,6,10,1.0,5.1
1969,12,10,1.0,7.6
2021,8,10,1.0,5.2
1927,10,9,50.0,5.5
1975,7,10,1.0,6.0
1990,11,10,1.0,7.5
1931,3,10,1.0,6.5
1941,10,10,1.0,6.4
1940,4,10,1.0,6.3
1940,11,10,1.0,6.1
1938,10,10,1.0,5.2
2003,7,10,1.0,6.6
2017,7,10,1.0,3.9
1957,8,10,1.0,7.6
1961,11,10,1.0,6.4
1929,8,10,1.0,6.2
2018,12,10,1.0,6.7
1955,8,10,1.0,6.2
1986,6,10,1.0,6.1
1937,8,10,1.0,6.6
1964,8,10,2.0,6.4
1968,6,10,1.0,5.3
1998,1,10,1.0,5.8
2025,1,10,2.0,6.3
1941,12,10,1.0,5.7
1931,11,10,1.0,7.2
1948,2,10,1.0,6.5
1988,10,10,2.0,7.0
2023,9,10,2.0,6.9
2024,5,10,2.0,6.9
1957,1,9,2.0,6.4
1935,1,10,1.0,3.2
1999,2,10,1.0,6.9
2005,3,10,1.0,2.2
2022,12,10,1.0,4.0
2016,11,3,1.0,7.1
1960,4,10,1.0,4.5
1933,5,10,4.0,6.3
1926,4,10,1.0,6.6
2003,1,10,1.0,5.9
1973,9,10,1.0,6.2
1941,9,10,50.0,5.9
1996,5,10,1.0,6.4
1946,9,6,1.0,6.9
2018,3,10,1.0,6.1
1999,5,10,1.0,6.4
1992,2,10,2.0,5.9
2019,7,10,1.0,6.3
1951,9,10,1.0,6.2
1996,3,10,1.0,5.9
1997,3,10,1.0,6.2
1974,1,10,1.0,5.0
2005,2,10,2.0,7.0
1975,8,10,1.0,5.2
1954,3,10,1.0,7.2
1981,12,10,1.0,5.5
1992,5,9,1.0,4.4
1992,11,10,1.0,3.4
1961,8,10,1.0,7.6
1959,1,10,1.0,7.1
1977,9,10,1.0,7.0
1986,9,10,1.0,5.1
1988,3,10,1.0,6.4
1958,12,10,1.0,6.5
1988,9,10,1.0,5.5
1959,10,10,1.0,7.2
1977,4,10,1.0,4.9
1969,11,8,1.0,7.3
1943,1,10,1.0,6.1
2022,9,10,1.0,7.0
1996,7,10,1.0,6.6
1971,6,10,1.0,7.4
2003,1,10,1.0,6.8
1945,11,10,54.0,6.3
1978,7,10,1.0,4.8
1996,8,10,1.0,7.3
1982,2,10,1.0,3.6
1939,6,10,1.0,7.0
2002,2,10,2.0,6.6
2020,3,7,1.0,5.6
1979,4,10,1.0,5.8
2011,12,6,1.0,6.8
1976,6,10,1.0,5.5
1999,1,10,1.0,5.9
1944,9,10,1.0,6.2
2000,9,10,1.0,6.8
1934,8,10,1.0,6.3
1969,10,2,50.0,6.6
1958,11,10,1.0,5.4
1965,5,10,2.0,5.6
2006,2,10,1.0,5.8
2003,9,10,1.0,7.4
1979,9,10,1.0,4.7
2003,3,10,1.0,5.1
2022,3,10,1.0,7.2
1933,10,10,1.0,6.8
2019,9,10,1.0,8.6
1960,1,9,1.0,6.6
1994,9,10,1.0,6.4
1984,4,7,1.0,5.2
1943,7,10,1.0,7.4
1954,9,10,1.0,7.5
1937,1,10,1.0,6.9
1998,9,10,1.0,6.9
1997,9,10,1.0,4.2
2000,8,4,1.0,6.8
1960,9,10,1.0,7.0
1946,12,10,1.0,5.7
1950,9,10,1.0,4.4
1963,2,10,2.0,6.8
1992,5,10,2.0,6.6
1971,8,4,1.0,6.2
1991,10,10,1.0,5.3
2002,1,10,2.0,7.7
1989,5,10,1.0,5.9
2002,2,10,1.0,6.3
1961,12,9,1.0,7.7
1951,5,10,1.0,4.9
2005,1,10,1.0,6.8
1992,9,10,1.0,7.0
1973,3,10,1.0,3.2
1976,1,10,1.0,6.3
1980,6,10,1.0,5.6
2024,5,10,1.0,6.3
1955,10,10,1.0,7.3
1974,10,10,1.0,2.7
1997,12,10,1.0,5.3
2022,4,10,2.0,3.8
2000,1,10,1.0,5.9
1978,10,10,1.0,6.8
1966,11,10,1.0,6.2
1936,6,10,1.0,6.2
1924,9,8,1.0,6.0
1930,7,10,1.0,6.7
1947,7,10,1.0,7.2
1978,11,10,1.0,6.9
2008,6,2,1.0,7.3
1975,1,10,1.0,6.4
1980,9,10,1.0,7.1
1950,9,10,1.0,6.7
1945,5,10,1.0,6.0
1932,6,10,1.0,6.2
1934,12,10,1.0,7.1
1968,5,10,1.0,5.5
1983,1,10,1.0,4.9
1976,1,10,1.0,7.7
1982,12,10,1.0,7.8
1954,9,10,1.0,6.8
1925,11,10,55.0,5.5
1954,10,10,1.0,6.1
1991,12,10,2.0,7.7
1973,12,10,1.0,4.7
1964,12,10,2.0,7.9
1938,3,10,55.0,5.8
1923,12,10,1.0,4.6
1960,2,10,1.0,6.7
1940,11,10,1.0,6.1
1988,3,10,1.0,6.0
1969,2,10,1.0,7.3
1980,10,10,1.0,7.6
1948,12,10,1.0,7.2
1943,12,10,1.0,7.4
1979,10,10,1.0,6.9
1961,7,10,1.0,6.0
1944,6,10,1.0,6.1
1942,5,10,1.0,6.3
1995,9,10,1.0,5.0
1988,4,10,1.0,5.0
1974,11,10,1.0,5.0
1989,12,10,1.0,5.7
1944,3,10,58.0,6.6
1958,10,10,1.0,5.1
1942,2,10,1.0,6.3
1940,1,9,1.0,6.8
1954,10,10,2.0,7.5
1986,9,10,1.0,3.7
1961,6,10,1.0,5.5
1928,10,10,1.0,4.4
1975,1,10,1.0,5.0
1998,9,10,1.0,4.5
1965,12,10,1.0,6.7
1987,5,10,1.0,5.8
2001,6,10,1.0,6.2
2015,3,1,1.0,8.1
1994,11,10,1.0,6.6
1968,7,10,1.0,6.6
1968,11,10,1.0,5.7
1926,6,10,50.0,4.9
1955,7,10,1.0,6.9
1993,3,10,1.0,6.3
1963,12,10,1.0,7.2
1964,8,10,1.0,4.4
1984,4,10,1.0,6.5
1994,4,10,2.0,5.8
1960,5,10,1.0,6.8
1998,10,10,1.0,6.1
1942,1,10,1.0,7.1
1976,9,10,1.0,5.3
1986,9,10,1.0,5.3
2016,1,10,1.0,3.5
1939,9,10,1.0,6.3
1981,5,10,1.0,6.3
1989,8,10,1.0,7.1
2004,9,10,1.0,7.8
2012,2,10,1.0,7.6
1953,12,9,1.0,6.4
2017,12,10,2.0,5.9
2001,8,10,1.0,5.2
1974,11,10,1.0,4.5
1941,11,10,1.0,6.7
1956,3,10,1.0,5.8
2014,7,10,1.0,7.0
1978,5,10,1.0,4.3
1939,1,10,1.0,5.3
1924,2,10,1.0,6.5
2003,4,10,1.0,6.3
2019,12,10,1.0,4.6
2002,9,10,1.0,6.8
1954,6,10,1.0,6.8
1979,2,10,1.0,6.7
1982,10,10,1.0,7.3
1993,9,10,1.0,6.5
2014,7,10,1.0,6.1
1968,5,10,1.0,5.6
1999,9,10,1.0,6.4
2002,4,10,1.0,4.2
2005,9,10,2.0,7.8
1981,8,10,1.0,6.4
2011,7,10,1.0,5.6
1938,9,10,1.0,6.8
1987,10,10,1.0,5.7
1965,6,10,2.0,7.0
2014,4,6,1.0,8.1
2002,7,9,1.0,6.4
1957,9,1,1.0,3.2
2013,9,10,1.0,4.8
1972,7,10,1.0,4.3
2016,7,10,1.0,7.3
1993,9,10,1.0,5.8
1963,1,10,1.0,4.9
2019,9,10,1.0,6.2
1981,2,10,2.0,6.5
1953,4,10,1.0,6.9
1943,6,10,1.0,6.4
2019,8,10,1.0,6.5
1962,3,10,1.0,7.0
1968,4,10,1.0,6.3
1926,3,10,1.0,6.6
1966,9,10,1.0,4.1
1964,10,10,1.0,6.3
2013,7,10,1.0,7.5
2006,1,10,1.0,3.2
2017,2,10,1.0,4.1
1942,10,10,1.0,4.7
1958,3,10,1.0,6.6
1952,5,10,2.0,6.8
1939,2,10,1.0,7.4
2021,10,10,1.0,7.1
2002,11,10,2.0,7.4
1969,1,10,1.0,6.1
1931,9,10,1.0,5.6
1933,4,10,2.0,7.8
1965,1,10,1.0,7.3
1964,7,10,1.0,4.5
1946,11,10,1.0,5.8
1940,11,10,1.0,6.4
1977,4,10,1.0,4.1
1976,12,10,1.0,5.0
1928,1,6,50.0,3.6
1932,12,10,1.0,5.5
1983,4,10,1.0,6.2
1938,3,10,1.0,6.7
2019,5,10,1.0,7.4
1948,5,10,1.0,6.3
1979,9,10,1.0,5.7
1938,9,10,1.0,6.1
1951,7,10,1.0,5.8
1976,7,10,1.0,6.0
1992,12,10,1.0,6.7
1923,3,9,1.0,7.1
2008,3,10,1.0,6.8
1932,12,9,1.0,6.2
1930,8,10,1.0,5.2
1928,9,10,1.0,4.6
1986,1,10,1.0,4.6
1972,12,10,1.0,6.3
2000,12,10,1.0,3.9
2006,7,10,2.0,6.1
2025,3,4,1.0,8.0
1996,8,10,1.0,5.8
1986,12,10,1.0,7.3
1949,8,10,1.0,5.4
1973,4,10,1.0,4.3
1931,12,10,1.0,6.0
1957,2,10,1.0,7.1
2000,4,10,1.0,6.4
1961,4,10,1.0,6.8
1973,5,10,1.0,6.6
1984,10,10,1.0,6.2
1965,4,10,1.0,5.5
1986,10,9,57.0,5.6
1982,1,10,1.0,5.0
2002,10,10,1.0,4.8
1975,10,10,1.0,6.5
1948,3,10,1.0,6.4
1938,12,10,1.0,6.2
1930,1,10,1.0,5.4
2013,5,10,2.0,5.3
1934,1,10,1.0,4.8
1930,2,8,1.0,6.5
1973,10,10,1.0,4.5
2011,10,10,1.0,7.1
1941,2,10,1.0,6.5
1985,8,10,1.0,5.5
2003,12,10,1.0,6.3
2008,4,10,1.0,3.7
1936,7,10,1.0,6.0
1945,2,9,56.0,5.9
1985,3,5,1.0,3.2
1993,4,10,1.0,6.0
1985,6,10,1.0,7.8
1948,9,10,1.0,6.9
2016,9,10,1.0,6.8
1979,8,10,1.0,5.3
2022,9,10,2.0,6.7
1943,12,10,1.0,6.3
2012,9,10,1.0,5.3
2012,12,10,1.0,6.8
1949,2,9,1.0,5.7
1941,1,10,1.0,7.8
1996,1,9,1.0,8.6
1929,5,10,1.0,7.6
1924,8,6,1.0,4.4
1931,1,10,1.0,5.9
1952,11,10,4.0,7.5
1929,11,10,2.0,6.9
1973,10,10,1.0,7.2
2024,12,10,1.0,5.6
1952,5,10,1.0,6.6
1968,8,10,1.0,6.7
1957,4,10,1.0,6.3
1940,2,10,1.0,6.0
1948,7,10,1.0,6.3
2023,6,10,1.0,6.4
2004,10,9,1.0,7.2
1963,3,10,1.0,6.7
2007,1,10,2.0,7.7
2003,4,3,1.0,6.1
1936,9,10,1.0,5.7
2007,10,10,1.0,4.9
1977,11,10,1.0,4.5
1944,12,10,1.0,6.0
1966,3,10,1.0,4.1
1940,3,10,1.0,5.7
2015,10,10,1.0,5.5
1961,3,10,1.0,5.8
1946,9,10,1.0,6.5
1989,1,10,1.0,5.0
1930,11,10,1.0,5.7
1981,7,10,1.0,7.6
2023,11,10,1.0,6.2
1987,8,10,1.0,5.9
1941,3,10,1.0,5.8
2021,12,2,1.0,7.8
1962,12,10,2.0,6.1
1975,6,10,1.0,7.1
1971,1,10,2.0,6.5
1974,2,10,1.0,5.8
2023,4,10,1.0,4.4
1956,7,10,2.0,7.2
1961,4,10,1.0,6.6
1959,9,10,1.0,7.4
1923,10,10,1.0,7.0
1965,4,10,1.0,5.7
1924,5,10,58.0,5.6
1999,4,10,1.0,5.6
1969,3,10,1.0,6.3
1958,9,10,1.0,5.8
1960,7,10,1.0,5.7
1950,6,10,1.0,6.3
2014,1,10,1.0,6.1
1987,3,10,1.0,4.9
1992,6,10,1.0,6.5
1937,1,10,1.0,5.8
1970,12,10,2.0,6.4
1955,1,10,1.0,5.0
1963,8,10,1.0,6.1
1926,10,8,1.0,6.9
1987,10,10,1.0,4.4
1975,8,10,1.0,5.5
1993,9,10,2.0,8.4
1940,1,10,1.0,6.2
1985,8,10,1.0,6.1
1951,12,10,1.0,4.0
1962,10,10,1.0,6.7
1999,12,6,1.0,6.0
2010,11,10,1.0,6.5
1939,2,10,1.0,6.0
1999,4,10,1.0,6.3
2012,3,10,1.0,6.1
2009,10,10,2.0,7.6
2019,10,7,2.0,8.6
1967,10,10,1.0,7.1
1939,10,10,1.0,6.0
1995,6,10,1.0,6.9
2025,1,10,1.0,3.4
1946,1,10,1.0,4.7
1979,1,10,1.0,5.8
1920,9,6,52.0,5.6
2014,7,10,2.0,6.8
1960,2,10,1.0,6.8
2003,3,10,2.0,8.5
1966,6,10,1.0,5.7
1975,9,10,1.0,6.6
1958,10,10,1.0,5.3
1974,4,10,1.0,6.0
2020,2,10,1.0,6.6
1945,9,10,54.0,5.9
1943,4,10,1.0,6.5
1944,12,10,1.0,3.9
2014,9,10,1.0,5.2
1953,10,10,1.0,7.1
1960,10,10,1.0,7.2
1992,11,10,1.0,5.7
1975,6,10,1.0,7.4
1973,5,10,1.0,6.2
1989,7,10,1.0,4.5
1952,9,10,2.0,8.0
1982,5,10,1.0,6.2
1936,11,10,1.0,6.7
2010,5,10,1.0,6.2
1957,10,10,1.0,5.8
1998,5,10,1.0,6.5
2013,6,10,1.0,7.5
1973,4,10,1.0,6.4
2014,12,10,1.0,6.7
1957,12,10,1.0,6.7
1924,6,10,56.0,5.9
1929,4,10,2.0,6.7
1924,3,10,1.0,7.0
1988,11,7,1.0,4.7
2014,9,10,1.0,7.1
1951,4,10,1.0,6.7
2008,4,7,1.0,7.6
2024,6,10,1.0,6.1
2016,8,10,1.0,6.2
1934,8,10,1.0,5.7
1929,5,7,1.0,6.6
1994,10,10,1.0,7.0
1934,2,10,1.0,7.0
1946,11,10,1.0,5.6
1940,12,10,1.0,7.4
2000,2,10,1.0,5.8
1998,10,10,1.0,6.2
2017,1,10,2.0,7.3
1978,7,10,1.0,4.3
1932,8,10,1.0,5.3
2017,1,10,2.0,6.7
2018,12,10,1.0,6.8
1958,12,10,1.0,4.8
1944,4,10,1.0,6.9
1940,12,10,1.0,6.1
1965,9,9,1.0,5.7
1950,4,10,1.0,7.2
2004,10,10,1.0,6.8
2009,2,10,1.0,6.5
2021,11,10,1.0,7.0
1957,9,10,1.0,6.5
1930,6,10,1.0,4.8
1981,4,10,2.0,7.1
2024,5,10,1.0,4.8
2013,3,10,1.0,6.7
1994,1,10,1.0,6.2
1982,10,10,2.0,8.0
1974,12,10,1.0,4.4
1952,10,10,1.0,6.6
1952,3,10,1.0,5.2
2019,6,10,1.0,5.5
1952,10,10,1.0,4.3
1942,12,10,1.0,6.2
1926,9,10,1.0,7.1
1980,4,10,1.0,5.7
1954,2,10,1.0,6.9
2003,8,10,1.0,6.2
1973,1,10,1.0,7.1
2015,6,10,1.0,6.4
2023,7,10,1.0,7.5
1995,12,10,1.0,2.4
1947,5,10,1.0,6.8
1988,4,10,2.0,7.7
1964,10,10,1.0,6.5
1983,6,10,1.0,6.8
1971,1,10,2.0,7.1
2022,12,10,1.0,6.7
1995,12,10,1.0,5.5
1933,9,10,1.0,6.4
2017,11,3,1.0,7.8
1927,8,9,1.0,6.2
2017,2,10,1.0,5.6
1929,12,10,1.0,4.4
1986,7,10,1.0,7.8
1997,8,10,2.0,7.2
1952,9,10,1.0,6.1
1972,8,10,1.0,5.2
1977,4,9,2.0,7.3
2022,8,10,1.0,7.1
1956,9,10,1.0,7.4
1929,1,10,1.0,5.5
1942,4,10,2.0,7.3
1990,7,10,1.0,4.3
1989,1,9,1.0,7.3
2003,7,10,1.0,6.5
1949,8,10,1.0,6.4
2020,6,10,1.0,4.3
1928,12,10,1.0,6.9
1974,5,10,2.0,6.9
2008,12,10,1.0,3.9
1935,4,10,1.0,6.6
1980,6,10,1.0,5.7
1951,10,10,1.0,6.4
1982,4,3,1.0,5.6
1969,5,7,1.0,4.6
2002,11,10,1.0,6.8
1981,7,10,1.0,6.2
2014,6,10,1.0,6.3
1955,6,9,1.0,4.5
1927,9,9,1.0,7.0
1981,4,10,1.0,5.8
1949,2,10,59.0,5.5
1921,8,10,50.0,7.0
1988,3,10,1.0,7.2
2005,4,8,1.0,7.0
1977,1,10,1.0,7.3
1999,3,10,1.0,4.3
1935,3,10,1.0,6.1
1931,6,10,1.0,6.7
1977,1,8,1.0,5.2
1946,5,10,1.0,5.9
1995,1,10,1.0,6.3
1986,4,10,1.0,6.1
1972,11,10,1.0,7.5
1971,1,10,1.0,6.9
1991,3,10,1.0,5.0
2004,10,10,1.0,6.7
1960,1,7,1.0,6.8
2024,11,10,1.0,6.3
1995,5,10,1.0,3.8
1939,12,10,1.0,5.7
2018,10,10,1.0,6.6
2003,5,10,1.0,7.1
1963,9,3,1.0,7.7
2009,4,10,1.0,6.6
1935,9,10,1.0,7.7
2016,9,10,1.0,6.1
2013,9,10,1.0,7.4
2018,12,10,2.0,6.2
1981,9,10,1.0,4.6
1970,10,10,2.0,7.9
1925,4,10,1.0,6.5
1978,9,10,2.0,7.2
1940,12,10,1.0,7.4
2014,6,10,1.0,6.0
1977,3,10,1.0,4.9
2024,12,10,1.0,5.8
2010,3,10,1.0,6.9
2018,2,5,1.0,3.4
1959,3,10,2.0,7.8
1925,1,8,1.0,6.8
1992,10,10,2.0,7.2
1976,2,10,1.0,5.3
1987,2,10,1.0,5.5
1975,10,10,1.0,5.6
1925,4,8,50.0,6.9
1948,10,10,1.0,8.4
1934,12,10,1.0,5.6
2002,5,10,1.0,7.1
1966,5,10,1.0,8.2
1984,8,10,1.0,6.6
2016,7,10,2.0,7.0
1970,9,10,1.0,4.2
2012,9,10,1.0,7.1
1963,1,10,1.0,7.7
1971,1,10,1.0,7.1
1970,9,7,1.0,7.7
1992,5,10,1.0,4.0
1989,12,10,1.0,4.9
2008,9,10,1.0,4.6
1990,10,10,1.0,6.9
1944,10,10,2.0,7.0
2017,10,4,1.0,6.9
1999,3,10,2.0,7.3
1937,11,10,1.0,5.9
1964,9,10,1.0,4.3
1959,4,10,1.0,6.2
1948,3,10,1.0,6.8
1931,2,10,1.0,5.0
1935,8,10,1.0,5.7
1947,3,10,1.0,7.7
1980,10,10,1.0,4.9
2017,8,10,2.0,7.2
1967,10,10,1.0,5.3
1979,12,10,1.0,4.8
1979,9,10,1.0,7.3
1999,7,10,1.0,7.2
1937,8,10,3.0,5.9
1945,9,1,2.0,9.2
1937,1,10,1.0,5.8
1962,9,10,1.0,5.5
1956,12,8,1.0,5.1
1995,8,10,1.0,6.5
1999,5,10,1.0,2.0
1941,4,10,1.0,6.3
1983,6,10,2.0,8.8
1988,7,3,1.0,7.5
1958,3,10,1.0,6.6
2018,12,10,1.0,5.4
1944,10,10,1.0,5.4
1993,8,10,1.0,7.3
1997,11,10,1.0,5.3
1930,9,9,1.0,5.6
1966,11,10,1.0,5.8
1938,9,10,1.0,6.6
1947,11,10,1.0,4.7
1953,3,10,1.0,5.6
1978,10,6,55.0,7.3
2011,10,10,1.0,3.7
2006,1,10,1.0,6.9
1968,12,10,1.0,6.5
1977,11,10,1.0,5.8
1937,2,10,1.0,7.1
1971,9,10,1.0,5.6
2018,8,10,1.0,6.2
2009,8,10,1.0,7.1
2010,6,10,2.0,6.4
1932,6,9,1.0,7.1
1965,10,10,1.0,6.4
1991,1,10,1.0,5.9
1973,11,10,2.0,7.2
2005,8,10,2.0,6.6
2017,6,10,1.0,6.0
1956,12,10,1.0,5.7
2021,6,10,1.0,4.5
1995,3,10,1.0,6.5
2013,1,10,1.0,6.6
1995,7,10,1.0,5.9
1923,11,10,1.0,4.6
1974,9,10,1.0,4.4
1987,9,10,1.0,5.7
1940,8,10,1.0,7.2
1970,10,10,1.0,4.3
1990,1,10,2.0,7.7
1973,11,10,1.0,6.3
1956,8,10,1.0,7.7
1936,6,10,1.0,5.8
2019,8,10,1.0,5.4
1999,8,10,1.0,7.1
2006,10,10,1.0,5.0
1956,12,10,1.0,6.1
1999,11,10,1.0,6.2
1949,9,5,1.0,6.0
1968,3,10,1.0,5.9
1940,7,10,1.0,6.0
1938,9,8,1.0,6.3
1975,4,10,1.0,6.3
1994,12,10,1.0,5.8
1936,4,10,1.0,6.1
2016,9,10,1.0,7.7
1997,12,10,1.0,4.8
1973,11,10,1.0,5.3
1992,9,10,1.0,4.5
1991,11,10,3.0,5.3
2002,10,4,1.0,6.4
2017,7,10,1.0,6.2
1955,9,10,1.0,6.8
2021,2,10,1.0,5.5
2021,9,10,1.0,6.4
1923,5,10,1.0,3.8
1921,8,10,1.0,7.1
1951,11,10,1.0,7.0
1979,11,10,1.0,6.1
2023,4,10,1.0,6.4
1947,7,10,1.0,6.7
1971,6,10,1.0,5.5
2002,1,10,1.0,5.7
1993,8,5,1.0,6.5
1960,3,10,1.0,5.5
1965,2,10,1.0,4.3
2002,11,10,1.0,7.8
1980,12,10,2.0,8.1
2025,2,10,2.0,5.2
1950,12,10,1.0,7.1
1947,6,10,1.0,6.7
1999,4,10,1.0,6.6
1943,11,10,1.0,6.0
1928,5,5,1.0,5.9
2009,7,10,1.0,3.7
2006,1,10,1.0,6.1
1944,10,10,1.0,5.3
2015,10,4,1.0,7.3
1935,1,10,1.0,6.5
1942,1,10,1.0,4.5
1973,5,10,1.0,7.4
1939,5,10,1.0,6.2
1990,12,10,1.0,7.4
1976,11,10,1.0,7.1
2010,1,10,1.0,6.1
1985,1,10,1.0,6.1
1954,5,10,1.0,6.5
1989,12,10,1.0,5.0
1937,1,10,1.0,6.0
1963,8,10,1.0,6.5
2014,8,10,1.0,6.8
1930,3,6,55.0,7.1
1946,3,10,1.0,7.1
2016,9,10,2.0,7.2
1953,4,10,1.0,5.7
2018,6,10,1.0,6.3
1944,9,10,1.0,6.3
1957,1,10,1.0,6.3
1937,11,10,3.0,6.3
1975,2,10,1.0,5.8
1979,8,10,1.0,5.1
1940,9,10,1.0,4.9
1923,12,9,1.0,6.0
1945,1,10,59.0,6.0
1968,12,10,1.0,6.3
2003,3,10,1.0,6.8
1966,4,10,1.0,7.6
2016,6,10,1.0,6.3
1928,8,10,1.0,7.3
2016,9,10,2.0,7.3
1931,1,10,53.0,5.9
1928,8,8,1.0,5.6
2006,9,10,1.0,6.7
1950,2,10,1.0,6.4
2004,2,10,1.0,5.3
1971,4,10,1.0,5.9
1995,9,10,1.0,6.7
2002,1,10,1.0,7.6
1998,5,10,1.0,5.5
1968,4,10,2.0,7.7
2004,8,10,1.0,7.5
2020,12,10,1.0,5.5
1978,7,10,1.0,6.1
1966,2,10,1.0,6.7
1940,12,10,1.0,7.9
1984,2,10,1.0,5.2
1950,3,10,1.0,6.1
1977,11,10,2.0,7.0
1957,2,10,1.0,6.2
1941,7,2,1.0,6.6
1947,12,10,1.0,6.7
1953,6,10,1.0,6.1
2004,6,10,1.0,6.7
1935,10,10,1.0,6.9
1934,8,10,1.0,5.4
1920,11,10,1.0,6.7
1951,10,10,1.0,5.9
2007,5,10,2.0,5.9
1977,5,10,2.0,6.0
1936,9,10,1.0,5.8
1973,10,10,1.0,6.6
1994,11,10,1.0,7.0
1965,8,10,1.0,3.6
1949,4,10,1.0,6.6
1921,5,5,50.0,6.4
1946,10,10,1.0,6.3
1963,8,10,1.0,5.9
1956,2,10,1.0,6.3
2014,12,10,2.0,4.0
1952,4,10,1.0,6.9
1929,9,10,1.0,6.5
1956,3,10,1.0,7.4
1970,11,6,1.0,3.6
1989,6,10,1.0,2.6
1962,7,10,2.0,7.4
2021,9,10,2.0,6.6
1927,6,10,1.0,7.7
1955,1,10,1.0,5.5
1926,6,10,1.0,8.0
1938,11,10,1.0,5.1
1959,12,10,1.0,5.6
1933,3,10,59.0,4.6
1931,8,10,1.0,6.9
1942,12,10,1.0,5.3
2018,9,10,1.0,8.1
1930,11,10,1.0,6.1
1932,9,10,1.0,6.8
1960,1,10,1.0,6.4
1973,7,10,1.0,5.4
1992,3,10,1.0,5.4
1983,6,10,1.0,4.7
1967,9,10,1.0,4.5
1958,2,10,1.0,6.3
1968,4,10,1.0,5.3
2002,8,10,1.0,6.3
1945,9,10,1.0,5.8
1988,7,10,1.0,5.4
1982,4,10,1.0,3.8
1950,12,10,1.0,6.0
1999,6,10,1.0,6.4
1950,10,10,1.0,6.6
1939,12,10,1.0,6.4
1985,11,10,1.0,7.2
2014,1,10,1.0,7.4
1949,7,10,1.0,7.0
1990,10,10,1.0,4.3
1982,9,10,1.0,4.7
1988,9,10,1.0,5.7
1936,4,10,1.0,6.0
1937,7,10,1.0,6.5
1948,4,10,1.0,6.1
1948,11,10,1.0,6.9
1929,7,10,3.0,6.8
1960,6,10,1.0,5.5
2003,7,10,1.0,6.3
1943,6,10,1.0,6.7
1960,7,10,1.0,6.0
1956,11,10,1.0,5.3
1941,5,10,1.0,7.1
1957,5,10,2.0,7.3
1974,4,10,1.0,5.7
2013,3,10,1.0,6.9
2013,8,10,2.0,6.6
1994,10,7,1.0,4.1
1986,2,10,1.0,7.1
1980,6,10,1.0,6.6
1993,5,10,1.0,4.2
1964,2,10,1.0,6.3
2006,2,10,1.0,3.8
1977,1,10,1.0,7.2
1964,6,10,1.0,6.5
1940,1,10,1.0,5.3
1955,6,10,1.0,5.9
2021,5,1,1.0,7.3
1994,9,10,2.0,7.1
2024,10,10,1.0,5.6
1939,10,10,1.0,6.1
1970,2,10,1.0,6.1
1949,5,10,2.0,7.0
1949,9,10,1.0,6.1
2009,3,10,1.0,7.0
1996,4,10,2.0,6.9
2013,8,10,1.0,7.0
1984,6,10,1.0,6.6
1982,1,10,1.0,4.5
1990,2,10,1.0,5.6
1940,9,10,1.0,7.0
1965,9,10,1.0,5.1
1958,12,10,1.0,5.8
1963,9,10,1.0,3.7
1979,6,10,1.0,4.3
1930,1,10,1.0,5.1
1984,6,10,1.0,4.9
1920,6,9,50.0,7.2
1926,12,10,1.0,7.0
2007,1,10,1.0,4.6
1961,12,10,1.0,4.6
1995,8,10,1.0,4.4
1969,12,10,1.0,4.8
1967,4,10,1.0,4.4
1940,8,10,1.0,6.6
2016,11,10,2.0,7.1
1932,12,10,1.0,6.8
2014,3,10,1.0,5.9
2020,4,10,1.0,5.7
1973,1,10,1.0,7.2
1933,1,10,54.0,4.9
1936,9,8,56.0,4.7
2010,5,10,2.0,7.2
2019,11,10,1.0,7.6
1991,1,10,1.0,5.8
1943,11,10,3.0,7.3
1954,6,10,1.0,7.4
1992,11,10,1.0,6.1
1937,11,10,1.0,6.8
1994,12,10,1.0,5.7
1954,1,10,1.0,6.0
2016,8,8,1.0,4.8
1940,9,10,1.0,5.8
2024,10,6,1.0,6.9
1961,2,10,1.0,5.6
2022,4,10,1.0,6.8
1982,5,10,2.0,6.8
2009,2,10,1.0,6.1
1999,4,10,1.0,5.5
2018,10,10,1.0,7.0
1961,9,10,1.0,5.2
1954,9,10,1.0,6.7
1928,1,8,1.0,5.8
1973,9,10,1.0,3.2
1930,8,10,1.0,5.7
1981,6,10,1.0,7.3
2018,10,10,1.0,6.5
1975,6,10,1.0,4.4
2020,5,10,1.0,5.3
2005,10,10,1.0,6.7
1989,9,10,1.0,4.9
1935,4,10,1.0,6.4
2024,11,10,1.0,6.5
1968,4,10,1.0,7.4
1970,3,10,1.0,4.5
1955,6,10,1.0,6.6
1984,2,10,2.0,6.5
1965,12,10,2.0,6.5
1975,1,10,1.0,6.1
1959,11,10,1.0,7.5
2014,6,10,1.0,7.0
1983,10,10,1.0,4.8
2004,9,10,2.0,6.2
1937,7,10,1.0,6.3
1960,10,10,1.0,7.2
1986,2,10,2.0,7.5
1988,8,10,1.0,5.1
1957,5,10,1.0,5.2
1948,1,6,1.0,7.2
1975,9,10,1.0,4.4
1929,3,10,1.0,5.4
2006,1,4,1.0,7.4
2024,8,10,1.0,5.4
2019,8,10,1.0,7.6
1936,2,10,1.0,5.2
1966,6,10,1.0,6.4
1972,3,10,2.0,9.2
1935,2,10,1.0,5.5
1924,3,10,50.0,5.7
2020,10,2,1.0,7.7
1992,5,10,1.0,5.8
1973,7,10,1.0,4.1
1957,11,10,1.0,6.8
2020,3,10,2.0,7.6
1957,11,10,1.0,7.4
1929,9,6,1.0,6.9
1931,11,10,1.0,5.6
1946,2,10,1.0,5.7
1996,4,10,1.0,6.2
1954,3,10,2.0,6.4
1970,6,10,1.0,3.9
1950,9,10,1.0,6.8
1934,3,10,1.0,4.7
1936,1,10,1.0,5.3
1943,11,10,55.0,6.1
1938,9,10,1.0,5.4
1942,9,10,1.0,6.3
1939,3,10,1.0,6.4
1934,3,10,1.0,6.3
2009,9,10,1.0,7.6
2022,9,10,1.0,6.4
1955,7,10,1.0,5.7
1964,3,10,1.0,5.3
1971,1,10,1.0,6.1
1979,12,10,1.0,3.7
1993,9,10,1.0,5.7
1995,3,10,1.0,4.3
1994,10,10,2.0,8.9
1935,10,10,1.0,6.0
2002,12,10,1.0,6.5
1936,9,10,1.0,6.3
1935,10,10,1.0,6.1
2017,9,10,1.0,6.0
2004,10,10,1.0,5.5
1950,1,10,1.0,6.5
1930,8,10,1.0,4.6
2015,12,10,1.0,7.3
1972,9,10,1.0,5.3
1984,1,10,48.0,3.7
1942,1,10,1.0,6.4
1933,12,10,1.0,6.5
2010,1,10,1.0,6.2
2014,12,10,1.0,6.0
1977,11,10,50.0,7.2
1935,3,10,1.0,5.8
1990,7,10,1.0,3.7
2024,8,10,1.0,5.8
1990,3,10,1.0,4.4
1936,3,10,1.0,5.4
1935,3,1,1.0,5.5
1954,1,10,1.0,7.3
1955,5,10,1.0,5.8
1989,4,10,1.0,6.1
2003,3,10,1.0,7.3
2008,3,1,1.0,8.0
1969,11,10,1.0,5.2
2015,11,10,1.0,6.0
1943,11,10,1.0,6.1
2001,4,10,1.0,5.8
1924,6,10,1.0,7.5
1976,1,10,1.0,1.8
1943,9,9,1.0,5.9
1952,12,10,1.0,6.5
2003,4,10,1.0,3.5
1998,3,10,1.0,6.1
1925,6,9,1.0,5.6
1933,2,10,1.0,7.2
1938,4,10,1.0,6.0
1925,6,10,1.0,6.8
1934,11,10,1.0,7.1
1933,5,10,1.0,6.4
1943,7,10,1.0,6.1
1940,1,10,56.0,7.3
1938,9,10,1.0,7.2
1966,9,10,1.0,6.3
1931,10,10,1.0,5.3
1978,12,10,1.0,7.2
1942,3,10,1.0,5.7
2022,4,10,1.0,6.5
2013,8,10,1.0,5.6
1965,9,10,1.0,6.5
2019,3,10,2.0,6.2
1996,5,10,1.0,5.4
1993,7,10,1.0,5.9
1940,2,10,1.0,6.5
1997,1,10,1.0,6.8
1930,11,10,1.0,6.4
1984,5,10,1.0,6.7
1944,6,6,54.0,6.3
1978,2,10,1.0,4.7
1938,12,10,1.0,7.5
1954,2,10,1.0,5.6
1974,4,7,1.0,6.2
1995,4,10,2.0,4.9
1939,9,10,1.0,7.8
1928,12,5,58.0,7.0
1946,9,10,2.0,6.8
1927,3,10,1.0,5.8
1990,10,10,1.0,7.7
1941,9,10,1.0,7.3
1967,12,10,1.0,7.1
1980,3,3,3.0,6.8
1989,6,4,1.0,6.4
1985,9,10,1.0,5.8
1966,2,10,1.0,5.2
1984,11,10,1.0,4.7
1951,9,10,1.0,4.9
2023,7,10,1.0,7.1
1929,9,10,2.0,6.8
2025,1,9,1.0,6.1
2009,7,10,2.0,6.8
1968,4,10,1.0,4.4
1982,6,10,1.0,6.6
2018,5,10,1.0,6.5
1989,10,10,1.0,1.8
1971,7,10,1.0,4.7
1981,6,10,1.0,4.6
1968,4,10,1.0,5.9
1968,12,9,1.0,6.4
1943,3,10,1.0,6.9
1950,1,10,1.0,7.0
1929,10,5,1.0,7.4
2013,5,10,1.0,4.0
1926,9,10,1.0,7.0
1962,10,10,2.0,6.9
1921,3,8,1.0,6.8
1970,10,10,1.0,5.7
1989,4,10,2.0,4.7
1991,8,10,1.0,5.8
2010,6,10,1.0,6.3
2005,9,10,1.0,6.3
1951,8,10,1.0,6.1
1993,11,10,2.0,7.6
2001,6,10,1.0,7.1
2018,1,10,2.0,7.1
1978,3,10,1.0,5.0
1982,3,10,1.0,7.0
1988,2,10,1.0,5.6
1946,9,10,1.0,6.5
1976,10,10,1.0,5.9
1929,8,7,1.0,7.1
1999,9,10,1.0,5.2
1987,11,10,1.0,5.5
1955,4,10,1.0,6.0
2009,6,10,1.0,7.0
1944,11,10,1.0,5.3
1986,2,10,2.0,7.7
2024,7,10,2.0,6.6
1954,9,10,2.0,6.5
2000,3,10,1.0,6.7
1943,3,10,1.0,6.5
1957,10,10,1.0,7.2
2020,12,10,2.0,7.1
1995,8,10,1.0,5.8
2017,5,10,1.0,6.7
2013,6,10,1.0,7.9
1992,8,10,2.0,6.4
1927,7,8,1.0,5.8
1971,11,1,1.0,7.1
1950,3,10,1.0,5.5
1966,9,10,1.0,6.7
1951,7,10,1.0,6.7
1940,8,10,1.0,6.8
1970,12,10,1.0,4.8
1936,2,10,1.0,7.3
1949,9,10,1.0,6.8
1924,5,6,50.0,3.2
1981,1,10,1.0,5.5
1920,10,10,1.0,6.4
1940,3,10,1.0,5.4
1943,6,10,1.0,6.6
1992,11,10,1.0,7.5
2009,12,10,1.0,4.9
1958,2,10,1.0,5.5
1949,10,10,1.0,5.9
1973,7,10,1.0,6.7
1944,9,10,1.0,6.6
1997,9,10,1.0,6.9
1985,12,10,1.0,6.8
1946,3,10,1.0,5.8
1994,6,10,1.0,5.2
1957,7,10,1.0,6.4
1955,1,10,1.0,6.4
1947,8,10,1.0,6.8
1935,4,10,57.0,6.6
2016,11,1,1.0,8.8
1988,4,10,2.0,6.8
1982,12,10,1.0,6.2
2010,7,10,2.0,7.0
1953,2,10,1.0,6.1
1987,9,10,1.0,6.9
1951,1,10,1.0,7.3
1988,3,10,1.0,4.6
1961,7,10,1.0,7.6
1925,9,9,1.0,6.4
1979,4,10,1.0,4.2
1946,10,10,1.0,6.1
2022,7,10,1.0,5.8
2021,3,10,1.0,4.3
1949,10,10,1.0,5.7
2020,9,10,1.0,6.8
2002,2,10,2.0,8.3
1944,7,10,1.0,6.8
2002,10,10,1.0,6.6
1964,7,10,55.0,5.0
1980,10,10,1.0,3.1
2022,1,10,2.0,5.6
2017,7,10,1.0,4.8
1955,2,10,1.0,5.8
1964,5,10,1.0,4.9
1939,8,10,1.0,5.3
1936,3,10,1.0,5.8
1977,10,10,1.0,5.3
2004,9,10,1.0,6.3
1995,11,10,1.0,6.3
1971,7,10,1.0,7.7
1927,2,10,1.0,7.0
2010,8,10,1.0,5.5
2018,11,10,1.0,5.0
2000,4,10,1.0,7.1
1975,6,10,1.0,6.7
1983,8,10,1.0,6.2
1926,5,9,50.0,6.0
1968,7,10,2.0,7.4
1957,12,5,1.0,6.7
1978,8,10,1.0,6.1
1954,10,10,1.0,5.9
1998,12,10,2.0,4.8
2005,12,10,1.0,6.2
1971,9,10,1.0,6.1
1996,1,10,1.0,6.5
1940,9,10,1.0,6.5
1931,10,10,1.0,5.5
1989,4,10,1.0,7.3
1929,4,10,1.0,6.9
1942,6,10,2.0,6.6
2012,8,10,1.0,4.8
1944,9,10,56.0,5.5
2002,9,10,1.0,7.0
1965,11,10,1.0,6.3
1966,9,10,2.0,6.2
1981,4,10,3.0,6.7
1965,5,9,1.0,6.8
2021,6,10,1.0,6.8
2003,5,10,1.0,6.8
1931,9,10,59.0,6.0
2001,4,10,2.0,6.9
1923,9,9,1.0,5.2
1999,8,10,1.0,5.9
1979,1,10,1.0,6.9
1926,7,5,1.0,3.8
1963,1,10,1.0,5.7
1991,12,10,1.0,6.6
2025,3,10,1.0,8.1
1983,12,10,1.0,6.4
2012,3,7,1.0,6.6
2006,8,10,1.0,4.0
1993,10,10,2.0,5.7
1964,6,10,2.0,7.7
2020,8,10,1.0,6.4
2019,8,10,1.0,3.0
2011,2,10,1.0,4.9
1963,6,10,1.0,5.8
1966,12,10,1.0,5.6
1935,5,10,1.0,5.5
1954,10,10,1.0,4.7
2010,5,8,1.0,3.7
2023,4,10,1.0,6.9
2005,11,10,1.0,4.5
2005,6,9,1.0,7.1
2017,5,10,1.0,7.0
2023,2,10,1.0,5.9
1964,1,10,2.0,6.2
1983,4,10,1.0,6.4
1971,10,10,1.0,7.5
2025,3,9,1.0,9.1
1982,4,9,1.0,6.8
1935,7,10,1.0,5.8
2012,4,2,1.0,7.1
2017,9,10,1.0,5.2
2012,11,5,1.0,7.7
1939,10,10,1.0,6.0
1965,3,10,1.0,6.7
1962,7,7,1.0,7.0
2012,6,10,1.0,7.2
1982,9,10,1.0,3.1
1997,9,10,1.0,5.3
1985,11,10,1.0,7.0
2015,9,10,1.0,5.2
1953,4,10,1.0,7.1
1968,12,10,1.0,5.3
2016,9,10,1.0,7.6
1939,10,10,1.0,6.1
2005,12,10,2.0,3.8
2013,12,10,2.0,5.4
1947,12,10,1.0,6.6
2018,9,10,1.0,6.9
1962,11,10,1.0,5.1
2007,10,10,1.0,5.9
1928,7,4,1.0,7.3
2023,5,10,1.0,6.6
1987,8,10,1.0,5.7
1987,11,10,1.0,4.8
1959,12,10,1.0,7.2
1942,10,10,1.0,5.7
1985,7,10,1.0,6.5
1957,12,10,1.0,6.6
1932,7,10,1.0,6.2
1965,8,10,2.0,8.7
1966,7,10,1.0,6.2
2021,3,7,1.0,6.7
1979,11,10,1.0,7.1
1939,7,10,1.0,5.8
1934,2,10,1.0,5.6
1941,11,10,1.0,6.3
1979,11,10,1.0,4.2
1946,4,10,1.0,6.6
1944,3,10,1.0,6.8
2004,6,10,3.0,7.8
1994,2,10,1.0,4.2
2024,12,10,2.0,6.3
2009,9,10,1.0,6.5
2018,7,10,1.0,7.1
1999,11,10,1.0,6.4
1966,12,10,2.0,7.7
1992,9,10,2.0,7.9
1964,7,10,1.0,6.0
1967,10,10,1.0,7.0
1922,9,10,4.0,7.8
2001,12,10,1.0,6.2
1992,9,10,2.0,5.7
2023,4,10,2.0,5.3
1957,7,10,1.0,6.1
1993,4,10,1.0,4.1
1987,2,10,1.0,5.8
1955,2,10,1.0,6.3
2012,2,10,1.0,6.3
1964,4,10,1.0,5.9
1935,9,10,1.0,5.6
2010,10,10,1.0,6.5
1961,7,10,1.0,5.6
1942,3,10,1.0,6.6
1998,3,10,1.0,6.9
2018,2,10,1.0,5.9
1989,10,10,1.0,4.9
1982,3,10,1.0,4.3
1932,9,10,56.0,5.7
1965,7,8,1.0,6.7
1955,11,10,1.0,6.4
1954,7,10,1.0,7.7
2023,1,10,1.0,4.8
1944,9,10,1.0,6.0
2024,10,10,1.0,5.7
1936,9,10,1.0,6.3
1947,2,10,1.0,5.7
2002,5,10,1.0,6.3
1941,10,8,1.0,5.2
1997,4,10,1.0,6.1
2011,8,10,2.0,4.8
1999,3,9,1.0,7.2
1950,1,10,1.0,6.6
1996,7,10,1.0,7.4
1943,11,10,1.0,6.2
1991,8,10,1.0,5.5
2010,6,10,1.0,4.4
1996,7,10,2.0,7.5
1970,11,10,1.0,7.3
1927,11,8,1.0,5.3
2025,3,10,1.0,4.6
1998,10,10,1.0,7.6
1982,8,10,1.0,5.5
1975,8,10,1.0,7.5
1963,3,10,1.0,5.3
1943,1,10,1.0,6.2
1986,5,10,1.0,4.1
1949,10,10,1.0,6.5
2005,4,10,1.0,4.1
1966,11,7,1.0,4.8
1930,4,5,1.0,5.6
1987,2,10,1.0,6.4
1940,4,10,1.0,6.8
1927,5,5,54.0,6.5
1991,12,10,1.0,6.6
1980,2,10,1.0,7.4
1995,8,10,1.0,6.6
1976,5,10,2.0,6.5
1975,11,10,1.0,4.6
1940,8,10,1.0,6.6
1951,8,10,1.0,6.7
1966,1,10,1.0,6.6
1998,5,10,1.0,4.2
1933,9,10,1.0,5.4
1969,9,10,1.0,4.5
1975,8,10,1.0,6.4
1963,4,10,55.0,6.5
1954,9,10,1.0,6.1
1992,4,10,1.0,3.8
1935,10,10,1.0,5.6
2008,3,10,1.0,5.9
1985,5,10,1.0,6.2
1956,2,10,1.0,6.8
1991,9,10,1.0,7.1
2017,8,10,1.0,7.6
2017,11,3,1.0,6.7
1972,2,10,1.0,6.6
2025,1,7,1.0,5.5
1971,7,10,1.0,4.5
2019,2,10,2.0,7.9
1953,1,10,2.0,5.8
2014,7,10,1.0,6.6
1964,1,10,1.0,6.9
1920,8,10,1.0,4.5
1964,3,10,1.0,5.1
1983,8,10,1.0,7.1
1957,9,10,1.0,5.5
1939,10,10,1.0,6.8
2007,5,10,1.0,6.6
1979,8,10,1.0,5.6
1952,3,10,1.0,6.1
1947,8,10,1.0,7.2
1990,3,10,1.0,6.4
1928,8,8,1.0,6.6
1975,11,10,1.0,6.3
1975,1,10,1.0,6.4
1954,7,10,1.0,6.3
1958,11,10,1.0,6.3
2002,7,10,1.0,5.5
1931,5,10,59.0,6.1
1923,2,8,1.0,1.8
1949,9,10,1.0,6.1
1981,11,10,2.0,5.9
1955,4,10,1.0,5.6
1973,12,10,1.0,4.9
1971,5,10,1.0,5.8
1960,9,10,1.0,5.6
1953,3,10,1.0,5.9
1957,12,10,1.0,5.7
1940,3,10,1.0,4.6
2014,4,10,1.0,6.5
1936,1,10,1.0,6.7
1974,10,10,1.0,5.5
1983,10,10,1.0,6.5
1983,12,10,2.0,6.4
2016,10,10,1.0,6.2
2017,11,10,1.0,6.3
1962,1,10,1.0,5.2
1929,10,10,1.0,6.8
1956,5,10,1.0,5.9
1960,12,10,1.0,5.2
1977,3,10,2.0,7.3
1946,12,10,1.0,4.6
1989,7,10,1.0,8.5
1938,4,10,1.0,7.5
1994,4,10,1.0,5.3
1962,1,10,1.0,6.7
1972,8,10,1.0,5.9
2012,3,2,1.0,6.3
1961,11,10,1.0,4.9
1970,2,5,1.0,4.4
1988,7,10,1.0,6.8
1941,2,10,1.0,5.7
2018,4,10,1.0,6.4
1995,9,10,1.0,4.3
1966,1,10,1.0,6.3
1989,8,10,1.0,6.8
1945,7,10,1.0,6.4
1948,5,10,1.0,5.9
1982,1,10,1.0,5.8
1945,1,10,1.0,7.1
1936,8,10,1.0,7.0
1936,6,10,1.0,6.4
1944,9,10,1.0,6.7
1959,9,10,1.0,6.7
1952,2,10,1.0,6.9
1937,6,10,1.0,6.4
1962,11,10,1.0,5.6
1954,6,10,1.0,6.1
1950,9,10,1.0,6.6
1984,8,2,1.0,7.3
2018,9,10,1.0,6.4
1991,3,10,1.0,6.4
1978,8,10,1.0,5.2
1995,1,10,1.0,6.0
1999,12,10,1.0,6.1
1937,1,10,1.0,6.0
1992,5,10,1.0,4.5
1980,1,10,1.0,5.0
2004,12,10,1.0,4.7
1974,5,10,1.0,7.0
1965,12,10,1.0,6.3
1936,6,10,1.0,5.9
1996,2,10,1.0,5.9
1933,10,10,53.0,5.4
1974,11,5,1.0,6.7
2022,9,10,1.0,6.4
2003,4,10,1.0,6.0
2008,1,10,1.0,7.5
1950,5,10,1.0,6.1
1993,12,10,1.0,6.2
1952,10,10,1.0,6.5
2021,3,10,2.0,5.3
1981,10,10,1.0,6.7
1975,9,10,56.0,6.7
1956,9,8,2.0,6.2
1999,9,10,2.0,6.6
1960,7,10,1.0,7.0
2016,12,3,1.0,8.0
1991,6,10,1.0,4.5
1937,5,10,1.0,5.7
1978,1,10,1.0,5.6
1932,3,10,1.0,5.7
2004,7,10,2.0,5.3
2007,12,10,1.0,6.8
2005,8,10,1.0,7.7
2003,1,10,1.0,6.2
2011,7,10,1.0,5.6
1978,10,10,1.0,8.1
1992,2,10,1.0,6.1
2019,2,10,1.0,6.6
2007,4,10,1.0,7.2
1995,9,10,1.0,4.2
2022,9,10,2.0,5.5
2023,9,10,1.0,5.9
1955,12,10,1.0,6.2
1939,10,10,1.0,6.3
1957,10,10,2.0,7.4
1992,10,10,1.0,2.9
1953,10,10,2.0,5.6
1986,9,10,1.0,5.1
1988,4,10,1.0,4.8
1940,10,10,1.0,6.1
1964,4,10,2.0,8.1
2017,10,10,1.0,4.6
1983,7,7,1.0,7.8
1984,2,10,1.0,5.5
1972,9,10,1.0,4.6
1984,2,10,1.0,3.4
1934,12,10,1.0,6.7
1979,2,10,1.0,7.2
1939,4,10,1.0,6.2
2025,2,9,2.0,8.6
1966,2,7,52.0,5.0
1956,11,10,1.0,6.1
1957,9,10,1.0,6.5
1950,4,6,1.0,6.9
1943,11,10,1.0,4.3
1984,11,10,1.0,6.7
1971,11,10,1.0,5.4
1983,5,1,1.0,8.1
1994,6,10,1.0,5.3
1949,1,10,2.0,7.3
2021,11,10,2.0,7.0
2024,4,10,1.0,5.8
1997,5,10,1.0,6.1
1965,9,10,1.0,4.9
2014,8,10,2.0,7.9
2015,11,7,1.0,7.1
1962,10,10,1.0,7.7
2013,6,1,1.0,7.4
2010,10,10,1.0,7.1
1971,3,10,1.0,5.6
1924,1,6,1.0,6.7
1955,4,10,1.0,5.9
2016,4,10,1.0,6.4
2020,2,10,1.0,7.4
1974,2,10,1.0,6.4
2023,10,10,1.0,6.6
2023,12,10,2.0,7.6
1995,9,10,1.0,6.0
1972,1,10,1.0,3.8
1995,6,10,2.0,5.5
2004,5,10,1.0,8.0
2010,6,10,1.0,6.3
2024,1,10,2.0,6.2
2000,4,10,1.0,5.7
2016,12,10,1.0,7.1
1971,11,10,1.0,5.7
1941,1,10,1.0,6.0
1934,10,10,1.0,6.6
2009,10,10,1.0,6.9
2018,11,10,1.0,7.6
1986,3,10,1.0,6.5
1923,11,10,1.0,5.4
2022,11,9,1.0,7.7
1997,9,10,1.0,5.1
1994,2,10,1.0,6.1
2011,5,10,1.0,5.7
1988,11,10,1.0,7.2
1959,4,8,3.0,7.4
2001,9,10,1.0,6.9
2009,9,10,1.0,6.0
1944,2,10,1.0,7.3
1982,2,10,1.0,5.3
1931,4,10,1.0,5.4
1952,7,10,1.0,6.9
2021,11,10,1.0,6.8
1981,11,10,1.0,6.0
2019,11,10,1.0,6.6
1920,10,10,1.0,7.4
1995,1,10,1.0,4.1
2006,11,10,1.0,5.1
1934,9,10,1.0,6.1
1969,1,10,1.0,4.8
1926,12,10,1.0,7.1
1997,5,10,1.0,5.5
1963,3,10,1.0,5.5
1998,11,10,1.0,6.1
1934,7,10,1.0,6.2
1982,5,10,1.0,5.0
1993,1,10,1.0,4.6
1977,10,7,1.0,7.6
1922,3,9,1.0,6.0
2018,11,1,1.0,7.8
2010,1,10,1.0,6.1
1964,1,8,1.0,5.0
1923,3,10,50.0,4.1
1954,2,10,1.0,6.2
1939,12,10,1.0,6.2
1964,7,6,1.0,5.2
2016,9,10,1.0,5.4
1946,3,10,1.0,7.0
1968,3,10,1.0,6.3
1951,1,10,2.0,6.4
1962,4,10,1.0,6.1
1958,1,10,1.0,6.6
1983,12,10,1.0,6.1
2017,11,10,1.0,8.4
1965,2,10,1.0,5.8
1983,7,10,1.0,5.3
1969,12,10,1.0,6.4
2002,7,10,1.0,6.4
1947,2,10,1.0,6.6
1972,1,10,1.0,4.7
1998,9,10,2.0,7.3
2021,10,10,1.0,6.3
1948,12,10,1.0,7.0
1955,6,10,1.0,6.8
2007,11,10,1.0,6.6
2013,1,10,1.0,6.1
2002,12,10,1.0,5.9
1922,5,10,1.0,6.3
1991,6,10,1.0,6.0
1988,10,10,1.0,6.1
1951,10,10,1.0,6.5
2015,3,10,1.0,6.4
2003,10,10,1.0,8.2
1956,11,10,1.0,8.0
1983,7,10,1.0,6.7
1924,9,10,1.0,6.1
1940,7,10,4.0,6.3
2016,4,10,1.0,5.5
1947,12,10,1.0,6.9
1936,3,10,1.0,6.3
1942,3,10,1.0,5.8
1965,8,10,1.0,7.2
2016,6,10,1.0,6.1
1944,2,10,1.0,7.1
1996,12,10,1.0,5.2
1951,9,10,1.0,7.0
1958,3,10,1.0,6.4
1954,12,10,1.0,5.9
2002,5,10,47.0,6.6
1990,1,10,1.0,4.8
1938,10,10,1.0,7.3
1933,1,10,1.0,7.0
1935,7,10,1.0,5.7
2003,10,10,2.0,6.4
1925,4,10,1.0,5.2
1983,8,10,1.0,4.7
1971,11,10,1.0,7.5
1992,1,10,1.0,5.1
2022,3,4,1.0,5.7
1964,9,10,1.0,4.8
1944,9,10,1.0,6.9
1965,5,10,1.0,5.9
1980,3,10,1.0,6.8
1990,8,10,1.0,5.9
1955,1,10,1.0,6.5
1937,9,10,1.0,5.6
1943,3,10,45.0,5.8
2019,6,1,1.0,6.5
1988,7,9,1.0,6.5
1931,7,10,1.0,7.2
1940,5,10,1.0,5.8
2020,4,10,1.0,5.3
1981,11,10,1.0,5.6
1939,4,10,1.0,6.0
1978,8,10,1.0,4.0
1986,1,10,1.0,6.0
1979,11,10,1.0,7.6
1994,3,10,1.0,7.5
1962,8,10,1.0,5.4
1967,9,10,1.0,5.4
1959,3,10,1.0,4.5
2000,5,10,1.0,3.7
1971,10,10,1.0,7.0
1948,4,10,56.0,5.6
1994,1,10,1.0,4.1
1975,6,10,1.0,6.3
2014,4,7,1.0,7.0
1976,6,10,1.0,3.7
1985,9,10,1.0,6.2
1953,1,10,1.0,6.5
1979,10,10,1.0,5.8
2017,12,10,1.0,5.8
1963,9,10,1.0,8.2
1952,3,10,1.0,6.2
1959,8,5,1.0,7.1
1969,12,10,2.0,6.3
1951,3,10,1.0,6.8
2015,9,10,1.0,5.4
2002,6,10,1.0,2.5
1998,7,10,1.0,7.6
1927,1,10,1.0,7.6
2025,1,10,1.0,8.2
1995,5,10,1.0,4.4
1934,10,10,1.0,5.5
1973,10,10,1.0,5.3
2004,3,10,1.0,6.4
1943,2,10,57.0,6.4
1951,3,10,1.0,6.3
1936,10,10,1.0,6.5
1985,4,10,1.0,5.9
1995,7,10,1.0,4.8
2004,4,10,1.0,4.8
1964,10,10,1.0,6.2
1968,12,10,1.0,6.5
1965,4,10,1.0,5.1
2004,1,10,1.0,4.9
1996,6,10,1.0,5.5
1938,4,10,1.0,7.3
1944,6,10,1.0,5.5
1948,6,10,1.0,5.7
1943,8,10,1.0,6.5
1953,4,10,1.0,6.8
1933,9,10,1.0,6.8
1949,12,10,1.0,6.6
1986,8,10,1.0,4.8
1943,4,10,1.0,6.0
1989,9,10,1.0,5.9
1939,8,10,58.0,5.6
1961,3,10,1.0,3.6
1950,9,10,1.0,5.9
2009,10,10,2.0,6.5
1956,4,4,1.0,6.8
2021,6,10,1.0,7.3
1945,10,10,1.0,6.5
1946,12,10,1.0,5.3
1942,11,10,1.0,5.3
2018,12,10,14.0,5.4
1937,11,10,54.0,6.1
1940,6,10,1.0,6.6
1971,9,10,1.0,6.1
1940,2,10,1.0,6.6
1936,1,10,2.0,7.6
1961,5,10,1.0,7.2
2020,4,10,1.0,5.4
2022,7,10,2.0,7.5
1974,6,10,1.0,5.6
1947,9,10,1.0,7.4
2000,5,10,1.0,6.6
1931,7,10,1.0,5.8
1948,9,10,2.0,6.3
1950,1,10,2.0,6.8
2011,4,10,1.0,6.3
1939,10,10,1.0,5.5
1964,3,10,1.0,5.7
2002,5,10,1.0,5.1
1947,7,10,56.0,4.7
1928,11,10,1.0,7.6
1957,4,10,1.0,5.7
2018,4,10,1.0,6.5
1961,1,10,1.0,5.0
1960,8,10,1.0,5.8
2011,6,10,2.0,7.7
1986,10,10,1.0,7.4
2004,10,4,1.0,5.9
2000,6,10,1.0,6.0
1993,6,10,1.0,6.1
2017,4,10,2.0,6.1
1941,11,10,1.0,7.2
1957,6,10,1.0,6.6
1971,2,10,1.0,5.6
1967,12,10,1.0,6.5
1989,6,10,1.0,6.6
1946,8,10,1.0,6.1
1942,6,10,1.0,4.6
2020,5,10,1.0,5.6
1946,1,10,1.0,6.2
1985,1,10,1.0,7.3
2007,4,10,1.0,6.1
1999,10,10,1.0,5.8
1930,10,10,1.0,7.0
1979,9,6,1.0,4.4
2011,11,10,1.0,5.1
1950,4,10,1.0,6.7
2013,2,10,1.0,6.8
1953,6,10,1.0,7.2
1957,4,10,1.0,7.7
2012,1,10,1.0,5.3
1972,11,10,1.0,4.5
2020,1,10,1.0,8.2
1969,9,10,1.0,6.6
1945,11,10,1.0,7.1
1993,10,10,1.0,6.8
2000,9,10,1.0,6.0
2017,2,10,1.0,6.4
1944,4,10,1.0,4.8
1980,1,10,1.0,6.3
1952,11,10,1.0,6.7
1993,12,10,1.0,4.4
1953,2,10,1.0,4.6
1982,1,10,1.0,2.4
1996,12,10,1.0,4.0
1952,7,10,1.0,4.9
2025,1,10,2.0,5.8
2020,2,10,1.0,6.4
1950,4,7,1.0,6.6
1997,11,10,1.0,3.8
1928,6,5,1.0,3.2
2008,9,10,1.0,4.0
1970,1,10,2.0,8.0
1943,7,10,1.0,6.3
1996,6,10,1.0,6.0
1964,12,10,1.0,6.3
2025,3,10,1.0,4.2
1950,10,10,1.0,6.2
1936,2,10,1.0,6.5
1992,9,10,1.0,5.8
1941,1,10,1.0,6.2
1956,5,10,1.0,4.8
1961,4,10,1.0,5.6
1945,12,10,1.0,5.9
1990,9,10,2.0,8.7
1960,9,10,1.0,7.0
1946,9,10,1.0,6.2
1949,8,10,1.0,6.2
1941,11,10,45.0,4.8
1965,12,10,1.0,8.2
1980,11,10,1.0,6.1
1985,12,10,1.0,4.7
1967,3,10,1.0,6.2
1972,5,10,1.0,4.1
1989,2,10,1.0,7.3
1944,2,10,1.0,6.9
2009,10,7,1.0,7.6
1941,10,10,1.0,6.8
2019,10,10,1.0,6.4
1999,4,10,1.0,4.7
1946,1,10,1.0,7.3
2019,4,10,1.0,6.2
1977,9,10,1.0,5.2
2003,11,10,2.0,7.5
2008,10,10,1.0,6.4
1937,7,10,56.0,5.2
1999,11,10,1.0,3.9
1972,1,8,1.0,5.0
1927,12,10,1.0,6.8
1954,12,10,1.0,6.7
1989,3,10,1.0,4.3
2010,1,10,2.0,7.4
2010,4,10,1.0,6.3
1962,9,10,1.0,5.3
1955,5,10,1.0,7.1
1978,4,10,1.0,6.5
1977,9,10,1.0,6.6
1927,12,10,1.0,4.6
2015,6,10,1.0,6.3
2001,9,10,1.0,6.9
1958,7,10,1.0,6.0
2001,5,10,2.0,5.9
1997,10,10,1.0,6.8
1984,5,10,1.0,5.3
2005,6,10,1.0,5.7
1943,6,10,1.0,6.7
2017,4,6,1.0,8.2
1998,11,10,1.0,4.4
1960,11,10,1.0,6.0
1948,3,10,1.0,5.9
1944,1,10,1.0,7.0
1975,9,10,1.0,5.6
1993,6,10,1.0,4.6
1974,8,10,1.0,6.8
1940,10,10,1.0,5.8
2024,5,10,2.0,6.8
1999,8,9,1.0,6.2
1961,3,10,1.0,6.3
1969,8,10,1.0,6.4
1953,1,10,1.0,6.1
1984,7,10,1.0,6.7
1950,10,10,1.0,6.2
1970,6,10,2.0,6.0
1978,9,10,1.0,6.9
1976,7,10,1.0,5.7
1968,2,10,1.0,6.9
1947,9,10,1.0,6.7
1980,2,10,1.0,7.0
1954,3,10,1.0,6.8
1934,11,10,58.0,6.3
1951,6,10,1.0,6.4
2006,5,10,1.0,5.0
1956,5,10,1.0,5.9
2007,10,10,2.0,6.8
1942,12,10,1.0,7.6
1965,11,10,1.0,7.5
1946,7,10,1.0,6.3
2014,10,10,2.0,6.8
1936,3,10,1.0,5.9
2000,1,10,1.0,5.3
1948,3,10,1.0,5.8
1992,8,10,1.0,4.3
2012,7,10,2.0,8.4
1943,5,10,1.0,4.5
1975,1,10,1.0,5.2
2021,7,10,2.0,6.6
1952,4,10,1.0,7.2
1988,5,10,1.0,6.0
1948,5,10,1.0,5.5
1959,11,10,2.0,6.3
2021,10,10,1.0,4.4
1969,5,10,1.0,6.9
1956,11,10,2.0,7.0
1924,10,8,50.0,3.7
1974,4,10,1.0,4.7
1967,7,10,1.0,7.4
2023,4,10,1.0,6.9
1967,4,10,1.0,4.7
1972,4,10,1.0,6.2
1986,6,10,1.0,7.8
2018,9,10,1.0,7.2
1986,8,10,1.0,6.4
1968,2,10,1.0,5.8
2019,9,10,1.0,5.3
1976,9,10,1.0,5.4
1989,5,10,1.0,5.0
1972,9,10,1.0,3.1
1939,2,10,1.0,6.5
1980,3,10,1.0,6.4
1980,7,10,1.0,6.8
2011,2,8,1.0,7.4
1993,12,10,1.0,6.5
1953,7,10,2.0,7.9
1931,6,10,1.0,5.4
1989,2,10,1.0,5.7
1931,12,10,1.0,7.0
1998,1,10,1.0,5.4
1988,7,10,1.0,6.6
1996,11,10,1.0,6.2
1958,8,10,1.0,7.0
1921,2,10,59.0,6.8
2001,10,10,1.0,4.2
2014,6,10,1.0,5.7
1959,2,10,1.0,5.7
2013,5,10,1.0,7.1
1979,6,10,1.0,4.0
1923,1,1,1.0,5.2
1963,4,10,2.0,7.1
2018,6,10,1.0,6.9
1940,9,10,1.0,6.0
1976,1,10,1.0,5.8
2010,8,10,1.0,6.1
1937,12,6,2.0,7.2
2003,12,10,2.0,7.2
1978,3,10,1.0,6.3
1993,1,10,2.0,7.1
1999,9,10,1.0,6.8
2002,11,10,2.0,8.1
1980,3,10,1.0,7.3
1952,7,10,1.0,6.6
1942,11,10,1.0,6.0
2008,9,10,2.0,7.5
1965,8,10,1.0,5.9
1983,6,10,1.0,5.8
1998,1,10,1.0,3.8
2022,9,10,1.0,5.5
1947,8,10,48.0,5.3
1977,12,10,2.0,7.6
1944,3,10,1.0,5.8
1941,11,10,1.0,4.2
1951,12,10,1.0,6.0
2016,10,10,1.0,6.8
2008,4,10,1.0,5.9
1961,1,10,2.0,7.8
1988,4,10,1.0,5.1
1931,2,10,1.0,5.2
2000,10,10,1.0,7.5
2023,9,9,1.0,7.4
1948,1,10,1.0,7.0
1969,10,10,2.0,7.2
1952,2,10,1.0,6.2
1990,11,10,1.0,6.8
2009,8,10,1.0,4.6
1958,10,10,1.0,6.0
2017,4,1,1.0,6.7
1987,5,10,1.0,4.7
2011,9,10,49.0,7.1
1934,6,10,1.0,7.3
1993,4,10,1.0,4.2
2021,12,10,1.0,7.3
1976,4,10,2.0,6.8
2003,1,10,1.0,7.1
1998,9,10,1.0,7.4
2016,6,10,2.0,7.1
1963,2,7,1.0,6.1
1960,9,10,2.0,7.1
1963,10,10,1.0,6.3
1943,11,10,1.0,5.1
1963,9,10,1.0,7.8
1992,5,10,1.0,4.1
2007,10,10,1.0,6.5
1949,9,10,1.0,5.6
1982,11,10,1.0,4.0
1966,2,10,1.0,5.4
1990,3,10,1.0,4.2
2013,4,9,1.0,6.0
1975,5,10,1.0,5.9
1952,2,10,1.0,7.2
1986,2,10,1.0,7.2
2002,10,10,1.0,6.1
1950,11,10,1.0,6.4
1956,12,10,1.0,5.6
1969,1,9,1.0,6.1
1972,7,10,1.0,6.9
2007,8,10,1.0,5.1
2016,10,10,1.0,7.3
1926,3,10,1.0,7.0
1951,7,10,1.0,6.7
1964,12,10,1.0,6.3
1952,2,10,1.0,6.5
1959,1,10,2.0,7.6
1939,10,10,1.0,6.4
1992,11,10,1.0,3.3
1947,12,10,1.0,5.8
1975,12,10,1.0,6.0
2003,11,10,1.0,6.4
1952,10,10,1.0,6.8
1985,2,10,1.0,6.8
1967,3,10,1.0,6.7
1977,9,10,1.0,4.3
1982,10,10,1.0,5.4
1957,1,9,2.0,8.1
1986,5,10,2.0,7.3
2022,5,10,2.0,4.7
1940,1,10,1.0,4.9
1986,3,10,2.0,6.0
1926,3,10,1.0,6.5
2007,4,10,1.0,5.8
1955,3,10,1.0,5.7
1997,9,10,1.0,5.1
1955,9,10,1.0,5.1
1938,5,10,1.0,5.8
1925,11,10,1.0,6.2
1962,6,10,1.0,6.3
2020,6,10,1.0,5.2
1999,5,10,1.0,4.3
1958,2,10,1.0,5.9
1935,4,9,1.0,6.0
1987,7,10,1.0,5.3
1951,4,10,1.0,6.5
1934,8,10,1.0,6.9
1945,3,10,1.0,7.8
1937,6,10,1.0,4.7
1941,3,10,1.0,6.6
1974,12,10,1.0,5.5
1960,1,10,2.0,7.1
1929,11,10,1.0,6.1
2019,5,10,2.0,6.9
2022,8,10,1.0,6.3
2001,8,10,1.0,6.0
1967,11,10,2.0,7.9
2023,9,10,1.0,5.1
1942,2,10,1.0,6.5
2002,7,10,2.0,6.7
1968,4,10,1.0,7.3
1985,9,10,1.0,5.5
1960,6,10,1.0,6.7
2009,7,10,1.0,6.4
1944,7,10,1.0,7.2
1953,5,10,1.0,6.7
1930,1,10,1.0,7.7
1991,5,10,1.0,5.2
1935,5,10,1.0,5.4
1944,12,10,1.0,6.2
2003,10,10,1.0,7.1
1937,10,10,1.0,6.5
1968,8,10,1.0,6.3
1957,5,10,1.0,6.2
1989,10,10,1.0,6.5
2012,10,10,1.0,6.7
2010,8,10,1.0,6.5
1945,5,10,1.0,6.8
1964,7,10,1.0,5.9
2025,1,10,1.0,5.2
1996,3,10,2.0,6.8
2000,7,10,1.0,7.7
1924,9,10,1.0,7.2
1985,1,10,1.0,6.1
2021,6,10,1.0,6.0
1972,9,10,1.0,5.5
2018,8,10,1.0,6.2
1939,4,10,1.0,5.6
1961,12,10,1.0,5.8
2004,12,10,1.0,4.4
1995,11,10,1.0,6.4
1936,10,10,1.0,6.0
2016,10,10,2.0,6.4
1976,12,10,1.0,6.4
1938,5,10,1.0,6.6
1950,9,10,1.0,6.7
2011,4,10,1.0,5.4
1930,4,9,1.0,7.6
2021,11,10,1.0,7.2
1987,9,10,1.0,4.4
1986,5,10,2.0,7.9
1954,4,6,1.0,6.0
2016,1,10,1.0,6.7
1937,6,10,1.0,6.8
1957,9,10,2.0,6.7
1979,12,10,1.0,7.2
2020,1,10,1.0,5.9
1948,8,10,2.0,7.0
1996,7,10,1.0,4.3
1975,12,10,2.0,6.3
1985,7,10,1.0,6.6
1966,2,9,1.0,6.4
1940,9,10,1.0,6.1
1945,7,10,1.0,6.4
1959,11,10,2.0,7.7
1963,3,10,2.0,8.2
1934,9,10,1.0,6.7
1961,12,10,1.0,6.8
1965,4,10,1.0,6.0
1966,12,10,1.0,4.7
1950,4,10,1.0,6.9
1992,7,10,1.0,6.7
1978,3,10,1.0,3.9
1952,4,10,1.0,6.2
1979,1,10,1.0,6.9
1965,8,10,1.0,7.2
1954,9,10,2.0,8.0
2016,10,10,1.0,7.2
1921,12,9,1.0,6.0
2021,9,10,2.0,6.4
1980,5,10,1.0,5.2
1979,7,10,1.0,6.2
1924,7,9,1.0,3.7
1995,8,10,1.0,3.8
1941,3,10,1.0,7.5
2014,3,10,2.0,3.6
2009,2,10,1.0,7.2
1928,8,7,1.0,6.5
1945,11,10,1.0,5.9
2021,5,10,1.0,7.1
1994,3,10,1.0,4.8
1931,7,10,1.0,5.7
2011,8,10,1.0,7.6
1975,9,10,1.0,4.7
1967,3,10,1.0,7.0
2007,10,10,2.0,7.9
1946,10,10,1.0,5.1
1978,9,10,1.0,5.0
2014,9,10,1.0,6.4
1983,9,10,1.0,6.8
1922,5,9,5.0,6.8
1964,11,10,1.0,7.7
1988,2,10,1.0,7.1
2004,5,10,1.0,5.1
1937,6,10,1.0,3.0
1966,6,10,1.0,6.9
1960,10,10,1.0,4.8
1958,9,10,1.0,5.8
1979,4,10,1.0,7.0
1979,11,10,1.0,4.2
1943,11,10,1.0,5.9
1955,8,10,1.0,3.8
1945,11,10,1.0,3.0
1974,4,10,1.0,5.5
1943,6,10,1.0,5.2
1936,1,10,1.0,6.4
1948,10,10,1.0,6.3
1998,3,10,1.0,5.5
2015,12,9,2.0,6.9
1984,9,10,1.0,6.0
1934,3,10,1.0,5.8
1984,8,10,2.0,7.6
1962,9,10,1.0,7.4
2025,3,10,1.0,8.1
1945,2,10,58.0,5.4
1975,10,10,1.0,7.1
1965,12,10,1.0,5.3
1983,12,10,1.0,7.5
1971,4,10,1.0,4.4
1989,3,10,1.0,6.1
1938,1,10,1.0,6.1
2005,2,8,1.0,6.4
1925,2,10,50.0,5.5
1997,3,10,1.0,6.1
1923,9,6,1.0,6.8
1998,10,10,1.0,6.1
2005,4,10,1.0,7.0
1964,3,10,1.0,6.5
1930,10,7,1.0,6.2
1953,9,10,1.0,7.3
1954,6,10,1.0,4.1
1963,1,9,1.0,6.4
2005,8,10,1.0,5.1
1948,2,10,1.0,6.6
2008,7,10,2.0,7.4
1958,9,10,1.0,6.2
1959,5,10,1.0,5.9
2021,8,10,1.0,5.9
2013,7,10,3.0,8.2
1977,7,10,1.0,4.4
2004,6,10,1.0,6.7
1989,7,10,1.0,6.9
1968,1,10,1.0,6.8
1925,1,7,1.0,6.1
1944,2,10,1.0,6.4
1990,2,10,1.0,5.8
1936,12,10,1.0,5.6
1956,5,10,1.0,6.9
1967,5,10,2.0,6.0
1961,10,10,1.0,8.0
1987,7,10,1.0,6.8
1963,7,10,1.0,8.1
2015,9,10,1.0,6.3
2014,3,1,1.0,7.2
2020,11,1,1.0,7.6
2020,1,10,55.0,5.2
1930,2,10,1.0,7.3
1928,7,8,1.0,5.4
1930,12,10,1.0,5.5
2018,4,5,1.0,6.2
1994,4,10,1.0,3.5
1976,10,10,1.0,5.3
1963,1,10,1.0,5.6
1928,1,10,1.0,7.3
1993,2,10,1.0,6.8
1999,3,10,1.0,7.4
1939,11,10,58.0,6.3
1992,6,10,1.0,5.0
1961,3,10,56.0,5.8
2022,10,10,1.0,6.1
2006,12,10,1.0,7.1
1974,10,10,1.0,5.1
1952,10,8,1.0,6.2
1958,10,10,1.0,6.0
1968,10,10,1.0,5.8
1988,5,10,2.0,6.6
1995,5,7,1.0,5.0
2002,9,10,1.0,6.9
1949,6,10,1.0,7.2
1986,5,10,1.0,3.9
2016,2,10,1.0,5.7
1949,4,10,1.0,7.6
2019,4,10,1.0,7.2
1976,12,10,1.0,4.1
1973,3,9,1.0,6.1
1948,9,10,1.0,6.2
2014,10,10,1.0,4.5
1999,8,10,1.0,6.4
1986,11,10,1.0,3.7
1995,11,10,1.0,3.4
1939,6,10,1.0,6.6
2025,3,10,1.0,7.7
1989,12,10,2.0,6.8
1978,7,10,1.0,4.6
1956,3,10,2.0,7.3
2021,9,10,1.0,3.8
2019,4,10,1.0,6.1
1939,9,10,1.0,6.8
1920,4,9,1.0,7.6
1949,11,10,1.0,6.3
2019,4,10,1.0,5.8
1960,11,10,1.0,6.0
1989,4,10,1.0,5.1
1960,4,10,1.0,5.9
1987,7,10,1.0,6.6
1984,3,10,1.0,5.0
1935,1,10,1.0,6.9
2013,4,10,1.0,6.5
1982,7,10,1.0,6.2
1972,4,10,1.0,6.5
1921,4,10,50.0,5.3
1944,7,10,1.0,4.8
1945,12,8,56.0,6.6
1963,11,10,1.0,5.9
2000,4,10,1.0,3.7
1955,9,10,1.0,6.8
1981,8,10,2.0,7.4
1945,9,10,1.0,6.3
2005,4,9,1.0,5.5
2023,4,10,1.0,5.3
2001,8,10,1.0,7.1
2021,3,10,2.0,6.6
2021,11,10,1.0,6.8
1962,12,7,1.0,5.7
1941,1,10,1.0,6.1
2021,2,10,1.0,5.9
1969,7,10,1.0,4.9
1933,1,10,1.0,6.9
2020,9,10,1.0,4.7
1988,5,10,1.0,5.7
1952,10,10,1.0,5.3
1961,9,10,1.0,5.7
1935,7,10,1.0,5.5
1979,5,10,1.0,4.7
1932,8,10,1.0,5.7
2021,5,10,1.0,6.7
1958,1,10,1.0,6.3
1927,5,8,1.0,2.3
1947,1,10,1.0,6.5
1932,8,8,1.0,5.1
1933,7,10,1.0,5.3
1988,7,10,1.0,3.8
2012,9,10,1.0,5.9
1973,5,10,2.0,7.1
1979,11,10,1.0,7.4
1946,7,10,1.0,6.1
2012,3,9,1.0,5.6
1953,8,10,1.0,5.6
2007,3,10,1.0,5.3
1942,7,10,1.0,5.8
1955,12,10,1.0,5.4
1970,9,10,1.0,7.4
1978,8,10,1.0,5.0
1961,1,10,2.0,7.6
2013,5,10,2.0,6.2
1963,2,10,1.0,6.3
1952,3,10,1.0,7.7
1961,12,10,1.0,6.7
1933,3,10,54.0,6.1
1952,9,10,1.0,5.3
1941,9,10,1.0,6.3
2001,12,10,2.0,6.9
1943,3,10,1.0,6.3
2012,10,10,1.0,5.2
2023,12,10,1.0,7.0
2006,7,10,2.0,7.4
1991,3,10,1.0,6.2
1968,2,10,1.0,5.8
2019,2,10,1.0,5.7
2012,9,10,1.0,6.0
1995,4,10,1.0,6.7
1939,5,10,1.0,6.0
1934,11,10,1.0,5.0
1990,12,10,2.0,6.1
1955,5,10,1.0,6.7
1953,1,10,1.0,6.2
1925,2,10,1.0,5.7
1953,8,10,1.0,5.5
1958,7,10,1.0,6.1
2005,9,10,2.0,7.2
1986,9,10,1.0,7.6
1940,3,10,2.0,6.8
1936,9,10,1.0,5.7
1939,9,10,1.0,6.6
1983,8,10,1.0,7.0
2005,2,10,1.0,6.6
1956,4,10,1.0,6.7
1990,2,10,1.0,3.8
1946,6,10,2.0,6.9
2004,10,10,1.0,5.8
1928,9,10,1.0,6.0
2020,3,10,1.0,6.2
2013,9,10,1.0,7.0
1926,2,9,2.0,7.2
2016,8,10,1.0,6.3
1997,9,10,1.0,4.7
1954,12,10,1.0,6.8
1959,1,10,1.0,6.9
1979,6,10,1.0,7.4
1990,3,10,1.0,6.8
1933,11,10,1.0,7.7
1930,12,10,1.0,4.5
1965,12,10,1.0,5.5
1956,8,10,1.0,7.5
1939,11,10,1.0,7.1
1958,1,10,1.0,5.4
1938,4,10,1.0,5.3
1994,1,10,1.0,5.7
1930,7,10,1.0,7.3
1984,10,10,1.0,6.4
1983,12,10,1.0,4.7
2011,4,10,2.0,7.3
1981,10,10,1.0,5.2
1950,12,10,1.0,5.1
1996,10,10,1.0,6.8
1969,7,10,1.0,6.7
1999,4,10,1.0,6.1
1976,3,10,1.0,5.0
1935,12,10,1.0,6.7
1920,4,10,50.0,6.3
1995,12,10,2.0,6.0
1944,3,7,1.0,6.2
1942,7,10,57.0,4.8
1934,1,10,1.0,6.6
1965,12,10,1.0,6.6
2019,6,10,1.0,6.7
1951,1,10,1.0,6.4
1985,9,10,2.0,7.9
1939,9,10,56.0,6.0
1989,4,10,1.0,6.2
2003,6,10,1.0,4.2
1975,1,10,1.0,2.9
1965,4,10,1.0,5.3
1938,11,10,1.0,7.7
1967,12,10,1.0,7.0
2016,5,10,1.0,5.8
1949,5,10,1.0,5.7
1927,12,10,56.0,6.1
1997,8,10,1.0,5.3
1985,1,10,1.0,4.5
1945,2,10,1.0,4.7
1963,9,10,1.0,5.3
2015,11,10,1.0,7.2
1949,4,10,1.0,5.2
1956,4,3,1.0,7.1
1939,12,10,1.0,5.0
1933,4,10,1.0,6.7
1990,9,10,1.0,5.4
1997,1,10,3.0,6.2
1962,2,10,1.0,5.1
1937,6,10,1.0,6.4
2025,1,2,1.0,8.1
1942,8,10,1.0,8.0
1936,7,10,1.0,5.7
2019,5,1,1.0,6.9
1995,6,10,1.0,4.2
1988,9,10,1.0,5.1
1975,11,10,1.0,5.8
1971,9,10,1.0,5.5
1931,12,8,1.0,5.6
1971,3,10,1.0,5.4
1964,9,10,59.0,6.3
1977,7,10,1.0,5.4
1982,2,10,1.0,6.8
1983,3,10,1.0,6.3
2023,4,10,2.0,7.5
1922,9,10,1.0,7.0
2019,3,10,1.0,6.4
1938,1,10,1.0,7.1
1948,7,8,1.0,6.4
1971,12,10,1.0,5.6
1987,1,10,1.0,7.4
2002,11,2,1.0,7.6
2021,2,10,1.0,5.3
1965,9,10,3.0,6.5
1978,3,10,1.0,6.8
1942,11,10,1.0,6.1
1949,10,10,1.0,5.5
2020,9,10,1.0,5.8
1958,10,10,1.0,7.2
1934,5,10,1.0,6.5
1932,1,10,1.0,6.5
1969,9,10,1.0,4.1
1958,12,10,1.0,6.7
1961,11,10,1.0,5.7
2024,1,10,1.0,5.6
2015,9,10,1.0,2.3
2003,9,10,2.0,5.6
1968,12,10,3.0,8.3
2013,10,10,2.0,6.2
2003,8,10,2.0,7.4
2007,9,10,1.0,7.6
2022,6,10,1.0,6.1
1963,5,10,1.0,6.1
1990,3,10,1.0,4.1
1970,3,10,1.0,5.1
1997,8,10,1.0,4.3
1984,2,9,1.0,5.9
1967,9,10,1.0,3.8
1952,7,10,1.0,6.6
1967,9,10,1.0,6.7
1973,3,10,3.0,7.5
2018,8,10,1.0,5.8
1965,9,10,1.0,5.9
1970,11,10,1.0,6.9
2020,9,10,2.0,7.4
1979,1,10,2.0,7.8
2008,9,10,1.0,7.6
1924,1,10,2.0,5.7
1978,11,10,2.0,6.2
1940,7,10,1.0,6.0
1998,1,10,1.0,5.7
2017,11,10,1.0,8.4
1995,1,10,1.0,5.5
1993,7,10,1.0,2.3
2014,8,10,1.0,5.2
1993,12,10,1.0,6.4
1944,2,10,1.0,6.8
2000,6,10,1.0,3.5
1954,8,10,1.0,7.1
1932,6,10,1.0,6.0
2012,4,10,1.0,7.3
1981,5,10,1.0,7.1
1920,9,7,50.0,6.2
1949,8,10,1.0,6.7
1920,9,8,5.0,5.7
1936,4,10,1.0,6.7
1951,11,10,56.0,6.5
1969,5,10,1.0,6.1
1977,2,10,1.0,5.4
1979,12,10,1.0,6.6
1930,11,10,1.0,6.1
2007,5,10,2.0,7.5
1968,12,9,1.0,6.8
2021,2,10,1.0,6.8
1932,2,10,1.0,5.5
1949,6,10,1.0,6.2
1981,7,6,1.0,6.0
2013,6,10,1.0,3.3
2023,6,7,1.0,7.7
1995,8,10,1.0,5.5
1959,8,10,1.0,7.1
1970,6,10,1.0,7.1
2003,10,10,1.0,6.4
2009,6,10,2.0,6.8
1980,11,10,1.0,5.7
2005,11,10,1.0,6.9
1930,8,10,1.0,7.1
2017,10,2,1.0,7.8
1930,2,10,1.0,5.2
2002,3,10,1.0,7.1
1936,11,10,1.0,5.7
1964,9,10,1.0,5.6
2008,3,10,1.0,6.7
1977,9,10,1.0,4.4
1976,6,10,1.0,6.4
1927,12,4,1.0,6.3
1955,8,10,1.0,7.5
1935,5,10,58.0,6.2
2015,12,10,2.0,7.8
1933,3,10,1.0,5.5
1943,12,10,1.0,6.8
2008,7,10,1.0,7.2
1969,12,10,1.0,6.3
1993,2,10,2.0,6.5
1979,11,10,1.0,4.6
1934,3,10,57.0,3.9
2003,10,10,1.0,6.7
1930,6,8,1.0,5.7
1937,1,10,1.0,7.2
1967,10,10,1.0,5.2
1967,3,10,1.0,6.5
1951,10,10,2.0,7.0
1948,6,10,1.0,6.1
1987,11,10,2.0,8.9
1943,8,10,1.0,7.1
1967,3,7,45.0,5.4
1969,5,10,1.0,7.0
1979,1,10,1.0,6.0
1942,5,10,1.0,6.3
1924,10,10,1.0,5.7
2009,5,10,1.0,7.1
2010,12,10,1.0,7.1
1995,3,10,2.0,5.6
1932,3,7,1.0,5.8
2016,1,10,1.0,5.9
1930,11,10,3.0,5.7
1962,7,10,2.0,7.8
1944,10,10,57.0,5.6
1999,7,10,2.0,3.5
1958,8,10,1.0,5.9
1959,3,10,1.0,7.0
1998,3,10,1.0,6.1
1933,3,10,56.0,6.7
1954,9,10,1.0,4.9
1998,10,10,1.0,6.5
2011,9,10,1.0,5.0
1942,7,10,1.0,4.3
1953,6,10,1.0,6.8
1948,11,10,1.0,5.6
1970,10,8,1.0,6.5
1963,12,10,1.0,5.9
1954,4,10,2.0,7.6
2001,10,10,2.0,7.5
1955,7,10,1.0,6.3
2018,11,10,2.0,6.3
1951,2,10,2.0,7.6
1962,8,10,1.0,6.2
1942,10,10,1.0,4.8
2017,12,10,2.0,7.0
1991,1,10,1.0,6.0
1979,3,10,1.0,7.3
1926,11,6,1.0,7.3
1931,4,10,1.0,5.8
1939,10,10,1.0,4.8
1948,6,10,1.0,6.2
2021,12,1,2.0,7.3
1940,8,10,1.0,6.3
2001,10,10,3.0,6.4
1952,10,10,1.0,6.9
1987,9,10,1.0,5.8
1937,11,10,1.0,5.3
2024,9,1,1.0,7.2
1927,6,10,1.0,5.4
2005,8,10,1.0,5.1
1931,4,10,1.0,5.8
2013,7,10,1.0,5.6
1997,3,10,1.0,7.2
1976,3,10,1.0,4.9
1987,5,10,1.0,6.3
1930,9,8,1.0,5.6
1942,2,10,1.0,5.9
1992,8,10,2.0,5.2
1998,5,10,1.0,6.2
1984,3,10,2.0,6.8
1996,10,10,1.0,7.2
1927,10,9,1.0,6.3
2001,3,4,55.0,6.9
1998,7,10,1.0,6.2
1972,3,10,1.0,7.7
1998,3,10,1.0,6.0
1979,9,10,1.0,2.9
1991,9,10,1.0,4.7
2012,6,10,1.0,7.8
1946,9,9,1.0,7.2
1985,8,10,1.0,6.4
2024,9,10,1.0,4.6
1955,3,10,2.0,6.8
1923,4,10,1.0,4.9
2017,9,10,2.0,6.4
1935,5,10,1.0,4.7
2017,6,10,1.0,6.7
2019,11,3,1.0,6.6
1958,6,10,1.0,6.1
2016,3,10,1.0,5.3
1942,11,10,1.0,5.9
1963,1,10,1.0,7.2
1934,2,10,1.0,6.1
1973,3,10,1.0,6.6
2024,10,10,1.0,4.9
1991,12,10,3.0,6.8
1951,3,10,1.0,6.2
2003,12,10,2.0,7.0
1997,10,10,1.0,5.6
2023,1,10,1.0,7.1
1939,9,10,1.0,5.9
1998,5,10,1.0,6.3
1951,10,10,1.0,6.7
1945,9,10,1.0,6.5
2001,2,10,2.0,7.1
1982,10,10,3.0,7.3
2012,11,10,1.0,7.1
1964,7,10,1.0,5.3
1975,4,10,1.0,4.5
1960,12,10,1.0,5.0
1952,9,10,1.0,6.2
1927,6,10,1.0,6.6
2025,3,10,1.0,7.4
2007,11,10,1.0,6.4
1991,2,10,1.0,5.4
1968,12,2,1.0,7.2
2000,4,10,1.0,5.9
1958,5,10,1.0,6.1
2011,9,10,1.0,7.3
1949,8,10,1.0,7.0
1971,2,10,1.0,5.2
1963,6,10,1.0,4.3
2001,10,5,1.0,4.3
1960,3,1,1.0,7.2
1971,1,10,1.0,5.8
1973,5,10,1.0,5.6
1979,6,10,1.0,6.5
1979,9,10,1.0,4.8
1942,8,10,1.0,6.3
1979,6,10,1.0,6.5
2006,7,10,1.0,5.8
1973,9,10,1.0,5.5
2020,2,10,1.0,7.8
2008,9,5,1.0,6.9
1982,4,10,1.0,6.7
1942,3,10,1.0,4.1
2006,1,10,1.0,6.7
1984,8,10,1.0,4.6
1962,1,10,1.0,5.9
1988,12,10,1.0,6.5
1939,1,10,1.0,6.5
2014,6,9,1.0,5.5
1985,9,10,1.0,4.6
1948,1,10,1.0,5.7
2005,11,10,2.0,6.8
1985,10,10,2.0,6.4
1998,10,10,1.0,5.4
1979,4,10,1.0,6.7
2013,1,10,1.0,6.3
2022,6,10,1.0,5.9
1955,4,10,1.0,5.6
1959,8,10,1.0,5.6
1982,3,10,1.0,5.0
1990,12,10,2.0,5.4
1964,7,10,1.0,5.4
1997,12,10,3.0,6.9
1975,3,10,1.0,7.9
1992,9,10,1.0,7.0
1947,12,10,1.0,6.9
1962,6,10,1.0,6.3
1949,6,10,1.0,6.6
1971,3,10,1.0,7.3
1921,4,10,2.0,6.5
2011,4,10,1.0,6.6
2008,1,10,1.0,6.1
1943,10,10,1.0,6.1
1979,12,10,1.0,5.8
1965,11,10,3.0,7.9
1981,12,9,1.0,6.1
2009,11,10,1.0,6.3
1996,12,10,1.0,6.5
1947,4,10,1.0,6.3
1954,7,10,58.0,5.5
1944,6,10,1.0,6.2
1993,12,10,53.0,7.2
1950,7,10,1.0,6.7
1934,9,10,57.0,5.5
2020,2,10,1.0,6.7
1926,11,6,1.0,5.6
1963,11,10,1.0,5.1
2019,9,10,1.0,6.2
2021,10,10,1.0,6.9
1938,12,10,1.0,6.5
2009,6,10,1.0,5.0
1943,10,10,1.0,7.0
1968,12,10,1.0,6.2
1985,3,10,1.0,5.3
1998,12,10,1.0,7.2
2008,5,10,1.0,7.6
1953,6,10,1.0,5.9
1957,11,10,1.0,7.3
1994,7,10,1.0,3.8
1978,2,10,2.0,7.2
2004,1,10,1.0,4.5
1961,7,10,1.0,5.7
2020,9,10,1.0,7.2
2001,3,10,1.0,6.7
1973,4,10,1.0,4.4
1963,3,10,1.0,7.2
1978,10,10,1.0,6.3
2000,4,10,2.0,6.4
1969,6,6,2.0,6.7
2002,6,10,1.0,6.8
2002,4,10,47.0,7.4
1976,2,10,2.0,6.8
1986,1,10,1.0,6.7
1951,1,10,1.0,6.5
1921,12,10,58.0,5.5
2012,10,10,1.0,4.9
1979,6,10,1.0,6.8
2008,10,10,1.0,5.2
1981,9,10,1.0,5.0
1996,3,10,1.0,4.4
1989,4,10,1.0,5.8
1960,7,10,55.0,7.1
1958,9,10,1.0,6.9
1934,5,10,1.0,7.2
2024,2,10,1.0,7.3
1995,9,10,1.0,7.3
1983,11,10,1.0,6.7
1969,3,10,1.0,5.9
1976,12,10,1.0,6.0
1986,2,10,1.0,7.2
1953,9,10,1.0,6.4
2010,6,10,1.0,6.9
1942,5,10,1.0,6.3
1961,2,10,2.0,7.0
1953,10,10,1.0,6.2
1987,4,10,1.0,4.6
1993,11,10,1.0,6.0
1971,4,10,1.0,5.9
1959,12,10,1.0,5.2
1960,6,10,2.0,5.9
2011,9,10,2.0,7.8
1992,10,10,1.0,3.3
1990,10,10,2.0,6.3
1938,11,10,1.0,6.5
2013,3,10,1.0,6.7
1937,10,10,1.0,5.9
1959,10,10,1.0,5.7
1976,5,10,1.0,4.5
1947,2,10,1.0,5.7
1980,11,10,1.0,5.1
1969,5,10,2.0,6.9
1952,2,10,1.0,6.5
1990,5,10,1.0,4.9
2017,4,10,1.0,6.4
1941,9,10,1.0,6.9
1947,9,10,1.0,7.1
1983,2,3,1.0,5.9
1951,1,10,1.0,6.1
1968,12,10,1.0,6.2
2003,2,10,1.0,5.1
1963,3,10,1.0,6.8
2025,4,10,1.0,6.2
1949,6,10,1.0,6.1
1961,1,10,1.0,3.4
1950,5,10,1.0,7.3
1986,1,10,1.0,5.1
1980,3,10,1.0,6.3
1957,6,10,1.0,6.5
1950,3,10,1.0,6.7
2006,6,10,1.0,7.3
1959,1,10,2.0,7.2
1972,4,10,1.0,6.3
1971,1,10,1.0,5.0
2010,5,10,1.0,7.6
1942,8,10,1.0,6.2
2016,10,10,1.0,6.2
1985,12,10,1.0,7.5
2025,1,10,1.0,8.1
1984,8,10,1.0,4.5
2022,4,10,1.0,8.3
2002,5,10,1.0,5.8
1979,6,10,1.0,5.2
1990,5,10,1.0,5.6
1950,3,10,1.0,5.4
1948,9,10,1.0,6.6
1982,9,10,1.0,5.0
1992,8,10,1.0,3.3
1975,4,10,1.0,4.2
1987,1,10,1.0,4.6
1982,9,10,1.0,3.6
2017,4,10,1.0,6.1
1989,3,10,1.0,2.4
1948,5,10,1.0,7.2
1940,4,10,1.0,6.8
2025,1,4,1.0,6.6
1997,12,10,1.0,7.7
1998,8,10,2.0,5.9
1942,7,10,1.0,7.6
2011,9,10,1.0,6.5
1974,10,10,1.0,6.3
1994,3,10,1.0,6.2
1966,2,10,1.0,5.3
1937,6,10,1.0,6.1
1921,5,9,1.0,6.9
1956,10,10,1.0,6.9
2018,1,10,1.0,6.4
1961,9,10,1.0,6.7
2020,9,10,1.0,6.3
1953,6,10,1.0,6.3
2010,2,10,1.0,7.2
1987,10,10,1.0,6.1
1934,11,10,1.0,7.0
1937,11,10,1.0,7.3
1946,5,10,1.0,7.4
2016,10,10,44.0,7.0
2005,2,10,1.0,4.5
1989,2,10,1.0,4.2
1921,4,10,1.0,6.9
1943,1,2,1.0,9.9
1971,9,10,1.0,4.1
1980,5,10,1.0,4.7
1956,4,10,1.0,5.6
1947,1,10,58.0,6.0
1983,9,10,1.0,5.9
1999,2,10,1.0,5.7
1977,1,10,1.0,6.5
1993,9,10,1.0,4.4
2002,2,10,1.0,4.4
1991,10,10,1.0,7.7
2016,4,1,1.0,6.9
1968,12,10,2.0,6.1
1963,7,10,1.0,6.7
1924,3,8,50.0,4.6
1983,10,10,2.0,8.4
1927,10,10,1.0,6.6
1969,3,10,1.0,5.6
1942,11,8,1.0,7.3
1998,9,10,1.0,6.6
1923,8,10,1.0,5.6
2021,4,10,1.0,5.8
2004,10,10,1.0,7.2
2003,4,5,1.0,7.6
1955,12,10,1.0,6.5
1988,12,10,1.0,7.4
1967,1,10,1.0,7.3
1927,7,7,50.0,7.8
1981,9,10,1.0,4.7
2008,3,10,2.0,6.8
1999,6,9,1.0,5.5
2000,4,10,1.0,8.2
1981,1,10,1.0,4.0
1978,11,10,1.0,4.8
1962,4,10,1.0,7.1
1930,1,10,1.0,7.0
1930,12,10,1.0,6.5
1949,8,10,1.0,5.2
2024,2,10,1.0,6.6
1987,5,10,1.0,6.2
1930,9,10,1.0,6.1
1952,2,10,1.0,6.2
1930,11,3,1.0,7.6
1934,4,10,1.0,5.8
2019,1,10,1.0,5.6
2025,2,10,1.0,4.3
1962,8,10,1.0,6.4
2020,9,10,1.0,5.6
1958,7,10,2.0,6.8
1985,1,10,1.0,5.9
1956,9,10,1.0,7.5
1966,6,10,1.0,6.4
1997,3,10,1.0,4.8
1958,7,10,2.0,7.6
2000,1,10,2.0,6.3
1922,11,10,1.0,6.5
2020,10,10,1.0,5.1
1944,7,10,56.0,7.3
1991,3,10,1.0,4.8
1979,3,10,1.0,6.4
2011,9,10,1.0,5.0
1932,6,9,1.0,5.7
1933,8,10,1.0,6.3
1943,1,4,1.0,9.1
1990,3,10,1.0,5.8
1991,5,10,1.0,4.7
2004,10,10,1.0,6.5
2004,8,10,1.0,7.4
2000,3,10,1.0,7.3
1936,12,10,1.0,5.9
1970,9,10,1.0,7.5
1930,11,10,1.0,8.0
1978,2,10,1.0,4.1
2025,2,8,1.0,5.6
1990,11,8,1.0,2.7
1937,10,10,1.0,7.6
1999,6,10,1.0,4.3
1940,7,10,1.0,6.0
1956,2,10,1.0,5.1
2019,7,10,1.0,6.5
1960,4,3,1.0,4.8
2010,12,10,2.0,5.9
1976,11,10,2.0,6.6
1975,11,10,2.0,8.7
1979,4,10,1.0,5.4
1986,5,10,1.0,6.6
1961,2,10,1.0,6.9
1977,7,10,1.0,5.6
1953,3,10,1.0,5.5
1944,7,10,4.0,6.4
2009,9,10,1.0,6.1
1948,10,10,1.0,6.0
1996,1,1,3.0,8.6
2011,8,10,1.0,6.8
2004,2,10,2.0,5.2
1946,11,10,1.0,6.8
1998,11,10,1.0,6.3
1948,8,10,1.0,6.8
1982,1,10,1.0,5.2
1943,6,10,1.0,5.4
1992,3,2,1.0,5.1
1935,4,10,1.0,7.2
1997,1,10,2.0,7.6
1990,12,10,1.0,4.7
2011,5,10,2.0,7.1
1993,3,10,1.0,5.8
1999,11,10,1.0,3.9
1959,7,10,1.0,6.4
1936,3,10,58.0,5.5
1972,11,10,2.0,7.6
1976,11,10,1.0,5.9
1977,4,10,56.0,6.2
1985,1,10,1.0,6.6
2004,3,3,1.0,7.4
1955,9,10,1.0,6.5
2021,11,10,1.0,5.2
2005,11,10,1.0,7.4
1965,8,10,1.0,5.2
1924,12,10,2.0,5.6
1939,3,10,1.0,6.7
1940,12,10,1.0,4.2
1945,12,10,1.0,6.3
1941,2,10,1.0,6.6
2018,3,10,1.0,5.5
2025,2,10,1.0,6.7
2009,2,10,1.0,5.6
1975,3,10,1.0,6.3
1982,8,10,1.0,5.6
1957,2,10,1.0,6.0
1943,6,10,1.0,6.6
2013,9,10,2.0,6.7
2012,4,1,2.0,7.3
1961,5,10,1.0,6.5
2008,9,10,1.0,6.7
2000,12,10,1.0,6.0
2017,1,10,2.0,7.3
2001,11,10,1.0,5.8
1958,1,10,1.0,7.1
1996,11,10,1.0,5.6
2000,8,10,1.0,6.0
1957,12,10,1.0,5.7
1976,1,9,1.0,7.5
2014,4,10,1.0,4.9
1939,11,10,1.0,6.5
1997,2,10,2.0,6.1
1994,9,10,1.0,4.7
1972,8,10,1.0,6.8
1942,8,10,58.0,6.0
1970,4,10,1.0,7.1
1961,7,10,1.0,6.0
1976,9,10,2.0,6.6
1975,4,10,1.0,7.2
1938,9,10,1.0,4.8
1979,10,10,1.0,5.4
2001,1,10,2.0,7.0
2021,2,10,2.0,6.3
1953,1,10,1.0,7.5
1937,11,10,1.0,5.7
1949,7,10,1.0,6.2
1944,12,10,1.0,5.3
1954,5,10,1.0,5.4
2024,3,10,1.0,5.8
1983,4,10,1.0,6.0
2003,5,10,2.0,7.4
1974,12,10,1.0,5.2
1924,3,7,1.0,5.6
2017,11,10,1.0,7.9
2025,1,6,1.0,3.1
2020,3,10,2.0,7.3
1982,5,10,1.0,6.3
2011,10,10,1.0,5.6
2005,9,10,1.0,6.3
1984,8,10,1.0,6.0
2019,4,10,1.0,7.5
2000,1,10,1.0,6.1
2020,10,10,1.0,4.0
1967,1,10,1.0,7.2
1986,1,10,1.0,5.7
1933,2,10,1.0,5.1
1934,11,10,2.0,7.3
1953,9,10,54.0,6.9
1946,2,10,1.0,6.4
2009,11,10,2.0,5.9
2018,3,1,1.0,7.8
1937,10,10,2.0,7.1
1948,11,10,55.0,7.1
1937,6,10,1.0,6.7
2019,9,10,1.0,2.5
1924,9,10,1.0,6.3
1969,2,10,1.0,5.7
1941,6,10,1.0,5.8
2021,5,10,1.0,5.7
1979,3,10,2.0,5.8
1995,4,10,1.0,3.0
2008,10,10,1.0,5.3
1999,3,10,1.0,4.3
2002,1,10,1.0,5.8
1920,5,10,1.0,5.7
1989,3,10,1.0,4.5
1960,1,10,2.0,6.1
1995,8,10,1.0,7.3
1925,12,10,1.0,7.9
1944,4,10,1.0,5.7
1957,10,10,1.0,6.1
2014,10,10,1.0,6.4
1952,7,10,1.0,6.6
1941,7,10,1.0,5.7
1976,9,10,1.0,4.4
2018,5,10,1.0,3.1
1992,5,10,2.0,5.3
1992,3,10,1.0,4.6
1978,11,10,1.0,3.5
1928,5,10,1.0,6.4
1973,10,10,1.0,5.8
2010,1,10,2.0,7.2
1935,10,10,1.0,6.2
1975,5,10,1.0,5.1
1932,10,10,1.0,6.0
1994,9,4,1.0,9.0
1923,1,7,50.0,6.4
1980,9,10,1.0,5.9
2016,12,10,1.0,7.0
1963,11,10,1.0,6.0
1976,8,10,1.0,7.1
1985,11,10,1.0,7.1
1946,9,10,1.0,6.3
1964,10,10,1.0,5.8
2000,9,10,1.0,6.7
1956,9,10,1.0,6.0
2014,7,10,1.0,6.0
1956,6,10,2.0,6.3
2012,4,5,1.0,5.8
1978,1,10,1.0,6.7
1985,6,10,1.0,3.4
1989,10,10,2.0,7.3
1942,2,10,59.0,5.1
2016,8,10,2.0,5.9
2004,4,10,2.0,6.6
1962,12,10,1.0,7.0
1967,3,10,1.0,7.3
2007,6,10,1.0,7.6
2010,6,10,1.0,6.9
1999,3,10,2.0,6.1
2012,5,10,1.0,6.5
2005,12,10,1.0,6.1
1992,1,10,2.0,5.7
2016,12,10,1.0,5.7
1927,9,10,1.0,6.4
2016,2,10,1.0,7.1
1987,5,10,1.0,4.7
1966,9,10,1.0,7.3
1966,7,10,1.0,5.8
1950,11,10,1.0,6.9
2014,4,10,1.0,5.6
1984,2,10,1.0,5.6
1991,8,1,1.0,6.6
2024,3,10,2.0,6.7
1992,2,10,1.0,7.0
1932,10,10,1.0,6.2
1944,12,10,1.0,7.4
1955,9,10,2.0,7.9
1936,10,10,1.0,5.6
1957,12,10,1.0,6.9
1960,12,10,2.0,7.1
1958,5,5,1.0,6.7
1996,1,10,1.0,6.2
1975,12,10,1.0,4.6
1985,10,5,1.0,6.9
1935,6,10,1.0,6.6
1925,12,10,1.0,5.9
1942,10,10,2.0,7.2
2011,4,10,1.0,4.9
2023,12,10,2.0,6.5
1949,6,10,1.0,6.0
1951,1,10,2.0,5.9
1981,10,10,1.0,4.5
1983,3,10,2.0,6.9
1949,3,10,1.0,6.8
1990,8,10,1.0,6.6
1931,3,10,1.0,6.4
1942,9,10,1.0,4.9
1984,2,10,1.0,6.5
1963,11,10,1.0,7.0
1986,12,10,2.0,6.8
1972,3,10,1.0,5.5
1973,10,10,1.0,7.5
2010,4,10,1.0,6.1
1964,11,10,2.0,8.5
1934,5,10,1.0,6.1
2024,12,10,1.0,6.5
1927,3,10,1.0,6.3
2006,12,10,1.0,6.8
2012,10,10,1.0,7.4
1921,1,10,1.0,7.3
2017,1,10,2.0,5.3
1956,9,10,1.0,5.1
1962,9,10,2.0,7.6
1995,4,10,2.0,7.2
1937,10,10,1.0,6.2
1976,6,10,1.0,6.1
1942,11,10,1.0,6.5
1943,7,10,1.0,7.3
1972,10,10,1.0,7.8
1982,4,10,2.0,7.2
1991,10,10,1.0,6.8
2009,3,10,2.0,7.4
1935,5,10,1.0,7.4
1980,3,10,1.0,5.5
2009,12,10,1.0,7.2
2006,10,10,2.0,6.3
1928,10,10,1.0,6.1
1972,12,10,1.0,5.7
1990,1,10,1.0,7.7
1991,12,10,1.0,5.9
1946,9,10,1.0,6.8
1957,9,10,1.0,7.3
1966,3,10,1.0,6.3
1932,9,10,1.0,6.4
2025,2,8,1.0,7.9
1969,1,3,55.0,5.2
2010,9,10,1.0,6.7
1933,1,8,1.0,5.0
1975,2,10,1.0,6.6
1982,12,10,2.0,6.6
2005,11,10,1.0,3.0
1937,7,10,1.0,6.8
1954,6,10,1.0,6.9
1938,1,10,1.0,6.2
2004,8,10,50.0,7.1
1991,8,10,1.0,6.9
2012,11,10,1.0,5.7
1948,3,4,1.0,7.3
2007,4,6,1.0,6.3
1969,1,9,1.0,6.9
1958,10,10,1.0,5.3
1984,8,10,1.0,5.5
1965,1,10,2.0,7.8
2023,8,10,1.0,4.2
1965,2,10,1.0,8.0
1935,10,10,1.0,8.1
1939,11,10,51.0,6.0
1970,5,10,1.0,3.7
1956,9,10,1.0,6.8
1995,8,10,1.0,4.5
2003,4,10,2.0,5.5
1928,3,10,1.0,6.6
1944,12,10,55.0,5.4
1970,7,10,1.0,6.4
1971,2,10,1.0,7.3
1940,8,10,1.0,6.8
2004,12,10,1.0,5.8
1975,9,10,1.0,5.9
1952,12,10,1.0,6.4
1981,10,10,1.0,6.4
1931,8,10,1.0,6.7
2020,9,10,1.0,6.2
1942,1,10,57.0,5.8
1952,5,10,1.0,6.5
1942,6,10,2.0,7.6
1975,3,2,1.0,8.1
1953,7,10,1.0,5.5
1981,3,10,1.0,3.8
1985,11,10,1.0,5.5
1965,8,10,1.0,7.2
2023,4,10,2.0,5.8
2015,1,10,1.0,6.5
1950,3,10,1.0,5.3
2008,5,10,1.0,6.7
1946,2,10,1.0,5.7
1940,7,10,1.0,6.4
1947,2,10,1.0,6.3
1965,6,10,1.0,5.5
1951,12,8,1.0,8.2
2004,3,10,1.0,5.3
1960,11,10,2.0,7.6
1936,10,10,1.0,7.1
1925,7,8,52.0,5.8
1952,10,10,1.0,3.2
2017,6,10,2.0,7.3
1979,5,10,1.0,5.6
1937,2,10,1.0,6.1
1945,11,10,1.0,5.1
1931,9,8,1.0,6.7
1965,9,10,1.0,7.3
2001,3,10,1.0,5.3
2024,10,10,1.0,5.4
1958,12,10,1.0,5.1
1957,6,10,1.0,5.6
1936,9,10,1.0,6.3
1962,9,10,1.0,6.7
1994,10,10,2.0,8.3
1987,4,10,1.0,3.3
1963,10,10,2.0,8.2
1927,9,10,1.0,6.5
1938,9,10,1.0,6.6
2019,3,10,2.0,7.6
1936,2,10,1.0,4.5
2024,10,10,1.0,6.0
1937,9,10,1.0,6.8
1955,9,10,1.0,6.4
1949,11,10,1.0,6.4
2005,9,10,1.0,6.8
2018,10,10,1.0,7.4
1974,9,10,1.0,5.4
2005,1,10,1.0,4.7
1938,4,10,1.0,7.4
2009,12,10,2.0,7.3
2006,6,5,1.0,7.4
1923,7,8,1.0,6.7
1991,9,10,2.0,7.0
2021,11,10,1.0,5.1
1953,6,10,1.0,6.2
1950,9,10,1.0,6.2
1981,10,10,2.0,6.9
1952,3,10,1.0,8.2
1974,2,10,1.0,6.2
2001,7,10,1.0,5.5
1949,8,10,1.0,7.1
2023,12,10,1.0,6.3
1939,10,10,1.0,6.9
2014,9,10,1.0,6.5
1983,1,10,1.0,5.9
2004,8,10,1.0,7.9
2013,8,10,2.0,6.2
2009,4,10,1.0,7.0
1973,6,10,1.0,5.1
1978,12,10,1.0,4.7
1926,9,7,1.0,5.8
1991,1,5,2.0,4.9
2019,12,7,1.0,6.9
1958,10,10,1.0,5.6
1975,2,10,1.0,7.5
1928,12,10,1.0,6.8
1951,11,10,1.0,6.2
1932,3,9,1.0,7.0
1951,5,10,1.0,4.2
1939,6,10,2.0,6.4
1979,6,10,1.0,5.9
1950,3,10,1.0,7.2
1993,9,10,1.0,5.1
2009,4,10,1.0,6.9
2024,4,10,1.0,6.2
2016,2,10,1.0,7.2
1990,11,10,1.0,5.1
1954,4,10,1.0,6.1
1995,1,8,1.0,8.3
1999,9,10,2.0,5.8
1925,9,6,57.0,6.2
1992,6,10,1.0,4.2
2000,1,10,1.0,4.7
1997,2,10,1.0,6.7
1942,7,10,2.0,7.6
1995,3,10,2.0,7.2
1920,11,10,54.0,5.8
1980,11,8,1.0,4.2
1982,1,10,1.0,4.6
1973,6,10,1.0,7.1
1962,11,10,1.0,6.6
2003,12,10,1.0,4.4
2004,3,10,1.0,6.1
1926,11,10,1.0,4.8
1962,12,10,1.0,6.4
1929,2,10,1.0,6.3
1972,6,10,1.0,6.1
1972,1,6,1.0,4.5
1945,3,10,1.0,6.8
1947,1,10,1.0,5.9
1936,12,10,1.0,7.1
2017,5,10,1.0,6.1
1942,6,10,1.0,5.7
2016,9,10,1.0,6.8
2020,2,1,1.0,6.8
1932,1,10,1.0,5.4
1967,9,10,1.0,3.7
1987,7,10,1.0,5.5
1939,2,10,1.0,8.1
1953,9,10,6.0,5.7
1989,4,10,1.0,6.1
1927,8,10,5.0,7.3
1966,2,10,1.0,3.9
1941,5,10,1.0,6.9
1970,7,10,1.0,5.5
1963,11,10,2.0,8.4
2024,12,7,1.0,7.4
2014,6,10,2.0,5.9
2019,5,10,1.0,7.5
2019,10,2,1.0,5.6
2017,9,10,1.0,6.5
1940,1,10,1.0,6.0
1979,7,10,1.0,5.6
1980,11,10,1.0,5.0
1945,8,10,1.0,5.9
2000,4,10,1.0,6.0
2010,10,10,1.0,5.5
2020,10,5,2.0,6.8
1994,10,10,1.0,4.9
1922,4,9,1.0,5.3
1987,6,10,1.0,4.6
1984,3,10,1.0,5.4
1999,1,10,1.0,6.6
1940,12,10,1.0,6.0
1999,6,10,1.0,6.9
1982,3,10,1.0,6.9
1959,12,10,1.0,6.1
1953,7,10,1.0,6.5
1924,12,10,1.0,6.4
2015,5,10,1.0,7.1
1954,11,10,2.0,6.9
2013,9,10,1.0,6.5
1954,6,10,1.0,5.5
2018,11,10,1.0,7.1
1971,10,10,1.0,7.0
1987,5,10,1.0,6.7
1987,4,10,1.0,3.3
1928,1,10,1.0,5.8
2003,11,10,2.0,6.1
2006,8,10,1.0,7.6
1939,9,10,56.0,5.9
1981,10,10,1.0,6.6
1960,9,10,1.0,4.8
2015,1,10,1.0,6.2
1999,5,10,1.0,7.9
1997,10,9,55.0,6.3
1952,9,10,1.0,6.6
1965,5,8,1.0,7.2
1958,4,10,1.0,6.6
2000,6,10,1.0,6.1
1979,12,10,1.0,5.7
1941,9,10,1.0,6.3
1947,6,10,53.0,6.2
2003,4,10,1.0,5.5
1959,12,10,1.0,6.4
1948,5,10,1.0,7.3
2007,10,10,1.0,7.6
1994,12,10,1.0,4.1
1962,4,10,1.0,5.9
1977,2,10,2.0,7.4
1932,8,10,1.0,6.6
2022,1,10,1.0,6.5
2012,10,10,1.0,4.7
1979,8,10,1.0,5.4
1962,12,9,1.0,6.7
2015,1,10,2.0,6.9
1972,10,10,2.0,5.4
2014,1,10,1.0,5.7
2008,2,10,1.0,2.0
2014,11,10,1.0,7.4
1940,2,10,58.0,5.4
2022,9,10,1.0,5.0
2001,10,2,1.0,6.8
2002,5,10,1.0,6.5
1975,2,10,1.0,4.7
1954,5,10,1.0,5.0
1942,12,10,55.0,6.5
1957,9,10,1.0,7.2
1967,3,5,1.0,8.0
2000,7,10,1.0,7.6
2009,1,10,1.0,6.1
1975,7,10,1.0,5.5
2012,9,10,1.0,7.5
1988,1,10,1.0,7.9
2018,4,10,2.0,5.8
2011,2,10,1.0,5.7
1945,7,10,1.0,6.2
1935,6,10,1.0,6.7
2015,3,10,1.0,7.7
1996,10,10,1.0,7.0
1940,11,10,1.0,5.6
2014,2,10,2.0,7.7
1979,10,10,1.0,5.2
1948,9,10,1.0,4.5
1926,5,7,1.0,5.0
1954,9,10,1.0,6.8
2010,10,1,1.0,7.0
1966,6,10,1.0,5.3
1944,4,10,1.0,6.4
1972,5,10,1.0,6.5
1970,7,10,1.0,5.6
2005,11,10,1.0,6.5
1977,9,10,1.0,4.4
1985,2,10,1.0,7.0
2025,1,9,1.0,6.7
1959,5,10,1.0,6.5
1921,1,6,1.0,4.8
1990,8,9,1.0,4.3
2005,9,10,2.0,6.2
2005,10,10,1.0,6.9
2021,3,10,1.0,6.9
1934,11,10,1.0,6.1
2014,4,2,1.0,5.6
1990,3,10,1.0,6.8
1984,3,10,1.0,5.6
1985,7,10,1.0,3.8
1956,11,10,1.0,7.8
1951,10,10,1.0,6.9
2018,6,10,1.0,7.2
1929,11,10,1.0,6.4
1982,1,10,1.0,4.0
1930,10,10,1.0,7.0
1982,1,10,1.0,4.0
1985,8,10,1.0,4.4
2004,7,10,1.0,6.6
1947,5,10,1.0,5.8
1947,12,10,1.0,6.8
1951,6,10,1.0,6.8
1998,9,4,1.0,7.0
1976,4,10,1.0,5.4
1981,9,10,1.0,4.7
1973,6,10,1.0,5.5
2019,9,9,1.0,7.1
2005,7,10,1.0,9.2
1946,12,10,1.0,5.0
1959,4,10,1.0,6.5
2010,6,10,1.0,8.3
2005,9,10,1.0,4.8
2022,10,10,1.0,6.6
1998,2,10,1.0,5.9
2017,8,10,2.0,7.1
2016,3,10,2.0,6.5
2011,2,10,1.0,5.9
1998,6,10,1.0,5.4
1970,3,10,1.0,7.3
1960,5,10,1.0,6.8
2014,4,10,1.0,4.7
1944,9,10,56.0,6.1
1951,8,10,1.0,6.1
1973,3,10,1.0,5.6
1951,8,10,1.0,7.7
1938,6,10,1.0,5.5
1931,9,10,55.0,4.2
1954,10,10,1.0,6.7
1976,6,10,1.0,6.1
1940,9,10,1.0,6.5
1948,4,10,1.0,7.0
1931,6,10,1.0,7.4
2006,3,10,1.0,7.2
2003,11,10,1.0,7.0
1934,6,10,1.0,6.1
2016,4,10,1.0,5.3
2005,11,10,2.0,7.0
2008,5,10,2.0,5.7
1976,8,10,1.0,6.6
1977,6,10,1.0,3.8
2000,2,10,1.0,6.0
1960,4,10,1.0,6.2
1945,10,10,1.0,7.4
2004,5,10,1.0,6.7
1989,6,10,1.0,5.3
1957,3,10,1.0,5.1
1998,9,10,1.0,6.9
2024,9,10,2.0,8.0
1935,11,10,59.0,5.9
1990,9,10,1.0,4.4
1936,4,10,1.0,6.8
2018,5,10,1.0,7.1
2000,1,10,2.0,5.2
1943,10,10,1.0,6.3
1998,1,10,1.0,6.7
2022,10,10,1.0,7.1
1963,8,10,1.0,5.6
1947,10,10,1.0,6.7
1964,7,10,1.0,5.9
2004,5,10,1.0,4.2
1936,7,10,1.0,6.3
1977,4,10,1.0,5.8
1979,9,10,1.0,6.7
2012,5,10,1.0,5.5
1945,8,10,57.0,6.1
2018,3,10,1.0,7.3
1957,5,10,1.0,5.9
2022,4,10,1.0,5.8
1963,3,10,1.0,5.5
1961,4,10,1.0,7.4
1989,10,10,1.0,3.9
1998,3,10,1.0,5.3
2024,5,10,1.0,5.5
1936,9,10,1.0,2.5
2021,10,10,2.0,7.3
1947,9,10,1.0,6.8
2016,7,10,1.0,6.0
2017,11,10,1.0,6.5
2024,3,10,1.0,8.0
2005,12,10,1.0,7.3
1956,3,10,1.0,7.5
1957,9,10,1.0,7.0
1947,2,10,1.0,5.7
1936,10,10,1.0,3.9
1963,9,10,1.0,5.5
1931,7,10,1.0,6.0
1968,9,10,1.0,4.7
2025,2,10,1.0,4.7
1970,9,10,1.0,7.9
1970,8,10,1.0,6.4
1970,12,10,1.0,5.5
2012,10,2,1.0,6.9
1949,6,10,59.0,6.6
2006,7,10,1.0,4.9
2018,10,10,2.0,7.5
1998,4,10,1.0,4.4
1993,8,10,1.0,6.6
1934,12,10,1.0,6.2
1977,10,10,1.0,5.8
2021,7,10,1.0,5.6
2016,10,10,1.0,7.2
1987,7,10,1.0,5.8
1989,9,10,1.0,4.5
1971,11,10,1.0,6.3
2022,8,10,1.0,4.9
1933,6,10,1.0,6.0
1994,6,10,2.0,6.3
1970,11,10,1.0,5.9
1995,4,10,1.0,3.9
1979,8,10,1.0,7.1
1927,10,8,1.0,5.3
1945,3,10,1.0,6.3
1938,11,10,1.0,6.7
1959,5,10,1.0,6.2
2022,5,10,1.0,7.0
2006,6,10,1.0,5.8
2010,6,10,1.0,6.2
2024,9,10,1.0,7.6
1952,2,10,55.0,5.9
1944,10,10,1.0,6.6
1961,4,10,56.0,6.9
2005,9,10,2.0,7.6
1959,2,10,1.0,6.4
1960,4,10,1.0,7.1
1964,11,10,1.0,6.5
1936,4,10,1.0,6.4
1950,4,10,1.0,6.2
1934,4,10,1.0,6.1
1978,4,10,1.0,4.4
1925,9,10,1.0,5.9
1942,2,10,56.0,6.4
2009,1,10,2.0,7.6
2008,9,10,1.0,6.9
1953,7,10,2.0,8.3
1940,7,10,1.0,6.3
1985,5,10,1.0,5.2
2019,6,10,1.0,6.8
1946,6,10,1.0,6.1
2012,12,10,2.0,4.4
1955,1,10,2.0,7.5
1938,11,10,1.0,6.4
2016,2,10,1.0,6.1
2019,3,10,1.0,8.0
1938,8,10,1.0,6.2
1982,4,6,1.0,5.2
1981,10,10,1.0,7.7
1939,12,10,1.0,6.1
2000,3,10,1.0,5.5
1933,8,10,1.0,6.2
2003,1,6,1.0,8.3
1933,9,4,2.0,7.2
1976,1,10,1.0,8.1
1965,12,10,2.0,6.9
1987,4,10,1.0,7.3
2003,10,10,1.0,6.5
1928,12,10,1.0,6.5
1966,10,10,1.0,4.6
1969,6,10,1.0,6.6
1975,11,10,1.0,5.7
1973,12,10,1.0,6.5
1975,8,10,1.0,5.6
1998,12,10,2.0,7.9
1993,2,10,1.0,5.1
2002,2,10,1.0,6.8
1993,10,10,1.0,5.0
1955,11,10,1.0,5.3
1925,5,10,1.0,6.5
2011,4,10,1.0,5.9
2000,8,10,1.0,5.6
1966,3,8,1.0,6.5
1977,4,10,1.0,5.4
1986,9,10,1.0,7.5
1961,4,10,1.0,5.7
1992,12,10,1.0,4.9
2018,8,10,1.0,4.6
1924,10,10,1.0,6.2
1939,5,10,1.0,5.8
1953,6,10,1.0,5.8
1994,2,10,1.0,6.9
1974,6,8,1.0,4.7
2024,8,10,1.0,7.0
1948,11,10,1.0,6.1
1967,12,5,1.0,4.7
1976,4,10,1.0,5.1
1993,12,10,1.0,5.7
2010,5,10,2.0,8.2
2008,6,10,1.0,4.9
2025,3,10,1.0,6.7
2020,6,10,1.0,6.5
1956,4,10,1.0,6.6
1952,9,10,1.0,3.7
2004,6,10,2.0,7.5
1926,2,10,48.0,5.6
1967,12,10,1.0,6.0
1965,8,10,1.0,6.2
1988,10,10,1.0,4.7
1949,6,10,1.0,6.0
1949,1,10,1.0,6.5
1967,6,10,1.0,7.7
2003,11,10,1.0,5.4
1992,12,10,1.0,4.7
1989,8,10,1.0,4.0
1939,11,10,1.0,7.8
2023,11,10,1.0,6.0
1962,1,10,1.0,6.8
1942,6,10,1.0,6.2
1987,2,10,1.0,3.9
1929,10,10,1.0,5.5
1966,3,10,1.0,5.9
2024,6,10,1.0,6.2
1967,11,9,1.0,4.7
2011,11,10,1.0,6.8
1962,3,10,1.0,6.9
1931,7,10,1.0,5.8
1935,5,10,1.0,6.7
1953,7,10,1.0,5.9
1928,3,10,1.0,5.8
2016,4,7,1.0,7.4
2005,8,10,1.0,7.7
1972,7,10,1.0,6.9
1985,9,5,1.0,6.2
1985,11,10,1.0,7.2
1999,8,10,1.0,5.1
1995,1,10,1.0,4.8
1980,5,10,1.0,5.2
1972,8,10,1.0,5.2
1970,12,10,1.0,5.2
2007,7,8,1.0,7.3
2004,10,10,2.0,5.4
1991,10,10,1.0,5.3
1923,8,7,1.0,6.4
1968,3,10,1.0,7.1
2022,11,4,1.0,7.3
1952,10,10,1.0,6.8
2016,4,10,1.0,5.6
1966,6,10,2.0,7.1
2015,7,10,1.0,4.2
2012,8,10,1.0,6.1
2007,3,10,1.0,5.9
1993,2,10,1.0,4.2
1932,3,10,1.0,7.2
2005,5,10,1.0,7.8
1984,4,10,1.0,3.0
1984,9,10,1.0,4.7
1993,8,10,1.0,5.5
1952,10,10,1.0,7.5
1953,11,10,1.0,5.4
2017,9,10,1.0,6.4
1998,12,10,1.0,6.4
1927,10,10,2.0,7.8
1931,10,10,1.0,6.6
1941,8,10,1.0,6.6
1934,6,10,1.0,5.8
2014,5,10,1.0,6.6
1955,12,10,1.0,6.1
2020,3,10,1.0,6.0
1974,6,10,1.0,6.1
1947,4,10,1.0,5.4
1927,1,10,1.0,5.2
1934,12,10,1.0,5.9
1975,10,10,1.0,6.5
1928,6,10,1.0,3.5
2006,9,10,2.0,6.1
2011,3,10,2.0,5.7
1986,10,10,1.0,7.2
1929,3,10,1.0,3.6
1921,7,10,1.0,6.5
1986,11,10,1.0,5.3
1945,4,10,2.0,7.6
1993,9,10,1.0,6.7
1938,12,10,1.0,6.0
1986,12,10,1.0,4.3
1978,4,10,1.0,6.1
1968,11,10,1.0,5.0
1978,1,10,1.0,7.5
1987,11,10,1.0,8.0
1997,11,10,2.0,7.3
1956,4,10,1.0,6.1
1989,2,10,1.0,7.4
1963,4,10,1.0,6.0
2011,9,10,1.0,6.2
2005,12,10,1.0,6.5
1999,2,10,1.0,4.1
2004,7,10,1.0,6.2
1947,1,10,1.0,5.4
1984,10,10,1.0,6.3
1944,4,10,1.0,6.2
1984,12,10,1.0,5.6
2021,9,10,2.0,7.3
2010,6,10,1.0,6.1
1985,6,10,1.0,7.4
1932,6,6,1.0,7.2
1943,6,10,1.0,5.7
2000,6,10,1.0,5.6
1927,5,10,1.0,5.7
1944,6,10,1.0,6.0
1943,10,10,1.0,7.1
1947,12,10,4.0,5.9
1946,1,10,1.0,6.6
1995,8,10,1.0,7.1
2003,9,10,1.0,7.3
1941,4,10,2.0,7.2
1939,9,10,1.0,5.2
1944,7,10,1.0,8.3
1950,8,10,1.0,7.1
1948,9,10,1.0,4.8
1996,1,10,1.0,4.1
2004,4,10,1.0,6.8
2018,1,10,1.0,7.8
1938,1,10,1.0,6.1
1943,12,10,1.0,5.9
2012,4,10,1.0,7.6
2021,10,10,1.0,7.1
2020,10,10,1.0,7.0
1962,6,10,1.0,5.3
2025,3,10,1.0,6.3
1953,12,10,1.0,5.9
1950,12,10,1.0,6.0
2014,11,10,1.0,6.6
1940,9,10,57.0,5.9
1935,9,10,1.0,6.4
1969,8,4,1.0,5.8
2016,8,10,1.0,5.1
1982,12,6,1.0,6.2
2006,9,10,2.0,5.6
1984,11,10,1.0,4.7
1999,3,10,1.0,7.5
1924,10,10,1.0,7.6
1994,6,10,1.0,4.7
1968,4,10,1.0,4.5
1987,2,10,1.0,4.6
1955,4,10,1.0,5.6
2018,6,10,2.0,6.6
1934,9,10,1.0,6.9
2017,3,10,1.0,6.3
2012,10,10,1.0,6.6
1988,8,10,1.0,4.0
1940,3,10,1.0,6.2
1937,11,10,1.0,5.6
1986,9,10,1.0,4.7
1986,6,10,1.0,5.6
1967,5,10,1.0,5.9
2014,7,10,1.0,7.4
1929,6,4,1.0,3.2
1926,12,10,1.0,5.0
1955,8,10,1.0,7.5
1955,12,10,1.0,5.9
1933,11,10,1.0,5.8
1944,7,10,1.0,4.8
1936,9,10,1.0,6.6
1981,9,10,1.0,5.9
1999,6,10,2.0,6.3
1926,7,7,1.0,5.7
1982,5,10,1.0,6.1
2008,8,10,1.0,7.3
1971,10,8,1.0,6.5
1971,7,10,2.0,6.5
1926,9,8,54.0,5.5
1981,8,10,1.0,4.5
1939,1,10,1.0,6.1
1951,4,6,1.0,6.3
1952,8,10,1.0,7.5
1996,4,10,2.0,6.0
1930,8,10,1.0,5.9
1933,3,10,1.0,6.7
2008,4,10,2.0,3.8
2024,10,10,1.0,4.8
1979,9,10,1.0,6.9
1970,5,10,1.0,4.2
1933,2,10,1.0,4.6
1933,11,10,1.0,7.2
1981,10,10,1.0,5.7
1976,4,10,1.0,4.6
1940,11,10,1.0,6.3
1996,9,10,1.0,6.4
1979,11,10,1.0,6.6
1968,5,10,1.0,7.2
1955,3,10,1.0,7.1
1982,1,10,1.0,7.3
1941,1,10,2.0,6.8
1967,12,10,1.0,6.6
1968,5,10,1.0,4.6
1943,9,10,1.0,7.1
2000,7,10,1.0,4.2
1981,6,10,1.0,6.2
1942,10,10,58.0,6.0
1942,10,10,1.0,6.1
2018,8,10,1.0,7.0
1996,4,10,1.0,3.9
2019,3,10,1.0,7.2
2004,1,10,1.0,4.4
1935,10,10,59.0,5.2
1957,3,10,1.0,6.3
1994,3,10,1.0,6.3
1960,1,10,1.0,6.3
1982,5,10,1.0,5.2
1928,9,10,1.0,6.0
1973,4,10,1.0,5.4
1932,3,10,1.0,7.6
1949,3,10,1.0,6.2
1943,7,10,1.0,6.4
1934,9,10,1.0,7.0
1959,2,10,1.0,6.8
1982,4,10,1.0,7.0
1978,1,8,1.0,7.8
1926,9,10,1.0,6.7
2002,7,10,2.0,7.4
2004,4,10,1.0,5.8
2018,3,9,1.0,6.5
1959,10,10,1.0,6.1
2025,3,10,1.0,6.8
1939,10,10,1.0,6.2
1968,5,10,1.0,5.1
2021,1,10,1.0,2.7
1980,9,10,1.0,3.4
2010,12,10,2.0,6.0
1996,12,10,1.0,6.5
2001,11,10,1.0,7.5
1954,2,10,1.0,5.9
2018,6,10,2.0,7.1
2000,11,10,2.0,4.4
2023,4,10,2.0,7.6
1947,4,9,59.0,6.9
1959,6,2,1.0,7.2
2009,8,9,1.0,7.5
2009,2,10,1.0,6.5
2018,3,10,1.0,6.3
2017,8,10,1.0,6.6
1986,1,10,1.0,4.8
1946,1,10,1.0,4.0
1944,2,10,1.0,5.0
1993,6,10,1.0,7.3
1994,7,10,1.0,5.7
1970,9,10,1.0,5.4
1965,11,10,1.0,7.3
1993,2,10,1.0,6.6
1926,12,10,1.0,6.2
1930,4,10,1.0,5.8
1929,9,10,1.0,6.0
1990,6,10,1.0,3.8
1985,2,10,2.0,7.8
1973,10,10,2.0,6.1
1938,1,10,1.0,6.2
1992,7,10,1.0,3.7
2020,10,1,55.0,7.5
1933,9,10,1.0,6.3
1938,7,10,1.0,6.8
1954,9,4,1.0,6.7
1934,5,10,1.0,6.5
1997,9,10,1.0,5.2
1962,8,10,1.0,7.4
1946,1,10,1.0,6.6
1971,3,10,1.0,7.1
2018,6,10,1.0,6.7
2014,4,10,1.0,6.6
1970,4,10,1.0,4.7
1996,5,10,1.0,5.7
1978,5,10,1.0,4.1
1951,10,10,1.0,7.3
1938,11,10,1.0,6.5
2002,1,1,1.0,8.2
1925,1,10,1.0,8.0
2015,11,10,1.0,6.7
1943,11,10,1.0,6.2
1985,4,4,1.0,7.3
2025,2,10,1.0,2.3
1956,6,10,1.0,6.2
1966,1,10,1.0,7.5
2015,9,10,1.0,6.6
1981,8,10,1.0,6.1
1998,2,10,2.0,7.2
1993,7,10,1.0,5.7
1996,12,10,1.0,6.3
1945,2,10,1.0,5.5
1938,6,10,1.0,7.0
1967,9,6,1.0,4.3
1957,9,10,1.0,5.8
1994,11,10,2.0,8.0
1975,6,10,1.0,3.9
1922,10,10,2.0,7.0
2009,10,10,1.0,5.5
2019,11,10,2.0,8.5
1934,2,10,54.0,6.5
2018,8,10,1.0,5.4
1978,6,10,1.0,4.2
2002,1,1,1.0,7.1
1930,4,10,1.0,5.3
2012,3,4,1.0,6.6
1943,4,10,1.0,7.0
1944,11,10,1.0,5.4
2024,7,10,2.0,6.5
1985,5,10,1.0,3.8
1945,12,10,1.0,5.8
2016,4,10,1.0,5.2
1989,1,10,1.0,6.7
1961,6,10,1.0,6.5
1924,11,10,1.0,7.1
1942,3,10,1.0,6.8
1933,10,10,1.0,6.5
1939,4,10,1.0,6.0
1939,4,10,1.0,6.2
2006,11,10,1.0,6.5
1934,1,10,1.0,6.9
2021,3,10,1.0,5.3
1993,4,10,1.0,6.8
1966,9,10,1.0,5.7
1939,1,10,2.0,7.2
1940,1,10,1.0,5.4
1957,8,10,59.0,6.0
2022,9,10,2.0,5.6
1969,3,10,1.0,6.4
1941,4,10,1.0,6.2
1966,5,10,2.0,6.9
1931,7,10,1.0,6.8
2007,11,10,2.0,6.2
1959,9,10,1.0,7.7
1998,4,10,1.0,4.5
2007,12,10,2.0,7.0
2017,4,10,1.0,7.6
2021,8,10,1.0,6.3
1975,11,10,1.0,6.7
1925,7,6,55.0,7.0
1928,8,6,58.0,6.1
2000,1,10,1.0,5.6
1958,9,10,1.0,7.0
1941,10,9,1.0,3.6
1942,5,10,1.0,4.9
1924,8,10,1.0,5.7
2022,12,10,2.0,5.7
1972,2,6,1.0,6.7
1947,9,10,4.0,7.7
1934,7,10,1.0,7.0
1988,11,10,1.0,6.7
2000,4,10,1.0,7.4
1989,2,10,1.0,7.5
2014,11,3,1.0,7.2
1941,6,10,57.0,5.9
1961,2,10,1.0,5.7
1937,11,10,1.0,6.4
1942,1,10,1.0,5.2
1931,6,10,1.0,5.8
1996,8,10,1.0,4.0
1924,1,7,50.0,4.7
1981,9,5,2.0,4.8
1994,5,10,1.0,6.7
1928,10,6,1.0,6.7
1988,4,10,1.0,2.7
1922,5,10,1.0,6.1
1967,10,10,1.0,6.1
1925,9,9,1.0,6.8
1951,5,10,1.0,6.0
1961,6,10,1.0,6.3
1944,9,10,1.0,5.9
1991,9,10,2.0,7.5
2005,1,10,1.0,7.6
2009,5,10,1.0,3.6
2002,1,10,2.0,7.7
1933,9,10,1.0,5.5
2012,6,10,1.0,2.6
1994,3,10,1.0,2.4
1982,9,10,1.0,3.1
1936,12,10,1.0,5.6
1997,12,10,1.0,6.8
2024,11,10,1.0,5.2
1997,8,10,1.0,5.5
1932,11,10,58.0,5.9
1957,5,10,1.0,6.4
1933,2,10,1.0,6.7
1992,1,10,1.0,5.4
2011,11,10,2.0,7.3
2016,5,10,2.0,6.0
1984,9,10,1.0,6.3
1999,1,10,1.0,6.1
2005,10,10,1.0,4.4
1986,5,10,1.0,4.3
2019,8,10,2.0,7.5
1969,9,7,1.0,8.3
1982,8,10,1.0,6.4
1997,1,10,1.0,5.3
1932,10,10,1.0,7.5
1976,10,10,2.0,6.2
1927,1,10,1.0,7.6
1928,2,10,1.0,5.1
1991,5,10,1.0,4.0
1926,12,10,2.0,5.8
2013,6,10,1.0,5.9
2021,2,10,1.0,5.8
2002,2,10,1.0,7.0
1966,12,10,1.0,7.5
1976,9,10,1.0,5.5
2020,9,10,1.0,5.9
1971,2,10,1.0,6.7
1926,1,9,50.0,7.8
1979,9,10,1.0,5.8
1969,9,10,1.0,5.7
1978,9,10,1.0,4.8
1954,6,10,1.0,7.2
2004,3,10,1.0,5.6
1970,11,10,2.0,6.9
2022,4,10,1.0,7.2
1938,3,10,1.0,6.1
1934,10,10,1.0,7.0
2007,12,10,1.0,6.1
1938,8,10,1.0,5.3
1926,5,9,1.0,5.8
2016,12,10,1.0,6.8
1947,5,10,1.0,7.7
1984,4,10,1.0,5.5
1946,5,10,1.0,4.2
1967,5,10,1.0,3.7
2006,5,10,1.0,7.1
1965,12,10,1.0,7.1
1929,11,10,1.0,6.7
1985,8,10,1.0,5.6
1999,4,10,1.0,6.0
1942,6,10,1.0,5.5
1973,10,10,1.0,4.9
1955,7,6,2.0,7.8
1976,7,10,1.0,4.6
1972,4,10,1.0,6.5
1972,6,10,1.0,6.8
1982,5,10,1.0,7.6
1928,7,8,1.0,5.0
2002,5,10,1.0,7.2
2001,3,3,1.0,4.9
1931,4,1,1.0,6.8
2002,3,10,1.0,5.6
1945,1,10,55.0,6.1
1985,3,10,1.0,5.3
1990,5,10,1.0,5.5
1951,10,10,1.0,6.5
1968,1,10,47.0,6.5
2015,10,10,1.0,5.7
1977,1,10,1.0,6.4
1967,10,10,1.0,4.1
1958,3,10,1.0,5.9
1939,11,10,1.0,6.0
2016,8,10,1.0,6.0
1962,5,10,1.0,6.8
1990,1,10,1.0,5.2
1928,7,8,50.0,4.9
1966,10,10,1.0,4.8
1970,5,10,1.0,5.4
2023,4,1,1.0,7.1
1978,1,10,1.0,5.1
2003,5,10,1.0,6.4
1991,8,10,1.0,5.2
1943,7,10,1.0,5.0
2004,12,10,1.0,7.7
2013,4,10,2.0,6.4
2015,1,9,1.0,6.5
1960,8,10,1.0,7.1
2010,12,10,1.0,6.0
1972,2,10,1.0,4.0
1935,3,10,1.0,6.1
2006,9,10,1.0,6.5
2006,4,10,1.0,4.9
1928,10,10,1.0,5.9
1968,1,10,2.0,5.4
1990,8,10,1.0,7.2
2014,4,10,1.0,7.7
1974,9,9,1.0,8.6
1951,9,10,1.0,7.1
2000,7,10,1.0,5.9
1972,4,10,2.0,7.0
2009,5,6,1.0,7.5
1971,3,10,1.0,4.7
1949,10,10,1.0,7.1
1929,7,10,2.0,6.2
1926,1,8,1.0,7.3
2013,6,10,1.0,6.6
2011,10,10,1.0,8.2
2015,3,10,1.0,6.7
1969,6,10,2.0,7.0
2008,9,10,1.0,6.0
1995,4,10,1.0,4.6
1937,12,10,1.0,6.2
1973,9,10,1.0,4.3
1992,9,10,2.0,7.8
1980,6,10,1.0,5.7
2017,5,3,1.0,7.2
2002,10,10,1.0,7.8
1939,10,10,1.0,6.2
1954,12,10,1.0,5.5
1965,6,10,1.0,5.2
1987,1,10,1.0,4.6
2015,12,10,1.0,7.0
1961,7,10,1.0,5.3
1943,5,10,1.0,7.5
1982,10,10,2.0,5.1
2005,11,10,1.0,5.9
1931,5,6,1.0,6.1
1946,12,10,1.0,5.9
1954,7,10,1.0,6.4
2016,3,10,1.0,7.5
1943,11,10,1.0,6.6
1985,8,10,2.0,7.2
2002,2,10,1.0,4.5
1941,3,10,1.0,7.7
1977,12,10,1.0,4.0
2019,1,10,1.0,6.7
1958,10,10,1.0,6.0
2025,3,10,1.0,4.8
1945,3,10,1.0,5.3
1928,1,10,50.0,6.5
2007,3,10,1.0,6.9
1922,12,9,50.0,5.5
1970,4,10,1.0,6.1
2023,1,9,1.0,5.1
1950,9,10,1.0,5.9
1920,5,10,1.0,5.9
1945,9,10,1.0,5.4
1982,11,10,1.0,5.3
1968,1,10,1.0,6.0
1944,6,10,1.0,5.3
2017,5,10,1.0,7.3
1937,12,10,1.0,5.7
1936,10,10,1.0,6.5
1981,4,10,1.0,7.3
1939,4,10,1.0,5.1
1978,4,10,2.0,7.6
1978,10,10,1.0,7.1
1984,9,10,3.0,6.3
1966,5,10,1.0,6.6
2019,10,4,1.0,7.5
2018,2,10,1.0,4.5
2018,2,10,2.0,6.1
2007,2,10,2.0,7.8
1997,2,10,1.0,6.1
1990,11,10,1.0,6.4
2003,9,10,1.0,5.7
1990,2,10,1.0,4.5
1946,12,10,1.0,6.7
1943,4,10,1.0,6.7
1972,5,10,1.0,8.2
2015,11,5,1.0,6.5
1963,4,10,1.0,7.4
1977,4,10,1.0,5.7
1984,7,10,1.0,6.2
1973,5,10,1.0,5.0
1973,11,10,1.0,6.0
1982,6,10,1.0,3.8
1954,1,10,1.0,7.6
1978,1,5,1.0,4.8
1954,4,10,1.0,6.2
1954,9,10,1.0,5.7
1977,10,10,2.0,6.6
1997,12,10,1.0,7.5
1972,8,10,1.0,4.8
2024,2,10,2.0,6.1
2005,7,9,1.0,7.5
1999,9,10,1.0,7.3
1931,8,10,1.0,6.1
1987,11,10,1.0,5.3
1975,11,10,1.0,7.3
1966,8,10,1.0,5.6
1983,11,10,1.0,6.1
1947,9,10,1.0,5.8
1970,9,10,1.0,5.3
1934,7,10,1.0,4.8
1934,4,10,56.0,5.6
1931,1,10,1.0,6.2
1951,6,10,1.0,6.6
1941,12,10,1.0,6.2
1977,4,10,1.0,6.6
2016,7,10,1.0,6.1
1964,3,10,1.0,3.7
1990,9,10,1.0,5.6
1977,9,10,1.0,5.6
1954,12,10,1.0,5.8
1954,10,10,2.0,6.1
2020,9,7,1.0,6.0
2006,10,10,1.0,5.1
2012,2,10,2.0,5.9
2015,11,10,2.0,5.9
1930,9,10,1.0,5.2
1988,2,10,1.0,4.4
1937,6,10,1.0,6.1
1974,1,10,1.0,2.8
2012,7,10,1.0,6.1
1925,11,10,52.0,5.9
1997,4,10,1.0,6.3
1933,9,10,1.0,6.7
1929,5,7,1.0,5.0
2007,8,10,1.0,4.8
1963,2,10,2.0,7.1
2006,11,4,1.0,4.3
2019,1,10,1.0,4.3
2016,1,10,1.0,6.0
2010,10,10,2.0,7.8
1966,3,10,2.0,6.8
1947,9,10,1.0,7.5
1934,1,10,1.0,6.4
1946,7,10,1.0,7.1
1932,9,10,3.0,6.2
1936,12,10,1.0,5.8
1971,9,10,1.0,5.2
1983,10,10,1.0,7.0
1965,5,10,1.0,7.0
1929,12,10,1.0,5.7
1950,3,10,1.0,4.5
1930,11,10,1.0,6.2
1998,8,5,52.0,6.8
1938,9,10,1.0,5.1
1979,12,10,1.0,4.9
1984,2,9,1.0,5.4
2015,6,10,1.0,5.3
1990,9,10,1.0,4.9
1969,9,4,59.0,4.5
1996,4,10,1.0,6.8
1980,5,10,1.0,6.3
1935,3,10,1.0,3.9
1967,5,10,1.0,5.5
1960,1,10,1.0,7.3
1976,8,8,1.0,4.3
2017,11,10,1.0,6.0
1943,7,10,1.0,4.5
1996,1,10,1.0,7.2
1956,12,10,1.0,7.2
1966,1,10,2.0,6.6
1931,11,10,1.0,6.3
2008,4,10,1.0,6.5
1958,7,10,1.0,7.8
1978,4,10,1.0,6.3
2018,9,10,1.0,6.0
1933,12,10,1.0,6.4
1930,12,10,1.0,5.7
1989,6,10,1.0,6.5
1940,1,10,1.0,5.7
2017,8,10,1.0,6.7
1931,12,10,1.0,5.6
2003,12,10,1.0,6.8
2008,3,10,1.0,5.9
2001,2,10,1.0,6.7
1943,5,10,1.0,6.4
1960,5,10,1.0,6.6
1928,12,10,1.0,6.9
1954,4,10,1.0,7.1
2014,9,10,1.0,5.7
1922,7,6,1.0,6.3
1975,9,10,1.0,5.0
1999,8,10,1.0,4.9
1975,5,10,4.0,7.7
2000,3,6,1.0,4.1
1942,3,10,1.0,5.8
1984,1,10,2.0,7.1
1962,3,10,1.0,6.1
2012,11,10,1.0,6.2
2009,9,10,1.0,5.2
2002,9,10,1.0,5.3
1975,11,10,1.0,5.0
1968,9,10,1.0,5.7
1960,12,10,2.0,6.8
1972,3,10,1.0,4.7
1983,3,10,1.0,5.3
1961,9,10,1.0,7.5
1978,4,10,2.0,6.4
1969,9,10,1.0,4.7
1979,8,10,1.0,4.0
1981,5,10,1.0,4.8
1978,9,10,1.0,5.3
1996,2,10,1.0,8.1
2021,3,10,1.0,5.3
1920,5,10,50.0,5.3
1982,9,10,1.0,7.5
1954,2,10,1.0,5.7
1974,12,10,1.0,5.4
1987,6,10,1.0,6.1
1955,5,10,1.0,5.5
1955,1,1,1.0,8.0
1984,9,10,1.0,5.3
2010,10,10,1.0,6.1
1961,5,10,2.0,6.5
1992,12,10,2.0,7.3
1967,7,10,1.0,4.8
2021,4,10,1.0,6.6
1964,1,10,1.0,5.9
1931,7,10,1.0,6.3
1998,12,10,2.0,5.3
2015,4,10,1.0,6.9
1937,5,10,1.0,5.3
1976,3,10,1.0,4.6
1940,1,10,2.0,6.7
1970,9,10,2.0,7.2
2009,1,10,1.0,6.6
1963,9,10,1.0,5.3
1975,12,10,1.0,4.0
1955,5,10,1.0,5.3
1951,12,10,1.0,6.7
2013,6,10,1.0,6.3
1938,4,10,1.0,8.0
1994,4,10,1.0,2.9
1938,6,10,1.0,8.4
2001,1,10,2.0,2.7
1965,5,10,1.0,6.2
1988,1,9,1.0,3.5
1955,11,10,1.0,5.3
2011,5,10,1.0,6.6
1999,12,10,2.0,7.4
1971,9,10,1.0,5.7
1984,6,10,1.0,6.8
2023,4,10,2.0,6.3
1955,8,10,1.0,6.9
2011,3,10,1.0,6.6
1993,9,8,52.0,7.2
2016,9,10,2.0,5.9
1986,5,10,1.0,5.6
1991,3,10,2.0,7.5
2001,8,10,1.0,5.1
1929,1,10,1.0,6.5
1943,9,10,1.0,5.6
2016,10,10,1.0,5.6
2015,4,10,2.0,7.0
2018,7,10,2.0,6.7
2018,4,10,1.0,8.2
2011,9,10,3.0,7.5
1996,1,10,1.0,5.7
1973,7,10,1.0,5.0
1959,3,10,2.0,8.2
2015,12,10,1.0,6.6
1959,6,10,58.0,5.9
1937,9,10,1.0,6.9
1938,11,10,1.0,5.3
2008,3,10,2.0,6.7
1985,9,10,1.0,6.8
2016,3,10,1.0,7.0
1979,8,10,2.0,6.6
1961,7,9,1.0,4.4
1957,10,10,1.0,5.3
1966,12,10,2.0,5.8
2004,9,10,1.0,4.7
1921,11,8,1.0,6.8
1989,10,10,1.0,5.3
1974,9,10,3.0,7.2
1966,9,10,1.0,6.5
1921,3,10,5.0,4.5
1973,11,10,1.0,6.9
1995,9,10,1.0,6.8
1969,1,10,4.0,7.3
1925,3,10,1.0,6.6
1935,4,10,1.0,6.4
1964,7,10,1.0,5.9
1945,1,10,1.0,6.6
1956,4,10,1.0,6.0
1930,1,10,1.0,6.0
1988,2,10,2.0,6.7
1933,3,10,1.0,5.5
1939,7,10,1.0,7.7
2002,6,10,1.0,6.6
1972,7,10,1.0,4.4
2017,3,6,1.0,7.3
1986,12,10,1.0,3.9
1938,7,10,1.0,6.4
1947,11,10,1.0,6.2
1930,9,10,1.0,5.7
1996,5,10,1.0,3.3
1959,5,10,1.0,7.1
2012,12,10,1.0,4.6
2016,6,10,1.0,6.4
1984,5,10,1.0,5.4
1975,2,10,2.0,7.2
2016,9,10,1.0,5.2
1994,1,10,1.0,4.5
1948,11,10,1.0,6.1
1945,8,10,1.0,5.8
1950,5,10,1.0,6.1
1955,9,10,46.0,7.8
1962,4,10,1.0,5.1
1973,8,10,1.0,5.7
1998,10,10,1.0,5.5
1925,8,9,57.0,5.5
2022,10,10,1.0,4.2
2022,3,10,1.0,6.7
1989,1,10,1.0,5.4
1935,6,10,1.0,6.5
2008,3,10,1.0,6.6
1995,5,10,1.0,5.5
1928,10,9,1.0,5.2
2014,2,10,1.0,7.7
1982,1,10,1.0,7.4
2002,8,10,2.0,5.8
1943,9,10,1.0,7.1
2004,8,10,1.0,5.2
1997,8,10,1.0,5.0
2001,3,10,1.0,5.3
1960,7,10,1.0,6.6
1969,6,10,2.0,7.9
1927,10,9,1.0,7.2
1942,11,10,1.0,3.4
2001,11,10,2.0,7.1
1996,1,10,1.0,3.8
2011,5,10,1.0,6.5
1964,11,10,1.0,5.2
1986,2,10,1.0,6.9
1958,4,10,1.0,5.7
1993,6,10,2.0,8.2
1942,9,10,1.0,6.8
1993,5,10,1.0,7.5
1950,12,10,1.0,6.8
1941,6,10,1.0,6.7
1999,10,10,1.0,7.3
2005,5,10,1.0,6.4
1943,2,10,2.0,3.4
1961,4,10,1.0,7.5
1944,8,10,59.0,6.4
1980,9,10,1.0,5.3
1984,10,10,2.0,6.4
1950,2,10,1.0,6.3
1928,5,10,1.0,7.6
2009,9,10,1.0,7.3
1962,8,8,1.0,4.8
1969,8,10,2.0,6.2
2011,8,10,1.0,6.3
1985,10,10,1.0,6.0
2022,11,10,1.0,5.8
2025,3,10,1.0,4.5
2005,11,10,1.0,6.0
2001,9,3,1.0,7.5
2002,10,10,1.0,6.6
1977,12,10,1.0,6.7
1981,2,8,1.0,5.3
1953,4,10,1.0,7.0
1955,6,10,1.0,5.7
2024,2,10,2.0,5.6
1967,3,10,1.0,5.5
1955,3,10,46.0,3.6
1934,9,10,1.0,6.2
1943,6,10,1.0,6.2
1941,7,10,2.0,7.2
1938,5,10,1.0,7.9
1983,9,10,1.0,6.0
1997,4,10,1.0,5.0
1964,12,10,1.0,5.6
1993,4,10,1.0,3.4
1946,12,10,1.0,7.4
1964,8,10,1.0,6.6
1930,8,10,1.0,5.8
1969,12,10,2.0,7.4
2011,4,10,1.0,5.7
1966,2,7,2.0,7.0
2008,5,10,1.0,7.0
1957,1,10,1.0,5.7
2015,7,10,1.0,5.8
2024,5,10,2.0,7.4
2001,5,10,1.0,5.4
1992,1,10,1.0,7.2
2011,9,10,1.0,3.6
1937,7,10,1.0,6.4
1977,2,10,1.0,3.4
2017,8,10,1.0,7.0
2006,12,10,1.0,6.8
1982,7,10,1.0,6.7
2025,3,5,1.0,8.0
2014,9,10,1.0,5.2
1999,11,10,1.0,6.2
1971,10,10,1.0,4.9
1959,9,10,1.0,7.0
2009,2,10,1.0,5.8
1986,9,10,1.0,3.8
1986,8,10,1.0,4.8
2015,4,2,1.0,8.8
1970,10,10,1.0,5.2
1979,3,10,1.0,5.9
1939,8,10,57.0,5.3
2011,11,10,1.0,7.0
2001,10,10,1.0,5.8
1982,1,10,1.0,6.8
1990,4,10,1.0,5.4
1931,4,10,1.0,5.7
1957,10,10,1.0,6.9
1957,6,10,1.0,6.8
1965,8,10,1.0,6.2
1971,10,10,1.0,7.5
2019,9,10,1.0,4.5
1975,8,8,2.0,7.6
1938,5,10,1.0,6.1
1975,11,10,1.0,5.6
1966,8,10,1.0,6.1
2015,1,10,1.0,7.4
1931,1,10,1.0,5.2
1977,6,10,1.0,4.5
1998,9,10,1.0,4.3
2008,9,1,1.0,7.5
1947,6,10,58.0,5.1
1937,12,10,3.0,6.4
1991,11,10,1.0,5.1
1956,12,10,1.0,6.9
1956,1,5,1.0,6.9
1944,12,10,1.0,7.0
2001,5,10,2.0,6.4
1934,9,10,1.0,5.4
1940,2,10,1.0,6.7
1951,10,10,1.0,5.1
1934,5,10,1.0,5.8
1935,11,1,1.0,7.3
2018,5,10,1.0,6.8
1996,8,10,1.0,4.4
2001,2,10,1.0,5.1
1953,12,10,1.0,6.5
2005,11,10,1.0,5.5
2003,5,2,1.0,7.8
1963,10,10,1.0,6.5
2024,7,10,2.0,7.6
1982,10,9,1.0,6.8
1935,6,10,1.0,6.0
1942,3,10,1.0,6.9
1997,4,10,1.0,6.3
1978,3,10,2.0,6.8
1968,7,5,1.0,5.8
1997,9,10,2.0,8.2
1953,9,10,2.0,7.7
1950,2,10,2.0,7.7
1967,2,10,1.0,4.8
1979,10,10,2.0,7.0
1983,9,10,1.0,5.6
1966,1,10,1.0,7.1
1993,1,10,1.0,6.1
1981,12,10,1.0,6.5
2013,12,10,1.0,6.4
1993,12,10,1.0,6.4
1953,6,10,1.0,7.0
1937,10,10,1.0,7.0
1954,10,10,1.0,7.4
2003,4,10,1.0,7.5
1991,10,10,2.0,6.1
1953,9,10,1.0,6.4
1939,12,10,1.0,5.9
1993,2,10,1.0,7.2
1991,6,10,1.0,5.7
1962,11,10,1.0,5.2
1940,4,10,1.0,6.2
2011,11,10,2.0,5.7
2019,6,10,1.0,6.5
1989,1,10,2.0,6.7
2021,9,7,1.0,7.5
1983,9,10,2.0,7.7
1999,6,10,1.0,5.4
1961,10,8,1.0,5.5
1926,4,10,3.0,6.1
2011,10,10,1.0,5.7
1949,1,10,1.0,5.5
1957,5,10,1.0,5.7
2009,4,10,1.0,5.6
1973,8,10,1.0,6.2
1978,8,10,1.0,4.2
1931,4,10,1.0,6.0
1921,9,10,2.0,6.8
1948,4,10,1.0,7.6
1923,10,7,1.0,5.3
1992,4,10,1.0,5.4
2024,2,10,1.0,7.4
2019,5,10,1.0,8.0
1976,3,10,1.0,5.8
1932,11,10,1.0,6.3
1999,1,10,1.0,6.1
2008,2,10,1.0,6.7
1997,10,10,1.0,5.5
1939,9,10,1.0,5.9
2007,4,10,1.0,6.4
1977,2,10,2.0,7.7
1988,1,10,2.0,4.6
1995,3,10,1.0,5.4
1940,4,10,1.0,6.2
1940,12,10,1.0,4.0
2018,2,10,1.0,5.5
1962,2,2,1.0,5.1
1949,4,10,1.0,7.6
1982,11,10,1.0,5.5
1981,5,10,2.0,8.2
2001,9,10,1.0,5.6
1995,3,10,2.0,5.7
1966,9,10,1.0,5.4
1991,7,10,1.0,6.7
1943,3,10,1.0,7.3
1993,9,10,1.0,6.8
1999,8,10,2.0,6.9
1984,1,10,1.0,5.9
2024,1,10,1.0,4.5
1970,12,10,1.0,5.8
2008,6,10,1.0,6.6
2021,9,4,1.0,5.7
1940,6,10,1.0,5.9
1939,12,10,1.0,5.8
1991,5,10,1.0,6.1
1944,3,10,1.0,6.6
1984,3,10,1.0,3.2
1964,5,10,1.0,6.0
1972,11,10,2.0,7.3
2014,1,10,1.0,5.9
2022,4,10,1.0,7.1
2019,8,10,1.0,6.6
2000,3,10,1.0,6.2
1933,3,10,1.0,5.7
1953,4,10,1.0,5.4
1954,10,10,1.0,6.4
2015,1,10,2.0,6.6
2003,4,10,1.0,5.4
1970,12,10,3.0,7.4
2004,5,10,1.0,5.3
2009,12,10,1.0,6.3
1935,10,10,1.0,6.0
1983,3,10,1.0,6.4
2015,12,10,1.0,4.9
2024,10,9,2.0,6.4
1935,12,10,1.0,6.3
1931,8,10,1.0,5.6
1944,4,10,56.0,6.9
2000,3,4,1.0,6.7
1985,3,10,1.0,7.2
1949,4,10,2.0,7.2
1943,12,10,1.0,6.2
2013,12,10,1.0,6.9
1940,10,10,59.0,5.9
1939,9,10,1.0,6.5
1979,4,10,2.0,4.7
1988,4,10,1.0,4.4
1967,3,10,1.0,6.7
1949,6,10,1.0,7.7
1969,12,10,1.0,6.5
1983,2,9,1.0,4.8
1940,12,10,1.0,6.0
2000,9,10,2.0,6.0
2006,10,10,1.0,4.9
1942,5,10,1.0,6.4
1984,6,10,1.0,6.7
1946,3,10,1.0,4.6
1935,12,10,58.0,6.0
2012,5,10,1.0,5.8
1933,2,10,1.0,6.7
1997,4,10,1.0,5.4
1960,9,10,1.0,7.7
1942,1,10,1.0,7.7
1960,5,10,1.0,6.4
1971,10,10,1.0,8.5
2008,10,10,1.0,6.7
1997,5,10,2.0,7.6
1966,4,10,1.0,5.0
1970,9,10,1.0,6.5
1935,4,10,1.0,6.2
2003,1,10,1.0,4.5
2014,7,10,1.0,7.3
1992,5,10,2.0,7.5
1935,4,10,1.0,5.2
1981,1,10,1.0,5.6
1979,12,10,1.0,6.5
1972,9,10,1.0,6.1
1993,3,10,1.0,5.7
1994,4,10,1.0,6.7
1942,10,10,1.0,6.1
1998,5,10,1.0,6.4
1961,3,10,1.0,5.9
1944,12,10,1.0,7.2
1957,7,10,1.0,6.3
1952,8,10,1.0,6.9
1976,3,10,1.0,6.3
1979,4,10,1.0,6.1
1929,3,10,1.0,6.1
2010,10,10,1.0,3.2
1979,3,10,1.0,7.5
1948,3,10,1.0,5.3
1929,5,10,1.0,6.7
2018,10,10,2.0,8.2
2006,3,10,1.0,7.3
2008,9,10,1.0,1.1
1937,9,10,59.0,6.0
1998,7,10,1.0,4.2
2022,5,10,2.0,7.0
1968,1,10,1.0,5.2
1979,2,10,1.0,5.4
1967,11,10,1.0,6.4
2000,1,10,1.0,5.4
1990,5,10,1.0,4.7
1926,11,10,1.0,5.7
1943,11,10,55.0,6.1
1999,4,10,1.0,1.4
1989,9,10,1.0,4.7
2024,6,10,1.0,6.5
2017,8,10,1.0,6.3
1993,9,10,1.0,6.7
1932,2,10,1.0,7.3
1985,1,6,1.0,4.7
1953,7,10,1.0,5.6
1932,10,10,1.0,6.6
1994,8,10,1.0,5.6
1986,11,10,1.0,7.1
1935,6,10,1.0,5.8
1998,8,10,1.0,4.7
2014,6,10,1.0,6.0
1994,5,10,1.0,5.1
1969,12,5,1.0,5.6
1968,7,10,1.0,5.4
1952,9,10,1.0,7.0
1954,2,10,1.0,6.1
1985,10,10,1.0,6.4
2014,9,10,1.0,6.2
1991,4,10,1.0,4.8
1937,8,10,1.0,7.3
1974,8,10,1.0,5.4
1955,4,10,1.0,7.0
1936,12,10,1.0,6.9
2022,5,10,1.0,6.2
2024,2,10,2.0,6.9
1925,12,10,1.0,6.8
1932,7,10,1.0,4.9
1983,8,10,1.0,3.5
2014,2,10,1.0,6.1
1954,9,10,1.0,6.6
1972,10,10,2.0,7.0
1924,9,10,1.0,5.4
1958,12,10,1.0,6.4
1939,11,10,1.0,6.8
2009,3,1,1.0,5.3
2010,10,10,1.0,5.1
2020,4,10,1.0,3.8
1988,7,10,1.0,6.5
1979,6,10,1.0,6.0
1937,3,10,2.0,7.2
2001,9,10,1.0,6.5
1944,11,10,1.0,5.5
1973,9,1,2.0,7.5
1930,2,10,1.0,5.5
1979,9,10,1.0,7.1
1981,3,10,1.0,5.7
1975,9,10,1.0,4.6
2005,3,10,1.0,6.7
1957,3,10,1.0,6.4
2006,11,10,1.0,6.6
1947,7,10,48.0,5.2
2011,9,10,1.0,6.1
1971,1,9,1.0,4.8
2009,9,10,1.0,7.6
1983,3,10,1.0,3.9
2019,11,10,1.0,5.2
2007,4,10,2.0,7.2
1986,4,10,2.0,6.9
2005,8,10,1.0,3.2
2015,7,10,1.0,3.9
1968,1,10,1.0,5.1
1982,7,10,1.0,5.4
2007,3,10,1.0,5.8
1970,9,10,1.0,4.7
1947,11,10,1.0,6.5
1960,5,10,1.0,5.1
2018,5,10,1.0,6.0
1979,11,10,1.0,5.3
1949,4,3,50.0,7.3
1947,8,10,1.0,6.6
1928,1,7,1.0,6.5
1964,5,10,1.0,4.7
2005,10,10,2.0,6.2
1939,11,10,1.0,7.0
2009,11,10,1.0,6.6
1980,3,10,2.0,7.5
1981,11,10,1.0,5.9
1957,11,10,1.0,5.9
1957,10,10,1.0,6.2
2017,4,10,1.0,2.6
2017,6,10,2.0,6.4
1965,9,10,1.0,5.1
1934,3,10,1.0,6.3
1939,3,10,58.0,5.8
1981,2,10,1.0,7.2
1963,9,10,1.0,6.2
1975,7,10,1.0,4.8
1932,7,10,1.0,6.5
1931,6,10,1.0,5.7
2002,12,10,1.0,8.0
1968,4,10,1.0,5.0
2014,4,10,2.0,6.8
2001,6,10,1.0,6.1
1986,9,10,1.0,6.7
1930,3,10,1.0,7.5
1954,12,10,1.0,6.6
1951,9,10,1.0,7.7
1948,2,10,1.0,5.9
1937,2,10,1.0,6.5
2006,10,5,1.0,6.0
1954,6,10,1.0,6.5
1981,10,10,1.0,6.5
2016,3,9,1.0,7.2
1989,2,10,1.0,4.2
1955,10,10,1.0,5.9
1946,6,10,1.0,6.0
1970,2,10,1.0,5.6
1998,1,10,1.0,6.1
2017,3,10,1.0,6.6
1950,10,10,2.0,7.3
1973,4,10,1.0,8.0
2014,5,10,2.0,5.2
1965,7,10,1.0,7.0
1978,5,10,1.0,5.5
1976,10,10,1.0,3.6
1964,10,8,1.0,5.8
2005,1,10,1.0,6.9
2021,3,10,1.0,5.9
1920,12,10,50.0,6.6
1969,5,10,1.0,5.0
1959,1,10,1.0,7.3
1951,4,10,1.0,6.4
1953,7,10,1.0,7.9
1991,8,10,3.0,6.7
1996,9,10,1.0,5.4
2000,4,10,2.0,7.1
1967,2,10,1.0,4.8
1932,11,8,1.0,5.0
2003,12,10,1.0,5.8
1953,2,10,1.0,5.9
2002,12,10,1.0,3.9
1961,3,10,1.0,6.5
1974,7,10,1.0,6.3
1997,11,10,1.0,6.8
1998,1,10,1.0,5.3
1987,1,10,1.0,4.9
1940,8,10,1.0,5.8
1946,12,10,1.0,7.0
1965,6,7,1.0,7.1
2004,3,6,1.0,7.9
2019,12,10,1.0,6.5
1971,10,10,1.0,5.4
1997,7,10,1.0,6.4
1953,9,10,1.0,6.8
2017,11,10,1.0,8.2
1981,5,10,1.0,4.9
1999,6,10,1.0,5.7
2009,11,10,1.0,6.2
1952,2,10,1.0,5.2
1943,10,10,58.0,6.5
1937,12,10,1.0,5.5
1942,1,1,47.0,7.0
1970,10,10,1.0,7.1
2005,3,10,1.0,6.1
1947,8,10,1.0,6.7
1970,5,10,1.0,5.3
1929,6,10,1.0,6.5
1955,9,10,1.0,8.1
1991,8,10,1.0,5.9
1960,3,10,2.0,6.3
1956,12,10,1.0,5.5
2025,3,10,1.0,10.0
2017,7,10,1.0,6.8
1930,5,10,1.0,5.8
1956,9,10,1.0,5.9
1928,4,10,56.0,5.3
2003,11,10,1.0,6.0
1980,8,10,1.0,6.8
1968,7,10,1.0,6.8
2023,3,10,1.0,5.3
1924,10,9,50.0,6.1
1943,4,10,1.0,5.4
2021,2,10,2.0,6.5
1996,11,10,1.0,3.5
2021,8,10,2.0,7.5
2018,8,10,1.0,5.7
1942,12,10,1.0,6.7
1940,9,10,1.0,6.0
2015,7,10,2.0,6.5
1927,11,10,1.0,6.6
2003,1,10,1.0,3.4
1940,9,10,1.0,6.6
1928,5,9,1.0,4.7
1984,9,8,1.0,3.9
1985,10,10,2.0,6.9
1963,12,10,2.0,6.8
1965,10,10,1.0,6.6
1997,5,10,1.0,4.7
1945,10,10,53.0,6.2
1966,11,10,2.0,7.9
1926,6,10,1.0,6.8
1974,10,10,1.0,5.8
1990,5,10,2.0,4.8
1937,11,10,1.0,4.9
1944,7,10,1.0,5.7
1941,1,10,1.0,6.9
1997,12,10,1.0,5.1
1998,3,3,1.0,6.7
1990,9,10,1.0,6.7
2019,12,10,1.0,3.9
1964,3,10,1.0,6.2
1984,10,9,2.0,7.0
1995,4,10,1.0,6.1
1940,5,10,2.0,6.4
1942,9,10,1.0,7.0
1965,7,10,1.0,4.7
1991,12,10,1.0,8.1
1964,10,10,1.0,4.2
2009,8,10,1.0,6.6
1987,10,10,1.0,5.8
1953,3,10,1.0,6.5
1981,10,10,1.0,6.4
1953,4,10,1.0,6.6
2004,12,10,1.0,7.2
1982,1,1,2.0,8.2
1997,1,5,1.0,5.7
1963,2,10,1.0,7.2
1951,10,10,1.0,6.6
1991,4,10,1.0,6.3
1980,6,10,1.0,4.3
2023,10,10,2.0,7.1
1954,6,10,1.0,6.3
1973,2,10,1.0,6.7
1988,10,10,1.0,5.3
1939,10,10,1.0,7.0
2013,1,10,1.0,7.2
1946,12,10,1.0,5.8
1963,10,7,1.0,5.0
1976,10,10,1.0,4.7
1958,2,10,2.0,6.7
1922,4,5,1.0,6.4
1978,7,10,1.0,4.9
2018,4,10,1.0,7.2
1952,11,10,1.0,5.8
1973,2,10,2.0,6.9
1988,4,10,1.0,6.1
1940,9,10,1.0,5.8
1938,10,10,5.0,6.8
1989,4,10,2.0,6.0
2014,5,10,1.0,7.1
1946,10,10,1.0,6.5
1942,8,10,1.0,6.5
1955,1,7,2.0,7.6
1984,2,10,1.0,3.7
1931,9,10,1.0,6.1
1941,2,10,1.0,5.8
2014,7,10,2.0,6.2
1941,6,10,1.0,6.3
2024,11,10,1.0,6.1
2009,1,10,2.0,7.5
2016,6,10,1.0,6.3
1921,11,7,1.0,6.3
1985,5,10,1.0,6.4
1938,7,10,1.0,5.8
1965,7,10,1.0,7.2
1986,8,10,1.0,6.0
2003,7,10,1.0,5.5
1961,10,4,1.0,7.9
1968,5,10,1.0,5.2
1921,9,9,50.0,8.4
1931,3,10,1.0,7.4
1937,1,10,59.0,5.9
1937,11,10,1.0,6.5
2012,7,10,2.0,5.6
1943,8,10,1.0,6.0
1947,9,10,1.0,6.9
1983,6,10,1.0,6.6
1956,9,10,1.0,6.1
1998,6,10,2.0,8.0
2010,6,10,1.0,4.3
1989,11,10,1.0,6.1
1957,8,10,1.0,5.7
2015,10,10,2.0,7.7
1979,2,10,2.0,7.7
1995,8,10,1.0,4.7
1960,9,1,2.0,7.2
1967,1,10,1.0,5.7
2013,11,10,1.0,7.9
2018,11,10,1.0,6.1
1978,2,5,1.0,5.9
1921,5,10,1.0,6.8
1983,12,10,1.0,7.2
1964,5,10,1.0,5.6
2024,12,10,1.0,6.6
1963,6,10,1.0,4.5
1996,9,10,1.0,5.6
1950,9,10,1.0,6.0
2016,5,10,1.0,7.0
1991,5,10,1.0,6.8
1970,9,10,1.0,4.6
2022,11,10,2.0,5.6
1987,9,10,1.0,4.5
1956,4,10,1.0,7.1
2024,6,10,1.0,6.8
2024,5,10,1.0,6.6
2009,8,10,2.0,7.4
1959,5,10,1.0,7.0
2019,1,10,1.0,6.4
1989,7,10,1.0,7.0
1941,10,10,1.0,5.9
1937,11,10,1.0,4.5
2010,1,3,1.0,7.1
1992,9,10,1.0,7.5
1977,2,10,1.0,7.5
1999,10,10,1.0,7.7
1943,8,10,1.0,7.3
1925,11,10,1.0,2.0
1998,1,10,2.0,8.3
1943,4,10,1.0,7.2
2014,9,10,1.0,4.3
1985,6,10,1.0,6.3
1937,9,10,58.0,6.3
1924,4,9,1.0,5.7
1949,7,10,1.0,6.7
2016,1,10,1.0,2.5
1968,10,10,1.0,6.2
2007,7,10,1.0,6.0
1932,5,10,1.0,6.1
1935,10,10,1.0,6.6
2020,12,10,1.0,6.8
2010,2,10,1.0,5.9
1947,11,10,1.0,6.3
1962,1,10,1.0,7.3
1951,8,10,1.0,6.1
2015,10,10,1.0,7.3
1957,8,10,2.0,6.5
1936,10,10,1.0,6.9
1937,3,10,1.0,6.5
2014,10,10,2.0,8.0
1979,3,7,1.0,6.5
1982,8,10,1.0,5.8
1937,1,10,1.0,6.4
2005,5,10,2.0,7.3
1977,4,10,1.0,7.8
1985,9,10,1.0,5.5
1934,9,10,1.0,7.5
2017,6,7,2.0,6.9
1957,10,10,1.0,7.0
1928,8,10,1.0,7.2
1951,7,10,1.0,6.2
1929,5,10,1.0,7.6
1954,11,10,1.0,5.3
1947,9,10,1.0,6.5
1928,2,10,1.0,5.1
2007,2,10,1.0,6.4
2012,5,10,1.0,5.4
1937,4,10,1.0,6.5
2025,3,8,1.0,7.1
1935,12,10,1.0,5.6
1939,8,10,1.0,6.6
1969,1,10,1.0,7.7
1941,11,10,1.0,7.4
2015,8,10,1.0,6.2
2016,7,10,1.0,5.6
2006,5,9,2.0,6.9
2006,6,10,1.0,6.8
2008,2,10,1.0,6.2
1982,5,10,1.0,6.4
1998,1,10,2.0,4.9
2008,2,10,1.0,6.4
1982,10,10,1.0,7.3
1946,9,10,2.0,6.2
1951,10,10,1.0,7.1
2021,12,10,1.0,6.7
2012,3,10,1.0,7.3
2016,1,10,1.0,7.3
1965,5,10,1.0,7.2
1997,10,10,2.0,7.1
1954,9,10,1.0,6.8
1969,4,10,1.0,7.1
1989,10,10,1.0,5.1
1939,7,10,1.0,6.2
1999,11,10,1.0,7.8
2009,11,10,1.0,6.4
1966,8,10,1.0,5.3
2020,12,10,1.0,4.8
2010,11,10,2.0,7.4
1938,3,10,1.0,4.5
1950,1,10,2.0,6.9
2014,4,10,1.0,5.6
1960,1,10,1.0,7.5
1996,1,10,1.0,6.8
1936,5,10,1.0,6.4
1985,6,10,1.0,6.3
2010,8,10,1.0,7.7
2025,2,10,1.0,6.4
1987,5,10,1.0,3.8
1997,8,10,3.0,5.9
1938,3,10,1.0,5.9
1955,2,10,1.0,7.3
2020,6,7,1.0,5.4
1920,8,9,1.0,6.1
1984,4,10,1.0,7.1
2004,9,10,1.0,7.4
2024,2,10,1.0,5.4
2023,6,10,1.0,6.5
1937,11,10,1.0,5.8
2008,4,10,1.0,6.3
1920,9,10,46.0,4.9
2001,9,9,1.0,6.8
2007,4,10,1.0,7.8
1980,3,10,1.0,6.6
1985,2,9,1.0,5.7
1938,1,10,1.0,7.6
1930,1,10,1.0,5.9
1928,3,9,1.0,7.0
1985,1,10,1.0,4.9
1934,12,10,1.0,6.8
2013,9,10,1.0,5.5
1954,11,10,1.0,6.7
2014,7,10,1.0,7.1
1993,10,9,1.0,6.3
1988,7,10,1.0,6.4
2010,7,10,1.0,6.9
2024,6,10,1.0,4.6
1971,6,10,1.0,6.1
1986,3,10,1.0,5.2
2019,4,10,1.0,6.8
2015,9,10,1.0,7.0
1977,7,10,1.0,5.0
2001,2,10,1.0,5.1
1948,4,10,1.0,5.9
1964,7,10,1.0,5.0
1964,10,10,1.0,5.0
1940,2,10,2.0,7.5
1990,9,10,1.0,6.4
1978,5,10,1.0,3.9
2015,9,10,2.0,4.7
1926,10,10,1.0,7.3
1957,11,10,1.0,5.9
1935,12,10,1.0,6.4
1981,11,10,1.0,7.3
2002,5,10,1.0,3.8
1980,9,10,1.0,5.3
1968,9,10,2.0,7.4
2012,12,10,1.0,5.7
1995,9,10,1.0,6.7
1982,10,10,1.0,6.0
2014,4,10,1.0,5.8
1970,1,10,1.0,5.1
2006,7,10,1.0,6.6
1947,12,10,1.0,8.0
1930,2,7,1.0,5.6
1958,6,10,1.0,5.4
1987,10,10,1.0,5.4
2000,6,10,1.0,6.6
1972,10,10,1.0,7.3
1985,5,10,1.0,6.0
2004,4,10,1.0,5.9
1955,3,10,1.0,5.8
1948,10,10,1.0,7.0
1984,6,10,1.0,7.0
1950,11,10,1.0,5.9
1938,9,10,1.0,6.5
1943,1,10,1.0,5.1
2024,9,10,1.0,4.0
1987,5,10,2.0,6.0
1968,5,10,1.0,5.4
1931,1,8,1.0,6.3
1994,12,7,1.0,4.2
1962,7,10,1.0,7.1
2018,3,10,1.0,5.4
2018,5,10,1.0,7.4
1975,9,10,1.0,4.4
2000,1,10,2.0,6.5
1948,12,10,58.0,6.1
1993,4,7,1.0,5.4
1980,5,10,1.0,4.5
1948,4,10,1.0,6.6
2020,10,10,1.0,4.0
1992,10,10,1.0,4.8
1992,10,10,1.0,5.2
1958,5,10,1.0,6.1
1935,3,10,1.0,7.0
1951,1,10,1.0,7.3
1933,2,10,1.0,6.6
1974,10,10,1.0,8.3
2024,12,1,1.0,7.2
2023,10,3,1.0,6.4
1976,3,10,1.0,5.8
1956,1,10,2.0,7.5
1937,6,10,1.0,7.9
1976,9,10,1.0,6.6
1962,10,10,1.0,7.1
1974,12,10,1.0,7.3
2023,1,10,2.0,5.6
1939,3,10,1.0,6.0
1927,8,10,1.0,6.3
1939,12,10,1.0,5.8
1984,11,10,1.0,6.7
1988,3,10,1.0,5.9
2007,9,10,1.0,7.0
2009,1,10,1.0,5.6
1943,1,10,2.0,7.6
1955,5,10,1.0,5.8
2018,4,10,1.0,7.9
1970,1,10,1.0,4.2
1961,10,10,1.0,5.1
1949,4,10,2.0,7.5
1972,10,10,1.0,6.7
1977,6,10,1.0,5.9
1945,11,10,1.0,6.4
2008,9,10,2.0,7.5
1956,4,10,1.0,5.2
1988,9,10,1.0,6.5
1967,9,10,1.0,6.3
1940,12,10,1.0,4.7
2006,1,10,1.0,5.2
1956,12,10,1.0,6.8
2006,11,10,1.0,7.1
1964,10,10,1.0,5.4
1993,10,10,1.0,5.8
2022,10,10,1.0,5.5
1997,3,10,1.0,7.3
1987,1,10,1.0,5.6
1937,12,10,56.0,5.9
1958,8,10,1.0,7.5
1970,3,10,1.0,7.2
1930,11,10,1.0,5.6
1947,7,10,58.0,5.7
1960,2,10,1.0,7.2
1932,10,10,1.0,6.7
1969,12,10,1.0,6.7
1982,11,10,1.0,7.5
1948,1,10,1.0,6.5
1965,7,10,1.0,5.0
2001,1,10,1.0,6.7
1958,7,10,1.0,6.7
1925,5,10,1.0,5.1
1965,4,10,1.0,8.1
1920,12,5,1.0,6.2
2021,8,3,1.0,6.2
2005,4,10,2.0,8.0
1949,5,10,1.0,6.4
2024,2,10,1.0,6.1
2020,12,10,2.0,6.8
1966,2,10,1.0,6.6
1998,9,10,1.0,4.7
1922,10,10,1.0,6.4
1946,4,10,1.0,7.0
2016,6,3,1.0,7.0
2022,6,10,1.0,7.1
2021,3,10,1.0,5.2
1996,11,10,1.0,7.6
1945,3,1,1.0,5.5
1953,8,10,1.0,5.4
1983,7,10,1.0,6.6
1951,2,10,57.0,4.5
2009,1,10,2.0,7.6
1964,10,10,1.0,6.6
1981,5,10,1.0,5.8
1950,5,10,1.0,6.2
1957,11,10,1.0,6.6
1948,1,10,1.0,6.6
1954,3,10,1.0,6.0
2013,9,10,1.0,5.1
1982,3,10,1.0,8.3
1954,9,10,1.0,5.8
1935,12,10,1.0,6.0
1956,8,10,1.0,3.8
1956,12,10,1.0,6.5
1974,1,10,1.0,6.8
1993,5,10,1.0,5.5
1950,7,10,1.0,6.9
1978,10,10,1.0,7.2
2003,10,10,1.0,6.9
1967,10,10,1.0,6.1
1930,12,10,1.0,7.0
1954,10,10,1.0,6.6
1974,4,10,2.0,6.7
2024,10,10,1.0,8.0
1963,3,10,1.0,5.2
1970,1,10,1.0,5.0
2006,1,10,1.0,4.5
1943,4,10,1.0,6.7
1932,12,10,1.0,5.7
1981,5,10,1.0,5.5
1993,9,10,1.0,5.0
1940,8,10,1.0,6.5
2018,10,10,1.0,5.0
1943,11,10,1.0,6.3
2002,10,10,1.0,5.8
1945,12,9,1.0,7.4
2003,1,10,1.0,6.6
2008,9,6,1.0,7.3
1924,2,9,1.0,3.4
1941,5,10,1.0,6.3
1965,11,10,1.0,5.2
2009,4,10,1.0,6.8
2011,3,10,1.0,5.2
1945,10,10,1.0,6.5
2012,3,1,1.0,8.5
1958,8,1,4.0,7.4
1988,4,10,1.0,6.6
1958,9,10,1.0,6.1
1936,7,10,1.0,6.6
1952,6,10,1.0,4.9
1965,10,10,1.0,6.3
2021,3,10,1.0,5.6
2013,8,10,1.0,5.8
1947,2,10,1.0,5.8
1976,7,10,1.0,5.9
1999,3,10,1.0,2.6
1967,10,10,1.0,5.7
1949,12,10,1.0,6.9
1932,5,10,1.0,6.4
1970,7,10,1.0,6.8
1966,1,6,1.0,2.9
1923,9,10,1.0,6.6
2013,7,7,1.0,6.2
1995,10,10,1.0,7.0
1963,9,10,1.0,8.0
1947,5,8,1.0,6.7
1995,4,10,1.0,6.8
1955,2,10,1.0,5.6
1995,11,10,1.0,6.8
1939,10,10,1.0,6.4
2013,3,10,1.0,6.2
1983,3,10,1.0,6.1
2020,9,10,1.0,6.3
1928,11,8,1.0,6.3
2017,1,10,1.0,7.3
2013,6,10,1.0,7.0
1933,9,10,1.0,7.2
2024,11,10,1.0,5.7
1947,9,10,1.0,6.2
2005,4,1,1.0,6.3
2007,8,7,1.0,7.4
2001,8,10,1.0,6.8
1935,11,10,1.0,5.6
2002,3,7,1.0,5.0
1965,12,10,1.0,7.0
1932,9,10,1.0,5.6
1970,5,10,1.0,6.4
1994,3,10,1.0,7.0
1993,1,10,1.0,6.7
1960,9,10,1.0,6.6
2022,12,10,1.0,5.8
2024,12,10,1.0,4.8
1955,12,10,1.0,6.8
1950,5,10,1.0,6.2
2022,2,10,1.0,6.2
2003,10,2,1.0,8.4
2018,7,10,1.0,7.6
1943,4,10,1.0,4.8
2025,3,10,2.0,8.7
1995,4,10,1.0,7.2
1969,7,10,1.0,5.0
1959,7,10,1.0,6.0
1993,11,10,1.0,4.5
1991,10,10,1.0,4.6
2005,11,10,1.0,7.1
1963,6,10,1.0,6.3
1998,10,10,1.0,7.0
2015,10,10,1.0,6.9
1962,9,10,1.0,7.0
1988,12,10,1.0,6.1
2009,10,10,1.0,5.6
2003,3,10,2.0,5.5
1991,9,10,1.0,5.9
1966,1,10,1.0,6.7
1940,2,10,1.0,6.3
1920,11,4,1.0,5.6
1976,6,10,1.0,2.3
1992,9,10,2.0,5.8
2025,4,3,2.0,8.1
1991,4,10,1.0,7.5
1992,4,10,2.0,6.5
1966,3,10,1.0,7.4
1937,12,10,2.0,6.0
1979,8,10,1.0,7.1
1976,6,10,1.0,7.2
1943,7,10,56.0,6.2
2013,3,10,1.0,6.1
2010,1,10,1.0,5.8
1991,12,2,1.0,5.2
2003,10,10,1.0,6.3
1938,10,10,1.0,6.7
1931,10,10,1.0,6.5
1927,11,6,1.0,6.2
2017,9,10,1.0,5.2
1950,4,10,1.0,6.0
2002,9,10,1.0,6.8
1973,7,10,1.0,4.5
1945,2,10,56.0,7.2
1954,9,10,1.0,5.7
2012,2,10,1.0,6.5
1978,1,10,3.0,6.6
2022,7,1,2.0,9.1
1944,7,10,1.0,6.4
2018,7,10,1.0,6.7
1952,9,10,1.0,6.0
2017,6,10,2.0,5.9
1996,3,10,1.0,7.9
1963,1,10,1.0,6.4
2006,2,10,1.0,5.5
1971,10,10,2.0,6.0
2014,8,10,1.0,6.5
1940,3,10,1.0,4.4
1972,4,10,1.0,5.4
1974,11,10,1.0,6.2
1968,3,10,1.0,7.3
1937,6,10,1.0,5.8
1951,3,10,1.0,6.0
1993,8,10,2.0,5.2
2002,4,10,1.0,5.5
2024,11,10,2.0,4.6
1979,8,10,1.0,5.4
1951,8,10,1.0,6.3
1933,4,10,1.0,7.2
2015,10,10,1.0,6.5
2022,1,6,1.0,7.5
2002,5,10,1.0,5.8
1994,9,10,1.0,7.1
1969,11,10,1.0,8.0
1977,2,10,1.0,7.4
1997,4,10,1.0,5.5
1945,10,10,1.0,6.8
1937,11,10,1.0,6.0
2001,9,10,1.0,7.4
1934,6,10,1.0,7.0
2005,2,10,1.0,7.9
1936,12,10,1.0,6.1
2023,4,10,1.0,6.2
1983,3,10,1.0,5.5
1932,3,10,1.0,6.1
2021,12,10,2.0,6.3
1943,4,10,1.0,7.0
1964,9,10,1.0,6.8
1957,10,10,1.0,6.3
1992,5,10,1.0,6.3
1956,3,10,2.0,8.3
1934,9,7,1.0,7.0
1995,9,10,1.0,6.7
2014,5,10,1.0,6.4
1996,9,10,1.0,7.3
1951,5,10,1.0,6.0
1975,12,10,1.0,8.2
2008,10,1,1.0,7.7
1975,8,10,1.0,3.9
1967,1,10,1.0,7.9
1929,5,10,1.0,5.3
1987,1,10,1.0,3.3
1999,8,10,1.0,6.1
1948,6,10,2.0,7.5
2025,3,10,1.0,7.0
2015,10,10,1.0,5.6
1994,1,10,1.0,4.9
2011,1,10,1.0,7.0
2023,9,10,1.0,6.9
1937,2,10,1.0,5.8
1957,9,10,1.0,5.9
1955,3,10,1.0,4.9
1976,12,10,1.0,5.9
1935,1,10,59.0,4.8
1990,6,10,1.0,7.5
2003,1,10,1.0,4.6
2013,6,10,1.0,5.7
1963,6,10,1.0,8.2
2008,10,10,1.0,7.4
2013,3,10,1.0,4.0
1995,5,10,1.0,5.8
1995,11,10,2.0,7.4
1940,3,10,1.0,6.8
1998,6,10,1.0,6.6
1992,10,10,1.0,5.3
2021,1,10,1.0,7.0
1982,1,10,2.0,5.5
1970,3,4,1.0,5.5
1956,7,10,1.0,5.7
2004,4,10,2.0,6.9
1923,12,10,50.0,6.2
1965,1,10,1.0,6.1
1943,6,10,1.0,5.7
1927,6,10,1.0,6.8
2022,11,10,1.0,6.8
2007,11,10,2.0,6.4
1994,7,10,1.0,4.4
1936,4,10,1.0,6.2
2016,3,10,1.0,8.0
2002,1,10,1.0,6.9
1945,6,10,1.0,7.5
1978,3,10,1.0,6.4
1971,4,10,1.0,4.7
2014,8,4,1.0,7.2
1998,1,10,1.0,4.2
1952,1,9,3.0,7.6
1949,10,10,1.0,6.8
1984,4,10,1.0,5.5
2008,7,10,2.0,6.9
1941,8,10,1.0,7.1
1989,8,4,1.0,6.0
2003,4,10,1.0,2.9
1995,9,10,1.0,5.6
2001,1,10,2.0,7.2
1947,12,10,1.0,5.8
1996,12,10,1.0,5.8
1993,8,10,2.0,6.3
2015,8,10,1.0,6.4
1943,4,10,1.0,6.0
1997,2,10,1.0,4.8
1994,12,10,2.0,5.4
2019,5,10,1.0,5.9
1952,8,9,1.0,7.3
1974,4,10,1.0,5.6
1980,10,10,1.0,4.1
2021,2,10,1.0,5.8
2016,11,10,1.0,5.8
1932,8,10,1.0,5.9
2011,5,10,2.0,6.8
1954,4,8,1.0,5.9
1926,4,10,1.0,6.4
1946,10,10,1.0,6.4
1970,2,10,1.0,6.0
2022,4,10,1.0,2.7
2024,8,10,1.0,7.5
1953,8,10,1.0,6.4
1922,10,10,1.0,6.2
1983,9,10,1.0,5.2
1935,5,10,1.0,5.8
2022,1,10,1.0,5.6
2002,3,10,2.0,7.5
1976,9,10,1.0,4.6
1933,11,10,1.0,5.8
1974,1,10,1.0,7.7
1978,4,10,1.0,6.6
2012,8,10,1.0,6.6
1952,4,10,1.0,6.5
1926,4,5,1.0,4.2
1943,10,10,1.0,5.4
2023,5,10,1.0,5.6
1968,11,10,1.0,6.5
1958,11,10,1.0,5.5
1947,9,10,1.0,7.1
1977,4,9,1.0,6.4
1970,3,10,1.0,4.7
2021,11,10,1.0,7.1
1951,10,10,1.0,5.6
1948,7,10,2.0,6.5
1978,8,10,1.0,4.4
1979,2,10,2.0,7.8
2010,11,10,1.0,7.6
1935,9,10,1.0,6.6
2014,4,10,1.0,6.4
1940,4,10,1.0,5.4
1973,12,10,1.0,4.6
1963,8,10,1.0,5.1
1926,4,10,1.0,5.4
1976,8,10,1.0,4.4
1957,9,10,1.0,6.9
1966,8,10,1.0,6.5
1984,10,10,1.0,5.9
1946,11,10,1.0,6.0
1960,6,10,1.0,7.5
1963,2,10,1.0,6.4
1986,5,10,1.0,7.9
2022,7,10,1.0,6.5
2002,3,10,1.0,6.7
1991,10,10,1.0,5.2
1965,9,9,1.0,6.3
1970,4,10,1.0,5.5
2021,4,10,1.0,5.3
1970,2,10,53.0,5.6
1971,11,10,1.0,5.4
2004,3,10,1.0,7.8
1999,2,10,1.0,7.1
1999,2,5,1.0,7.2
1978,9,10,1.0,5.2
1956,6,10,1.0,5.2
1957,3,10,2.0,6.8
2011,6,10,1.0,6.0
1969,2,10,1.0,8.0
1983,9,10,1.0,7.0
1980,12,10,1.0,4.1
1992,4,10,1.0,7.1
2009,2,9,59.0,5.0
1953,1,10,1.0,6.0
1995,1,10,2.0,5.1
1946,12,10,1.0,6.7
2003,2,10,1.0,7.0
1994,5,10,1.0,4.9
1977,7,10,1.0,6.3
1995,12,10,1.0,6.5
1958,8,10,1.0,5.9
1954,11,10,1.0,6.4
2001,10,10,1.0,5.8
2004,10,10,1.0,5.6
1936,1,10,1.0,5.6
1930,12,9,1.0,5.8
1980,10,10,1.0,4.4
1946,6,10,1.0,6.4
1985,10,10,1.0,6.6
2002,11,10,1.0,5.8
2003,10,10,1.0,6.1
1948,6,10,1.0,6.0
2007,1,10,1.0,6.5
1924,11,10,1.0,6.6
1947,4,10,54.0,6.9
2000,9,10,1.0,4.6
1988,2,10,1.0,5.4
1935,2,10,1.0,6.3
1957,9,10,1.0,6.6
1964,7,10,1.0,7.2
1972,5,10,1.0,6.7
1939,12,10,1.0,5.6
1942,1,10,1.0,6.2
2002,1,10,1.0,6.4
1933,7,10,1.0,5.5
2006,6,10,1.0,6.4
1993,3,10,1.0,4.8
1956,1,5,1.0,7.3
2016,11,10,1.0,6.4
1990,4,10,1.0,5.5
2002,3,10,1.0,7.7
2018,8,10,2.0,6.3
2016,4,10,1.0,4.8
1991,3,10,1.0,6.4
1952,10,10,1.0,6.5
1975,5,10,1.0,5.3
1972,7,10,1.0,6.3
1974,1,10,1.0,6.1
1955,9,10,2.0,8.3
1948,2,10,1.0,6.8
1983,8,10,2.0,8.3
2018,3,10,1.0,5.6
1957,1,10,1.0,6.4
1996,8,10,1.0,5.8
2020,10,10,1.0,4.9
1965,9,10,1.0,7.3
1993,10,10,1.0,5.1
2021,4,10,1.0,5.1
1951,6,10,1.0,6.5
2004,7,10,1.0,6.4
1959,7,10,1.0,6.9
1931,7,10,1.0,5.8
1948,7,10,1.0,6.8
1964,9,10,1.0,6.4
1929,12,10,59.0,5.1
2010,4,10,1.0,6.9
1994,7,10,1.0,4.9
1964,5,10,1.0,6.3
1958,9,10,1.0,6.1
1944,10,10,1.0,6.6
1991,4,10,1.0,4.9
1942,6,10,1.0,4.4
1980,12,10,1.0,4.8
1955,7,10,1.0,6.1
1930,2,10,1.0,5.7
1997,2,10,1.0,6.6
1932,4,10,1.0,6.7
1951,3,10,1.0,6.2
1958,8,10,1.0,5.6
1922,6,10,1.0,6.2
1993,12,10,1.0,6.6
2003,8,10,1.0,6.1
2019,4,10,2.0,5.3
1996,4,10,1.0,7.0
1978,9,10,1.0,4.6
1986,1,9,1.0,3.1
1952,12,10,1.0,6.4
2019,11,10,1.0,7.5
1980,5,9,1.0,5.5
1933,2,10,1.0,6.2
1988,10,10,5.0,7.2
1942,8,10,1.0,6.6
1987,9,10,1.0,5.2
2017,1,10,1.0,5.8
1962,4,10,1.0,5.1
1992,5,10,1.0,6.4
1945,5,2,1.0,6.3
1923,8,9,1.0,6.2
1938,6,10,59.0,5.0
2019,8,10,1.0,7.8
2017,6,10,1.0,6.5
2024,1,10,1.0,4.7
1924,9,7,1.0,6.0
1943,1,10,1.0,6.1
1979,4,10,1.0,5.2
1951,8,10,1.0,7.3
1990,7,10,1.0,6.9
1947,9,10,1.0,6.9
1925,12,10,1.0,5.2
1973,9,10,1.0,6.3
2008,8,10,2.0,7.7
1957,10,10,1.0,4.9
1993,10,10,1.0,6.0
1930,3,10,1.0,5.8
1966,9,10,1.0,6.5
1969,9,10,1.0,5.6
1949,7,10,1.0,5.9
1985,10,10,1.0,5.1
1996,11,10,1.0,8.1
2015,6,10,1.0,7.8
1937,5,10,56.0,5.8
1981,5,10,1.0,6.0
1956,10,10,2.0,6.7
1950,6,10,1.0,6.5
2007,4,10,1.0,6.9
1990,1,10,1.0,7.2
1957,12,10,1.0,5.6
1952,2,10,1.0,5.9
1949,11,10,1.0,7.0
1967,10,10,1.0,5.1
2016,2,10,1.0,6.6
1957,11,10,1.0,5.5
1960,3,10,1.0,5.6
2025,1,10,1.0,5.3
1950,10,10,1.0,5.5
2008,2,10,1.0,8.0
1962,1,10,1.0,5.9
1937,3,10,1.0,5.2
1954,10,10,1.0,7.4
1991,7,10,1.0,3.5
1988,9,10,1.0,4.8
2002,4,10,1.0,5.2
1949,4,10,1.0,6.4
2007,2,10,1.0,5.6
2017,4,10,1.0,6.6
2018,2,10,1.0,5.3
1945,7,10,1.0,6.1
2008,5,1,1.0,7.7
1971,4,10,1.0,6.7
1925,8,7,1.0,6.9
1960,9,10,1.0,5.0
1936,3,10,59.0,5.4
1937,11,10,1.0,6.3
1983,7,10,1.0,4.8
1980,9,10,1.0,4.8
1988,12,10,1.0,5.3
1983,6,10,1.0,3.9
1986,2,10,1.0,6.8
1984,10,10,1.0,6.9
1936,11,10,1.0,6.1
1965,12,10,1.0,6.3
1983,9,6,1.0,3.6
1961,10,10,2.0,7.7
1990,2,10,2.0,6.2
1980,7,10,1.0,5.8
2000,5,10,1.0,6.3
2021,8,10,1.0,6.2
1964,3,10,1.0,7.2
1935,10,10,1.0,5.9
1947,2,10,1.0,6.1
1933,1,10,1.0,5.8
2022,8,10,1.0,5.3
1973,4,10,1.0,5.7
2025,3,7,1.0,7.1
1962,12,10,1.0,6.7
2011,4,10,1.0,5.6
1957,1,10,1.0,7.1
1970,10,10,1.0,6.4
1953,7,10,1.0,6.0
2015,6,10,2.0,6.9
2024,9,10,1.0,4.5
2004,5,9,1.0,5.7
1975,11,10,2.0,7.3
2002,2,10,1.0,2.7
2008,10,10,1.0,4.9
2011,4,10,1.0,6.7
1987,5,10,1.0,4.3
2024,4,10,1.0,7.4
1980,8,10,1.0,6.5
1970,9,10,1.0,4.2
1948,3,10,1.0,6.2
1995,4,10,2.0,7.8
2024,10,10,1.0,6.2
1986,2,10,1.0,6.0
1979,3,10,2.0,7.6
1979,3,10,2.0,7.5
1945,6,10,1.0,7.1
1980,3,10,1.0,5.6
1988,4,10,1.0,6.8
2001,10,10,1.0,4.4
2020,3,10,1.0,5.7
1961,4,10,1.0,7.3
1922,7,8,1.0,5.4
2021,2,10,1.0,5.9
2010,3,10,2.0,6.7
1991,12,10,1.0,5.7
1958,7,10,1.0,6.8
1992,2,10,1.0,6.4
1979,12,10,2.0,6.4
2022,5,10,2.0,4.8
1968,12,7,1.0,7.0
1950,1,10,1.0,4.9
1980,10,10,1.0,5.6
1968,11,10,1.0,3.0
1984,3,10,1.0,4.9
1964,4,10,1.0,6.0
1964,6,10,1.0,6.9
1998,5,10,1.0,2.8
1986,9,10,1.0,7.4
1991,6,10,1.0,5.8
2018,4,10,1.0,5.1
1962,10,10,1.0,7.5
1987,5,10,1.0,5.8
2004,4,10,1.0,5.1
2021,6,10,1.0,7.2
1929,12,5,1.0,6.0
1934,7,10,53.0,5.1
1980,6,10,1.0,4.4
2004,5,10,1.0,4.6
1961,12,10,2.0,7.6
1997,10,10,1.0,8.1
1980,5,7,1.0,6.4
1989,1,10,1.0,4.9
2000,5,10,1.0,4.2
1930,9,10,1.0,7.4
1951,2,10,1.0,6.4
1978,5,10,1.0,4.1
1975,3,10,1.0,5.1
1958,2,10,1.0,6.3
2017,8,10,1.0,5.6
2002,12,10,1.0,5.8
1932,10,10,1.0,5.3
2001,10,10,1.0,7.0
2008,7,10,1.0,6.9
1928,1,10,1.0,5.9
2009,5,10,1.0,5.7
1946,1,10,1.0,5.6
1933,11,10,1.0,7.0
1990,7,10,1.0,6.8
1946,11,10,1.0,6.9
1976,8,9,1.0,5.7
1964,1,6,1.0,7.3
1982,9,10,1.0,3.7
1933,11,10,1.0,5.8
1948,11,10,1.0,6.0
1955,10,10,1.0,7.0
2024,6,10,1.0,7.6
1985,9,5,1.0,5.2
1945,6,10,1.0,6.7
1944,3,10,59.0,6.3
2021,4,10,1.0,6.6
1943,11,10,1.0,4.9
1996,12,10,1.0,6.7
1947,9,10,1.0,6.4
1962,2,10,1.0,6.5
2015,6,10,2.0,7.0
1977,8,3,1.0,7.3
1995,4,10,3.0,6.4
1959,8,10,1.0,6.9
1956,7,10,1.0,7.3
1987,1,10,1.0,6.2
1932,6,10,1.0,6.4
1989,1,10,1.0,8.0
1990,3,10,1.0,6.3
1972,8,10,1.0,5.3
1934,9,10,1.0,5.4
1952,2,10,1.0,5.4
2025,1,4,1.0,5.5
1979,4,10,1.0,7.8
1927,2,10,1.0,5.3
1987,2,10,1.0,7.4
1935,4,10,1.0,5.9
1977,6,10,1.0,5.9
1925,8,10,1.0,7.1
1983,7,10,1.0,4.9
2021,6,10,1.0,5.5
1991,4,9,1.0,5.0
1981,9,10,1.0,2.7
1986,9,10,1.0,6.9
2019,4,10,2.0,6.3
2004,8,10,2.0,6.9
1956,7,10,1.0,6.3
1997,5,5,1.0,7.7
1934,12,10,1.0,6.9
1949,4,10,1.0,5.2
1957,10,10,1.0,8.1
1983,6,6,1.0,4.7
1981,9,10,1.0,4.7
1948,12,10,1.0,6.2
1979,7,10,1.0,6.4
1991,5,10,1.0,6.1
1995,12,10,1.0,7.1
1940,5,10,1.0,6.4
1983,1,10,1.0,6.1
1960,9,10,1.0,5.7
1953,10,10,1.0,6.0
1945,7,10,1.0,6.5
1966,2,10,1.0,6.5
1925,6,8,50.0,6.3
2017,5,10,1.0,5.7
2021,8,10,1.0,7.1
2002,9,10,1.0,6.6
2001,9,10,1.0,5.3
1960,8,9,2.0,7.1
1951,3,10,1.0,7.5
1957,1,10,1.0,6.1
2022,11,10,2.0,6.6
2018,9,10,1.0,6.5
2009,4,10,1.0,4.6
2024,3,10,1.0,4.7
1955,5,10,1.0,6.5
1961,2,10,3.0,8.5
1993,12,10,1.0,6.9
1961,1,10,1.0,5.2
1999,10,10,1.0,6.4
1952,7,10,1.0,5.2
1981,3,10,1.0,6.0
1926,7,10,1.0,7.1
2010,11,10,1.0,8.2
2011,4,10,1.0,6.2
2007,1,10,1.0,8.2
1959,12,10,2.0,7.0
1941,9,10,59.0,6.3
2009,6,10,2.0,6.3
1932,5,10,1.0,6.2
2003,4,4,1.0,6.5
2018,5,10,1.0,5.7
2004,11,10,1.0,5.5
2002,1,10,1.0,5.2
1939,8,10,1.0,7.0
1976,9,10,1.0,7.0
1950,5,10,1.0,5.7
1970,7,10,1.0,4.4
1956,12,10,1.0,5.5
1987,7,10,1.0,4.9
1944,6,10,1.0,7.1
1979,9,10,2.0,7.8
1976,6,10,2.0,7.8
1959,10,10,2.0,6.5
1973,12,10,1.0,5.5
2023,7,10,1.0,5.4
1932,1,10,1.0,6.9
1981,9,10,2.0,6.6
1925,4,7,1.0,5.6
1935,11,10,1.0,6.4
1990,2,10,1.0,6.5
2005,11,10,1.0,6.3
1960,4,10,1.0,6.6
1934,12,10,1.0,7.1
1979,2,10,1.0,8.3
1976,6,10,1.0,5.1
1947,5,10,1.0,6.8
1999,9,10,1.0,7.2
1981,7,10,2.0,6.7
1931,10,10,1.0,6.3
2006,8,10,1.0,3.4
1944,12,10,1.0,6.1
1935,10,10,1.0,5.6
2003,9,10,1.0,7.4
1934,1,10,1.0,6.4
2013,7,10,1.0,7.5
2012,9,10,1.0,7.6
1968,12,10,1.0,5.9
2024,7,10,1.0,6.6
1976,6,10,2.0,6.8
2019,5,10,1.0,7.7
2012,6,10,1.0,6.1
1969,8,10,2.0,4.3
1970,4,10,1.0,7.1
1983,9,10,1.0,5.9
1934,1,10,1.0,6.3
2022,5,10,2.0,6.6
2004,9,6,1.0,6.3
1967,7,10,1.0,4.6
1999,6,10,1.0,6.8
1959,6,10,1.0,6.0
1988,9,4,1.0,7.1
1961,2,10,1.0,7.1
1933,4,10,1.0,6.2
1980,7,10,1.0,6.0
1968,9,9,1.0,5.8
2024,8,1,1.0,8.9
1959,10,10,2.0,7.1
1941,9,10,57.0,6.3
1999,6,10,1.0,6.5
1991,8,10,1.0,5.7
1986,12,10,1.0,6.4
1975,8,10,1.0,5.7
1990,4,10,1.0,6.7
1968,6,10,1.0,6.4
1998,10,10,1.0,6.0
1979,10,10,1.0,5.2
1939,11,10,1.0,6.3
1999,1,10,2.0,7.1
1995,12,10,1.0,7.1
1986,9,7,2.0,8.5
1932,5,10,1.0,5.3
1940,9,10,1.0,4.3
1974,3,10,1.0,5.8
1941,2,10,1.0,6.7
1948,3,10,1.0,7.1
1935,7,10,1.0,6.5
1994,4,10,1.0,7.1
2015,4,10,1.0,6.3
1988,3,10,1.0,6.6
1930,7,10,1.0,5.3
1991,11,10,2.0,7.3
1984,1,10,1.0,4.3
1976,1,10,1.0,5.8
1978,8,10,1.0,5.6
1986,4,10,1.0,4.1
1980,5,10,1.0,4.2
1928,12,9,1.0,6.5
1948,9,10,1.0,6.5
1998,1,10,1.0,8.1
1963,11,10,1.0,4.6
1940,7,1,1.0,5.3
2005,2,10,1.0,6.5
2014,1,2,1.0,7.0
1952,5,10,1.0,6.7
1953,11,10,1.0,5.4
2023,3,10,1.0,6.8
1965,11,8,1.0,5.2
1961,9,7,1.0,5.6
1976,6,10,1.0,6.4
1987,12,10,1.0,6.6
1927,9,10,1.0,5.4
2005,9,10,1.0,7.0
2000,11,10,1.0,5.1
1947,1,10,1.0,5.9
2016,2,10,2.0,7.6
1970,10,9,1.0,7.2
1936,3,10,1.0,7.4
1982,11,10,2.0,6.5
2005,11,10,1.0,7.5
1940,2,10,58.0,6.1
2025,2,10,1.0,8.0
1980,10,10,1.0,4.7
1937,6,10,1.0,5.1
2024,8,10,1.0,6.5
1983,4,10,1.0,8.0
1923,10,10,1.0,6.6
1927,1,10,1.0,6.3
2005,5,10,1.0,5.6
2013,3,10,1.0,6.2
1974,11,10,1.0,4.1
1981,1,10,1.0,4.7
2007,9,10,1.0,4.2
2019,6,10,1.0,7.0
2018,6,3,1.0,6.5
2018,4,10,1.0,6.5
1995,8,10,1.0,8.5
1942,1,10,1.0,5.9
2014,10,10,1.0,5.7
1926,3,10,1.0,7.3
1983,12,10,2.0,6.6
1971,4,10,1.0,5.0
1948,8,10,1.0,6.8
2022,12,10,1.0,5.8
1994,1,10,2.0,7.7
2017,11,10,1.0,7.4
1973,8,10,1.0,5.8
1979,3,10,1.0,4.6
2016,3,10,1.0,4.5
2004,12,10,2.0,7.5
1990,3,10,1.0,6.0
2000,11,10,1.0,6.4
2002,12,10,1.0,7.0
2010,5,10,1.0,7.0
1966,8,10,1.0,6.5
1943,12,10,1.0,5.0
2000,1,10,2.0,7.1
1954,2,10,1.0,5.7
1975,10,10,1.0,5.1
1921,4,9,50.0,5.6
1998,8,10,1.0,6.9
1957,10,10,1.0,5.8
2008,5,10,1.0,7.6
1938,1,10,1.0,5.6
1996,7,10,1.0,6.6
2014,2,10,1.0,6.1
1981,5,10,1.0,4.5
1956,9,10,2.0,7.4
1928,4,8,1.0,6.1
2000,5,10,1.0,7.6
1945,5,10,1.0,6.0
1928,5,10,1.0,6.7
1976,7,10,1.0,4.1
1968,9,10,1.0,6.6
1974,11,10,1.0,6.0
1958,9,10,1.0,6.8
2009,11,10,1.0,6.7
1993,6,10,1.0,5.7
1983,9,10,2.0,5.5
2008,7,10,2.0,9.0
1948,6,10,1.0,7.3
1989,5,10,1.0,8.1
1991,10,10,1.0,7.1
1921,2,10,1.0,7.0
1951,11,10,2.0,7.7
2000,1,10,1.0,4.4
2004,6,10,1.0,5.8
1929,1,9,1.0,5.7
1982,3,10,2.0,5.8
2000,10,4,1.0,6.6
1935,2,10,1.0,6.9
1970,3,10,1.0,4.9
2005,6,10,1.0,5.5
2016,12,10,1.0,6.1
1967,11,10,1.0,7.0
2017,4,10,1.0,6.2
1992,8,10,1.0,7.1
1947,4,10,1.0,5.8
1959,11,10,1.0,7.4
1973,3,10,2.0,5.2
1985,8,10,1.0,6.7
1971,12,10,1.0,7.1
1964,10,10,1.0,6.9
1925,7,10,1.0,5.8
1964,11,10,1.0,4.6
2017,5,10,2.0,7.6
1958,8,10,1.0,7.1
2015,6,1,1.0,8.3
1984,12,10,1.0,7.4
2007,9,10,1.0,7.0
2025,1,2,1.0,5.2
2025,5,10,1.0,8.5
1941,11,10,1.0,6.1
1927,6,10,1.0,5.7
1989,11,10,1.0,4.9
2015,10,10,1.0,4.9
2000,4,10,1.0,6.3
1955,12,10,2.0,7.7
1978,2,10,1.0,5.7
1971,6,10,1.0,7.1
1994,2,10,1.0,5.8
1968,1,10,1.0,5.4
1940,6,10,3.0,7.1
1999,6,10,1.0,6.7
1957,4,10,1.0,6.9
1947,1,10,1.0,7.3
1956,12,10,1.0,6.8
1947,5,10,59.0,6.3
1991,6,10,2.0,4.9
2017,1,10,1.0,3.8
1987,5,10,1.0,4.8
1937,4,10,1.0,6.2
1962,12,10,1.0,7.2
1975,8,10,2.0,8.1
2018,1,10,1.0,6.6
2005,6,10,1.0,7.1
1997,11,10,1.0,3.6
2023,3,10,1.0,7.0
2014,5,10,1.0,7.3
1937,7,10,53.0,5.2
1965,7,10,1.0,1.8
1990,8,10,1.0,7.5
1966,12,10,2.0,5.6
1975,11,10,1.0,6.4
1942,4,10,1.0,5.5
1982,4,10,1.0,5.0
1954,1,10,1.0,7.1
1996,10,10,2.0,7.1
1992,6,10,1.0,4.4
1938,8,10,1.0,7.1
1975,3,10,1.0,6.8
1966,3,10,1.0,5.2
2008,1,10,2.0,3.8
1944,12,10,1.0,5.4
2013,9,2,54.0,7.1
1987,1,10,1.0,3.2
1969,12,10,1.0,3.8
2007,5,10,2.0,7.0
1984,12,10,2.0,6.5
2020,9,10,2.0,7.1
2001,8,10,2.0,7.0
1943,6,10,1.0,6.7
1935,6,10,1.0,5.8
1941,3,10,1.0,5.9
1994,5,10,2.0,6.6
1945,3,10,1.0,6.4
1997,4,10,1.0,4.1
2008,9,10,1.0,5.8
2019,9,10,1.0,6.6
1950,5,10,1.0,7.0
2018,6,10,1.0,7.1
1937,11,10,1.0,5.9
2025,3,10,1.0,5.7
1970,6,10,1.0,6.8
1998,12,10,1.0,6.6
1964,8,10,1.0,5.0
1989,2,10,1.0,6.2
1962,11,10,1.0,7.0
1987,7,10,1.0,3.0
1984,4,10,1.0,4.9
1950,4,10,1.0,7.3
1982,9,10,1.0,6.4
1950,4,10,1.0,6.6
1967,7,10,1.0,4.4
1926,4,10,1.0,7.0
1967,4,2,54.0,7.6
1987,4,10,1.0,5.7
1936,10,10,1.0,6.1
1956,4,10,1.0,6.1
1927,1,9,50.0,6.4
1990,2,10,1.0,4.4
1953,4,10,1.0,5.5
2015,8,10,1.0,7.2
1968,8,10,1.0,4.9
1966,12,10,1.0,4.7
2017,12,6,1.0,4.4
1943,5,10,1.0,6.8
1951,5,10,1.0,7.5
1995,9,10,1.0,7.0
1929,10,8,1.0,6.7
1997,4,6,1.0,6.2
1993,1,10,1.0,4.6
1970,2,10,1.0,5.8
1944,12,10,1.0,6.7
1972,8,10,1.0,7.3
1994,6,10,1.0,5.2
2020,1,10,1.0,3.4
1964,10,8,1.0,4.4
1932,3,7,1.0,6.1
1962,4,10,1.0,6.6
1927,5,10,1.0,6.0
1974,12,10,2.0,7.1
1982,10,10,1.0,5.2
1924,10,10,1.0,8.1
1945,1,10,1.0,6.0
1955,12,10,1.0,5.4
1971,6,10,1.0,5.7
1962,8,10,1.0,4.5
1991,12,9,1.0,7.6
1948,5,10,1.0,7.1
1996,8,10,2.0,6.6
1950,7,10,1.0,6.6
1943,7,10,59.0,6.5
1970,9,10,1.0,4.3
1985,1,10,1.0,5.3
1975,9,10,1.0,5.2
1964,11,10,1.0,4.9
1925,7,6,50.0,7.0
2002,1,10,1.0,6.7
1968,4,10,1.0,6.7
1963,6,10,1.0,6.0
1949,12,10,59.0,6.7
1962,8,10,1.0,5.6
2008,6,10,1.0,5.6
1947,5,10,1.0,5.5
1937,10,10,1.0,5.7
1962,9,10,1.0,6.5
1944,2,10,1.0,4.9
1985,9,10,1.0,5.6
1952,7,10,1.0,6.8
2023,1,1,1.0,6.9
2008,1,10,1.0,7.4
1953,9,10,1.0,5.3
1921,6,8,1.0,5.2
1965,8,10,1.0,5.3
1921,9,3,1.0,3.8
1992,11,10,1.0,6.2
1970,10,10,1.0,4.5
1947,11,6,1.0,5.2
1992,10,10,1.0,5.8
1923,12,8,2.0,6.6
2013,11,1,2.0,7.6
1933,2,10,1.0,7.1
2002,10,10,1.0,7.2
1965,2,10,1.0,7.5
1986,12,10,1.0,5.7
1983,11,10,1.0,7.3
1934,12,10,1.0,3.5
1946,6,10,1.0,6.2
1941,11,10,1.0,5.7
1960,10,10,1.0,7.0
1995,12,10,1.0,6.0
1969,4,10,1.0,7.0
2012,10,10,1.0,7.1
1969,10,10,1.0,6.7
1988,4,10,1.0,4.4
1977,1,10,1.0,5.7
1937,7,10,1.0,6.5
1927,4,8,1.0,7.1
1920,11,10,50.0,5.8
1963,6,10,1.0,6.1
1923,5,10,57.0,7.5
1990,3,10,1.0,7.1
1975,12,8,1.0,5.6
1969,12,10,2.0,6.7
1994,9,10,1.0,6.4
1962,11,10,1.0,7.6
1987,8,10,1.0,5.3
1967,5,10,1.0,5.7
1946,11,10,1.0,6.6
2022,11,10,2.0,7.3
1930,12,10,1.0,4.6
2008,9,10,2.0,6.3
2015,1,10,2.0,6.6
2012,3,10,1.0,4.0
2012,10,10,1.0,6.7
1948,8,10,1.0,7.0
1987,12,10,1.0,6.5
1924,8,10,1.0,4.6
1947,5,10,58.0,6.5
1939,5,10,1.0,6.8
1936,2,10,1.0,7.5
2002,4,10,1.0,5.4
1998,6,10,1.0,6.4
2021,10,10,1.0,6.3
1982,9,10,1.0,5.8
1980,6,10,2.0,7.1
1977,11,10,1.0,4.6
1996,8,10,2.0,6.4
2009,4,10,1.0,6.4
1980,5,10,2.0,6.6
1980,3,10,1.0,6.7
1954,12,10,1.0,6.2
1953,4,10,1.0,4.2
2002,5,10,2.0,6.5
2014,4,1,1.0,7.1
1972,10,10,1.0,6.3
1968,4,10,1.0,6.0
1941,3,10,1.0,6.5
2004,8,10,1.0,7.6
1942,5,10,1.0,6.5
1951,7,10,1.0,6.5
1989,5,10,1.0,5.3
2003,12,10,1.0,6.8
2017,2,10,1.0,6.4
1942,8,10,1.0,6.1
2008,10,10,1.0,6.5
2015,6,10,1.0,6.8
1997,10,10,1.0,4.5
1925,8,10,1.0,6.1
1985,12,10,1.0,6.8
1950,7,10,1.0,6.0
2022,5,10,1.0,7.7
2010,1,10,1.0,6.4
1942,1,10,2.0,6.0
1991,11,10,1.0,5.0
2025,3,10,1.0,4.6
1982,10,10,1.0,7.6
2018,12,10,1.0,5.8
1945,8,10,1.0,5.7
2007,9,10,1.0,5.2
1963,1,10,2.0,5.9
2002,9,10,2.0,6.5
2020,10,10,1.0,7.1
1941,2,10,1.0,6.5
2018,11,10,1.0,6.4
1961,11,10,1.0,5.9
1938,7,10,1.0,6.7
2002,5,10,1.0,6.5
1963,6,10,2.0,8.0
1994,2,10,3.0,9.0
1984,3,10,1.0,5.6
1938,12,10,1.0,6.5
1980,9,10,1.0,8.5
1958,1,10,1.0,7.1
1954,11,10,1.0,6.7
1994,12,10,1.0,5.2
1943,12,10,1.0,5.6
1925,2,10,1.0,5.9
1950,10,10,1.0,7.3
1988,11,10,1.0,6.0
2014,11,10,1.0,5.8
1963,1,10,1.0,7.0
2020,10,9,1.0,5.4
2010,10,10,1.0,7.0
2013,10,10,1.0,7.8
2003,5,10,1.0,5.6
2008,5,10,1.0,7.0
2004,12,10,3.0,8.2
1984,12,10,2.0,7.2
1944,4,10,56.0,7.0
1993,3,10,1.0,6.8
1952,4,10,1.0,6.9
1985,9,10,1.0,4.1
1968,6,10,1.0,7.2
1999,7,10,1.0,6.7
2016,11,10,2.0,4.9
1978,9,10,1.0,5.6
2015,8,10,1.0,7.1
1988,11,10,1.0,3.6
1968,6,10,1.0,5.3
2011,9,10,1.0,5.7
1967,1,9,1.0,6.7
1999,3,10,1.0,7.5
1992,6,10,1.0,5.3
1974,9,3,2.0,7.1
1970,7,10,1.0,6.8
2004,12,10,1.0,5.4
1937,4,10,1.0,4.8
1924,1,5,1.0,6.0
1987,9,10,1.0,3.6
1960,12,10,1.0,5.4
1968,7,10,2.0,6.6
1938,4,10,1.0,6.6
2017,3,10,1.0,7.5
2025,2,10,1.0,4.7
2022,8,10,1.0,6.3
2015,6,10,1.0,5.6
1966,10,10,1.0,6.6
1940,8,10,1.0,6.0
1920,4,7,1.0,6.5
2010,1,10,1.0,4.2
1999,5,10,1.0,6.0
1931,11,10,1.0,7.1
1966,4,10,1.0,6.5
1948,1,6,1.0,6.0
2008,8,10,1.0,6.1
2005,4,10,1.0,6.5
1955,12,10,1.0,7.0
2011,9,10,1.0,6.3
1991,11,10,1.0,3.5
2014,2,10,1.0,6.9
1988,4,10,1.0,4.5
1992,4,10,1.0,6.9
2017,9,5,1.0,7.3
1984,12,10,1.0,7.6
1990,10,10,1.0,5.8
1955,10,10,1.0,7.4
1960,5,10,1.0,5.7
2024,10,10,2.0,7.4
2010,3,10,1.0,6.4
1976,4,10,1.0,4.8
1971,9,9,52.0,4.9
2013,10,10,1.0,5.4
2005,1,10,1.0,7.3
1938,11,9,1.0,7.2
1992,3,10,1.0,7.4
2014,1,10,1.0,7.3
2019,5,10,1.0,5.9
2011,3,10,1.0,7.2
1966,8,10,1.0,7.1
1997,2,10,1.0,4.7
1998,3,10,55.0,3.4
1965,12,10,1.0,8.0
1950,1,10,1.0,6.9
2014,4,10,2.0,6.9
1946,5,10,1.0,5.3
1993,1,10,2.0,7.5
2013,5,5,1.0,6.1
1968,9,10,1.0,7.0
1981,9,8,1.0,5.3
1959,9,9,1.0,5.2
1923,1,10,1.0,6.6
1951,12,10,1.0,7.0
1997,7,10,1.0,7.3
1950,4,10,1.0,6.1
1990,2,10,1.0,7.5
1991,10,10,1.0,5.6
1999,1,10,1.0,4.9
2020,7,10,1.0,7.4
1947,8,10,1.0,7.4
1925,1,8,50.0,2.9
1939,8,10,1.0,6.1
1968,11,10,1.0,6.4
1982,9,10,1.0,5.8
1921,12,7,1.0,6.0
2020,2,10,1.0,4.6
2023,10,8,1.0,6.4
2013,12,10,1.0,6.3
1965,1,10,2.0,7.5
1956,4,10,1.0,5.9
1976,2,9,1.0,5.4
1947,9,10,1.0,6.6
1963,12,8,1.0,4.7
1939,9,10,1.0,5.3
1948,9,10,1.0,7.0
2012,3,10,1.0,4.5
2024,5,4,1.0,7.0
2008,2,10,1.0,6.1
1960,10,10,2.0,7.7
1996,10,6,1.0,6.4
1992,5,10,1.0,4.3
1957,6,10,1.0,5.1
2010,3,10,1.0,6.9
1942,10,10,1.0,5.3
1941,9,10,1.0,6.2
1961,5,10,1.0,7.1
2019,11,10,1.0,5.3
1951,11,10,1.0,5.1
1943,4,10,1.0,5.7
1942,7,10,1.0,7.1
1990,10,10,1.0,7.2
1994,4,10,1.0,6.3
2012,5,10,1.0,6.9
2007,3,10,1.0,7.0
1965,1,10,1.0,6.4
1943,3,10,1.0,6.2
1958,12,10,1.0,7.2
2010,5,10,1.0,5.8
2002,3,9,1.0,4.9
2017,2,10,2.0,5.8
1948,2,7,1.0,7.5
1984,11,10,1.0,6.4
2011,10,10,1.0,6.4
1963,7,10,2.0,8.2
1978,11,10,1.0,7.5
1965,12,10,1.0,5.4
1970,11,10,1.0,6.0
1997,6,10,1.0,6.9
1977,6,10,2.0,7.5
1948,2,10,59.0,6.7
1981,12,10,2.0,6.8
1935,4,10,1.0,6.0
2011,4,10,1.0,4.9
1967,11,10,1.0,5.6
1983,1,10,1.0,5.8
1953,11,10,1.0,7.1
1973,3,7,1.0,6.9
2023,2,8,1.0,5.8
1992,10,10,1.0,5.9
1978,8,10,1.0,7.4
2013,11,10,1.0,6.4
2003,5,10,1.0,6.3
1951,3,10,1.0,6.2
2005,11,10,1.0,6.0
1936,12,10,1.0,6.4
1981,10,10,1.0,6.2
2018,8,10,2.0,7.3
1950,6,10,1.0,5.9
2009,3,10,1.0,5.0
2012,9,10,1.0,7.1
1956,11,10,1.0,6.5
1948,7,10,1.0,6.5
1942,11,10,1.0,6.6
1978,1,10,1.0,6.2
1985,2,10,1.0,7.4
2012,5,1,1.0,7.6
2010,6,10,1.0,7.7
1987,11,10,1.0,5.0
1997,10,10,1.0,6.6
1935,3,10,1.0,6.5
1972,4,10,1.0,5.8
1937,11,10,1.0,5.9
1953,3,10,1.0,5.8
2006,8,10,1.0,6.6
2006,10,10,1.0,7.5
1981,12,10,1.0,4.5
1985,7,10,1.0,5.1
1948,12,10,1.0,8.3
1977,1,10,1.0,6.0
1925,2,6,1.0,6.7
1939,12,10,1.0,6.7
1986,2,10,1.0,5.1
1934,11,10,59.0,5.3
2013,8,10,1.0,6.5
2016,3,10,2.0,6.9
2022,3,10,1.0,7.8
2003,2,10,1.0,7.5
2023,6,10,1.0,6.1
1954,6,10,1.0,7.3
1977,1,10,1.0,7.8
1927,2,10,59.0,6.4
2007,10,10,1.0,7.1
2025,2,10,1.0,5.4
1981,8,10,1.0,6.6
2001,2,10,1.0,7.7
1954,8,10,1.0,5.8
1940,5,10,1.0,6.5
1996,12,10,1.0,5.3
1963,3,10,2.0,7.5
1953,8,10,1.0,6.1
1943,1,8,1.0,6.4
1992,3,10,1.0,5.4
1951,11,10,1.0,6.0
1988,12,8,2.0,7.0
1936,12,10,1.0,5.7
1961,2,10,1.0,6.4
1931,6,10,1.0,6.8
1984,9,10,1.0,4.6
1950,2,10,1.0,7.9
2018,2,10,1.0,5.5
1928,6,10,1.0,5.5
1960,12,10,1.0,5.8
2001,9,10,1.0,6.3
1945,10,10,1.0,6.5
1964,8,8,1.0,6.4
2002,12,10,2.0,7.5
1979,3,10,2.0,7.4
1953,8,10,1.0,6.5
1975,10,10,1.0,7.7
1966,3,10,1.0,7.4
1939,10,10,1.0,7.8
1959,3,4,1.0,6.6
2013,1,10,1.0,6.6
1969,3,10,2.0,7.2
1963,10,10,2.0,6.6
1922,10,7,55.0,6.1
1975,3,10,1.0,6.9
1975,8,10,1.0,6.2
1944,11,8,2.0,8.4
1974,6,10,1.0,5.2
1993,8,10,1.0,6.3
2009,4,10,1.0,6.0
2008,10,10,2.0,7.0
1932,12,10,1.0,6.6
1942,1,10,1.0,6.5
1983,10,10,1.0,7.6
1941,7,10,1.0,6.7
2025,3,7,1.0,6.4
1922,12,10,1.0,5.4
1990,8,10,1.0,6.5
1992,10,10,2.0,4.9
1991,7,10,1.0,5.9
2002,12,10,1.0,7.5
1952,8,10,1.0,5.8
1939,4,10,1.0,7.0
1935,6,10,1.0,6.6
1948,10,10,1.0,6.6
1946,8,10,1.0,8.0
2010,9,10,1.0,6.3
1921,8,10,50.0,6.4
1980,10,10,1.0,6.3
1968,4,10,1.0,6.1
1962,10,10,1.0,5.6
1982,4,10,2.0,5.5
1964,5,10,1.0,5.4
1990,4,10,1.0,4.9
2009,11,10,1.0,5.7
1999,11,10,1.0,4.7
1947,9,10,1.0,7.1
2008,8,10,1.0,7.4
1956,7,10,1.0,5.5
1960,1,10,3.0,8.2
1935,5,10,1.0,5.8
1950,6,10,1.0,6.0
2010,12,10,1.0,6.7
2022,5,10,1.0,7.0
1998,2,10,1.0,8.0
1943,10,10,1.0,6.4
2013,2,10,1.0,6.4
1963,10,10,52.0,7.8
2008,12,10,1.0,8.0
1936,3,10,1.0,6.8
2015,10,10,1.0,6.3
1982,11,10,1.0,6.5
1988,6,10,1.0,4.7
1961,6,10,1.0,6.9
1930,8,10,1.0,6.2
1994,7,10,45.0,7.7
1924,5,4,1.0,7.1
1994,9,10,2.0,7.7
2003,4,10,1.0,5.8
1955,12,10,1.0,5.5
2024,11,10,1.0,5.3
1976,10,10,1.0,7.7
1976,4,10,1.0,5.5
1995,4,10,1.0,6.0
1987,9,10,1.0,5.6
2022,11,10,2.0,7.4
2019,11,10,1.0,5.0
1975,8,10,1.0,4.6
1944,1,10,1.0,4.2
1988,5,10,1.0,3.9
1928,11,10,2.0,7.3
2003,3,10,1.0,5.2
1980,3,10,1.0,6.4
2012,5,10,1.0,6.5
2008,4,10,1.0,4.9
1947,2,10,57.0,5.9
2005,8,10,2.0,6.6
2015,7,10,1.0,6.0
1982,10,10,1.0,5.3
1966,10,10,1.0,6.0
2014,8,10,2.0,8.1
1934,2,10,1.0,4.6
2019,1,10,3.0,8.0
1961,7,10,1.0,2.8
1938,3,10,1.0,6.6
2017,11,10,1.0,5.8
1991,1,10,2.0,6.6
1959,11,10,1.0,6.6
1997,10,10,1.0,5.7
1946,4,10,1.0,6.3
2010,12,10,2.0,6.3
1983,12,10,1.0,6.8
2019,8,10,1.0,7.3
1954,8,6,1.0,6.7
1968,9,10,2.0,7.4
1922,2,10,1.0,5.5
1991,3,10,1.0,3.9
1945,9,10,1.0,5.8
1975,3,10,1.0,7.8
1960,4,10,1.0,5.3
1990,8,10,1.0,6.6
2004,4,10,1.0,6.1
1936,2,10,1.0,6.4
1955,1,10,1.0,8.0
2009,4,10,1.0,4.9
2025,3,10,1.0,4.4
2008,12,10,1.0,6.0
1944,4,10,1.0,6.5
2012,4,10,1.0,7.0
1947,11,10,1.0,5.6
2008,3,10,1.0,5.3
2008,1,10,1.0,6.1
1980,9,10,1.0,6.6
2013,8,10,1.0,5.7
1943,5,10,1.0,6.1
1996,9,10,1.0,7.3
2017,8,10,2.0,5.1
1966,12,10,1.0,5.8
2015,5,10,2.0,7.3
1936,9,10,1.0,6.6
2004,9,10,1.0,7.0
2006,10,10,1.0,5.7
1945,9,10,1.0,7.4
1952,6,10,1.0,5.6
1922,5,9,50.0,6.5
1936,5,10,59.0,5.6
1926,2,10,1.0,5.1
1960,10,10,1.0,7.2
1972,8,10,1.0,3.7
2022,7,10,1.0,5.0
1930,1,10,2.0,5.8
1962,12,10,1.0,6.6
1955,11,10,2.0,6.3
1945,3,10,3.0,6.8
1994,1,10,1.0,4.6
1936,8,10,2.0,6.3
2005,1,10,1.0,6.7
2008,12,10,1.0,6.8
1969,10,10,1.0,7.0
2002,9,10,1.0,6.4
1951,3,10,1.0,7.3
1927,1,8,1.0,7.0
1977,3,10,1.0,4.3
1987,1,10,1.0,6.6
2008,6,10,1.0,5.3
1938,3,10,1.0,6.1
2013,1,10,1.0,6.5
1979,1,10,1.0,5.0
1924,8,10,50.0,5.3
1938,7,10,1.0,5.9
1948,9,10,1.0,7.0
1922,7,6,1.0,1.7
2011,8,10,1.0,7.1
1960,9,10,1.0,5.3
2018,9,10,1.0,5.5
1927,2,10,1.0,7.3
2012,9,10,1.0,5.3
1929,11,8,1.0,5.7
2001,7,10,1.0,5.7
1967,11,8,1.0,5.4
1991,8,10,1.0,6.6
1987,5,10,1.0,6.4
1939,6,10,2.0,7.4
1943,11,10,1.0,5.4
2002,8,10,1.0,6.2
1923,9,5,1.0,6.9
1981,10,10,1.0,5.7
1991,8,10,1.0,4.4
1987,4,10,1.0,5.3
1964,12,10,1.0,6.7
1924,11,8,1.0,6.2
1950,1,10,1.0,6.5
2023,8,10,1.0,6.3
1986,7,10,1.0,5.7
2014,12,10,2.0,7.8
1934,10,10,1.0,5.5
1920,5,1,1.0,4.9
1999,4,10,1.0,4.1
2007,3,10,1.0,6.3
1932,12,10,1.0,6.0
2008,5,10,2.0,6.1
2021,8,10,1.0,4.2
1981,9,10,1.0,5.6
2003,11,10,1.0,7.1
1934,7,10,1.0,6.0
1981,7,10,1.0,6.6
1963,9,10,1.0,6.5
1974,5,9,1.0,6.4
2020,2,10,1.0,7.7
1992,9,10,1.0,6.6
1993,10,10,1.0,5.7
1976,8,9,1.0,6.0
1922,9,10,2.0,6.5
1980,5,10,1.0,6.3
1939,4,8,1.0,6.3
2025,1,10,1.0,4.7
1922,8,8,1.0,6.5
1951,11,10,1.0,7.1
1986,7,10,1.0,5.5
1969,5,10,1.0,3.9
1966,9,10,1.0,5.1
1921,1,4,50.0,2.8
1964,5,10,1.0,6.3
1932,11,10,1.0,6.4
1936,5,10,1.0,6.2
1939,1,10,1.0,5.7
1947,12,10,1.0,6.4
2019,6,10,1.0,6.1
1956,7,10,1.0,6.9
1955,12,10,1.0,6.8
1968,2,10,1.0,5.9
2004,5,10,1.0,5.0
1930,11,10,1.0,4.4
1989,9,10,1.0,6.1
1934,4,10,4.0,6.4
1940,8,10,1.0,6.4
1932,12,10,58.0,4.8
1983,3,10,2.0,7.3
1932,2,10,1.0,6.7
1974,7,10,1.0,6.1
1950,5,10,1.0,6.1
1923,9,10,1.0,6.0
2013,8,10,1.0,6.2
1963,12,1,55.0,3.2
2011,9,10,1.0,4.1
1948,4,10,1.0,6.4
2017,12,10,1.0,5.8
1987,11,8,1.0,3.3
1950,4,10,1.0,6.1
1925,11,10,1.0,6.4
1993,6,10,1.0,6.7
1979,5,10,1.0,4.9
1937,3,10,1.0,7.6
1940,4,10,1.0,6.0
1939,11,10,1.0,6.8
1957,8,10,1.0,6.2
2011,3,10,1.0,6.7
1935,3,10,1.0,5.3
1984,1,9,1.0,5.7
1954,9,10,1.0,7.1
1939,8,10,1.0,5.6
1946,3,10,1.0,6.5
1950,4,10,1.0,5.9
1930,3,10,1.0,5.5
1943,8,10,58.0,6.1
2017,1,10,2.0,6.6
2005,9,10,1.0,5.8
1954,1,10,1.0,7.1
1950,4,10,1.0,7.1
2002,12,10,1.0,5.4
1998,12,10,1.0,5.1
1995,6,10,1.0,4.8
2000,3,10,1.0,7.4
1957,8,10,1.0,4.8
1957,12,10,1.0,6.3
1936,9,10,1.0,6.1
1986,5,10,1.0,6.6
1968,7,10,1.0,7.0
1940,12,10,1.0,6.8
1967,9,10,1.0,7.3
1977,5,10,1.0,5.1
2009,9,10,1.0,5.2
1967,7,10,1.0,6.7
2006,6,10,1.0,7.1
1932,6,10,59.0,6.0
1992,4,10,1.0,6.9
1985,5,10,1.0,5.1
1941,12,10,1.0,7.2
1923,11,10,1.0,6.2
1992,6,10,1.0,7.1
1978,9,10,1.0,6.6
1934,10,10,1.0,6.2
1946,9,10,1.0,6.1
1952,11,10,1.0,6.2
2005,11,1,2.0,7.9
1967,10,10,2.0,7.3
1961,7,10,2.0,7.5
2012,2,10,1.0,5.3
1967,10,10,1.0,7.5
1954,5,10,1.0,3.7
1957,8,10,1.0,5.2
2025,3,4,2.0,6.0
1976,5,10,1.0,4.7
2020,5,10,1.0,5.8
1922,11,10,2.0,7.0
2023,12,10,3.0,6.1
1992,3,5,1.0,5.6
1942,9,10,1.0,6.4
1972,6,10,1.0,6.6
1985,4,7,2.0,7.2
1948,10,10,1.0,6.3
1997,9,10,1.0,7.0
1978,3,10,1.0,4.4
1940,1,10,1.0,5.4
1949,9,10,1.0,7.6
1980,10,10,1.0,5.6
1923,3,10,1.0,5.8
1942,2,10,1.0,6.5
2023,10,10,1.0,3.9
1934,10,10,1.0,6.7
1987,12,10,1.0,5.4
2005,12,10,1.0,6.5
1948,9,10,1.0,7.3
1969,2,10,1.0,5.7
1936,11,10,1.0,5.7
1929,10,9,1.0,5.0
1951,10,10,1.0,6.4
1944,12,10,56.0,7.2
2012,8,10,1.0,6.2
1935,5,10,1.0,5.3
2014,3,10,1.0,6.4
1936,9,10,1.0,5.6
2019,1,10,2.0,5.9
1967,5,10,1.0,5.3
1933,6,9,1.0,6.8
2007,5,10,1.0,6.9
1945,3,10,1.0,5.6
2015,6,10,2.0,7.0
1955,2,10,1.0,4.1
2015,4,10,1.0,3.6
1926,6,10,1.0,5.0
1952,8,10,1.0,6.2
2005,6,10,1.0,5.0
1983,12,10,1.0,4.0
1999,2,10,1.0,6.3
1983,5,10,1.0,4.0
1939,1,10,1.0,7.0
1963,9,10,1.0,6.8
1957,10,10,1.0,5.4
1964,5,10,1.0,6.0
1970,1,6,1.0,4.8
1983,8,10,1.0,3.9
1921,12,10,1.0,7.1
2019,6,10,1.0,6.6
1997,12,10,1.0,6.5
1924,8,10,1.0,4.3
2000,10,10,1.0,6.9
1954,9,10,1.0,6.8
1999,1,10,1.0,6.4
1962,3,10,1.0,6.8
2001,8,10,1.0,7.6
1969,2,10,1.0,7.1
1979,9,10,1.0,5.7
1934,8,10,1.0,4.4
1929,5,8,1.0,6.9
1947,2,10,1.0,6.6
1951,10,10,1.0,6.1
1966,5,10,1.0,5.3
1962,2,10,1.0,7.7
2010,9,10,1.0,5.2
2017,9,10,1.0,4.7
1944,4,10,56.0,5.2
1973,6,10,1.0,5.7
1995,6,10,2.0,7.6
2006,10,10,1.0,5.8
1993,7,10,1.0,4.8
1920,1,10,1.0,6.4
1981,4,10,1.0,4.4
1972,12,10,1.0,5.6
1935,12,10,1.0,6.8
1963,6,10,1.0,5.7
1963,12,10,1.0,5.5
1977,11,10,2.0,6.3
1966,8,10,1.0,5.5
2017,3,10,1.0,6.1
1987,4,10,1.0,4.3
1980,8,10,2.0,6.0
2023,8,10,2.0,6.6
1952,12,10,1.0,6.7
2000,2,10,1.0,6.3
1952,6,10,1.0,5.5
1935,12,10,1.0,6.3
1957,12,10,1.0,5.4
1995,11,10,1.0,5.3
1962,6,10,1.0,7.7
1923,12,10,2.0,6.8
1955,12,10,1.0,7.5
1948,12,10,2.0,6.4
2006,9,10,1.0,6.5
2000,11,10,1.0,2.8
2010,8,10,1.0,7.0
1964,6,10,1.0,5.4
2015,5,10,1.0,6.8
2016,3,10,1.0,5.1
2015,12,10,1.0,6.5
2002,3,9,1.0,4.7
2010,8,10,1.0,7.0
2001,6,10,3.0,8.1
1985,9,10,1.0,3.1
2005,10,10,2.0,6.9
1998,10,10,1.0,7.1
1951,9,10,1.0,7.5
1932,9,4,1.0,5.8
1974,6,10,2.0,8.1
1947,6,10,1.0,5.9
1966,6,10,1.0,5.1
1975,5,10,1.0,6.9
2024,9,10,1.0,6.5
2004,6,10,1.0,6.0
1938,2,10,1.0,6.2
2021,5,10,2.0,7.5
1993,1,10,1.0,4.8
1963,1,10,2.0,7.2
1998,4,10,1.0,5.7
1955,12,10,1.0,4.0
1992,1,10,1.0,7.2
1973,8,10,1.0,6.1
2019,1,10,2.0,7.1
1951,9,10,1.0,6.9
1951,11,10,1.0,6.7
2016,9,10,1.0,7.0
1998,10,10,1.0,6.2
1932,9,4,46.0,6.3
1967,8,10,1.0,6.1
2015,1,10,1.0,6.4
2006,1,10,1.0,6.7
1990,6,10,1.0,7.4
1950,5,10,1.0,7.0
2003,4,10,1.0,5.8
1976,9,10,1.0,6.0
1950,8,10,1.0,7.6
1924,11,5,1.0,6.9
1939,11,10,1.0,7.3
1984,9,10,1.0,3.9
1994,11,1,1.0,7.5
1938,3,10,1.0,6.0
1961,1,5,1.0,5.7
1975,12,10,1.0,3.6
1932,9,10,58.0,6.7
2016,4,10,1.0,6.9
2021,3,10,1.0,6.3
2001,9,10,1.0,7.9
1961,12,10,1.0,6.5
1936,9,10,1.0,4.6
2018,11,5,1.0,6.7
1968,2,10,1.0,5.2
1998,6,10,1.0,8.2
1940,11,10,1.0,6.9
1994,11,10,1.0,6.0
2017,9,10,2.0,6.7
1989,4,10,1.0,5.3
1982,6,10,1.0,4.6
1969,11,10,1.0,6.5
2007,10,10,1.0,6.8
1965,11,10,1.0,7.2
1989,5,10,1.0,5.2
1966,5,10,1.0,7.3
1923,5,7,1.0,2.4
1964,1,10,2.0,6.5
2024,5,10,1.0,6.3
1961,5,10,1.0,5.8
1997,10,10,1.0,4.9
2018,2,2,1.0,8.0
2000,12,10,1.0,5.8
1968,5,10,1.0,7.6
2008,1,10,1.0,5.8
1990,2,10,3.0,6.8
2011,5,10,1.0,2.8
1994,6,10,1.0,5.7
2013,9,10,1.0,6.5
1950,11,10,1.0,6.7
1991,1,10,1.0,6.7
2006,4,10,1.0,4.7
1945,4,10,58.0,5.8
1984,10,10,1.0,6.8
1947,8,10,1.0,7.1
2024,2,10,1.0,6.6
1999,7,10,1.0,5.8
1971,3,10,2.0,7.1
2017,11,10,1.0,6.9
1988,9,10,1.0,6.9
1949,11,10,1.0,7.2
1951,5,10,1.0,6.5
1936,10,10,1.0,6.1
1990,11,10,1.0,5.0
1934,3,9,1.0,5.3
1997,12,10,2.0,7.4
2015,2,10,2.0,4.2
1983,11,10,1.0,6.8
1977,5,10,1.0,7.0
1997,1,10,1.0,3.9
2025,3,10,1.0,5.4
1991,6,10,1.0,4.8
2003,9,10,1.0,6.3
1955,7,10,1.0,7.2
2000,10,10,2.0,6.9
2022,8,10,1.0,5.9
1990,8,10,1.0,4.8
1967,10,10,3.0,7.9
2020,7,2,45.0,7.1
1961,1,10,2.0,7.9
2012,11,10,1.0,6.1
1960,3,7,1.0,6.3
2009,6,10,1.0,7.7
2021,9,10,1.0,5.9
1926,9,10,1.0,6.2
1985,3,10,1.0,4.4
1956,7,10,1.0,6.0
1969,7,10,2.0,8.5
1991,4,10,2.0,5.9
1997,9,10,1.0,6.1
2017,6,10,1.0,5.6
1999,8,10,1.0,7.5
1973,5,10,1.0,6.2
2017,4,7,1.0,7.2
1993,1,10,1.0,4.2
2017,1,10,1.0,7.2
2007,8,10,1.0,6.2
1976,3,10,1.0,6.0
2022,8,10,2.0,6.8
1945,1,10,1.0,6.5
1966,9,10,1.0,6.6
1980,9,10,1.0,4.5
1982,11,10,1.0,6.8
1974,8,10,1.0,4.8
1939,6,10,56.0,5.8
2014,9,10,1.0,6.4
1934,10,10,4.0,7.0
1975,2,10,1.0,4.6
1951,2,10,59.0,6.0
1999,6,10,1.0,7.7
1930,7,10,1.0,5.7
1952,8,10,1.0,7.6
1931,3,10,1.0,6.1
1982,11,10,1.0,7.3
2020,4,10,1.0,5.4
1964,8,10,1.0,6.5
1979,11,10,1.0,5.1
2007,6,10,1.0,4.7
1928,5,10,1.0,7.3
1960,1,10,2.0,7.9
1942,1,10,2.0,7.2
1995,4,10,2.0,6.9
1981,12,10,1.0,3.9
2018,9,10,1.0,7.3
1927,10,10,1.0,5.9
1955,12,10,1.0,4.9
1952,2,10,1.0,6.8
1973,6,10,1.0,6.3
1971,6,10,1.0,5.4
1950,2,10,1.0,7.8
1980,5,10,1.0,3.8
1958,5,10,1.0,6.4
1981,3,10,1.0,5.4
1988,8,10,1.0,3.4
1950,11,10,1.0,6.8
1941,7,10,1.0,5.7
1994,5,10,1.0,5.1
2017,7,10,2.0,6.4
1990,3,10,1.0,5.7
2015,9,10,1.0,6.7
1950,10,10,1.0,6.2
1975,9,4,1.0,6.1
2013,9,10,1.0,6.4
2010,1,10,2.0,4.8
2016,7,10,1.0,7.1
2011,5,10,1.0,6.6
1927,2,9,1.0,6.7
1953,12,10,1.0,5.6
1969,8,10,1.0,4.3
1946,2,10,1.0,6.7
2013,5,10,1.0,6.0
1929,1,10,2.0,6.6
1985,11,10,1.0,5.8
2016,3,1,3.0,7.2
1989,1,10,1.0,6.3
2008,10,10,2.0,6.3
1988,1,10,1.0,4.4
1991,1,10,1.0,6.0
1991,5,10,1.0,6.8
1944,4,10,1.0,6.3
1931,4,10,1.0,6.2
2009,6,10,2.0,6.0
1937,12,10,55.0,7.1
1991,1,10,1.0,5.2
1939,10,10,1.0,6.7
1935,7,10,1.0,5.6
1972,12,10,1.0,4.8
1945,9,10,1.0,6.3
1976,3,9,1.0,7.1
1987,11,10,2.0,4.8
1931,12,10,1.0,6.3
1999,6,10,1.0,7.1
1986,3,10,1.0,6.0
1945,12,10,1.0,6.4
1977,3,10,1.0,3.8
1959,5,10,1.0,6.5
2006,4,10,2.0,3.5
1981,4,10,1.0,6.0
1927,1,10,1.0,7.1
1982,4,10,2.0,7.9
1997,11,10,1.0,6.8
1957,8,10,1.0,6.2
2017,10,10,1.0,7.2
1965,8,10,1.0,5.9
1960,9,10,1.0,6.9
1938,3,10,1.0,5.7
1934,1,10,1.0,6.1
1960,11,10,1.0,6.1
2023,1,10,1.0,6.7
2011,6,10,1.0,7.0
2019,2,5,1.0,6.7
2022,2,10,1.0,6.5
2016,1,10,2.0,7.3
2025,2,5,1.0,5.8
2024,8,10,1.0,5.1
1975,9,10,1.0,3.5
1926,1,10,1.0,6.5
1985,10,10,1.0,7.3
1995,11,10,1.0,8.0
1921,8,10,1.0,4.1
2012,6,10,1.0,5.3
2021,8,10,1.0,5.5
2013,3,10,1.0,6.4
1973,7,10,1.0,5.7
1985,3,10,1.0,5.1
1978,12,10,1.0,6.6
1959,8,10,1.0,6.3
1922,12,10,1.0,6.4
1989,3,10,1.0,4.5
1948,5,10,1.0,5.8
2022,1,1,1.0,6.8
1962,10,10,1.0,5.7
1940,9,10,1.0,6.5
1943,8,10,1.0,6.2
1956,9,10,1.0,6.4
1953,11,3,1.0,4.5
1958,10,10,1.0,6.6
2001,9,10,1.0,6.4
1973,1,10,1.0,6.4
1960,11,10,1.0,6.2
1963,4,10,1.0,7.3
1950,10,10,1.0,6.6
1991,11,10,1.0,6.9
1947,4,10,1.0,6.0
1948,7,10,1.0,6.4
1975,7,10,1.0,4.7
1939,3,10,1.0,7.8
1948,9,10,1.0,6.8
2016,4,10,1.0,6.7
1937,7,10,1.0,6.9
1975,1,10,1.0,3.8
2001,8,10,1.0,6.5
1970,9,10,1.0,4.4
1970,9,7,1.0,4.5
2014,5,10,1.0,6.5
1947,10,10,1.0,7.3
1992,2,10,1.0,4.1
2009,8,10,1.0,3.8
2012,7,10,1.0,6.5
2000,6,10,1.0,5.6
1995,2,10,1.0,5.5
1965,9,10,3.0,7.1
1977,4,10,1.0,7.0
1969,2,10,1.0,7.5
2002,8,5,1.0,7.3
1946,7,10,1.0,6.6
2008,4,10,1.0,6.7
1949,3,10,1.0,5.9
1944,1,10,1.0,6.4
1933,4,10,1.0,6.1
2012,3,10,1.0,5.5
1931,9,10,1.0,5.4
1929,8,10,1.0,6.8
1931,12,10,1.0,6.3
1946,7,10,55.0,6.1
1955,10,1,1.0,7.6
1975,4,10,1.0,7.6
1957,5,10,1.0,5.2
1928,10,10,1.0,6.3
1954,9,10,1.0,7.4
2004,1,10,2.0,4.2
2000,7,10,2.0,5.0
1922,5,10,1.0,6.0
1929,2,10,1.0,3.2
1932,6,10,1.0,6.3
1950,9,10,1.0,5.7
1932,12,10,1.0,6.5
2013,2,10,2.0,6.1
2011,11,10,2.0,6.7
2017,8,10,1.0,6.0
1925,4,10,1.0,2.2
1993,12,10,2.0,7.1
1946,9,10,1.0,7.4
1996,10,10,2.0,6.8
1937,9,10,1.0,6.5
1996,11,10,1.0,8.0
1930,10,10,1.0,5.7
1980,10,10,2.0,7.7
2018,9,10,1.0,5.8
1985,11,9,1.0,6.8
2006,8,10,1.0,4.0
1961,1,10,1.0,4.1
2014,1,10,2.0,7.8
2007,10,10,1.0,3.8
1983,10,10,1.0,6.8
2022,2,10,2.0,8.2
1990,5,10,1.0,5.7
1946,1,1,7.0,7.9
1995,7,1,1.0,8.0
1923,9,10,2.0,6.5
1972,7,10,1.0,6.1
1993,12,10,1.0,3.8
2003,6,10,1.0,5.3
1997,12,10,1.0,3.8
1926,3,10,1.0,3.7
1939,7,3,1.0,1.7
1965,8,10,1.0,4.8
1933,1,10,1.0,6.5
1936,1,10,1.0,6.2
1987,2,10,1.0,6.7
1930,12,10,1.0,5.4
2007,8,10,1.0,6.2
1960,9,10,1.0,5.5
1927,8,10,1.0,6.8
1949,1,10,1.0,7.1
1973,8,10,1.0,6.4
2002,11,10,1.0,6.5
1949,5,10,1.0,6.1
1998,1,10,1.0,6.8
1985,12,3,2.0,5.5
1925,8,10,1.0,6.6
2015,11,10,1.0,6.2
1962,10,10,1.0,6.9
1927,9,9,52.0,6.7
1976,7,10,2.0,7.9
1924,4,10,2.0,7.9
1989,9,10,1.0,7.0
2007,10,10,1.0,6.6
2002,3,10,1.0,5.6
1938,6,10,1.0,5.8
1947,8,10,1.0,7.0
2005,3,10,1.0,6.3
2003,11,9,1.0,6.0
2017,3,10,1.0,8.7
2021,11,10,1.0,6.3
1944,7,10,1.0,4.5
1997,4,10,2.0,6.8
1930,3,9,1.0,4.4
1964,4,10,1.0,6.1
2006,1,10,1.0,6.2
2013,9,10,1.0,5.5
1937,7,10,1.0,5.3
1971,5,10,1.0,5.4
2013,5,10,2.0,7.7
2019,9,10,1.0,3.2
1952,1,10,1.0,6.3
1953,2,10,1.0,6.5
1939,6,10,1.0,6.5
1936,8,10,1.0,6.6
2014,6,3,1.0,7.4
1995,6,10,2.0,7.7
1925,3,10,1.0,5.9
1927,1,10,1.0,6.9
2018,8,10,1.0,7.6
1964,12,10,1.0,6.6
2013,3,10,1.0,5.5
2011,10,10,1.0,5.4
1970,2,10,1.0,6.9
1973,3,10,1.0,6.1
1922,4,8,1.0,6.6
1942,8,10,1.0,7.0
1992,2,9,1.0,5.5
1975,10,10,1.0,5.4
2022,7,10,1.0,7.0
1929,7,10,1.0,7.1
1999,3,10,1.0,4.4
2012,4,1,1.0,7.3
1956,4,10,1.0,6.1
1994,6,10,1.0,5.9
1926,10,10,1.0,6.6
1971,12,10,1.0,5.8
1970,4,10,1.0,6.3
2004,2,5,1.0,7.8
1964,8,10,1.0,6.7
1957,8,10,1.0,8.2
2022,3,1,3.0,7.9
1950,4,10,4.0,6.7
1986,1,10,1.0,4.6
1973,5,10,1.0,8.0
1931,5,10,1.0,4.5
2014,5,10,1.0,6.2
1982,6,10,1.0,8.2
1976,4,6,2.0,6.5
1945,5,10,1.0,6.6
1945,7,10,1.0,5.4
2024,3,10,1.0,6.8
1943,6,10,1.0,6.7
1946,5,10,1.0,5.7
1965,6,10,1.0,5.8
1947,1,10,1.0,5.6
1958,9,10,1.0,7.0
2014,8,10,1.0,7.3
2004,4,10,1.0,5.9
1969,8,10,1.0,5.5
1985,4,10,1.0,5.3
2010,5,10,2.0,6.6
2016,10,10,1.0,6.1
1994,4,1,1.0,6.6
2009,7,10,2.0,3.8
2015,4,10,1.0,5.6
1955,6,10,1.0,5.9
1970,10,10,1.0,6.9
2020,9,10,2.0,6.0
1977,10,10,1.0,6.3
1954,9,10,1.0,7.3
1986,8,10,1.0,6.5
1953,4,10,1.0,5.9
1970,9,10,1.0,5.6
1936,11,10,1.0,7.1
1949,2,10,1.0,6.0
1946,4,10,2.0,7.1
1942,1,10,1.0,6.0
1968,1,10,1.0,5.9
1973,1,10,1.0,5.6
1982,7,10,1.0,5.4
1987,2,10,1.0,6.0
1978,5,10,1.0,5.1
1961,5,10,1.0,6.3
2019,12,10,1.0,5.8
1965,7,10,1.0,6.3
2004,1,10,1.0,4.3
2012,6,1,1.0,7.0
1951,2,10,1.0,7.2
1992,1,10,1.0,4.0
1933,7,10,59.0,5.6
1968,12,10,1.0,5.2
1950,5,10,1.0,5.5
1939,8,10,57.0,5.6
1974,9,10,1.0,6.1
1976,7,10,1.0,4.8
1965,4,10,2.0,7.3
1975,12,10,1.0,5.8
1969,9,10,1.0,6.0
1968,3,10,1.0,4.5
1978,3,10,1.0,7.0
2001,3,10,1.0,7.2
1994,2,10,2.0,7.5
1943,10,10,1.0,6.1
1977,6,10,1.0,7.1
1959,4,10,1.0,7.2
1950,11,10,1.0,5.8
2003,1,10,1.0,6.6
2013,12,10,3.0,8.2
2003,3,10,1.0,7.2
2014,12,10,1.0,6.9
2025,2,10,1.0,7.0
1938,4,10,1.0,6.0
1968,5,10,1.0,4.6
1976,4,10,1.0,7.5
1942,1,10,1.0,6.1
1986,9,10,2.0,7.7
1958,10,10,1.0,6.1
1945,1,10,1.0,5.2
1986,1,10,1.0,4.5
1923,6,9,1.0,6.2
1944,1,10,1.0,5.5
1986,4,10,1.0,4.7
1931,5,10,1.0,6.0
2012,7,10,1.0,7.2
1930,3,5,1.0,6.8
1987,7,10,1.0,6.9
1994,5,10,1.0,3.9
2020,7,10,1.0,4.6
2012,7,10,2.0,6.8
1955,3,10,1.0,5.3
2022,8,10,1.0,2.9
1966,5,10,1.0,6.5
1978,6,10,1.0,6.3
2000,9,1,46.0,7.1
1927,3,10,50.0,7.0
2004,5,10,1.0,5.3
1945,1,10,1.0,5.3
1929,2,10,1.0,5.0
1992,3,10,1.0,6.5
1964,5,10,1.0,7.8
1970,9,10,1.0,4.0
1981,3,9,1.0,4.6
1998,1,10,1.0,5.9
1980,12,10,1.0,6.4
1950,2,10,1.0,6.1
1963,5,6,1.0,5.1
2003,1,10,1.0,3.6
1996,1,10,1.0,3.8
2009,8,10,1.0,6.3
1978,2,10,1.0,6.1
1981,11,10,1.0,6.9
2018,3,10,1.0,6.1
1977,1,10,1.0,6.6
1960,10,10,1.0,5.6
1948,9,10,1.0,6.3
2020,9,10,1.0,5.6
1974,12,10,1.0,6.6
1935,10,10,1.0,6.1
1952,9,10,1.0,7.4
1974,12,10,1.0,6.3
1971,3,10,1.0,5.3
2007,10,10,1.0,7.2
1957,7,10,1.0,8.1
1994,9,10,1.0,6.3
1958,3,10,1.0,6.7
2018,12,10,1.0,6.4
2011,3,10,1.0,5.5
1975,6,10,1.0,6.1
2004,4,10,1.0,6.3
1946,4,10,1.0,6.4
2014,9,10,1.0,4.7
1980,1,10,1.0,6.9
1998,3,10,1.0,6.1
1967,12,10,2.0,6.2
1962,1,10,1.0,4.5
1944,10,10,1.0,7.4
2003,2,5,1.0,5.5
1944,4,10,1.0,6.0
1981,1,10,1.0,6.7
1964,12,10,2.0,8.2
2008,3,10,2.0,5.5
1960,3,10,1.0,4.3
1985,3,7,1.0,7.2
2014,12,10,2.0,6.0
1965,4,10,1.0,7.6
2012,5,10,1.0,6.0
1991,9,10,1.0,5.9
2017,8,10,1.0,6.0
2003,2,10,1.0,6.7
1928,3,10,1.0,6.6
1967,1,10,1.0,4.4
1942,5,10,1.0,6.9
1969,11,10,1.0,5.5
1966,4,10,1.0,6.1
2001,11,10,1.0,6.2
2004,5,10,1.0,7.3
1950,7,10,1.0,7.7
1984,9,10,1.0,4.7
1982,12,10,1.0,4.9
1953,8,10,1.0,6.6
1937,5,10,58.0,5.7
1926,1,8,1.0,6.0
1987,5,10,1.0,6.3
1955,7,10,1.0,5.9
2003,7,10,1.0,6.7
1986,3,10,1.0,7.8
2014,10,10,1.0,7.3
1991,7,10,1.0,5.3
1949,11,10,1.0,6.6
2010,4,5,1.0,6.6
1942,5,10,1.0,6.7
1969,8,10,1.0,6.3
1946,3,10,1.0,6.3
2016,5,10,1.0,6.3
2013,2,10,1.0,5.5
1949,9,10,2.0,6.9
1954,12,10,2.0,7.0
2024,12,10,1.0,6.8
1947,4,10,1.0,6.7
1989,7,10,1.0,6.3
2008,7,10,1.0,7.3
1950,8,10,1.0,6.5
1977,9,10,2.0,8.2
2023,3,10,1.0,6.7
1972,10,10,1.0,7.7
1940,8,10,1.0,5.9
1967,11,9,1.0,4.4
2013,11,1,1.0,7.6
2015,7,10,1.0,7.3
1948,9,10,1.0,6.2
1934,6,10,1.0,5.9
1984,9,10,1.0,6.6
2018,2,10,1.0,7.6
1928,6,7,1.0,6.1
2003,2,10,1.0,7.1
1932,7,10,1.0,6.3
1989,8,10,1.0,6.4
1973,6,4,1.0,2.1
1953,2,10,1.0,7.0
2001,7,10,1.0,6.7
2025,2,10,2.0,7.1
1989,4,10,1.0,5.3
1978,3,10,1.0,5.1
2005,2,10,1.0,5.6
1963,11,10,1.0,5.1
1964,9,10,1.0,6.2
2018,4,10,1.0,8.5
2009,4,1,1.0,6.4
1955,10,10,1.0,6.7
2008,7,10,1.0,6.0
1925,9,10,1.0,6.4
2000,6,10,1.0,6.8
1963,3,10,2.0,8.2
2019,9,10,1.0,8.0
2017,6,10,1.0,6.7
2010,1,10,5.0,6.0
1981,1,10,1.0,5.8
1929,12,10,1.0,5.4
1934,3,10,1.0,5.4
2007,8,10,1.0,5.8
2012,4,10,1.0,6.9
1943,9,10,1.0,5.6
1947,12,10,1.0,6.5
2008,1,10,1.0,2.8
2006,11,10,1.0,6.7
2018,9,10,1.0,4.7
2001,11,10,1.0,6.8
1938,3,10,57.0,5.8
1934,2,10,1.0,6.0
1983,11,10,2.0,4.7
2019,7,10,1.0,6.8
1973,11,7,1.0,5.1
1993,4,10,1.0,3.5
2001,4,9,1.0,5.8
1986,8,10,1.0,6.5
1976,9,2,53.0,7.0
1958,7,10,1.0,5.5
1977,8,10,1.0,6.6
2005,8,10,1.0,4.1
1943,2,10,1.0,5.6
1970,3,10,1.0,4.5
1993,8,10,1.0,6.3
1968,6,10,1.0,6.9
1930,9,10,1.0,7.0
1930,7,9,1.0,4.6
1999,4,10,1.0,5.8
2010,9,10,1.0,6.7
1974,2,10,1.0,4.2
2012,11,10,1.0,5.6
1990,1,10,2.0,7.4
1970,11,10,1.0,7.1
1922,9,8,1.0,7.0
1935,7,10,1.0,6.3
1927,12,10,1.0,7.1
2014,6,10,2.0,6.1
1975,1,10,1.0,4.7
1970,6,10,1.0,5.9
1959,1,10,1.0,7.2
2012,12,10,2.0,7.8
1988,9,7,1.0,5.0
1986,3,10,1.0,4.5
1934,1,10,1.0,6.6
1942,10,10,58.0,6.1
2011,11,10,1.0,6.1
2022,7,10,1.0,7.0
1945,12,10,1.0,5.1
1998,6,10,1.0,5.0
2016,9,10,1.0,5.7
2013,10,10,1.0,6.2
1943,3,10,1.0,5.9
1934,5,10,1.0,5.8
1973,10,10,1.0,6.4
2020,1,10,1.0,5.6
2024,6,10,2.0,5.5
2020,4,10,1.0,5.2
1959,3,10,1.0,5.5
2002,4,10,1.0,6.7
1930,3,10,1.0,5.4
2002,1,10,1.0,5.5
1934,8,10,58.0,5.6
1939,11,10,1.0,4.8
2024,3,10,1.0,7.0
1949,5,10,1.0,6.5
1941,2,10,1.0,6.1
2008,5,10,1.0,7.1
1981,4,10,2.0,7.3
2010,12,10,1.0,4.6
2017,9,10,2.0,7.1
2006,10,10,1.0,7.1
1959,10,10,1.0,5.5
2010,10,10,1.0,7.0
1941,3,10,1.0,6.7
1992,8,10,2.0,8.2
2023,3,10,1.0,6.7
1940,2,4,1.0,6.0
2016,12,10,1.0,5.3
1985,2,10,1.0,7.1
1991,10,10,1.0,7.0
1964,12,10,1.0,5.9
1929,8,10,1.0,6.8
1981,10,10,1.0,5.3
1937,11,10,1.0,5.7
1964,1,10,1.0,3.8
2023,3,10,2.0,6.8
1979,9,10,1.0,6.9
1928,12,10,1.0,5.5
1947,7,10,1.0,6.5
2023,11,10,1.0,6.1
2020,2,10,1.0,5.4
1980,12,10,1.0,6.5
1935,9,10,1.0,6.6
1982,5,10,1.0,5.6
1997,12,10,1.0,5.2
1970,3,10,1.0,5.4
1966,5,10,1.0,5.7
1969,9,10,1.0,5.3
2022,5,10,1.0,6.5
1988,7,10,1.0,5.8
1930,11,10,49.0,6.4
1995,2,10,1.0,3.7
1939,8,10,1.0,6.7
2010,7,10,2.0,5.7
2015,10,10,1.0,6.6
1998,11,10,1.0,7.3
1932,10,10,56.0,5.3
1951,6,10,1.0,6.1
1931,5,10,1.0,6.0
2007,9,10,1.0,6.2
1948,4,10,1.0,8.1
1958,11,10,1.0,6.0
2008,1,10,1.0,6.1
2008,9,10,1.0,6.0
1938,9,10,1.0,5.6
1994,4,10,1.0,5.6
1952,12,10,1.0,5.7
2008,11,10,2.0,5.3
1946,3,10,1.0,6.6
1948,4,10,1.0,5.9
1966,5,10,1.0,7.7
1989,5,10,2.0,6.4
1934,1,10,1.0,6.8
1979,9,10,1.0,7.0
1969,4,10,1.0,4.0
1971,12,10,1.0,5.7
1960,11,10,1.0,6.3
2012,4,10,1.0,6.5
2016,11,6,1.0,7.6
1936,9,8,1.0,6.0
1923,5,10,1.0,6.6
1936,6,10,1.0,7.1
2009,12,10,1.0,5.8
1953,5,10,1.0,7.1
1989,12,10,1.0,7.5
2005,6,10,1.0,6.2
2001,9,10,1.0,5.1
1932,7,10,1.0,7.1
2023,11,10,1.0,5.3
2024,10,2,1.0,5.3
2007,4,10,3.0,7.5
2025,1,10,1.0,4.1
1996,4,10,1.0,6.7
1998,8,10,1.0,6.9
2000,1,10,1.0,6.8
2006,4,10,1.0,7.6
1993,6,10,1.0,7.1
2016,2,10,1.0,4.7
1989,9,10,2.0,6.6
1976,1,10,2.0,8.3
1956,3,10,1.0,6.5
2009,11,9,1.0,7.0
1978,1,10,1.0,6.4
2011,1,10,1.0,5.3
1993,4,10,1.0,4.0
1953,4,10,1.0,7.0
1949,7,10,1.0,6.6
1928,1,10,3.0,6.6
1994,9,10,1.0,5.6
1954,12,10,1.0,5.8
1966,8,10,1.0,5.2
1967,12,10,1.0,4.6
1926,2,10,1.0,6.6
1966,3,10,1.0,5.0
1994,5,10,1.0,6.4
2005,4,9,1.0,6.5
1973,8,10,1.0,7.5
1935,5,10,1.0,5.6
2006,8,9,2.0,5.1
2004,9,10,1.0,7.5
1952,7,10,1.0,6.3
1946,12,10,1.0,7.0
1972,10,10,1.0,6.9
1935,4,9,1.0,7.3
1963,9,10,1.0,6.9
2009,9,10,1.0,6.9
2000,10,10,1.0,5.6
1957,12,10,1.0,6.3
1974,8,10,1.0,6.9
1927,3,1,50.0,6.0
2019,3,1,1.0,7.0
1957,2,10,1.0,5.3
2015,6,10,1.0,6.6
2011,11,10,1.0,6.2
1991,4,5,2.0,7.2
1951,2,10,1.0,7.3
1971,4,8,1.0,5.4
1991,8,10,2.0,7.2
2019,5,10,1.0,7.1
1924,5,6,1.0,7.9
1969,1,10,1.0,6.2
1945,1,10,2.0,6.9
1928,5,10,58.0,4.0
2007,10,10,1.0,7.1
1938,9,10,58.0,5.5
2025,6,10,1.0,7.7
1954,6,10,1.0,6.3
1987,9,10,1.0,5.1
2009,8,10,1.0,8.4
1950,2,10,1.0,7.5
1983,10,10,1.0,7.2
1996,8,10,1.0,7.0
1931,8,10,1.0,6.9
2013,12,10,1.0,7.4
1988,10,10,1.0,7.1
1920,2,10,1.0,2.8
1960,10,10,1.0,6.1
1990,4,10,1.0,5.7
1930,5,10,1.0,5.3
1937,11,10,1.0,6.1
2012,9,10,1.0,4.9
1925,11,7,49.0,7.0
1930,10,10,1.0,4.9
2000,10,10,3.0,7.0
1946,12,10,2.0,7.0
1937,4,10,1.0,6.8
1941,1,10,1.0,6.1
1928,5,1,59.0,6.9
2024,3,10,1.0,6.3
2015,8,10,1.0,6.3
1939,8,10,1.0,6.1
1956,9,10,1.0,5.7
1987,9,10,1.0,5.8
1990,10,10,1.0,5.6
2007,11,10,1.0,5.7
1994,9,10,1.0,7.4
1967,3,10,1.0,5.5
1964,9,10,1.0,5.9
1981,7,10,1.0,5.9
2020,10,10,1.0,6.2
1938,5,10,1.0,5.6
1953,12,10,1.0,5.2
1929,8,10,1.0,5.4
1972,2,10,1.0,6.0
1983,9,9,59.0,5.1
1934,5,10,56.0,4.7
1923,11,10,2.0,7.3
1924,9,10,1.0,3.2
1984,4,10,1.0,8.0
1945,8,10,1.0,7.3
2012,12,10,2.0,6.2
1983,12,10,1.0,6.9
1993,12,10,1.0,5.0
1936,5,10,3.0,4.6
1990,1,10,1.0,6.5
1936,12,10,1.0,5.7
1976,8,10,1.0,6.2
1945,11,10,1.0,6.1
1957,9,9,1.0,6.6
1941,8,10,59.0,6.8
1975,9,10,1.0,5.7
2000,1,9,1.0,7.5
1938,10,10,1.0,6.5
1999,8,10,1.0,4.3
1965,9,10,1.0,6.3
1977,2,10,1.0,4.5
1980,1,10,58.0,5.2
2002,3,10,1.0,8.4
2009,3,10,1.0,5.6
2020,9,10,1.0,7.6
1967,10,10,1.0,4.7
2017,8,10,1.0,6.6
1948,12,10,1.0,6.5
1989,11,10,1.0,6.6
1953,9,9,1.0,5.9
1934,2,10,1.0,6.9
1992,1,10,1.0,6.0
1967,1,10,1.0,7.4
1995,10,10,1.0,6.6
1977,1,10,1.0,6.4
2012,1,10,1.0,6.6
1922,11,6,1.0,5.5
2009,6,10,1.0,7.9
2010,8,10,1.0,7.7
1980,6,10,1.0,6.6
2011,9,10,1.0,6.8
1981,2,10,1.0,7.3
1960,5,7,1.0,6.9
1922,1,10,1.0,7.0
2024,5,10,1.0,6.4
1985,5,10,1.0,5.1
1976,8,10,1.0,4.7
1967,8,10,1.0,3.4
1988,10,10,1.0,6.3
1946,3,10,1.0,5.9
2013,6,10,1.0,6.0
2022,7,10,2.0,6.6
1974,11,10,1.0,4.6
1953,10,10,1.0,6.2
2019,10,10,1.0,7.3
1971,1,10,1.0,7.7
1975,3,10,2.0,6.1
1946,3,10,1.0,6.3
1964,6,10,1.0,5.3
1973,8,10,1.0,3.9
1941,9,10,1.0,5.9
2020,6,10,1.0,3.3
2010,11,10,1.0,6.8
1925,9,8,1.0,7.2
1942,2,10,1.0,6.2
2005,11,10,2.0,7.8
2021,1,10,1.0,7.0
1969,12,10,2.0,6.2
1989,5,10,1.0,5.9
1938,1,10,1.0,6.2
1981,11,10,1.0,6.3
1940,8,10,1.0,6.7
1979,9,10,1.0,6.5
2014,11,10,1.0,7.6
1987,4,10,1.0,5.4
1953,5,10,1.0,6.1
2002,5,10,1.0,7.3
1999,8,10,1.0,5.7
2013,1,10,1.0,6.2
2021,10,10,1.0,4.6
2010,10,10,1.0,8.0
1920,4,10,1.0,7.1
2004,7,10,2.0,6.3
1980,9,10,1.0,5.4
2019,10,10,1.0,7.6
2024,3,10,2.0,8.5
1998,8,10,1.0,7.6
1970,8,10,1.0,5.6
2009,9,10,1.0,7.4
2020,11,10,1.0,4.8
1922,9,10,1.0,7.3
1946,2,10,1.0,5.8
2006,5,10,1.0,5.0
1946,9,10,1.0,6.9
1942,9,10,1.0,6.3
2024,10,10,1.0,4.2
1976,2,10,1.0,4.3
1937,4,10,1.0,5.8
1992,7,10,1.0,4.9
2011,4,10,1.0,5.7
2008,9,10,1.0,6.2
1929,12,8,2.0,7.4
1991,9,10,1.0,6.7
1964,5,9,1.0,7.2
1974,8,5,1.0,5.8
2007,9,10,1.0,6.8
2010,4,10,1.0,6.2
2010,4,10,1.0,6.9
1965,9,10,1.0,6.5
1992,3,10,1.0,5.0
1969,1,10,1.0,5.6
1984,3,10,1.0,5.6
1947,2,10,1.0,7.2
2015,5,10,1.0,5.9
1979,9,10,1.0,6.4
1984,10,10,1.0,5.1
1979,8,10,2.0,7.2
1970,4,10,1.0,4.1
2012,11,10,1.0,5.7
1958,9,10,1.0,6.0
1978,3,10,1.0,6.7
1932,9,8,1.0,6.8
2023,1,1,1.0,6.4
1965,9,10,1.0,5.0
1990,9,10,1.0,6.1
1974,9,10,1.0,5.8
1957,9,10,1.0,7.1
1928,10,8,1.0,5.0
1993,5,10,1.0,2.7
1977,3,10,1.0,5.8
2011,5,10,1.0,5.8
2000,2,10,1.0,7.5
1995,7,10,1.0,4.3
1996,8,10,1.0,6.0
2016,3,10,1.0,7.2
1946,10,10,1.0,6.8
2022,9,10,1.0,4.5
2000,10,10,2.0,6.6
1973,6,10,1.0,6.9
1951,6,10,1.0,6.0
2015,7,10,2.0,5.7
1954,8,10,1.0,5.2
1974,7,10,1.0,4.5
2001,4,10,1.0,3.4
1983,8,10,1.0,6.5
2011,12,10,1.0,5.2
1997,7,10,1.0,6.1
1944,8,10,1.0,5.1
1937,2,10,1.0,6.9
2020,2,10,1.0,5.4
1995,1,10,1.0,4.2
1948,1,10,1.0,7.8
1937,7,10,53.0,4.3
1936,7,10,1.0,5.9
1999,1,10,2.0,5.5
1963,9,9,1.0,3.0
2025,3,7,2.0,6.8
1986,2,10,2.0,7.2
1928,6,10,1.0,6.4
1959,9,10,1.0,7.2
2007,4,10,1.0,6.2
2023,4,10,1.0,6.5
1979,9,10,1.0,5.0
1976,4,10,1.0,6.7
1929,11,6,57.0,5.2
2008,3,10,1.0,7.3
1966,7,10,1.0,8.0
1939,2,10,1.0,8.1
1952,1,10,1.0,7.1
1928,10,10,2.0,5.9
1994,10,10,1.0,6.4
2005,2,10,2.0,7.0
1997,1,10,1.0,6.1
2004,10,10,1.0,5.5
1968,9,4,1.0,5.6
2011,11,10,1.0,3.8
1935,5,10,1.0,6.6
1946,3,10,1.0,5.5
1956,10,10,1.0,5.5
2016,2,10,2.0,7.6
2017,9,10,1.0,5.1
1952,2,10,1.0,7.1
1967,12,10,1.0,5.6
2015,5,10,1.0,5.4
1937,3,10,1.0,5.7
1962,6,10,2.0,7.7
1981,9,10,1.0,7.1
1990,2,10,1.0,5.0
1991,12,10,2.0,6.6
2012,11,10,1.0,6.2
1948,11,10,1.0,6.5
1936,2,10,1.0,6.2
1985,8,10,1.0,4.7
1955,12,10,1.0,6.2
1964,12,10,1.0,6.7
1932,9,10,1.0,5.8
1947,1,10,1.0,7.1
1959,11,10,1.0,5.5
2011,12,10,2.0,7.0
2019,10,10,2.0,7.6
1998,8,6,2.0,8.2
2022,3,10,1.0,6.6
2012,8,10,2.0,5.1
1957,9,10,1.0,6.9
1980,1,10,1.0,3.1
1932,7,10,1.0,3.6
1968,1,10,1.0,5.8
1938,6,10,1.0,7.1
2014,9,10,2.0,6.4
2008,5,5,1.0,8.1
1929,3,9,2.0,7.2
2008,12,10,2.0,7.6
1976,12,10,1.0,5.1
1985,8,10,1.0,5.7
1932,5,10,1.0,7.8
1974,6,7,1.0,5.4
2011,9,10,1.0,6.8
1968,11,10,1.0,7.1
1990,9,10,48.0,6.2
1994,4,10,1.0,4.6
1956,9,10,1.0,6.4
1970,8,10,1.0,5.7
2017,2,1,2.0,8.2
2015,5,10,1.0,6.7
1956,12,10,55.0,5.5
1939,3,10,1.0,5.7
1999,5,10,1.0,7.2
1966,9,10,1.0,6.2
2019,5,10,1.0,6.4
2004,2,10,1.0,6.3
1991,8,10,1.0,5.9
2006,7,10,1.0,5.7
1959,11,10,1.0,5.2
1935,11,10,1.0,6.9
1945,1,10,1.0,6.8
1982,1,10,1.0,6.5
2023,5,10,1.0,5.9
1973,12,10,1.0,3.7
1984,1,10,1.0,7.1
2021,9,10,1.0,4.5
1935,7,10,59.0,6.1
2000,3,10,1.0,6.1
2011,1,4,1.0,5.7
1961,6,10,1.0,6.7
1937,9,10,1.0,6.0
2011,8,10,1.0,7.0
2007,2,10,1.0,7.1
1992,6,10,2.0,6.5
1943,7,10,1.0,6.3
1952,8,10,1.0,5.1
1960,9,10,1.0,7.2
1977,7,10,1.0,7.4
1924,1,10,1.0,5.8
2001,6,10,1.0,7.0
2011,9,10,2.0,7.5
1962,8,9,1.0,6.5
1941,10,10,1.0,6.5
1976,4,10,1.0,6.7
1993,2,2,1.0,8.0
2011,9,10,1.0,6.3
1992,1,10,1.0,6.5
1954,9,10,1.0,6.7
2008,1,10,1.0,6.6
1973,9,7,1.0,5.7
1985,2,10,1.0,7.8
2015,11,10,2.0,4.4
1951,10,10,1.0,6.9
1973,6,10,1.0,5.4
2020,7,10,2.0,5.7
2024,4,10,1.0,4.8
2014,12,10,1.0,5.9
1982,2,10,1.0,4.7
2017,6,10,1.0,6.6
1966,3,4,1.0,3.3
1923,4,7,1.0,7.2
2015,2,10,2.0,6.7
2024,3,10,1.0,7.5
1940,10,10,2.0,6.3
2011,3,10,1.0,6.6
2006,6,10,1.0,3.7
1978,9,10,1.0,5.2
1988,8,10,1.0,6.7
2003,4,10,1.0,5.7
1945,1,10,1.0,6.5
1944,1,10,1.0,6.9
1992,3,10,1.0,6.1
1993,8,10,1.0,6.5
1941,3,10,1.0,8.0
1936,10,10,1.0,5.8
1951,3,10,1.0,7.1
1952,8,10,1.0,6.2
2017,3,10,1.0,6.9
1969,4,10,1.0,5.5
1982,5,10,4.0,7.6
2008,11,10,2.0,4.1
2006,6,10,1.0,6.7
1934,12,10,1.0,6.6
1959,4,10,1.0,7.9
2025,3,10,1.0,9.3
1935,7,10,1.0,6.8
2020,3,10,1.0,5.4
1998,11,10,2.0,6.9
2010,6,10,1.0,6.5
1958,1,10,1.0,5.6
2017,9,10,1.0,6.0
1973,6,10,1.0,7.4
1974,1,10,1.0,5.2
1995,1,10,1.0,4.5
1993,9,10,1.0,6.1
1958,11,10,1.0,6.8
2012,6,10,2.0,6.6
1937,7,10,1.0,4.4
1936,7,10,1.0,6.3
1973,9,10,1.0,3.7
1995,3,10,1.0,6.2
1964,11,10,1.0,7.0
1981,9,10,1.0,3.5
1953,8,10,1.0,6.4
2012,10,10,1.0,5.3
2019,5,10,2.0,7.3
2007,3,10,1.0,6.7
1970,11,10,1.0,5.6
2004,1,10,1.0,7.6
1983,8,10,1.0,2.7
1969,6,10,1.0,4.5
2001,12,10,4.0,8.2
1932,7,10,1.0,6.3
1921,12,10,1.0,4.8
1946,11,10,3.0,8.3
2011,9,10,1.0,6.4
2024,6,10,1.0,7.7
1946,5,10,1.0,5.2
1963,6,10,1.0,8.0
1957,8,10,1.0,7.2
1992,1,10,1.0,6.4
1967,10,10,1.0,5.3
1990,9,10,1.0,7.1
1937,12,10,1.0,6.1
1934,3,10,1.0,6.3
1982,12,10,1.0,4.9
1973,1,10,2.0,7.2
1987,10,10,1.0,4.5
1963,12,10,57.0,6.0
1937,10,10,1.0,6.1
1980,9,10,1.0,6.7
1993,2,5,1.0,6.8
1999,12,10,2.0,7.0
1993,9,10,1.0,5.4
1973,6,10,1.0,6.2
1940,9,10,1.0,6.1
1965,4,10,1.0,4.8
1951,4,10,56.0,5.4
1967,9,10,1.0,5.7
1920,1,10,1.0,5.3
1928,12,10,1.0,5.5
1964,12,10,2.0,7.7
1986,5,10,2.0,6.2
2010,1,10,1.0,5.0
1944,4,10,1.0,6.7
1968,8,10,2.0,6.7
1992,12,10,2.0,6.6
1993,1,10,1.0,7.6
2025,8,10,1.0,7.2
1955,10,10,1.0,5.1
1945,5,10,1.0,6.2
1922,5,7,1.0,6.8
1986,9,10,1.0,7.8
1996,1,10,1.0,7.0
2003,4,10,1.0,4.9
2022,12,10,1.0,6.6
2013,9,10,2.0,8.1
1941,11,10,1.0,6.6
1971,9,10,1.0,6.1
1987,4,10,1.0,3.9
1954,7,10,1.0,5.0
1975,11,10,1.0,7.2
1967,6,4,1.0,5.0
1994,5,10,1.0,6.6
1945,1,10,1.0,7.3
1981,11,10,1.0,7.1
1937,3,10,1.0,6.2
1944,8,10,1.0,4.7
2015,10,10,1.0,4.6
2018,12,10,2.0,6.3
2019,10,10,1.0,6.0
1929,9,10,1.0,6.0
1945,6,10,1.0,5.1
1993,4,10,1.0,5.7
2010,1,10,2.0,6.8
1995,1,10,1.0,5.9
2025,1,10,2.0,8.0
2002,1,10,1.0,6.6
1994,5,10,1.0,6.4
2018,6,10,1.0,5.1
1995,7,10,1.0,4.2
1930,5,10,1.0,6.8
1930,10,7,1.0,6.2
1973,8,10,1.0,6.3
1952,3,10,1.0,5.5
1976,12,10,1.0,7.1
1992,5,10,1.0,4.0
1971,2,10,1.0,4.8
2009,12,10,1.0,5.7
2002,1,10,2.0,7.2
1932,12,10,1.0,7.0
2010,11,10,1.0,7.8
1981,10,4,1.0,7.7
2006,11,10,1.0,7.3
1987,10,10,1.0,6.3
1973,11,10,1.0,3.9
1993,6,10,1.0,4.7
1972,12,10,1.0,7.1
2012,1,10,2.0,5.9
2011,10,10,1.0,6.2
1934,1,10,1.0,7.0
2016,1,10,1.0,6.1
1978,1,10,1.0,6.4
1996,4,10,2.0,8.5
1963,10,10,1.0,6.2
1995,4,10,1.0,5.3
1982,10,10,2.0,7.2
1947,11,10,1.0,5.8
1970,2,10,1.0,4.7
1983,12,10,1.0,2.1
1979,8,10,1.0,4.0
1926,7,10,1.0,6.2
1984,10,10,1.0,7.4
1999,11,10,2.0,6.4
1951,3,10,1.0,6.4
1952,1,7,1.0,6.8
1936,6,10,1.0,6.7
1987,10,10,1.0,7.3
1948,11,10,1.0,6.8
1951,8,10,1.0,6.2
2018,6,10,1.0,5.3
1978,3,10,2.0,6.5
2007,6,10,1.0,7.0
2009,2,10,1.0,7.1
1977,5,10,1.0,5.3
1976,12,10,1.0,6.7
2003,10,10,1.0,6.2
1939,10,10,1.0,6.6
1933,7,10,4.0,6.4
2000,1,10,1.0,5.0
2025,2,10,1.0,6.2
2003,1,10,1.0,8.2
1936,8,10,1.0,6.2
1929,6,10,1.0,5.5
1950,10,10,1.0,5.4
2021,9,10,1.0,5.8
2001,9,10,1.0,7.2
1999,4,10,1.0,4.9
1971,7,10,1.0,6.6
2019,4,10,2.0,7.3
1953,12,8,1.0,7.5
2014,6,10,1.0,6.1
1960,9,10,2.0,6.1
1964,11,10,1.0,7.7
2024,7,1,1.0,8.1
1991,9,10,1.0,7.2
1971,4,10,1.0,5.2
1936,1,8,1.0,5.8
1958,2,10,1.0,8.4
1994,11,10,1.0,4.2
1985,7,10,1.0,6.1
1939,12,10,1.0,6.3
1949,9,10,1.0,6.6
1963,3,10,1.0,9.3
1962,7,10,1.0,4.9
1942,11,10,1.0,5.9
1993,3,10,1.0,7.5
1959,11,10,1.0,6.5
1955,2,10,1.0,6.3
2007,1,10,1.0,6.5
1945,12,10,1.0,6.3
1979,9,10,2.0,6.4
1997,6,10,1.0,7.3
1933,3,8,1.0,8.2
1959,4,10,1.0,5.3
2007,4,10,1.0,7.2
1978,3,10,1.0,4.5
1943,12,10,1.0,6.0
2014,11,10,1.0,6.8
1972,10,5,1.0,8.6
1947,7,10,1.0,5.6
1947,11,10,1.0,5.8
2008,10,10,1.0,6.7
1984,10,10,1.0,7.0
1968,1,10,1.0,7.5
1975,8,10,1.0,5.9
1967,9,5,1.0,5.6
1956,6,10,1.0,5.5
1933,3,10,1.0,6.6
2008,9,10,2.0,6.5
1999,9,10,1.0,6.3
1978,9,10,1.0,5.6
1977,10,10,2.0,6.1
2021,11,10,1.0,7.5
1966,12,10,1.0,5.7
2006,12,10,2.0,8.0
2003,7,10,1.0,5.7
1953,5,10,1.0,6.1
2002,8,10,1.0,4.6
1994,11,10,2.0,6.8
2014,9,10,1.0,6.4
1966,1,10,2.0,7.5
1948,10,10,1.0,5.5
1992,4,10,1.0,6.0
1986,8,10,1.0,5.3
1986,9,10,1.0,3.0
1984,12,10,1.0,4.7
1934,9,10,1.0,5.5
1963,8,10,2.0,7.2
2007,5,10,2.0,7.7
1969,5,10,1.0,7.3
1987,8,10,1.0,4.9
1940,1,10,1.0,6.2
1936,1,10,3.0,6.7
1970,12,10,1.0,6.0
1943,1,10,1.0,5.9
1921,8,10,1.0,3.9
2002,11,10,1.0,7.2
1971,2,10,1.0,6.9
1985,4,10,1.0,6.5
2002,9,10,1.0,5.3
2020,12,10,1.0,4.8
1981,12,10,1.0,6.9
1956,11,10,1.0,6.2
2016,4,10,1.0,7.3
1960,10,6,1.0,7.0
1967,3,10,56.0,6.8
2015,1,10,1.0,6.2
1963,12,10,1.0,6.7
1932,10,10,1.0,7.9
1932,4,10,1.0,6.1
1966,3,8,47.0,5.6
1988,9,10,1.0,7.6
1934,7,10,1.0,6.3
1934,12,10,1.0,5.9
1986,10,10,2.0,7.7
1926,10,8,1.0,4.6
2021,3,10,1.0,5.4
1943,10,10,1.0,6.2
1970,8,10,1.0,4.8
1964,5,10,1.0,6.1
1954,5,10,1.0,6.4
1966,1,10,2.0,6.7
1981,8,10,2.0,6.9
1971,3,10,1.0,3.7
1929,11,10,1.0,5.5
1984,1,10,1.0,5.3
1976,1,10,1.0,7.2
2005,4,10,1.0,7.7
1964,1,10,2.0,7.3
2023,2,10,2.0,5.1
1959,12,10,1.0,4.7
1950,8,10,1.0,7.1
2009,3,10,1.0,7.2
1974,9,10,58.0,3.7
1934,5,10,1.0,6.5
1933,9,10,1.0,6.3
1933,9,10,1.0,7.0
1982,12,10,1.0,6.2
1954,1,10,1.0,5.3
1932,5,10,1.0,6.7
2021,10,1,1.0,7.8
1923,11,9,1.0,2.1
1941,6,10,1.0,6.6
2013,3,10,1.0,4.9
2023,2,3,1.0,7.0
1938,10,10,1.0,5.9
1927,11,7,50.0,6.6
1972,1,10,1.0,7.3
1981,5,10,1.0,6.8
2005,4,10,1.0,4.5
2015,2,10,1.0,5.1
1961,7,10,1.0,5.1
2018,8,4,1.0,7.4
1998,8,10,1.0,6.1
1969,1,10,1.0,6.1
1973,11,10,1.0,6.2
1981,12,10,1.0,5.4
2007,10,10,1.0,7.1
1940,7,10,1.0,5.8
2024,10,10,1.0,6.2
1940,10,10,1.0,6.8
2021,3,10,1.0,5.9
1970,9,10,1.0,6.0
1935,5,10,1.0,5.9
2020,10,10,2.0,6.2
1939,12,10,1.0,6.5
1950,10,10,1.0,6.6
2002,9,10,1.0,5.4
1953,4,10,1.0,6.3
1971,3,10,1.0,5.5
2023,12,10,1.0,7.5
1991,2,10,1.0,5.5
1941,4,10,1.0,6.5
1946,12,10,1.0,6.8
1931,9,10,1.0,6.1
1959,8,10,3.0,5.4
1951,5,10,1.0,5.4
1943,11,10,1.0,6.7
1965,1,10,1.0,6.3
2017,12,10,1.0,7.1
2008,2,10,1.0,5.3
1990,10,10,2.0,7.8
1940,1,10,57.0,5.1
2012,12,10,2.0,4.8
1989,2,10,1.0,5.2
1956,11,10,1.0,6.3
1923,11,10,1.0,5.3
1989,3,10,1.0,6.9
2024,12,8,1.0,8.1
1955,9,10,1.0,8.2
1954,6,10,2.0,7.7
1961,12,10,1.0,5.8
2013,8,10,1.0,7.2
1999,12,10,1.0,5.6
1950,7,10,1.0,5.2
2025,3,10,1.0,3.6
2021,1,10,2.0,4.4
1940,5,10,1.0,6.7
1949,7,10,1.0,6.0
1963,8,10,1.0,5.6
2006,3,10,1.0,6.4
2007,3,10,1.0,7.0
1981,4,6,54.0,5.9
1951,8,10,1.0,6.7
1958,6,10,1.0,6.3
1975,7,10,2.0,6.6
1927,11,8,1.0,6.6
1978,8,10,1.0,6.0
1975,9,8,1.0,4.9
1964,1,10,2.0,7.2
2015,5,9,1.0,6.8
1941,9,10,1.0,6.6
1929,12,9,58.0,6.7
1976,5,10,1.0,5.1
1978,7,10,1.0,7.4
1974,4,10,1.0,6.9
1972,8,10,1.0,5.2
2005,10,1,1.0,8.4
1948,3,10,1.0,7.5
1978,7,10,1.0,7.1
1972,5,10,1.0,5.3
1940,3,10,1.0,5.5
2017,10,10,1.0,6.5
1994,12,10,1.0,4.6
1943,9,10,57.0,5.8
2017,7,10,2.0,7.5
1981,2,10,1.0,5.3
2018,11,1,1.0,7.4
2025,2,10,1.0,6.1
1989,1,10,1.0,6.7
1933,3,10,1.0,6.0
2022,2,10,1.0,6.8
1948,9,10,1.0,6.9
2021,11,10,2.0,7.3
1967,9,4,1.0,6.7
1959,3,10,1.0,5.1
1937,4,10,1.0,7.6
1943,4,10,1.0,7.4
1979,8,10,1.0,4.5
1959,12,10,1.0,3.3
2020,3,10,1.0,5.9
2005,6,10,1.0,6.0
2004,9,4,3.0,7.0
2005,4,10,3.0,4.6
1925,8,10,1.0,2.1
1977,4,10,1.0,5.4
1958,2,10,1.0,6.7
1949,6,10,1.0,6.3
1974,1,10,1.0,4.6
1993,5,10,1.0,3.7
2020,6,10,1.0,7.4
1990,11,10,1.0,5.2
2019,3,7,1.0,6.8
1982,12,10,1.0,6.3
1935,11,10,1.0,6.7
2009,1,10,1.0,5.0
1956,1,7,1.0,7.0
1979,1,10,1.0,8.1
1972,11,10,2.0,5.4
1961,4,10,1.0,6.3
2003,3,10,1.0,6.2
1959,9,9,1.0,6.9
1976,5,10,1.0,5.9
1992,12,10,1.0,6.7
1976,10,10,1.0,5.4
1964,3,10,1.0,5.1
1960,4,10,1.0,5.5
1979,6,10,1.0,4.9
1973,10,10,1.0,4.1
1920,9,9,50.0,6.4
2015,10,10,2.0,7.2
1973,1,10,1.0,5.7
2024,3,10,2.0,7.1
1944,8,10,1.0,6.3
1923,2,10,1.0,7.0
2014,9,10,1.0,6.3
1990,9,10,2.0,4.0
1963,11,10,1.0,6.2
1956,10,10,1.0,7.5
1973,8,10,1.0,6.9
2018,10,10,2.0,1.5
1940,2,10,1.0,7.0
2001,8,10,3.0,8.0
1958,12,10,1.0,5.8
1926,9,10,1.0,6.2
1965,1,10,1.0,6.9
2017,5,10,1.0,6.8
1928,10,10,1.0,7.6
1934,7,10,1.0,5.8
2004,11,10,1.0,6.3
1986,3,10,1.0,6.4
1950,1,10,1.0,6.9
1938,1,10,1.0,7.4
1938,11,10,1.0,5.6
2011,9,10,1.0,5.2
1987,5,10,1.0,6.3
2006,9,10,1.0,7.3
2023,3,10,1.0,5.1
2014,1,10,1.0,7.2
1988,1,10,1.0,5.9
1928,4,9,1.0,4.9
1957,7,10,1.0,5.4
1969,11,10,1.0,6.9
1957,3,10,1.0,6.2
1944,1,10,1.0,8.2
2024,2,8,1.0,5.5
2005,3,10,1.0,5.8
2020,2,10,1.0,6.3
1964,9,10,1.0,6.8
1954,12,10,1.0,6.9
2004,4,10,1.0,6.3
2016,7,10,1.0,6.8
1967,9,10,1.0,5.4
1955,9,10,1.0,6.1
1976,7,10,1.0,6.4
1945,1,10,1.0,6.5
2006,4,10,1.0,7.4
1962,9,10,1.0,6.1
1936,11,4,1.0,6.9
2021,1,10,1.0,5.8
1987,11,10,1.0,6.2
1942,9,10,1.0,6.3
2001,10,10,1.0,5.2
2007,3,10,1.0,6.7
1997,4,10,1.0,6.6
2002,2,10,1.0,6.3
1952,9,10,1.0,4.7
2014,2,10,1.0,6.9
2023,3,10,1.0,6.9
2013,8,10,1.0,7.3
1967,9,10,1.0,7.4
1977,10,10,1.0,4.7
1976,10,10,1.0,5.7
1998,11,10,1.0,4.1
1953,7,10,1.0,6.7
1988,11,10,1.0,5.2
1991,10,10,1.0,4.8
1992,3,10,2.0,7.1
1965,5,10,1.0,7.7
1967,9,10,1.0,5.0
1988,1,10,1.0,4.5
1951,7,10,1.0,7.2
1931,4,10,1.0,6.5
1967,10,10,2.0,7.2
1991,1,10,1.0,5.0
1976,11,10,1.0,4.7
1932,10,10,58.0,5.9
1983,5,10,1.0,5.0
1986,1,10,2.0,7.9
2019,6,10,1.0,6.6
1937,12,10,1.0,6.3
1961,11,10,1.0,6.3
1968,1,8,1.0,5.0
2016,3,10,1.0,7.3
2019,7,10,1.0,6.2
1960,11,10,1.0,6.6
2019,8,10,2.0,6.5
1972,12,10,1.0,4.2
1963,6,10,1.0,5.7
2022,9,10,1.0,6.8
1987,7,10,1.0,4.7
1992,9,10,1.0,6.7
1941,7,10,1.0,6.3
1983,2,10,1.0,6.6
1950,4,10,1.0,7.1
1988,3,10,1.0,6.2
1992,6,10,2.0,7.7
1958,5,10,1.0,6.5
2012,6,10,2.0,6.5
1974,12,10,1.0,5.8
2019,10,10,1.0,7.4
1965,7,10,1.0,4.7
2024,9,10,1.0,8.2
2006,7,10,1.0,5.5
2010,5,10,1.0,7.0
1964,8,10,1.0,6.7
2012,9,10,1.0,6.5
1979,9,10,1.0,6.2
1981,10,10,1.0,4.4
1958,6,10,1.0,4.9
1943,1,10,1.0,5.7
1994,11,10,1.0,6.9
1951,4,10,1.0,5.0
1963,6,10,1.0,4.1
1967,11,10,1.0,5.0
1998,1,10,1.0,7.0
1980,7,8,1.0,6.4
1966,9,10,1.0,5.4
1958,9,10,1.0,6.7
2003,5,10,2.0,8.1
1930,11,10,1.0,7.1
1938,12,10,1.0,7.8
1923,9,10,1.0,6.2
1940,11,10,57.0,5.8
1962,1,10,1.0,6.1
1956,3,10,1.0,4.4
1992,11,10,2.0,6.3
1974,3,10,1.0,5.0
1983,10,10,1.0,6.4
2009,9,10,2.0,6.6
2022,10,10,2.0,4.0
2010,1,10,1.0,6.8
1980,3,8,1.0,7.9
1952,12,10,1.0,8.0
1958,12,10,1.0,5.7
1989,3,10,1.0,7.4
2004,4,10,1.0,7.0
1959,6,8,1.0,7.4
1966,8,10,1.0,6.7
1954,11,9,1.0,5.5
1961,6,10,1.0,6.6
1962,10,10,1.0,5.5
2000,12,10,1.0,6.6
1927,12,8,1.0,6.2
1939,11,10,1.0,6.6
2010,5,4,1.0,7.4
1944,10,10,1.0,6.3
1960,1,10,2.0,7.6
1947,1,6,2.0,5.9
1946,5,10,1.0,6.6
1930,12,10,1.0,6.4
1986,3,10,1.0,7.1
2017,1,10,1.0,6.5
2024,10,10,1.0,6.1
1928,12,6,1.0,5.5
1994,6,10,1.0,7.3
1960,11,10,1.0,5.1
2007,10,10,2.0,5.4
2012,1,10,1.0,5.8
1971,4,9,1.0,5.5
1988,6,10,1.0,6.1
1938,5,10,1.0,6.5
1951,6,10,1.0,6.2
1993,3,10,1.0,4.7
1993,12,10,2.0,4.6
1942,12,10,1.0,6.0
1934,4,10,2.0,7.2
1959,9,10,1.0,6.5
1981,2,10,1.0,4.5
2012,9,10,1.0,7.5
1993,6,10,2.0,6.0
1945,7,10,1.0,6.3
2012,12,10,1.0,6.3
1949,8,10,1.0,5.3
1961,10,10,1.0,6.1
1972,8,10,1.0,6.0
1986,8,10,1.0,4.2
1986,9,10,1.0,4.4
1978,6,10,3.0,7.2
1943,9,10,1.0,6.6
1943,4,10,1.0,5.8
1945,5,10,1.0,7.3
1949,2,10,1.0,7.6
1932,3,10,1.0,5.9
2019,10,10,1.0,7.7
1939,9,10,1.0,6.0
1929,1,10,1.0,6.0
1998,5,10,2.0,5.5
1972,6,10,1.0,6.3
1946,10,10,1.0,6.6
2022,11,10,2.0,7.4
2013,5,10,2.0,7.7
1953,5,10,1.0,6.2
2004,9,10,1.0,6.1
1972,6,10,1.0,3.9
2002,6,10,1.0,5.3
1933,4,10,1.0,6.5
1920,1,10,1.0,6.9
1953,11,10,1.0,7.0
1999,7,5,1.0,6.5
2015,11,2,1.0,7.9
2011,6,10,1.0,6.7
2012,3,10,1.0,7.8
1952,6,10,1.0,7.5
1940,12,10,1.0,6.8
1974,7,10,1.0,3.6
1987,8,10,1.0,6.9
2006,10,10,1.0,6.6
1927,1,10,50.0,6.6
1930,5,7,1.0,6.3
1990,9,10,1.0,5.6
1954,8,10,1.0,5.7
1946,11,10,1.0,6.7
1954,9,10,1.0,6.2
1940,11,10,1.0,6.9
2017,7,1,1.0,6.7
1994,9,10,1.0,4.2
1953,11,10,1.0,6.2
1982,9,10,1.0,5.0
2020,9,7,45.0,4.9
1989,6,10,1.0,4.4
1952,9,10,1.0,6.2
1972,3,10,2.0,8.1
1999,10,10,2.0,6.9
2024,7,10,2.0,7.9
1939,11,10,57.0,6.4
1986,1,10,1.0,4.9
1931,6,10,1.0,5.7
1947,3,10,1.0,8.0
1989,3,10,1.0,2.1
1956,11,10,1.0,6.6
1999,11,10,2.0,7.8
2023,5,10,1.0,3.9
1984,1,10,1.0,6.5
1940,8,10,1.0,5.0
1952,4,10,1.0,6.6
2000,12,10,1.0,7.4
1989,10,10,1.0,5.9
2020,9,10,1.0,5.0
1991,11,10,1.0,6.6
1939,12,10,1.0,6.0
2001,10,10,2.0,7.4
2022,12,10,2.0,7.1
2016,4,10,1.0,4.1
1996,5,10,1.0,5.3
2019,1,10,1.0,5.5
1966,10,10,1.0,5.4
1979,6,10,1.0,7.3
1992,3,10,1.0,6.7
1993,11,10,1.0,5.2
2000,9,10,1.0,7.5
1956,3,5,1.0,7.0
2010,4,10,1.0,7.6
2008,10,10,2.0,7.4
1987,8,10,1.0,5.4
1936,4,10,1.0,5.3
1997,5,10,1.0,4.7
1971,6,8,1.0,4.3
2010,9,10,1.0,7.0
1958,1,10,1.0,7.4
2007,4,10,1.0,7.1
2023,12,10,1.0,5.9
2016,12,4,1.0,4.9
1989,2,10,2.0,7.2
1966,10,10,1.0,3.9
1970,7,10,1.0,6.0
1961,8,10,1.0,4.6
2014,11,10,1.0,6.4
2022,7,10,2.0,6.8
2021,6,10,1.0,4.6
2021,12,10,2.0,8.2
1965,12,7,1.0,6.1
1973,10,10,1.0,5.6
1993,3,10,1.0,7.8
2004,2,10,1.0,7.2
1929,5,10,1.0,6.1
1973,8,10,1.0,7.4
1966,6,10,1.0,6.5
1974,10,10,1.0,5.3
1986,5,10,1.0,5.3
1999,5,10,1.0,6.9
1925,1,7,1.0,3.8
1935,12,8,54.0,6.7
1979,4,10,1.0,7.2
2015,8,10,2.0,6.0
2015,2,10,1.0,3.0
1938,3,10,1.0,5.4
1976,4,10,2.0,7.5
2005,7,10,1.0,7.3
1984,9,10,1.0,5.6
1974,7,10,1.0,6.0
1938,8,10,1.0,5.7
1932,3,10,1.0,6.1
2024,7,9,1.0,5.7
1957,9,10,1.0,6.5
2016,3,10,1.0,7.2
1965,7,10,1.0,7.0
1996,3,10,1.0,4.7
1986,3,10,1.0,6.7
1959,7,10,1.0,7.9
2008,3,10,1.0,5.2
1979,2,10,1.0,7.4
2003,1,10,1.0,5.3
1986,10,10,2.0,5.9
1930,2,10,1.0,6.0
1990,9,10,1.0,3.0
1984,6,10,1.0,6.6
1993,4,10,3.0,7.9
1962,10,10,1.0,7.3
1938,10,10,1.0,5.8
1947,10,10,1.0,6.6
1963,11,8,1.0,6.7
1999,1,10,1.0,7.2
1978,7,8,1.0,6.3
1974,3,10,1.0,5.8
1956,4,10,2.0,6.9
2005,3,10,1.0,4.1
1961,12,10,1.0,5.9
2011,10,10,1.0,6.1
2021,9,4,1.0,7.1
2022,4,10,1.0,6.9
1929,5,10,1.0,6.0
1999,11,10,2.0,6.3
1948,3,8,1.0,5.7
1976,2,10,1.0,5.3
1958,8,10,1.0,5.8
1944,5,10,1.0,6.2
1951,3,10,1.0,5.8
1970,10,10,1.0,5.8
1993,11,10,1.0,6.4
1956,4,10,1.0,6.1
1921,2,5,50.0,4.7
1927,3,10,1.0,6.2
1939,12,10,57.0,4.4
1937,11,10,1.0,5.2
1952,11,10,1.0,6.4
1984,11,10,1.0,7.1
1947,1,10,1.0,6.2
1982,5,10,1.0,7.6
1978,6,10,1.0,3.7
1945,3,10,1.0,6.5
2004,5,10,1.0,6.7
1952,10,10,1.0,6.3
1928,10,10,1.0,8.1
1956,2,10,1.0,7.2
1995,5,10,1.0,7.4
1968,1,10,1.0,5.1
2002,9,10,1.0,7.0
1985,6,10,1.0,6.4
2010,1,10,1.0,7.3
1972,9,10,1.0,6.5
1962,3,10,1.0,6.5
1947,1,8,1.0,7.4
1958,3,10,1.0,5.0
1959,6,10,1.0,3.9
1942,10,10,1.0,3.4
1986,4,2,1.0,6.7
1937,10,10,1.0,7.2
1984,9,10,1.0,4.6
1978,11,10,1.0,3.5
1933,9,10,1.0,6.4
1970,8,10,2.0,6.8
1934,6,10,1.0,6.6
2001,7,10,1.0,7.3
1975,11,10,1.0,6.9
1978,4,10,1.0,5.6
1977,9,10,1.0,5.7
1966,1,10,1.0,1.8
1967,3,10,1.0,6.5
1978,2,10,1.0,7.1
1973,11,10,1.0,7.5
1948,1,10,2.0,6.5
1926,12,10,2.0,7.2
1962,5,10,1.0,6.1
1958,3,10,1.0,7.2
1995,10,10,1.0,4.7
1972,9,10,1.0,5.2
1999,12,10,1.0,7.7
1972,1,10,1.0,3.5
1990,5,10,1.0,4.6
1960,6,10,1.0,3.1
1931,12,10,1.0,5.9
1936,8,10,1.0,6.4
2007,3,10,1.0,4.8
1941,10,10,1.0,5.9
2006,4,8,1.0,5.9
1977,7,10,1.0,6.2
1979,12,10,2.0,6.4
1970,3,9,1.0,4.4
1956,5,8,1.0,6.6
2008,5,10,1.0,6.1
1989,2,10,1.0,6.6
1992,5,10,1.0,5.8
1976,3,10,1.0,6.3
1942,11,10,57.0,5.6
1961,6,8,57.0,6.8
1993,11,10,1.0,2.9
1978,12,10,1.0,6.9
2005,3,10,1.0,6.6
2000,6,10,1.0,6.5
2015,1,10,1.0,4.7
2007,11,10,1.0,6.2
1956,8,10,1.0,7.6
1982,5,10,58.0,7.4
1928,6,10,1.0,4.7
1973,12,10,1.0,5.1
1940,7,10,1.0,5.3
1923,7,9,1.0,5.3
1994,7,10,1.0,3.8
1999,4,10,1.0,7.6
1943,6,10,1.0,7.3
2018,11,10,1.0,6.4
1967,8,10,1.0,4.8
2024,5,10,1.0,6.5
1980,7,10,1.0,5.3
2015,11,10,2.0,5.3
2014,12,10,1.0,5.7
2006,4,10,1.0,7.8
1960,7,10,1.0,4.5
1980,10,10,1.0,6.2
1972,2,10,1.0,5.3
2022,5,10,2.0,7.2
1972,7,10,2.0,8.1
1937,9,10,1.0,6.2
1960,1,10,1.0,6.8
2001,7,10,1.0,7.3
1962,12,10,1.0,5.4
2004,11,10,1.0,8.1
2022,6,10,1.0,4.7
1976,12,10,1.0,7.3
1975,9,10,1.0,6.7
1931,3,10,1.0,7.0
2006,2,10,1.0,5.1
1941,4,10,1.0,5.5
2005,10,10,1.0,5.6
1968,5,10,1.0,4.1
1985,7,4,1.0,8.1
1922,2,10,1.0,6.4
1954,1,10,1.0,6.7
1960,7,10,1.0,5.3
2004,6,10,1.0,7.7
1971,9,10,1.0,5.8
2015,9,2,1.0,6.8
2007,10,10,1.0,5.0
1988,2,8,1.0,4.1
1944,5,10,1.0,5.4
1981,8,10,1.0,7.0
1941,4,10,1.0,6.3
1952,4,10,1.0,5.8
1999,10,10,1.0,6.0
2000,11,10,1.0,5.1
1921,10,10,1.0,7.4
1935,9,10,1.0,5.5
1946,5,10,1.0,6.9
1944,6,10,1.0,4.6
2005,7,10,1.0,4.8
1937,2,10,1.0,7.2
2023,11,10,1.0,5.5
1981,5,10,1.0,5.6
2006,1,10,1.0,7.3
2019,9,10,2.0,5.5
1955,1,10,1.0,5.3
1992,4,10,1.0,7.0
1947,7,10,1.0,6.4
1953,8,10,1.0,5.4
1943,4,10,1.0,7.0
1999,1,10,2.0,7.6
1974,10,10,1.0,5.0
1932,2,10,3.0,5.4
1979,3,10,2.0,8.3
1964,9,9,1.0,5.0
1957,2,10,1.0,6.3
2019,10,4,1.0,6.6
2000,5,10,1.0,6.7
2019,7,4,1.0,7.7
1935,11,10,1.0,6.1
1976,3,10,1.0,6.7
1983,12,10,2.0,7.4
1991,1,10,1.0,5.0
1941,9,10,1.0,5.7
1940,5,10,1.0,5.9
1963,8,10,1.0,6.8
1975,1,10,1.0,6.1
1960,4,10,1.0,6.7
1998,6,10,1.0,7.8
1982,9,10,1.0,5.8
1965,4,10,1.0,7.3
1980,2,10,1.0,4.8
1984,7,10,1.0,5.1
1929,9,8,1.0,6.7
2001,4,10,1.0,6.7
2017,11,10,1.0,7.6
1975,9,10,2.0,7.0
2012,11,10,1.0,6.0
2002,8,10,1.0,6.5
1943,2,10,1.0,5.2
2011,4,2,1.0,8.1
1981,7,4,1.0,6.5
2008,3,10,1.0,4.5
1946,9,10,1.0,7.5
1998,1,10,2.0,7.0
1950,8,10,1.0,5.9
2006,2,10,1.0,5.0
1960,12,10,1.0,6.4
1920,4,10,55.0,5.4
1986,12,10,1.0,4.8
1970,6,10,1.0,6.0
1978,7,10,1.0,7.0
1939,12,10,55.0,6.0
2016,5,1,1.0,8.6
2024,3,10,1.0,6.1
1938,11,10,55.0,6.0
1950,2,10,1.0,4.0
1993,10,10,3.0,7.6
1967,12,10,1.0,2.8
1957,10,10,1.0,6.1
1968,12,10,1.0,3.2
1948,10,10,1.0,5.8
1963,11,10,1.0,6.7
1976,9,10,1.0,4.1
2020,7,10,1.0,5.2
1963,1,10,1.0,5.9
1988,5,10,1.0,6.2
2006,1,10,1.0,5.9
2011,4,10,2.0,6.9
2005,4,10,1.0,6.1
1925,11,10,1.0,6.6
2018,1,6,1.0,6.8
2007,4,10,1.0,6.3
1963,6,10,2.0,6.7
1989,8,10,1.0,5.9
1959,10,10,1.0,6.8
2015,1,10,1.0,6.8
1965,10,10,1.0,5.5
1945,8,10,58.0,6.3
1985,4,10,1.0,5.7
2001,4,10,1.0,5.1
1939,1,8,2.0,8.0
1991,7,10,1.0,4.9
2004,10,8,1.0,7.2
2024,3,10,1.0,3.7
1977,7,10,1.0,4.6
1926,11,10,3.0,6.1
1947,5,10,1.0,6.4
1970,9,10,1.0,5.7
1995,10,10,1.0,5.4
1940,9,10,1.0,6.3
1945,2,10,1.0,6.5
1996,9,10,1.0,5.9
1989,4,10,1.0,5.8
1929,3,8,48.0,6.4
1968,11,10,1.0,5.4
2020,5,10,1.0,6.4
2017,11,10,1.0,7.1
1943,1,10,1.0,7.5
1924,11,10,1.0,6.1
2003,7,10,2.0,8.1
1944,2,10,1.0,6.4
1986,2,10,1.0,5.1
2022,2,10,1.0,5.9
1954,6,10,1.0,5.9
2014,8,10,2.0,6.5
1936,4,10,4.0,7.0
1994,5,10,1.0,6.2
1995,12,10,2.0,8.3
2005,9,1,1.0,8.6
1987,2,10,1.0,3.9
1929,4,10,1.0,5.9
2003,10,10,1.0,6.3
1996,8,10,1.0,5.7
1950,11,10,1.0,2.9
1931,10,10,1.0,5.4
1953,4,10,1.0,5.3
1937,5,10,1.0,6.5
2001,7,10,1.0,6.1
2020,9,10,2.0,6.9
1982,5,10,1.0,6.8
2009,1,10,1.0,4.8
1967,10,10,1.0,7.4
1931,2,10,1.0,6.6
1935,7,10,54.0,5.1
1949,6,10,1.0,6.1
1921,12,10,1.0,6.6
2007,9,10,1.0,7.2
2000,7,10,1.0,6.0
2008,4,10,1.0,7.0
1979,2,10,1.0,7.0
1993,8,10,1.0,3.9
1975,6,10,1.0,5.5
1936,5,10,56.0,6.2
2007,6,10,1.0,6.4
1956,12,10,1.0,6.3
2000,9,10,1.0,4.4
1938,10,10,1.0,6.8
1965,9,10,1.0,3.9
2015,5,10,2.0,7.1
2006,12,10,1.0,5.1
1946,11,10,1.0,6.9
2001,10,10,1.0,7.8
1941,11,10,1.0,5.9
1984,1,10,1.0,6.4
1927,10,10,1.0,6.6
2006,7,10,2.0,6.3
1994,10,10,1.0,6.5
1989,9,10,1.0,4.4
1960,9,10,1.0,6.2
1938,1,10,1.0,6.8
1933,12,10,1.0,5.8
2012,12,10,2.0,6.2
1998,9,10,1.0,7.6
1996,3,10,1.0,7.3
2018,12,10,1.0,5.9
2004,3,10,1.0,7.7
2009,5,10,1.0,5.8
2010,9,10,1.0,6.3
1966,1,10,1.0,5.1
1934,1,10,1.0,5.7
2019,1,10,1.0,6.5
1937,2,10,1.0,6.9
1944,5,10,1.0,5.4
1936,8,10,1.0,5.8
1944,8,10,53.0,5.7
1929,2,10,1.0,5.8
1952,1,10,1.0,5.6
1953,1,4,2.0,8.8
1944,4,10,1.0,4.7
2019,12,10,1.0,7.1
1984,6,10,1.0,7.3
1975,2,10,1.0,7.2
1994,10,10,2.0,9.3
1945,5,10,58.0,5.3
2021,3,10,1.0,5.7
1999,9,10,1.0,8.6
1933,5,10,1.0,5.9
2006,9,10,1.0,6.1
1995,12,10,1.0,7.2
1998,9,2,1.0,7.3
1968,9,10,1.0,6.2
2009,11,10,1.0,6.2
2003,11,10,1.0,4.1
1996,9,10,1.0,4.6
1974,10,10,1.0,5.5
1996,7,4,1.0,7.3
1948,1,10,1.0,7.1
1949,10,10,1.0,7.5
1929,6,9,1.0,5.0
1956,8,10,1.0,6.0
2001,3,10,1.0,5.4
1968,12,10,2.0,7.3
1942,12,10,1.0,5.6
1956,6,10,1.0,5.3
1958,3,10,1.0,5.9
1959,10,10,1.0,6.7
1970,10,10,1.0,4.6
1954,7,10,1.0,7.0
1939,1,10,4.0,4.7
1972,4,10,1.0,8.3
2001,12,10,2.0,7.3
2003,9,10,1.0,6.7
2021,10,10,1.0,6.0
1966,2,10,1.0,7.3
1983,10,10,1.0,7.6
1989,3,10,1.0,5.7
1960,11,10,1.0,6.9
2022,1,10,1.0,7.0
2007,7,10,1.0,5.8
1986,2,10,1.0,6.4
2021,9,2,1.0,7.1
2020,9,10,2.0,6.5
1984,10,10,1.0,6.2
2018,9,10,1.0,6.2
2015,5,10,1.0,4.3
1980,10,10,1.0,6.7
1957,9,10,1.0,6.5
2003,8,10,1.0,6.0
1977,7,10,1.0,6.8
2016,8,10,1.0,6.8
1948,12,10,1.0,6.6
1965,9,10,2.0,7.2
2023,4,10,2.0,7.2
1988,11,10,2.0,6.9
2020,8,10,1.0,7.0
1991,11,10,1.0,5.5
1958,6,10,1.0,6.5
1946,12,10,1.0,4.6
1985,5,10,1.0,5.0
1925,12,10,1.0,6.7
1991,2,10,1.0,5.4
1943,3,10,55.0,7.4
2018,11,10,1.0,6.1
2008,4,10,1.0,7.2
2010,4,10,1.0,6.6
2006,10,1,1.0,6.5
1999,2,10,1.0,6.3
2000,12,10,1.0,6.9
1932,1,10,1.0,6.7
1923,2,10,47.0,7.2
1950,10,10,1.0,6.2
2010,12,10,1.0,5.9
2002,9,2,1.0,6.0
1996,12,10,1.0,7.0
1958,2,10,1.0,6.5
1959,7,10,1.0,5.5
1992,9,10,1.0,7.0
2024,12,10,1.0,7.1
2003,9,6,1.0,7.5
2024,12,10,1.0,7.0
1989,9,10,1.0,5.1
2014,5,10,1.0,6.7
2016,8,10,1.0,7.6
2004,12,10,1.0,6.7
1964,11,9,1.0,6.3
1946,9,10,1.0,7.9
1923,10,10,1.0,5.7
2008,5,10,1.0,6.4
2023,9,10,1.0,7.3
1939,2,10,1.0,6.1
1962,3,9,1.0,7.6
2015,11,10,2.0,6.9
2004,12,10,1.0,6.4
2006,2,10,1.0,5.7
1929,10,10,1.0,5.0
1965,12,10,1.0,6.2
2017,4,10,1.0,7.3
2014,10,10,2.0,7.4
2012,12,5,1.0,6.5
1940,4,10,1.0,5.1
2009,12,10,1.0,6.4
1972,10,10,1.0,7.4
1931,12,10,1.0,5.9
1950,2,10,1.0,7.4
2015,11,10,1.0,5.3
1946,4,10,1.0,6.4
1981,12,10,2.0,6.7
1996,4,10,1.0,6.7
1982,9,7,1.0,5.7
2006,3,10,1.0,6.2
1951,1,10,55.0,7.4
1990,3,10,1.0,4.5
1996,5,10,1.0,4.9
1986,2,10,1.0,4.8
2002,6,10,1.0,5.0
1934,3,10,1.0,6.9
1975,4,10,1.0,5.6
1963,1,10,1.0,7.1
1948,2,10,1.0,6.2
1991,12,10,1.0,6.6
2020,10,10,1.0,2.9
1944,3,10,57.0,6.0
2021,11,10,1.0,4.7
1945,1,10,1.0,6.0
1953,6,10,1.0,6.2
1970,9,10,1.0,6.5
1938,11,10,1.0,7.1
1987,11,10,1.0,5.9
1931,5,9,2.0,6.1
2005,10,10,1.0,5.1
1991,6,10,2.0,6.6
2003,7,1,1.0,7.5
1992,8,10,1.0,5.9
1976,6,10,1.0,7.2
1999,9,2,1.0,6.8
1981,7,10,1.0,6.4
1997,4,10,1.0,7.4
1964,8,10,1.0,6.4
2025,1,10,1.0,4.5
1984,1,10,1.0,5.2
1958,4,10,1.0,8.0
2009,11,10,1.0,6.6
2006,9,10,1.0,6.4
2004,2,10,1.0,4.7
1932,10,7,1.0,5.3
1941,6,1,1.0,7.5
1964,1,6,1.0,6.0
1976,11,10,1.0,6.9
1953,1,10,1.0,3.9
1973,2,10,3.0,8.4
1922,12,10,1.0,6.7
1925,10,9,1.0,6.9
2004,9,10,1.0,6.2
1989,11,10,1.0,4.4
1962,6,10,1.0,6.1
1940,4,10,1.0,6.0
1923,6,8,1.0,3.5
2009,10,9,1.0,6.9
2024,9,10,1.0,5.6
2011,9,1,1.0,7.2
1958,12,10,1.0,6.8
2025,2,10,2.0,6.7
1988,9,10,1.0,5.5
1993,11,10,1.0,6.0
1939,10,10,2.0,8.1
1971,7,10,1.0,6.2
1965,8,10,2.0,7.4
1975,11,10,1.0,4.8
1971,3,10,1.0,5.9
1948,9,10,1.0,7.0
1981,11,10,1.0,4.4
1929,12,10,58.0,7.2
1923,10,9,1.0,6.7
2022,8,10,1.0,7.1
1938,3,10,1.0,5.1
2013,3,10,1.0,5.9
1936,12,10,1.0,6.3
1932,1,1,1.0,7.6
2018,5,1,1.0,7.2
2004,3,10,1.0,8.3
1996,2,10,1.0,6.1
2014,6,10,1.0,6.3
1993,5,10,1.0,4.8
1976,8,10,1.0,7.1
1958,1,10,1.0,6.2
2014,10,10,1.0,6.8
1984,1,10,1.0,4.8
1979,7,10,1.0,3.6
1952,10,8,1.0,7.3
1975,1,10,1.0,5.3
2010,12,10,1.0,6.3
1986,9,10,1.0,4.6
1922,11,10,50.0,6.7
1933,4,10,1.0,6.3
2022,4,10,1.0,6.8
1999,4,10,1.0,7.5
1924,12,10,1.0,6.6
1972,8,10,1.0,6.5
1943,5,10,1.0,6.6
1960,5,10,1.0,6.0
2007,11,10,1.0,6.5
1937,3,10,1.0,5.8
1932,10,10,1.0,7.3
1973,8,10,1.0,5.2
1934,2,10,1.0,6.3
1995,9,10,1.0,3.8
1968,12,10,1.0,5.1
1976,1,10,1.0,4.0
1970,3,10,1.0,6.5
2022,1,1,1.0,7.1
1967,4,9,1.0,5.7
2024,7,9,1.0,4.2
1931,6,10,1.0,5.9
1930,6,10,1.0,6.7
2021,12,10,1.0,6.8
1935,2,10,1.0,5.8
1953,4,10,1.0,6.2
1958,8,10,1.0,6.8
1944,3,10,57.0,6.3
1942,10,10,1.0,6.5
1929,8,10,3.0,6.9
1995,9,10,1.0,4.9
1941,2,10,1.0,6.5
1988,11,10,1.0,6.4
2007,3,10,1.0,5.8
1963,8,10,1.0,7.3
1926,11,10,1.0,2.9
2021,10,10,1.0,7.2
1935,10,10,1.0,6.1
1976,7,10,1.0,6.0
1957,1,10,1.0,5.1
2014,10,2,1.0,7.9
1978,6,10,1.0,7.2
1947,5,10,1.0,6.9
1977,2,10,1.0,6.3
1930,5,10,1.0,6.5
2007,8,10,1.0,5.9
2024,5,10,1.0,4.8
1933,11,10,1.0,6.6
1969,6,10,1.0,4.3
1969,3,10,1.0,5.4
1950,3,10,1.0,6.2
2018,12,10,1.0,7.0
1989,6,10,1.0,4.3
1978,12,10,1.0,3.9
1926,5,9,49.0,6.2
2019,5,10,1.0,8.3
1932,10,10,1.0,6.2
2022,3,1,1.0,7.1
1930,8,10,1.0,5.5
1943,8,10,1.0,3.7
1995,8,10,2.0,7.0
1978,9,10,1.0,3.2
2000,2,10,1.0,4.1
1980,11,10,2.0,6.5
1995,7,10,1.0,6.4
1996,3,10,1.0,7.5
1925,6,10,1.0,5.7
1925,10,10,1.0,6.7
1981,1,10,1.0,7.8
1987,4,3,1.0,7.6
1941,11,8,1.0,4.3
1948,3,10,1.0,5.8
2003,8,10,1.0,6.4
1929,12,10,2.0,5.7
1986,1,10,1.0,7.4
1937,1,6,1.0,6.4
2011,1,10,1.0,4.5
1932,7,10,56.0,7.3
1957,8,10,1.0,6.0
1997,6,10,1.0,4.8
1942,4,10,1.0,4.8
1943,1,10,1.0,6.6
1965,9,10,1.0,5.1
2012,4,8,1.0,7.2
1976,11,10,1.0,6.2
1978,4,10,1.0,5.8
1953,2,10,1.0,7.5
1980,7,2,57.0,6.8
2009,7,10,1.0,5.6
1962,3,10,1.0,6.5
1946,4,10,1.0,6.0
1984,12,10,2.0,7.3
1963,9,10,1.0,7.1
1968,3,10,1.0,6.9
1998,2,2,1.0,7.3
2018,7,10,2.0,7.3
1996,9,10,1.0,5.1
2003,6,10,1.0,4.9
1992,6,10,1.0,6.8
1980,8,10,1.0,5.2
2025,2,10,1.0,6.6
1974,7,10,1.0,4.8
1985,11,8,1.0,5.2
1936,5,10,57.0,4.0
1921,11,8,1.0,4.7
2012,2,10,1.0,6.7
2022,10,10,1.0,5.6
1980,8,10,1.0,6.2
2020,8,10,2.0,6.7
2020,12,10,1.0,6.4
2010,9,10,1.0,5.0
1922,5,10,1.0,6.3
2012,11,10,1.0,6.8
1984,12,10,1.0,6.8
1941,12,10,1.0,6.1
1958,4,10,1.0,6.6
1986,1,10,1.0,6.5
1942,9,10,1.0,6.4
1926,1,10,2.0,7.1
1988,12,10,1.0,5.4
1937,10,10,1.0,6.7
1932,12,10,1.0,6.4
2007,2,10,1.0,5.5
1926,10,10,1.0,6.9
1983,9,10,1.0,4.8
1985,5,10,1.0,7.8
2009,8,10,1.0,6.3
1932,5,10,56.0,6.8
1975,11,10,1.0,6.0
2020,10,10,1.0,5.2
2006,3,10,1.0,6.4
2023,5,10,1.0,4.7
1971,9,10,1.0,4.5
2002,9,10,1.0,6.3
2013,2,10,1.0,6.9
1975,12,10,1.0,5.3
2025,1,10,1.0,5.8
1989,1,10,1.0,6.8
1951,4,10,1.0,7.1
1974,8,10,1.0,7.3
1967,6,10,2.0,7.3
1989,4,10,1.0,7.3
1979,10,10,2.0,5.7
1952,10,10,1.0,6.8
2006,11,10,1.0,6.7
2005,9,10,1.0,6.9
1962,7,10,1.0,6.7
1983,8,10,1.0,7.4
1939,12,10,1.0,3.8
1926,3,10,1.0,7.0
1927,4,5,50.0,4.9
2015,1,10,1.0,6.6
2020,3,10,2.0,2.2
1969,12,10,1.0,6.1
1933,8,10,1.0,6.4
2013,3,10,1.0,5.3
1947,8,10,3.0,6.2
2010,9,10,1.0,6.2
1936,12,10,1.0,4.7
1966,7,6,47.0,6.8
2024,10,10,1.0,5.0
1999,11,10,1.0,2.5
2009,3,10,1.0,4.3
1942,1,10,2.0,7.8
1931,6,10,1.0,6.5
1959,1,8,2.0,6.3
1936,2,10,1.0,6.0
2000,9,10,1.0,4.7
1988,12,10,1.0,6.1
1941,4,10,1.0,6.2
1946,8,10,2.0,6.1
1959,2,10,2.0,6.5
1955,1,10,2.0,7.9
1987,7,10,1.0,7.1
1997,5,10,1.0,7.0
1921,11,1,1.0,7.3
1951,11,10,1.0,6.6
1953,9,10,1.0,5.4
1995,12,10,1.0,7.2
2020,12,4,1.0,6.4
1969,12,10,1.0,6.8
1925,10,10,1.0,7.0
1947,1,10,1.0,5.4
1983,6,10,1.0,4.3
1940,10,10,1.0,6.5
1999,6,10,1.0,5.1
1993,11,10,1.0,5.5
1982,12,10,2.0,6.5
1942,9,10,58.0,4.9
1996,8,10,1.0,4.6
1934,4,10,1.0,4.4
1973,11,10,2.0,6.6
2011,4,10,1.0,6.7
1945,5,10,1.0,5.7
1961,9,10,1.0,6.0
1977,9,10,1.0,6.8
1961,2,10,1.0,6.0
1959,6,10,1.0,6.3
2005,6,10,1.0,4.4
1952,9,10,1.0,7.0
2015,10,10,1.0,6.7
1932,9,10,1.0,6.7
1939,8,10,58.0,5.5
1975,3,10,1.0,4.8
1971,12,10,1.0,5.2
1964,9,10,2.0,6.9
2011,3,5,2.0,7.7
1946,12,10,2.0,7.3
1920,3,8,50.0,6.3
1939,3,10,1.0,7.1
1978,9,10,1.0,7.3
1998,2,10,1.0,5.2
2005,1,10,1.0,5.9
1994,10,10,1.0,5.3
1939,10,10,1.0,5.1
1995,6,10,2.0,6.6
1933,1,10,1.0,6.5
2002,9,10,1.0,7.5
1931,3,2,1.0,7.6
1984,9,10,1.0,3.5
1987,8,10,1.0,7.1
2014,4,10,1.0,6.8
1962,4,10,1.0,7.2
2022,11,10,1.0,6.2
2011,7,10,1.0,6.1
1975,9,10,1.0,6.0
1941,6,10,1.0,6.2
1941,12,10,1.0,6.5
1955,6,10,1.0,5.6
1962,10,10,1.0,6.8
1963,2,10,1.0,4.9
2018,5,10,1.0,6.8
1979,8,10,1.0,5.9
1933,3,10,1.0,6.5
2017,4,10,2.0,6.4
1982,5,10,1.0,4.5
1950,3,10,1.0,7.6
2008,1,10,1.0,7.4
1932,7,10,50.0,7.4
1964,6,10,1.0,6.3
1981,1,10,1.0,4.3
1984,1,10,1.0,6.2
1934,5,10,1.0,7.4
1932,11,10,1.0,6.3
2008,9,10,1.0,8.1
1968,1,8,1.0,4.7
1982,9,10,1.0,6.4
2020,8,10,2.0,4.9
1989,12,10,2.0,6.0
1928,5,9,1.0,4.8
1960,8,10,1.0,3.8
2014,10,10,1.0,5.0
1954,7,10,1.0,7.2
2002,3,10,1.0,6.1
2010,6,10,1.0,5.7
1957,2,10,1.0,7.0
1963,7,10,1.0,7.2
1948,1,10,1.0,4.6
1968,5,10,1.0,6.6
1974,1,10,2.0,6.5
1935,9,10,1.0,6.8
2007,2,10,1.0,6.0
1938,12,10,1.0,7.5
2004,11,10,1.0,8.0
1932,1,10,1.0,5.6
1978,11,10,2.0,5.8
1955,7,10,1.0,5.6
1957,9,10,1.0,6.6
1965,9,10,1.0,4.5
2021,7,8,1.0,7.1
2002,12,10,1.0,7.1
1953,5,10,1.0,5.8
1923,12,10,1.0,5.7
1956,10,10,1.0,5.7
1982,11,10,1.0,4.5
2005,3,10,2.0,6.8
1979,3,10,1.0,5.5
1956,1,10,2.0,7.4
2016,6,10,1.0,5.7
2021,1,10,1.0,6.3
1973,8,10,1.0,3.4
1934,5,10,1.0,5.9
1962,5,10,1.0,7.6
1946,9,10,1.0,5.9
1946,4,10,1.0,4.5
1934,1,10,1.0,5.2
1939,8,10,1.0,6.2
1969,10,5,1.0,5.7
1935,5,10,1.0,5.3
2005,3,10,2.0,7.6
1977,5,10,1.0,4.8
1927,10,10,1.0,6.4
1973,2,10,1.0,6.8
1982,1,10,1.0,6.3
1965,2,10,1.0,2.7
1948,4,10,53.0,5.9
1994,10,10,1.0,6.5
1955,5,10,2.0,7.5
2017,1,10,1.0,5.2
1934,6,10,1.0,6.0
1961,6,10,1.0,6.1
1961,2,10,1.0,7.7
1970,9,10,1.0,5.5
1972,2,10,1.0,5.3
1970,11,10,2.0,6.2
2023,12,10,1.0,4.9
1982,12,10,1.0,4.9
1980,6,10,1.0,3.7
1950,5,10,1.0,5.2
2022,2,10,1.0,4.9
1992,2,10,1.0,6.0
1995,7,10,1.0,5.2
1944,4,10,1.0,7.1
1921,2,9,1.0,5.7
2010,3,10,1.0,6.4
1957,6,10,1.0,5.4
1976,10,10,1.0,6.4
2018,11,10,1.0,6.1
1946,9,10,1.0,6.1
1933,6,10,1.0,7.3
1981,5,10,1.0,3.1
1976,6,10,1.0,6.2
1938,7,10,1.0,6.6
2008,9,10,1.0,6.9
2009,12,10,1.0,5.8
1983,9,10,1.0,5.1
1935,5,10,1.0,6.2
1939,12,10,1.0,5.9
1954,9,10,1.0,7.8
1993,7,2,1.0,7.2
2013,1,10,1.0,5.9
1981,11,10,1.0,2.0
1971,12,10,1.0,7.5
1948,8,10,1.0,5.8
1970,9,10,1.0,3.8
1951,6,10,1.0,6.4
1969,9,10,1.0,5.3
1922,4,10,50.0,6.5
2021,11,10,1.0,6.6
1961,5,5,1.0,6.9
1925,9,9,1.0,6.5
2019,1,10,1.0,7.7
1978,7,10,1.0,6.4
1994,2,10,2.0,6.9
2008,7,10,2.0,7.0
1992,4,10,1.0,6.0
1997,3,10,2.0,6.9
1945,11,8,1.0,6.8
1965,10,10,1.0,5.3
1947,4,10,1.0,7.1
2017,12,10,1.0,5.7
1956,7,10,1.0,5.2
1936,11,10,1.0,5.1
1957,1,10,1.0,6.4
1937,2,10,1.0,6.9
1930,5,10,55.0,5.2
2011,5,10,1.0,6.7
1999,2,10,1.0,6.9
1949,12,10,1.0,6.2
2009,8,10,1.0,3.5
1943,10,10,1.0,7.5
1990,3,10,1.0,5.9
1986,10,10,1.0,6.6
1922,4,10,1.0,5.0
1994,12,10,1.0,5.8
1952,4,10,1.0,6.2
1952,1,10,1.0,6.0
1991,10,10,1.0,7.0
1947,9,1,1.0,7.1
2006,3,10,2.0,5.1
2015,7,10,1.0,7.1
1959,9,10,45.0,6.1
1990,5,6,58.0,4.8
2017,10,10,1.0,4.3
1959,6,10,1.0,6.6
1964,5,10,1.0,4.5
1930,9,10,1.0,7.3
2018,3,10,1.0,7.0
1924,3,10,1.0,6.8
2013,9,10,1.0,6.3
1955,5,10,1.0,6.7
1947,1,10,1.0,5.8
1981,4,10,1.0,4.0
1949,11,10,1.0,6.6
2001,5,10,1.0,6.3
2017,9,10,1.0,6.2
1931,5,10,1.0,5.7
1951,5,10,59.0,5.7
1967,5,10,1.0,6.6
2021,10,10,1.0,4.8
1963,8,10,1.0,7.3
1942,7,10,1.0,6.7
2001,5,10,1.0,6.9
1970,3,10,1.0,4.8
1997,2,10,1.0,6.3
1967,9,10,1.0,7.4
1980,9,10,1.0,3.9
1999,1,10,1.0,6.5
1926,10,10,1.0,6.2
2002,9,10,2.0,5.7
1999,1,10,1.0,5.2
1942,4,10,1.0,6.0
2025,3,10,2.0,8.7
2005,2,10,1.0,6.1
1981,5,10,1.0,7.2
1966,10,10,1.0,7.8
1980,3,5,1.0,5.3
1958,3,10,1.0,6.6
1962,12,10,1.0,4.8
1994,3,10,55.0,6.8
1993,11,10,2.0,7.1
1970,1,10,2.0,5.9
1936,11,10,1.0,6.7
2024,4,10,1.0,6.4
2009,10,10,1.0,6.9
2016,4,10,2.0,5.7
1942,12,10,1.0,6.1
2013,8,10,1.0,7.3
2007,7,10,1.0,5.4
1975,6,5,1.0,5.8
1974,8,10,2.0,7.1
2020,12,10,1.0,2.9
2014,10,10,1.0,7.0
1982,6,10,1.0,7.8
1942,6,10,1.0,5.5
1998,4,10,1.0,5.3
1941,8,10,1.0,6.7
1924,2,10,5.0,5.5
1925,9,10,1.0,6.0
1970,3,10,2.0,6.6
1935,5,10,55.0,4.7
2015,6,10,1.0,6.2
1953,12,10,1.0,6.4
2022,11,10,1.0,6.7
1998,12,10,2.0,7.2
1946,9,10,1.0,6.0
1965,8,10,1.0,7.1
1990,6,10,1.0,5.6
1954,9,10,1.0,6.4
1954,1,10,1.0,6.0
1962,5,10,1.0,4.5
1956,5,10,1.0,6.5
1945,7,10,1.0,6.7
2001,1,10,2.0,7.7
2020,5,10,1.0,4.7
1975,7,10,1.0,6.2
1924,11,7,1.0,4.2
2001,1,10,1.0,6.2
2005,9,10,1.0,6.7
2011,1,10,1.0,5.8
1942,8,10,1.0,6.7
1932,9,10,1.0,6.6
1970,11,10,2.0,7.4
1954,3,10,1.0,6.2
1965,6,10,1.0,4.6
2004,9,10,1.0,7.0
1954,11,10,1.0,6.5
1984,7,10,1.0,6.8
1951,2,10,1.0,5.0
1942,3,10,1.0,6.1
2013,8,10,1.0,6.7
1971,8,10,1.0,6.4
1960,5,10,1.0,7.0
1982,5,10,1.0,6.0
2018,7,10,1.0,6.4
1998,2,10,1.0,7.2
1995,6,10,1.0,6.6
2009,7,10,1.0,6.3
1967,2,10,1.0,6.1
2005,1,10,1.0,5.2
2004,9,10,1.0,7.1
1930,3,9,3.0,5.8
1923,2,10,1.0,5.7
2002,12,10,1.0,6.4
2007,5,10,1.0,3.7
2023,10,5,2.0,5.6
1975,4,10,2.0,7.4
1985,9,10,1.0,5.7
1949,4,10,1.0,6.2
1948,7,10,1.0,6.0
1986,9,10,1.0,3.6
1948,4,10,1.0,6.0
1964,1,10,57.0,5.3
2020,4,10,1.0,7.4
1938,12,10,1.0,5.8
1969,4,10,1.0,4.9
2008,7,10,1.0,6.6
1971,9,10,1.0,5.9
1961,12,10,2.0,8.0
2000,10,10,2.0,6.7
1968,1,10,1.0,5.2
2025,1,10,1.0,7.3
2009,8,10,1.0,6.9
2017,9,10,2.0,5.4
1937,12,10,1.0,6.5
1924,11,8,1.0,5.7
1984,6,10,1.0,6.9
1931,9,10,1.0,6.5
1975,5,10,1.0,7.3
1931,2,10,1.0,5.7
1937,5,10,1.0,5.2
1920,10,9,1.0,6.9
1944,8,10,1.0,6.3
2022,10,10,1.0,6.7
1947,9,10,1.0,7.0
1945,4,10,1.0,5.7
1992,9,10,1.0,6.2
2009,9,10,1.0,6.2
2004,8,10,2.0,6.6
1982,7,10,1.0,3.4
1987,10,10,1.0,4.7
1956,3,10,1.0,6.7
2006,10,10,1.0,6.8
1999,6,10,1.0,6.4
1951,3,10,1.0,7.2
1965,11,10,1.0,7.1
2006,10,1,1.0,7.4
1967,5,10,1.0,4.6
1962,10,10,1.0,6.2
1961,2,10,2.0,7.2
2004,3,5,2.0,8.0
1927,1,10,1.0,6.2
2024,2,10,1.0,8.8
1953,11,10,1.0,7.4
1950,7,10,1.0,6.9
2006,4,10,1.0,6.4
1982,2,10,1.0,6.5
1938,2,10,1.0,5.9
2008,10,8,1.0,7.9
1985,8,10,1.0,6.7
1950,9,10,1.0,6.9
1949,10,10,1.0,5.8
2022,4,10,1.0,7.2
2003,5,10,2.0,6.7
2002,7,10,2.0,6.1
1957,9,10,1.0,6.3
2019,8,5,2.0,8.2
1960,5,10,1.0,7.0
1992,10,10,1.0,5.1
1924,8,10,1.0,7.0
2018,9,10,1.0,6.7
2007,9,10,1.0,8.2
1934,8,10,1.0,5.0
1975,8,10,1.0,6.9
1945,6,10,1.0,5.8
1985,6,10,2.0,7.5
2007,12,10,1.0,7.5
1995,12,10,1.0,5.2
1972,10,10,1.0,5.9
1986,4,10,1.0,4.2
1936,9,10,2.0,6.6
1981,1,10,1.0,8.1
2013,7,10,1.0,6.0
2003,4,8,1.0,6.1
2013,1,10,1.0,7.5
1964,4,4,1.0,7.1
2021,4,10,1.0,3.3
1922,2,10,1.0,5.4
1989,1,2,2.0,7.6
1961,1,7,1.0,4.5
1968,1,10,1.0,6.3
1938,4,10,1.0,5.6
1997,9,10,1.0,8.1
1981,3,10,1.0,4.9
1962,9,10,1.0,5.2
1937,12,10,1.0,4.5
2017,6,10,1.0,4.2
1929,12,10,2.0,6.8
2014,5,10,2.0,7.0
2019,8,5,1.0,6.8
1941,6,10,4.0,6.7
1995,9,10,2.0,5.8
1936,10,10,1.0,6.3
2000,5,10,1.0,6.0
1957,11,10,1.0,4.8
2017,4,10,1.0,5.9
1944,5,10,1.0,3.1
1992,12,10,1.0,5.0
1945,12,10,1.0,6.3
1991,2,10,1.0,6.5
1970,11,10,1.0,5.9
1938,1,10,59.0,4.8
2005,7,10,2.0,6.3
1989,6,10,1.0,5.3
1969,4,10,1.0,4.7
2000,10,10,1.0,6.2
2022,7,10,1.0,7.6
1938,12,10,57.0,5.0
2025,3,10,1.0,7.3
1967,6,10,1.0,7.2
1931,3,10,1.0,5.7
1944,12,10,1.0,4.9
1920,11,10,1.0,6.1
1963,6,10,1.0,5.3
1921,9,10,5.0,6.7
1936,8,10,1.0,5.6
2020,8,10,2.0,6.7
1959,5,10,1.0,6.0
1954,2,10,1.0,7.1
1964,7,5,1.0,6.5
1937,8,10,1.0,6.8
1955,5,10,1.0,5.9
1969,9,10,1.0,5.2
1993,11,10,1.0,7.2
2019,10,10,1.0,5.4
1999,2,10,1.0,7.6
2021,3,10,4.0,7.9
1993,10,10,1.0,7.1
2019,8,10,1.0,7.1
1994,3,10,1.0,5.3
1971,11,10,1.0,6.7
2015,2,10,2.0,7.4
1951,1,10,1.0,6.1
1938,9,10,1.0,7.5
1954,3,10,1.0,6.9
1936,5,10,1.0,5.8
2011,2,10,1.0,5.7
2024,9,2,1.0,9.1
1927,11,10,1.0,5.9
1949,5,10,1.0,6.0
1980,9,10,1.0,5.3
1955,9,10,1.0,6.4
1982,5,10,1.0,6.2
2009,4,10,1.0,6.3
2008,2,10,1.0,5.2
1962,10,10,1.0,6.8
2005,8,10,1.0,5.5
1988,7,10,1.0,6.9
2002,8,10,2.0,5.1
2019,10,10,1.0,6.4
2017,2,10,1.0,6.3
1939,2,10,1.0,7.2
1944,4,10,1.0,6.7
1988,3,10,2.0,3.7
1954,12,10,1.0,5.5
2012,9,10,1.0,7.1
1988,7,10,2.0,7.5
1998,5,10,2.0,6.3
2018,3,10,2.0,3.3
2005,8,10,2.0,6.3
2003,6,10,1.0,6.4
1947,9,10,1.0,7.6
1953,3,10,1.0,6.0
1962,5,10,1.0,7.0
2011,7,10,1.0,7.4
2014,8,10,2.0,6.7
1956,10,10,1.0,4.6
1946,9,10,1.0,6.1
2005,9,10,1.0,6.4
2022,2,10,1.0,6.8
1953,5,10,1.0,6.0
2003,7,10,1.0,5.1
1972,8,10,1.0,4.3
1953,1,10,2.0,6.6
1982,9,10,2.0,2.9
1931,2,10,1.0,6.6
2023,5,10,1.0,7.1
1968,10,10,1.0,6.1
1961,5,10,1.0,7.1
2019,4,9,1.0,5.7
1991,12,10,1.0,5.7
1936,11,10,1.0,5.3
2020,3,10,1.0,6.5
1958,8,10,1.0,5.2
1988,6,10,2.0,5.0
1920,10,6,57.0,5.7
1987,6,4,1.0,7.1
1925,12,10,1.0,7.0
1946,10,10,1.0,4.8
1947,3,10,1.0,6.5
1977,5,10,1.0,5.7
2016,2,10,2.0,7.1
1960,6,10,1.0,4.1
1987,5,10,1.0,3.7
2019,10,10,2.0,6.3
1958,2,10,2.0,6.6
1983,3,10,1.0,6.2
1995,1,10,1.0,8.1
1944,10,10,1.0,7.8
1950,1,10,1.0,4.6
1991,5,10,1.0,7.2
1978,8,10,2.0,6.7
1995,7,10,1.0,6.0
1944,8,10,57.0,5.9
1984,2,10,1.0,4.9
2020,6,10,1.0,6.3
2024,3,10,1.0,6.8
1938,8,10,1.0,6.3
1931,7,10,1.0,6.0
1963,4,10,1.0,6.2
1931,10,10,1.0,7.5
1958,4,10,1.0,5.3
1982,4,10,1.0,3.2
2014,5,10,1.0,5.6
1961,1,10,1.0,6.1
2002,2,10,1.0,5.8
1993,9,10,1.0,5.2
2015,12,10,2.0,6.6
2004,5,10,1.0,7.6
2003,2,10,2.0,6.5
1935,8,10,1.0,4.5
1942,4,10,1.0,6.7
1949,1,9,49.0,6.6
2014,5,10,1.0,6.2
1971,1,10,1.0,4.9
2010,8,10,1.0,7.0
1959,1,10,2.0,7.8
1990,2,8,1.0,4.7
1942,12,10,1.0,6.3
2012,1,10,1.0,4.6
1953,7,10,1.0,6.0
2010,3,10,1.0,8.1
1938,8,10,1.0,6.9
1927,1,5,1.0,6.3
1923,3,6,1.0,5.1
1951,11,10,1.0,6.9
1953,6,10,1.0,7.4
1989,11,10,1.0,7.3
1988,10,10,1.0,6.9
1986,3,3,1.0,7.2
1959,12,10,1.0,7.6
1948,1,8,1.0,7.9
1994,3,1,1.0,8.1
2009,8,10,2.0,6.7
1958,9,5,1.0,5.2
1938,7,10,59.0,6.1
1954,11,10,1.0,6.5
1978,10,10,1.0,7.3
1998,10,10,1.0,7.1
1971,10,10,2.0,7.3
1943,12,10,2.0,6.8
1974,4,10,1.0,7.0
2012,7,10,2.0,6.2
1967,11,10,1.0,5.4
2009,2,10,2.0,6.4
1955,9,10,1.0,6.1
1964,2,10,1.0,7.1
1983,8,10,1.0,4.5
1976,9,10,1.0,6.7
1996,1,10,1.0,6.1
1992,10,10,1.0,5.2
1957,5,10,1.0,6.2
1982,12,10,2.0,7.7
2006,7,10,1.0,7.0
1974,9,10,1.0,3.2
1998,5,10,1.0,6.5
1999,4,10,1.0,5.8
1976,6,10,1.0,5.7
1949,5,10,1.0,6.4
1958,10,10,1.0,6.5
1948,8,10,1.0,6.5
1970,8,10,1.0,5.7
1932,1,10,1.0,6.9
2019,8,10,2.0,8.8
1978,11,10,1.0,5.0
1933,2,10,1.0,6.5
1940,12,10,1.0,6.5
1998,11,10,1.0,6.4
2009,8,10,2.0,8.4
1987,7,10,1.0,4.7
2018,2,10,1.0,6.5
1932,4,10,1.0,8.2
2007,1,10,2.0,7.5
1991,11,10,1.0,5.2
1976,6,10,1.0,7.5
1922,3,10,1.0,5.7
1991,11,10,1.0,5.3
1971,10,6,1.0,5.1
2001,10,10,2.0,5.7
1958,7,10,1.0,5.2
1974,11,10,1.0,6.5
1947,5,10,1.0,6.3
1968,1,10,2.0,7.7
2011,2,10,1.0,6.8
1996,9,10,1.0,7.0
1965,2,9,1.0,6.7
1947,11,10,1.0,7.4
1964,3,10,1.0,5.4
2025,1,9,1.0,7.2
1953,1,10,1.0,5.1
1986,7,10,1.0,4.7
2025,1,10,2.0,7.4
2003,9,10,1.0,6.7
1947,2,10,1.0,2.6
2013,9,10,1.0,6.3
2008,7,10,2.0,7.2
2017,9,10,1.0,5.6
1977,6,10,1.0,4.2
1953,6,10,1.0,6.5
1976,1,10,1.0,5.5
1962,7,10,1.0,5.9
1968,5,10,1.0,5.2
1979,11,10,1.0,5.6
1927,12,8,45.0,7.1
1981,9,10,1.0,6.6
1989,10,10,5.0,7.7
1988,8,10,2.0,7.0
2011,4,10,1.0,5.1
2013,10,10,1.0,5.9
1957,5,10,1.0,6.4
1921,9,10,50.0,5.3
2007,1,10,1.0,6.7
2011,11,10,1.0,5.8
2024,2,10,1.0,7.0
1970,8,10,1.0,4.4
1977,9,10,1.0,5.6
1992,11,10,1.0,5.8
1968,9,10,2.0,6.8
1951,5,7,1.0,6.5
2004,9,10,2.0,7.3
1934,11,10,58.0,5.3
1974,11,10,1.0,3.1
1937,8,10,1.0,5.7
1986,5,10,1.0,6.6
1957,6,10,1.0,5.2
1967,12,10,25.0,6.1
1966,12,10,1.0,7.0
1994,9,2,1.0,7.2
2015,3,10,1.0,7.1
1923,4,10,1.0,8.1
2002,10,10,1.0,5.9
1985,9,10,1.0,5.5
2002,2,10,2.0,6.4
2019,10,10,1.0,7.3
2020,9,2,1.0,8.1
2002,11,10,1.0,5.4
2021,8,10,1.0,7.2
1949,6,10,1.0,6.6
1977,9,10,1.0,6.1
1961,2,10,1.0,6.4
2014,3,10,1.0,7.7
1932,10,10,1.0,6.0
1935,2,10,1.0,5.7
1947,3,10,54.0,6.0
1948,9,10,1.0,6.2
1986,12,10,1.0,5.9
1952,9,10,1.0,7.6
1981,9,10,1.0,6.8
1996,1,10,1.0,6.9
1936,2,10,55.0,5.6
1975,1,7,2.0,6.7
1957,8,10,1.0,5.9
1985,11,10,1.0,4.0
1944,12,10,2.0,6.6
1940,6,10,1.0,6.5
1920,11,9,50.0,5.4
1995,9,10,1.0,5.0
1957,8,10,1.0,7.7
1975,9,10,1.0,5.3
1983,9,10,1.0,5.7
1976,2,10,2.0,7.6
2003,8,10,1.0,4.9
1999,4,9,1.0,4.5
1990,9,10,1.0,6.4
1948,6,10,1.0,6.3
2021,8,10,1.0,6.3
2006,2,10,1.0,2.8
1958,7,10,1.0,7.0
2004,10,10,1.0,6.3
1963,4,10,1.0,3.9
2008,2,10,1.0,6.5
2009,12,10,1.0,3.8
1939,4,10,1.0,6.8
1994,12,10,1.0,7.2
1926,12,4,1.0,3.3
2023,10,1,1.0,7.0
1994,7,10,1.0,6.5
2025,3,8,1.0,8.6
1961,9,10,1.0,5.7
2011,3,2,1.0,6.9
1980,8,10,1.0,3.8
1982,2,10,1.0,4.9
2015,10,10,1.0,6.5
1987,9,10,1.0,5.9
1958,9,10,2.0,6.7
2017,10,10,1.0,4.0
1963,7,10,1.0,5.1
1956,9,10,1.0,5.7
1992,11,10,1.0,7.1
1976,9,10,1.0,5.0
1943,3,10,1.0,7.5
1978,3,7,1.0,4.3
1996,11,10,1.0,7.3
1937,6,10,1.0,5.7
1998,8,10,1.0,4.1
2025,2,10,1.0,6.6
2009,4,10,1.0,6.9
1955,10,10,1.0,8.5
1995,9,10,1.0,5.5
2006,10,10,1.0,6.8
2023,1,10,1.0,6.0
1953,9,10,1.0,5.8
2017,2,10,1.0,4.6
2009,2,10,1.0,6.1
1988,7,10,1.0,5.9
1967,7,9,55.0,7.1
1943,8,10,1.0,5.5
1936,2,10,1.0,6.3
2006,11,10,1.0,7.0
1971,10,10,1.0,5.6
1990,11,10,1.0,4.6
1930,12,10,1.0,6.4
1967,9,5,1.0,5.1
1922,5,8,50.0,6.5
1992,9,4,1.0,7.8
1994,8,10,1.0,4.6
1993,2,10,1.0,4.8
1930,9,10,1.0,7.0
1944,9,10,1.0,5.9
1973,9,10,1.0,8.0
2007,3,10,2.0,6.2
1975,8,10,1.0,7.0
2020,11,10,1.0,5.4
1943,4,10,1.0,6.6
1980,10,10,1.0,6.0
2007,8,10,1.0,6.7
1979,7,10,1.0,7.0
1928,6,10,1.0,6.0
1967,4,10,1.0,5.0
1939,6,10,1.0,6.5
1956,6,10,2.0,7.4
1997,7,10,1.0,8.0
2015,3,10,1.0,6.6
2023,6,10,2.0,6.0
2004,10,10,1.0,7.5
1932,3,10,1.0,6.4
1993,1,10,1.0,4.4
1958,3,10,1.0,7.3
1983,8,10,1.0,6.1
1968,1,10,1.0,7.4
2012,3,10,1.0,6.6
1934,11,10,1.0,6.3
1967,8,10,1.0,5.9
1981,1,10,1.0,6.7
1986,6,10,1.0,6.5
2002,11,10,1.0,6.9
2013,12,10,1.0,1.6
1941,8,10,1.0,6.9
1970,5,10,1.0,5.5
1994,3,10,1.0,1.7
1921,12,10,1.0,6.5
1963,6,2,48.0,6.7
2002,10,10,1.0,6.6
2011,10,10,1.0,4.6
2018,6,10,1.0,6.9
1976,9,10,1.0,7.7
2012,2,10,1.0,5.8
1940,2,10,1.0,7.2
1996,11,10,1.0,5.8
1961,11,10,1.0,5.4
1957,5,8,1.0,6.8
2002,9,5,2.0,3.1
1988,3,10,1.0,6.1
1983,2,10,1.0,6.4
1961,2,10,1.0,7.5
1990,2,10,1.0,6.8
1941,10,7,1.0,7.1
1925,9,10,1.0,7.5
1976,7,10,1.0,5.8
1941,1,10,1.0,6.2
1996,4,10,1.0,6.0
1991,2,10,2.0,5.5
1955,4,10,1.0,6.4
2016,7,8,1.0,5.3
2001,1,10,1.0,5.1
2000,4,10,1.0,6.1
2001,12,10,1.0,6.2
1970,8,10,1.0,4.3
1958,5,10,1.0,6.7
2018,3,10,1.0,5.9
1981,5,10,2.0,7.2
1985,3,10,1.0,7.7
1974,9,10,1.0,6.2
1936,2,10,1.0,7.2
1978,9,10,1.0,7.7
1990,2,10,1.0,6.6
1981,7,10,1.0,5.2
2022,11,10,1.0,6.5
2021,1,10,1.0,7.5
1958,2,10,1.0,4.3
2000,6,8,1.0,7.3
1974,4,2,1.0,7.9
2013,9,10,1.0,2.7
1935,6,10,1.0,6.8
2005,9,10,1.0,7.8
1940,9,10,1.0,3.8
1953,6,10,2.0,7.2
1987,1,7,1.0,8.0
1971,11,10,1.0,4.9
1999,5,10,1.0,5.8
1963,4,10,1.0,8.0
1984,7,10,1.0,5.8
2022,3,10,1.0,6.5
2025,2,10,1.0,8.1
1999,11,10,1.0,5.8
1950,5,10,1.0,8.0
1939,12,10,1.0,6.2
1986,8,7,1.0,4.8
1998,3,10,1.0,6.4
1958,10,10,1.0,7.0
1955,12,10,2.0,6.7
1982,11,10,1.0,6.7
2008,4,10,1.0,7.6
1928,8,10,1.0,5.4
2006,5,10,1.0,6.8
1969,1,10,1.0,6.1
1949,10,10,1.0,6.1
2019,8,10,1.0,6.1
1941,7,10,50.0,5.4
1940,12,10,1.0,7.1
1956,11,10,1.0,4.7
1921,5,9,50.0,4.1
1996,10,10,1.0,5.4
1959,11,10,1.0,5.6
1981,9,10,1.0,3.3
2004,5,10,1.0,6.4
1984,6,10,1.0,5.1
1992,1,1,2.0,7.4
2010,9,10,1.0,5.7
2007,6,10,1.0,5.3
1996,9,10,1.0,3.7
2002,7,10,1.0,6.0
1959,8,10,1.0,7.1
1953,9,10,1.0,6.6
1968,9,10,1.0,7.0
1981,9,10,1.0,5.3
2018,2,10,1.0,6.7
1970,10,10,1.0,6.4
1940,11,10,1.0,6.2
1966,2,10,1.0,7.6
2025,2,10,1.0,6.3
1970,1,10,1.0,5.7
1954,1,10,1.0,6.0
1955,1,10,1.0,7.4
2017,7,1,1.0,7.5
1952,3,10,1.0,6.2
1947,12,10,1.0,5.5
1951,11,10,1.0,6.2
1932,3,10,1.0,8.4
1976,5,10,1.0,5.9
1940,4,10,1.0,6.6
1925,12,10,55.0,6.4
1927,3,10,2.0,8.3
1976,6,10,1.0,6.8
2002,11,10,2.0,8.0
2011,10,10,1.0,7.5
1972,9,4,1.0,5.7
1996,11,10,1.0,5.4
1986,5,10,1.0,5.2
2001,3,10,1.0,6.4
1966,2,10,1.0,7.2
1972,1,10,2.0,7.6
2024,9,10,1.0,6.3
2014,10,10,1.0,7.8
1994,6,10,1.0,6.3
1976,9,10,1.0,5.8
2020,1,10,1.0,6.3
1977,5,10,1.0,5.6
1940,8,10,1.0,7.0
1970,11,10,1.0,7.9
1930,12,10,1.0,5.1
1953,10,10,1.0,3.8
2003,12,10,3.0,9.0
1942,1,10,1.0,5.7
1982,6,10,1.0,4.9
2019,12,10,2.0,7.4
1969,8,10,1.0,4.8
1983,6,8,1.0,4.3
2002,1,10,1.0,5.4
2000,12,10,1.0,6.8
2011,1,10,1.0,5.9
1923,9,10,1.0,5.8
1935,3,10,1.0,6.7
1941,2,10,1.0,5.8
2018,10,10,2.0,6.8
1997,10,10,2.0,7.0
2023,7,10,1.0,6.1
1953,7,10,1.0,5.9
1993,7,10,1.0,5.2
1997,4,10,1.0,4.1
2001,2,10,1.0,5.9
2002,7,3,1.0,7.2
1931,2,10,1.0,5.5
2019,7,10,2.0,7.1
1955,3,10,1.0,7.0
1970,6,10,2.0,6.4
2014,4,10,1.0,6.3
1941,12,10,1.0,6.3
2001,11,10,2.0,7.3
1941,4,10,1.0,6.6
1925,3,10,1.0,5.9
1938,5,10,1.0,5.6
2004,3,9,1.0,7.0
1931,12,10,1.0,4.9
1960,2,10,1.0,6.8
1981,1,10,1.0,5.6
2025,1,10,2.0,7.6
1983,9,10,2.0,7.7
2024,8,10,1.0,6.8
1978,1,10,1.0,5.9
1944,5,10,1.0,4.3
1972,6,10,1.0,5.2
1961,10,10,1.0,6.6
1961,5,10,1.0,5.5
1966,12,10,1.0,7.2
1948,9,10,1.0,6.8
1993,10,10,1.0,4.6
1936,2,10,1.0,6.5
1963,1,10,1.0,6.1
1931,8,9,1.0,5.2
1979,3,10,1.0,4.4
1930,5,10,2.0,7.1
1951,12,10,1.0,6.2
2020,9,10,1.0,5.8
1950,11,10,1.0,6.2
1964,9,10,1.0,7.0
2008,9,10,1.0,7.3
1975,3,10,1.0,5.9
1994,6,10,1.0,6.7
1942,10,10,1.0,6.6
1982,9,10,1.0,4.9
2020,10,10,2.0,7.7
1984,12,10,1.0,6.5
1977,7,10,1.0,6.7
1999,4,10,1.0,7.6
1960,2,10,1.0,5.4
1983,1,7,1.0,5.5
1989,7,10,1.0,5.9
1935,3,10,1.0,6.8
2010,3,1,1.0,6.4
1924,1,10,1.0,4.5
1960,9,10,1.0,6.2
1963,3,10,1.0,7.4
2020,12,4,1.0,4.6
1977,12,10,1.0,7.2
1934,11,10,1.0,5.9
2003,6,10,1.0,7.3
2015,9,10,2.0,5.9
1935,8,10,1.0,6.8
1943,2,10,1.0,6.4
1974,1,10,1.0,6.1
2013,11,10,2.0,8.1
2021,12,10,1.0,5.8
2005,9,10,1.0,7.5
1955,3,10,1.0,6.7
1948,8,10,1.0,6.5
2008,1,10,1.0,5.9
1945,8,10,1.0,6.2
2025,3,10,2.0,7.1
2003,5,10,1.0,7.4
1924,11,7,1.0,5.8
2008,12,10,1.0,6.5
1969,4,10,1.0,5.2
1956,5,10,1.0,5.5
1960,6,10,2.0,6.2
1985,1,10,2.0,7.3
1920,10,10,50.0,5.8
2005,10,10,1.0,5.4
1931,5,10,1.0,5.7
1936,11,10,1.0,6.6
1991,8,10,1.0,6.9
1957,3,10,1.0,5.7
1926,2,5,1.0,6.4
1962,11,10,1.0,7.2
1998,7,10,1.0,4.6
1946,9,10,1.0,6.9
1938,6,10,1.0,6.7
2006,7,10,1.0,6.1
2013,4,10,1.0,5.6
1944,6,10,1.0,6.3
1963,1,10,2.0,8.1
1956,6,10,1.0,6.4
2012,10,10,1.0,6.1
2013,4,10,2.0,7.0
2002,12,10,1.0,5.9
1954,9,10,1.0,5.3
1964,12,10,1.0,3.4
1966,1,10,3.0,8.1
1935,10,10,1.0,6.1
1971,9,10,1.0,5.4
1930,12,8,1.0,4.9
2015,1,8,1.0,6.9
1944,6,10,1.0,7.5
1995,4,10,1.0,7.7
2019,1,10,1.0,7.0
1973,8,10,2.0,6.7
1938,12,10,1.0,5.8
1928,11,10,1.0,6.6
2009,7,10,1.0,5.1
1956,1,10,1.0,5.8
1954,8,10,1.0,6.3
1943,5,10,1.0,5.8
2025,2,10,2.0,7.8
1969,2,10,1.0,7.3
2017,8,10,1.0,6.8
1973,3,10,1.0,6.2
2003,12,10,1.0,5.3
1956,10,10,1.0,4.6
1942,9,10,56.0,6.1
1986,5,10,1.0,5.7
1952,8,10,1.0,7.4
1961,6,10,1.0,6.9
1926,5,9,1.0,6.2
1933,11,10,1.0,7.5
1987,12,10,1.0,7.6
1930,2,10,1.0,4.1
1998,4,10,1.0,6.5
1962,7,10,1.0,7.8
1996,4,10,2.0,4.5
2004,11,1,1.0,5.7
1956,12,10,1.0,5.3
2008,4,10,1.0,6.6
1935,9,10,1.0,7.1
1950,7,10,1.0,6.0
2010,9,10,1.0,5.9
1954,8,10,1.0,7.3
2018,6,10,2.0,6.7
1920,10,8,1.0,5.2
2010,6,10,1.0,6.7
1959,9,10,1.0,6.8
1997,3,6,1.0,4.6
1996,8,10,1.0,3.6
2014,6,10,1.0,6.7
1937,10,10,4.0,6.9
1967,9,10,1.0,5.4
1959,11,10,1.0,6.5
1992,1,10,1.0,6.7
1979,6,10,1.0,4.6
2011,6,10,2.0,6.1
1999,2,10,2.0,6.5
1951,8,10,53.0,6.2
1953,5,10,1.0,6.6
1937,2,10,1.0,5.5
2012,5,10,1.0,5.8
1954,6,10,1.0,6.1
1953,12,10,1.0,5.7
1953,5,10,1.0,4.1
2011,10,10,1.0,6.7
1942,5,10,1.0,6.8
1984,9,10,1.0,4.9
1948,3,10,1.0,7.1
1970,7,10,1.0,6.2
2016,5,10,1.0,7.4
1985,9,10,1.0,4.5
2007,8,10,1.0,4.5
2012,10,10,2.0,7.7
1929,7,8,1.0,5.9
1946,1,10,1.0,7.1
1955,9,10,1.0,5.7
1968,3,10,1.0,6.4
1990,5,10,1.0,5.0
1960,8,10,1.0,7.0
1939,4,10,1.0,6.3
1978,10,10,1.0,7.1
2013,1,10,1.0,5.1
2016,11,10,2.0,8.0
1987,2,10,1.0,2.1
1947,10,10,1.0,6.6
2017,6,10,1.0,6.9
1971,7,10,1.0,5.1
1970,6,10,1.0,5.6
2011,9,10,1.0,6.0
2024,2,10,2.0,5.9
1982,8,8,2.0,6.4
1985,4,10,1.0,6.6
1991,10,3,50.0,6.9
1986,10,10,1.0,3.2
1930,9,10,1.0,5.4
2006,4,6,1.0,4.6
2003,4,10,1.0,5.5
1963,8,10,1.0,5.6
2024,7,10,2.0,6.2
2015,7,10,2.0,6.7
1982,9,10,1.0,6.5
1969,9,10,1.0,6.0
1989,5,10,2.0,8.2
1994,7,10,1.0,3.7
2023,6,10,2.0,7.2
1941,2,10,56.0,5.9
1976,2,10,1.0,4.9
1984,5,8,1.0,5.0
1964,2,10,1.0,6.8
1989,11,10,1.0,5.5
1971,6,8,1.0,5.9
1940,3,8,1.0,5.4
1957,12,10,1.0,5.4
1958,5,10,1.0,5.7
2003,8,10,1.0,6.3
1937,1,10,1.0,6.4
2016,7,10,1.0,6.3
1960,2,10,1.0,6.9
1930,7,10,1.0,6.0
2010,6,10,2.0,7.0
1962,5,10,2.0,8.7
1985,12,10,1.0,5.2
1963,8,10,1.0,6.3
1936,4,10,1.0,6.7
1960,1,10,2.0,6.8
1965,9,10,1.0,3.4
1985,9,10,1.0,6.6
2022,11,10,2.0,6.8
1955,5,10,1.0,4.7
2001,6,10,1.0,5.3
1984,8,10,1.0,4.4
1932,10,10,1.0,6.3
1939,8,10,1.0,7.3
1986,8,10,1.0,8.1
2011,8,10,1.0,6.0
2022,5,10,1.0,7.0
1997,6,10,2.0,6.6
1935,6,10,58.0,5.9
1967,7,10,1.0,5.3
1928,9,9,1.0,6.2
1964,10,10,2.0,6.6
1943,10,10,1.0,5.1
1997,6,10,1.0,4.8
1982,6,10,1.0,7.3
2001,6,10,1.0,5.9
1944,7,10,2.0,7.1
1974,6,10,1.0,6.9
1963,1,10,2.0,7.7
1920,11,9,1.0,7.2
1994,8,10,1.0,6.2
1997,1,10,1.0,5.2
1978,4,10,1.0,6.4
1957,2,1,1.0,4.9
2001,10,10,1.0,7.8
1963,12,10,2.0,5.5
1974,12,10,1.0,5.6
2005,5,10,1.0,5.3
1948,4,10,1.0,7.5
1927,11,10,1.0,5.1
1945,9,10,1.0,5.8
1965,9,10,1.0,5.6
2018,9,10,1.0,7.1
1937,2,10,1.0,6.3
2003,2,6,1.0,7.9
2001,8,10,1.0,3.9
1981,1,10,1.0,3.7
1974,5,10,1.0,6.0
1963,11,10,1.0,6.0
1928,6,6,58.0,5.5
1956,1,10,1.0,6.0
2002,9,10,1.0,5.1
1962,2,10,1.0,1.9
1983,3,10,1.0,5.1
1992,9,10,1.0,4.5
1971,9,10,1.0,6.5
1928,12,10,1.0,6.2
1993,9,10,3.0,4.5
1952,8,10,1.0,6.4
1979,5,10,2.0,7.1
2011,9,10,1.0,7.0
1946,10,10,1.0,6.4
1990,10,10,1.0,5.9
1972,9,10,1.0,4.9
1987,7,10,1.0,7.6
2021,6,10,1.0,4.9
2002,8,10,1.0,6.1
1995,4,10,1.0,5.5
2005,9,10,1.0,4.2
2019,3,1,1.0,6.6
1923,12,10,1.0,6.9
1971,12,10,1.0,7.5
2000,7,10,1.0,6.3
1940,9,10,1.0,6.1
1963,12,10,1.0,7.1
1967,8,9,1.0,5.8
1980,7,10,1.0,6.7
2001,10,10,2.0,7.4
1980,8,10,1.0,5.8
2015,5,10,1.0,6.2
1964,3,10,1.0,7.4
2006,2,10,1.0,5.2
1991,9,10,1.0,6.1
1961,2,10,1.0,6.8
1990,6,10,1.0,5.9
1960,9,10,1.0,6.8
1952,10,10,1.0,5.5
2018,4,10,1.0,7.3
1966,6,10,1.0,5.8
2016,8,10,1.0,4.5
2007,7,10,1.0,7.7
2002,10,10,2.0,6.3
1950,7,10,1.0,6.1
1953,10,10,1.0,6.0
1958,10,10,1.0,5.9
1938,8,10,1.0,5.8
1975,2,10,1.0,6.9
1952,12,10,1.0,7.1
1983,12,10,2.0,5.4
1939,2,10,58.0,6.1
1989,5,10,1.0,6.7
1920,9,9,50.0,4.7
1932,10,10,1.0,7.0
1933,12,10,1.0,6.1
1949,1,10,1.0,6.1
1953,8,10,1.0,7.6
2011,8,10,1.0,6.0
2011,3,10,1.0,5.4
1935,1,10,1.0,6.2
1944,5,10,1.0,5.9
1977,1,10,1.0,6.2
1945,10,10,2.0,8.3
1934,6,10,1.0,5.8
2022,12,10,2.0,6.3
2013,2,10,1.0,7.2
1981,3,10,1.0,7.0
1946,9,10,1.0,5.7
1957,6,10,1.0,3.3
1934,11,8,55.0,7.0
1974,11,10,1.0,5.9
1998,11,10,1.0,6.3
2002,1,10,1.0,6.7
1962,9,10,1.0,5.0
1940,2,10,1.0,6.1
2012,5,10,1.0,6.8
1999,11,10,1.0,5.0
1958,9,10,1.0,5.9
1930,4,10,1.0,6.6
1952,6,10,1.0,6.3
2017,8,9,2.0,7.0
2011,3,10,1.0,6.4
2023,12,10,2.0,7.0
1940,10,10,1.0,7.3
1922,1,10,1.0,6.6
1993,7,10,1.0,5.1
1926,6,10,1.0,6.5
1933,2,7,1.0,6.8
2022,12,10,3.0,7.5
1959,7,10,2.0,7.1
1987,10,10,1.0,7.0
1981,3,10,1.0,5.5
1975,2,10,1.0,5.8
1943,4,10,1.0,6.1
1928,9,10,1.0,5.4
1987,9,10,1.0,4.8
1953,9,10,1.0,5.1
1985,11,10,2.0,7.7
2019,3,10,1.0,6.3
1993,5,10,1.0,5.2
1987,1,10,1.0,5.4
1976,6,10,1.0,4.3
1989,10,10,1.0,4.2
1996,3,10,1.0,7.8
1978,2,10,1.0,5.1
1975,5,10,2.0,6.4
1959,12,10,1.0,6.6
1948,2,10,1.0,6.4
1977,9,10,1.0,5.9
1996,3,10,1.0,7.0
1992,12,10,1.0,7.8
2012,2,8,1.0,7.4
1970,1,7,56.0,3.4
2007,2,10,1.0,5.6
1927,10,10,1.0,5.7
1959,4,10,3.0,7.4
1998,4,10,1.0,5.8
1952,7,10,1.0,6.5
1976,11,10,1.0,4.8
2019,7,10,1.0,6.0
1961,6,10,1.0,5.2
2005,5,10,2.0,6.6
1930,6,10,1.0,5.8
1958,1,10,1.0,5.8
1920,3,10,1.0,3.6
1956,11,10,1.0,6.0
1950,1,10,1.0,7.4
1979,7,10,2.0,6.6
1989,5,10,1.0,4.1
1988,11,10,1.0,7.4
2017,9,10,1.0,6.7
1938,7,10,1.0,7.0
1949,12,10,1.0,6.5
1942,9,10,4.0,6.7
1952,10,10,1.0,6.1
1989,11,10,1.0,7.0
1950,10,10,1.0,6.1
1924,4,8,50.0,6.6
1992,6,10,1.0,6.9
2000,6,10,1.0,6.7
1920,9,10,1.0,6.2
2010,6,10,1.0,6.2
1948,3,10,1.0,6.3
2004,10,10,2.0,7.7
1999,12,10,1.0,5.4
1964,5,10,1.0,6.4
2012,5,10,1.0,2.3
1987,9,10,1.0,4.4
2016,6,10,1.0,7.5
1957,7,10,1.0,7.4
1959,7,10,1.0,4.6
2005,6,10,1.0,4.9
1984,10,10,1.0,8.1
2011,2,10,1.0,6.4
2022,11,10,1.0,5.9
1952,1,10,1.0,5.1
1983,1,7,1.0,5.0
1936,4,8,1.0,6.9
1947,5,10,1.0,6.4
1981,9,10,1.0,7.5
1988,5,10,1.0,6.8
2015,11,10,1.0,6.6
1951,6,10,1.0,5.4
1967,6,10,1.0,6.0
1990,8,10,2.0,6.1
1965,8,10,1.0,4.6
2011,2,10,1.0,5.4
1959,10,10,1.0,6.3
1948,1,10,1.0,7.2
1994,3,10,1.0,6.4
1937,2,10,1.0,6.4
1972,3,10,1.0,6.8
1998,3,10,1.0,6.5
2000,10,10,2.0,7.2
1980,3,10,2.0,5.6
1940,12,10,1.0,6.3
2007,1,10,1.0,5.8
2010,7,10,1.0,7.6
2008,10,10,1.0,4.0
1978,7,10,1.0,6.8
1949,5,10,4.0,5.9
1967,12,10,1.0,6.5
2007,2,10,3.0,6.8
1967,4,10,1.0,6.1
1996,9,8,1.0,4.8
1930,8,10,1.0,5.1
1924,1,9,59.0,5.4
1993,2,10,1.0,6.4
2019,9,10,1.0,7.5
1956,11,10,1.0,6.9
2022,5,10,51.0,6.2
1994,3,4,1.0,7.0
1975,9,10,1.0,5.1
2010,8,10,1.0,5.6
1966,9,10,1.0,5.5
1966,1,10,1.0,6.6
2025,2,10,1.0,5.4
2014,4,10,1.0,4.1
1925,6,10,1.0,7.1
1968,7,10,1.0,4.7
1945,6,10,1.0,6.6
1989,1,10,1.0,3.7
2018,4,10,1.0,5.5
1956,5,10,1.0,6.2
1938,9,10,1.0,8.1
1964,1,10,2.0,6.2
1965,2,10,1.0,4.9
1964,6,10,1.0,3.4
1955,1,10,1.0,6.7
1975,1,10,1.0,4.5
1989,5,10,1.0,4.7
1958,10,10,1.0,5.5
2005,3,10,1.0,7.4
2014,4,10,1.0,6.1
1971,8,10,1.0,2.3
2009,1,10,1.0,6.4
1966,4,10,1.0,6.2
1945,10,10,1.0,6.2
2022,3,9,1.0,6.3
2013,10,10,2.0,6.5
2008,10,10,1.0,6.7
1950,10,10,1.0,6.8
1934,2,10,1.0,6.3
2007,7,10,1.0,4.6
1997,1,10,1.0,5.0
1969,5,10,1.0,6.2
1981,10,10,1.0,5.9
1928,3,7,1.0,3.8
2009,5,10,1.0,5.8
1995,10,10,1.0,6.5
1950,1,10,1.0,6.6
1983,11,10,2.0,5.8
2003,6,10,1.0,5.9
1996,10,10,1.0,5.6
1950,2,10,1.0,6.6
1938,4,10,1.0,6.2
1940,3,10,1.0,5.7
1939,9,10,1.0,6.1
1951,8,10,1.0,6.9
1928,10,10,1.0,6.5
2009,7,10,1.0,6.9
1956,3,10,1.0,5.6
2011,11,10,1.0,5.3
1938,12,10,1.0,7.6
2016,5,10,1.0,6.2
1968,11,10,2.0,8.1
1996,3,10,1.0,5.1
1987,1,10,1.0,5.5
1940,5,10,56.0,6.0
1931,10,10,59.0,4.1
1931,9,10,1.0,7.4
2017,3,10,2.0,7.5
1985,10,10,1.0,5.7
1985,9,10,2.0,4.8
1992,10,10,1.0,7.4
1942,9,10,1.0,6.1
1948,8,10,1.0,6.8
2019,8,10,1.0,7.6
2003,8,10,1.0,6.1
1946,12,10,1.0,5.9
1925,11,7,1.0,4.9
1940,5,10,1.0,6.7
2015,7,10,1.0,5.2
1991,1,10,1.0,5.2
1949,2,10,1.0,6.5
2007,6,10,1.0,6.4
2024,8,10,1.0,5.7
2008,12,10,1.0,7.5
1995,6,10,1.0,5.3
1965,6,10,1.0,5.1
2024,11,10,1.0,5.1
1927,6,9,1.0,6.9
2010,6,10,1.0,6.7
2016,10,3,1.0,5.8
1951,4,10,1.0,7.0
1964,1,10,1.0,5.6
1922,10,10,2.0,5.3
1984,11,10,1.0,5.9
2000,3,10,1.0,7.5
1984,10,10,1.0,7.4
2007,6,10,1.0,6.0
1967,6,10,1.0,4.7
1960,2,10,1.0,7.4
2011,8,10,1.0,7.0
1986,5,10,2.0,7.3
2013,7,10,2.0,5.8
1934,4,10,55.0,5.1
1951,5,10,1.0,5.1
1995,4,10,1.0,4.3
1969,10,10,2.0,6.2
2007,4,10,1.0,6.9
1973,11,10,1.0,5.1
1960,7,10,1.0,6.7
1969,9,10,1.0,5.0
1929,8,8,1.0,6.4
1969,12,10,2.0,7.1
1964,3,10,1.0,7.3
1999,6,10,2.0,6.5
1927,12,10,45.0,7.2
1957,8,10,1.0,6.6
2019,5,10,1.0,5.9
1990,2,10,1.0,4.5
1992,2,10,1.0,4.3
1940,12,10,59.0,6.6
1993,7,10,1.0,5.6
2011,7,10,1.0,7.3
1953,5,10,1.0,6.6
1958,2,10,1.0,6.1
1984,5,10,1.0,6.4
1980,1,9,1.0,6.1
1990,4,10,1.0,4.5
1985,9,10,4.0,7.7
1950,2,10,1.0,7.1
2011,5,10,1.0,5.8
1967,11,10,1.0,8.1
1987,6,10,2.0,6.5
1955,12,10,1.0,5.7
1956,12,10,1.0,5.1
1984,2,10,1.0,7.4
1981,4,10,2.0,6.3
2009,3,10,2.0,7.6
1933,3,10,54.0,5.8
1947,8,10,1.0,5.8
2010,7,10,1.0,7.1
1957,4,10,1.0,6.0
1928,11,8,1.0,7.1
1982,9,10,1.0,3.8
1943,11,10,1.0,6.0
1944,9,10,1.0,7.3
2016,2,10,1.0,7.3
2023,11,10,1.0,6.0
1967,8,10,1.0,5.5
2019,4,10,2.0,6.5
1942,7,10,1.0,6.6
2013,2,10,1.0,5.9
1931,8,10,1.0,6.6
1977,3,10,1.0,5.2
2007,7,10,1.0,6.6
1953,8,10,1.0,5.8
1942,5,10,1.0,6.4
1944,8,10,1.0,5.3
2014,8,10,1.0,6.4
2004,12,10,1.0,5.0
2014,2,10,1.0,5.2
1995,3,10,1.0,7.0
1965,3,8,1.0,7.3
1979,7,6,1.0,4.9
1942,3,10,1.0,6.2
2014,4,10,1.0,7.6
2002,12,10,2.0,8.1
1955,8,10,1.0,4.9
1935,3,10,1.0,4.8
2016,12,10,1.0,7.5
1934,8,10,1.0,5.9
1932,12,10,1.0,5.9
1960,10,10,2.0,8.0
2016,12,10,1.0,7.4
1995,10,10,1.0,7.1
2010,3,10,1.0,6.3
2011,12,10,1.0,6.8
1923,9,10,1.0,4.8
1976,6,10,1.0,6.9
2014,9,9,1.0,7.5
2019,5,10,1.0,7.2
1983,7,10,1.0,7.1
2002,10,10,1.0,4.8
2012,10,10,1.0,5.7
1955,7,10,2.0,7.6
1953,1,3,1.0,8.8
1971,1,10,2.0,5.4
1960,12,10,1.0,5.8
1924,5,10,1.0,7.2
2017,10,10,2.0,5.0
1937,9,10,1.0,6.3
1934,8,10,1.0,5.7
2000,9,10,1.0,7.2
2022,11,10,1.0,7.7
1963,3,10,59.0,5.8
1935,8,10,1.0,5.6
1963,2,10,1.0,7.0
1985,10,6,1.0,6.7
2022,9,10,2.0,6.9
1968,6,10,1.0,7.2
1948,10,10,1.0,6.6
1990,5,10,1.0,5.0
1951,7,10,1.0,5.7
1930,9,10,1.0,6.2
1955,10,10,1.0,5.6
2016,8,10,1.0,6.6
1950,11,10,1.0,5.5
1962,11,10,1.0,9.0
1987,1,10,1.0,4.9
2013,10,10,1.0,7.0
1942,10,10,1.0,6.1
1923,9,9,1.0,6.5
1979,6,10,1.0,6.9
2016,11,10,1.0,6.4
2017,3,10,1.0,5.1
1976,1,10,3.0,6.1
2020,12,10,1.0,7.3
2009,6,10,1.0,7.7
1981,9,10,1.0,6.2
1965,9,10,1.0,6.1
1950,4,10,1.0,7.3
1991,12,10,2.0,6.8
1988,10,10,1.0,6.5
1950,8,10,2.0,6.5
1984,6,10,2.0,5.4
1936,6,10,1.0,6.1
1972,10,10,1.0,4.3
1962,4,10,1.0,6.4
1942,11,10,1.0,6.6
1979,2,10,1.0,5.9
1996,9,10,1.0,5.5
2025,1,10,1.0,4.7
2022,5,5,1.0,7.3
1930,10,10,1.0,7.2
1935,11,10,1.0,5.8
1926,4,10,1.0,6.8
2015,9,10,2.0,4.9
1956,6,10,1.0,6.4
1977,1,8,1.0,4.7
1949,1,10,1.0,6.7
2023,9,10,1.0,6.3
1936,12,10,1.0,6.2
1939,9,8,2.0,7.9
2012,10,10,1.0,7.1
2008,2,10,1.0,7.1
1992,1,10,1.0,7.0
2023,9,10,1.0,6.4
1939,2,10,1.0,6.0
1956,2,10,1.0,5.8
1952,7,10,1.0,5.2
1935,3,10,1.0,7.1
2017,5,10,1.0,6.1
1952,3,10,1.0,5.2
1959,6,10,1.0,6.2
1994,10,10,1.0,5.9
2025,3,10,1.0,3.9
1948,12,10,1.0,6.2
1949,4,10,1.0,6.4
2025,1,10,1.0,8.2
1987,12,10,1.0,4.3
1939,8,10,58.0,6.6
1940,9,4,55.0,6.1
2000,6,10,2.0,6.1
1963,12,10,1.0,6.9
2016,1,10,1.0,6.7
1973,9,10,1.0,6.7
1976,9,10,1.0,5.7
1972,8,10,1.0,5.2
2023,2,10,1.0,6.1
1944,7,10,1.0,7.1
2015,3,10,1.0,4.3
1948,11,10,1.0,5.6
1926,5,10,50.0,6.7
1973,9,10,1.0,6.7
1976,3,10,1.0,5.0
1996,8,10,1.0,6.0
1967,1,10,1.0,6.6
2014,12,10,2.0,6.4
2022,6,3,1.0,7.1
2008,9,10,1.0,6.3
2009,3,10,1.0,6.4
2018,2,10,2.0,6.1
1994,1,10,1.0,3.7
1988,4,10,1.0,7.3
1938,3,10,1.0,7.0
1966,6,10,1.0,6.1
2010,8,10,1.0,6.9
1989,12,10,1.0,4.7
1996,9,10,1.0,5.3
2009,5,4,1.0,4.7
2008,7,10,1.0,6.6
2025,3,10,1.0,7.1
1986,8,10,2.0,5.2
2022,5,10,2.0,8.2
1925,11,10,1.0,4.9
1945,10,10,1.0,6.5
1952,9,10,1.0,6.8
1966,8,10,1.0,7.2
2003,10,10,1.0,7.6
1954,1,10,1.0,7.0
1925,9,10,1.0,5.2
2007,11,10,1.0,4.6
2003,4,10,1.0,7.2
1989,8,5,1.0,6.9
2024,10,10,1.0,6.8
1991,7,10,2.0,7.3
2013,6,10,2.0,7.1
1931,2,10,1.0,6.1
1953,6,10,1.0,7.2
1962,10,10,1.0,5.7
1998,7,10,1.0,4.4
1986,1,10,1.0,7.0
1982,9,10,2.0,7.0
1942,4,10,1.0,6.7
1960,9,10,1.0,6.4
1972,6,10,1.0,6.1
2012,10,6,1.0,7.4
1935,11,10,1.0,6.3
1988,9,10,1.0,5.7
1986,8,10,1.0,5.3
1976,11,10,1.0,6.4
1939,3,10,1.0,6.2
1977,3,10,1.0,3.5
1989,4,10,1.0,4.8
1927,1,10,1.0,6.2
1940,10,10,56.0,5.6
1972,3,10,1.0,5.8
2004,3,10,1.0,8.0
1937,1,10,57.0,4.4
1930,9,10,1.0,5.8
1945,2,10,1.0,5.3
1951,2,10,2.0,7.1
1938,9,10,1.0,5.4
2000,1,10,1.0,4.9
1955,5,10,1.0,6.4
1953,7,10,1.0,6.6
1946,7,9,1.0,2.0
1971,4,10,2.0,7.6
1943,1,10,1.0,6.0
1954,7,10,1.0,7.1
2017,9,10,1.0,7.1
2020,2,10,1.0,6.6
2000,8,10,1.0,5.1
1943,2,10,1.0,3.5
1977,1,10,1.0,6.1
1981,12,10,2.0,7.7
1970,6,10,1.0,6.0
1968,7,10,2.0,6.2
1939,8,10,1.0,5.8
1980,3,10,1.0,5.9
1942,10,10,1.0,5.4
1945,2,10,1.0,5.4
1936,11,10,1.0,5.2
1959,3,10,1.0,5.7
1963,3,10,1.0,6.3
1949,5,10,1.0,7.3
1961,7,10,1.0,6.4
1996,10,10,1.0,6.2
2017,10,10,1.0,5.7
2017,9,10,1.0,7.3
1987,4,10,1.0,6.4
1921,4,7,50.0,6.3
1936,8,10,1.0,5.8
1965,9,10,1.0,5.3
1949,4,10,1.0,7.5
1993,3,10,1.0,4.8
2020,5,10,1.0,6.0
2014,7,10,1.0,6.6
1931,12,10,1.0,6.0
2003,3,10,2.0,7.8
1962,8,10,1.0,6.4
2016,5,3,1.0,6.0
1962,12,10,1.0,4.9
1982,11,4,1.0,7.9
1948,3,10,1.0,6.3
1986,6,10,1.0,6.5
1954,5,10,1.0,6.4
1940,8,10,1.0,6.1
1953,5,10,1.0,6.1
2020,3,10,1.0,7.1
1932,2,10,1.0,6.7
1957,4,10,1.0,6.3
1991,9,10,1.0,3.9
1951,11,10,1.0,4.9
1939,9,10,1.0,7.2
1961,8,10,1.0,5.6
2001,4,10,1.0,6.3
1997,7,10,2.0,6.7
2024,10,10,1.0,7.0
1988,9,10,1.0,6.6
1995,10,10,1.0,7.0
2018,4,10,1.0,6.5
2010,4,10,1.0,3.1
2006,3,10,1.0,5.5
2018,11,10,1.0,6.6
1952,11,10,1.0,7.4
2023,11,10,1.0,7.0
1932,3,10,1.0,6.0
2020,2,7,1.0,6.4
2013,5,10,2.0,7.2
1994,8,10,2.0,3.9
1936,8,10,1.0,6.4
1933,4,10,1.0,6.6
1977,3,10,1.0,3.6
1995,9,10,1.0,6.2
1988,11,10,1.0,4.7
1981,3,10,2.0,7.0
2025,1,10,1.0,2.6
2014,11,4,1.0,5.1
1999,2,10,1.0,6.5
1939,3,10,1.0,5.2
1990,4,10,1.0,3.2
2014,11,10,1.0,6.2
1937,1,10,1.0,6.0
1997,8,10,1.0,5.5
2018,8,10,1.0,6.1
2011,10,10,1.0,3.8
1995,12,10,2.0,6.3
2004,9,10,2.0,7.2
1944,9,10,1.0,5.5
2017,10,10,2.0,6.1
1970,12,10,1.0,5.5
1970,9,10,1.0,5.9
1965,6,10,2.0,5.8
1954,5,10,2.0,7.6
2010,12,10,1.0,6.2
1942,4,10,1.0,6.6
1985,4,9,1.0,7.9
1995,11,10,1.0,3.8
1943,2,10,1.0,6.5
1993,12,10,1.0,5.4
1976,11,10,1.0,7.4
1955,5,10,1.0,5.6
1960,7,10,1.0,6.6
1954,2,10,1.0,6.4
1984,5,10,3.0,7.3
1992,1,6,2.0,7.4
1998,1,10,1.0,5.1
2025,3,6,2.0,8.1
1986,7,10,1.0,7.1
1961,10,10,1.0,7.0
2020,8,10,1.0,4.9
1992,9,10,1.0,3.5
2024,11,10,1.0,5.5
1981,3,10,1.0,6.3
1983,2,10,3.0,8.0
1958,5,10,1.0,5.1
2001,6,10,1.0,6.3
1941,1,10,1.0,6.2
1969,6,10,1.0,5.6
2022,12,10,2.0,6.6
2002,2,10,1.0,6.7
1945,4,10,1.0,6.3
2010,8,10,1.0,6.1
1927,11,10,1.0,5.4
1940,10,10,1.0,5.7
1993,8,10,1.0,6.7
1989,8,10,1.0,4.8
1922,11,10,1.0,5.9
2015,6,10,2.0,7.4
2004,12,10,1.0,6.1
1955,7,10,1.0,7.6
1946,6,10,1.0,5.6
1947,11,10,1.0,6.7
1987,2,10,1.0,6.4
1938,8,10,1.0,6.9
1978,4,10,1.0,5.5
1999,8,10,1.0,6.9
1956,4,10,1.0,6.9
1954,3,10,1.0,5.9
2000,12,10,2.0,6.0
1976,3,10,1.0,5.0
1971,2,10,1.0,7.2
1938,4,10,2.0,6.1
2018,9,10,2.0,7.0
1992,10,10,1.0,7.1
2001,3,10,1.0,5.2
1958,11,10,1.0,5.8
1950,12,10,1.0,6.0
1980,1,10,1.0,5.4
1942,6,10,1.0,6.1
2003,10,10,1.0,3.7
1962,5,10,2.0,6.8
1964,9,10,1.0,3.4
2007,12,10,2.0,6.8
1948,4,10,4.0,6.7
1984,10,10,1.0,5.2
2022,12,10,1.0,6.7
2006,7,10,1.0,3.1
1932,12,10,1.0,6.2
1984,9,10,1.0,4.3
1965,10,10,2.0,7.3
1993,6,10,1.0,5.3
1949,5,10,1.0,5.2
1940,1,10,1.0,6.9
1920,1,10,1.0,7.0
1985,11,10,2.0,6.3
1927,11,10,1.0,6.2
1961,6,10,1.0,5.4
1957,12,10,1.0,6.6
1953,1,10,1.0,6.2
2019,6,10,1.0,7.6
1961,2,5,2.0,6.4
1971,9,8,1.0,5.8
1939,12,10,1.0,7.8
1960,10,10,1.0,7.0
2005,4,10,1.0,7.5
1982,10,10,1.0,4.7
1959,1,10,1.0,6.7
1931,5,10,1.0,8.0
1936,2,10,56.0,5.9
1941,3,10,1.0,6.3
2025,3,7,2.0,9.0
1981,8,10,1.0,7.7
1949,5,10,1.0,7.3
2025,2,10,1.0,5.6
1974,5,10,1.0,5.4
1978,11,10,1.0,6.3
2004,1,10,1.0,6.4
1995,5,10,1.0,5.3
1939,12,10,1.0,5.8
1944,6,10,1.0,6.1
2016,6,10,1.0,6.7
1941,9,10,1.0,7.5
1989,5,10,1.0,4.7
1940,5,9,1.0,7.2
1955,3,10,1.0,6.9
2017,2,10,1.0,6.2
1978,9,10,1.0,7.5
2008,4,10,1.0,5.1
1971,7,10,1.0,4.3
2003,3,10,2.0,5.5
2021,10,10,1.0,7.2
1927,7,10,1.0,5.8
1940,3,10,1.0,6.4
1996,9,10,1.0,7.1
2020,2,10,1.0,5.9
1966,7,10,1.0,6.5
1991,3,10,1.0,2.9
1934,4,10,1.0,6.7
1992,11,10,1.0,7.1
2010,4,10,1.0,4.0
1997,1,10,2.0,6.2
1933,8,10,1.0,6.5
1936,7,10,1.0,6.2
1988,12,10,1.0,3.4
1978,4,10,1.0,5.3
1990,2,10,1.0,4.7
1947,11,10,1.0,6.0
1954,1,10,1.0,6.7
1941,9,10,1.0,5.9
1993,11,10,2.0,7.8
1950,9,10,1.0,4.9
1971,5,10,1.0,6.3
2016,5,10,1.0,6.3
1928,3,10,1.0,5.4
1950,9,10,1.0,6.1
1941,3,10,1.0,5.7
2024,12,10,1.0,6.3
2007,11,10,1.0,6.3
2009,12,4,1.0,8.2
2014,1,3,1.0,6.3
1921,9,10,1.0,6.0
1968,11,10,1.0,6.3
1951,1,8,1.0,5.0
1966,4,10,1.0,2.6
1992,6,10,1.0,3.5
1975,10,10,1.0,5.2
1953,2,10,1.0,7.2
1947,7,10,1.0,6.7
1948,11,10,1.0,7.2
2023,7,2,1.0,5.5
2012,4,10,1.0,7.6
1935,2,10,1.0,5.4
1921,4,10,1.0,6.2
1924,12,8,1.0,5.6
1996,12,10,4.0,7.7
2020,12,10,1.0,4.5
1973,3,7,1.0,4.6
1964,11,10,1.0,6.0
1935,11,10,1.0,6.0
1945,8,10,2.0,6.5
1930,5,10,1.0,6.8
1975,6,10,1.0,5.1
1971,12,10,2.0,7.4
1960,9,10,2.0,6.2
1963,8,10,1.0,5.4
1989,5,10,1.0,6.3
1979,9,10,1.0,5.4
1943,6,10,2.0,7.0
2008,9,10,1.0,7.1
2015,1,10,1.0,5.7
1949,2,10,1.0,6.3
1956,9,10,1.0,5.2
1959,9,10,1.0,5.6
2008,10,10,1.0,5.1
1971,9,10,1.0,5.8
1939,7,10,1.0,6.4
1954,1,6,1.0,8.2
1958,11,10,1.0,7.7
1997,3,10,2.0,6.9
1990,4,10,1.0,6.0
2018,3,10,1.0,6.1
1963,4,6,2.0,8.0
1961,8,10,1.0,5.3
1975,8,10,1.0,5.0
1942,7,10,1.0,6.4
1931,7,10,1.0,6.3
2012,7,10,1.0,4.3
1938,12,10,1.0,7.2
2007,1,10,1.0,6.9
1978,5,10,2.0,6.8
1993,7,10,1.0,5.4
1986,11,10,1.0,4.7
2021,12,10,2.0,6.0
2006,8,10,1.0,5.3
1951,10,10,1.0,6.2
1922,7,10,1.0,5.1
1928,6,10,1.0,3.8
2001,1,10,1.0,5.8
1987,7,10,2.0,5.9
1931,1,10,1.0,6.4
1985,9,10,1.0,5.8
1952,7,10,1.0,6.3
2000,9,10,1.0,5.1
1980,3,7,1.0,5.1
2012,8,10,1.0,5.6
1920,12,9,1.0,7.0
1954,9,10,1.0,6.6
2012,1,10,1.0,5.9
2008,7,10,1.0,7.5
2022,1,10,1.0,4.6
1937,11,10,1.0,6.1
1957,9,10,1.0,7.0
2000,6,10,1.0,4.6
1962,8,10,1.0,6.2
2019,3,10,1.0,4.3
1962,9,10,1.0,7.3
1940,10,10,1.0,5.5
2000,12,10,3.0,8.8
1938,8,10,1.0,5.8
1989,11,10,1.0,7.8
1925,3,10,1.0,6.4
2024,12,1,1.0,9.3
1933,11,10,1.0,6.4
1994,12,10,1.0,7.7
1963,12,10,1.0,7.8
1922,12,8,52.0,5.1
1977,11,10,2.0,6.8
2014,6,6,1.0,7.3
2016,9,10,1.0,7.1
1993,3,10,1.0,4.6
1971,10,10,1.0,4.4
2013,3,10,1.0,5.9
2021,9,10,1.0,7.9
2010,10,10,1.0,6.5
1973,4,10,1.0,5.7
1938,3,10,1.0,6.9
2018,1,10,2.0,7.2
2007,11,5,1.0,6.3
1987,11,10,2.0,8.6
2022,5,10,1.0,6.4
1990,7,10,1.0,4.1
1990,8,10,2.0,6.4
1940,1,10,1.0,8.0
2002,9,10,1.0,6.1
1965,10,10,1.0,7.2
1942,9,10,58.0,5.2
1975,5,10,1.0,5.9
1936,5,10,1.0,6.7
1951,10,9,1.0,4.1
1965,3,10,1.0,7.1
1995,3,10,1.0,5.2
1986,10,10,1.0,5.1
1933,2,10,1.0,6.6
2012,9,10,1.0,6.5
1988,1,10,1.0,5.1
1971,5,10,1.0,4.4
2005,5,10,1.0,7.0
1993,11,10,1.0,5.7
1939,12,10,1.0,6.5
2006,6,10,1.0,6.2
1942,3,10,1.0,6.1
1949,4,10,1.0,5.7
2007,4,10,1.0,6.1
1986,6,10,1.0,7.3
1956,8,10,1.0,5.3
2007,7,10,1.0,5.9
1996,5,10,1.0,7.4
1920,2,10,5.0,6.7
1939,11,10,1.0,6.7
1976,12,10,1.0,7.0
1976,9,10,1.0,7.3
1930,5,10,1.0,5.6
1957,7,10,1.0,6.6
1953,3,10,1.0,5.6
2006,11,10,1.0,7.0
1991,12,10,1.0,5.1
1988,9,10,1.0,3.4
2003,11,7,2.0,6.8
1970,2,10,1.0,6.5
2025,1,10,1.0,6.9
2022,1,10,2.0,6.8
1944,12,10,1.0,6.3
1953,1,10,1.0,5.8
1928,1,10,1.0,6.5
1946,12,10,1.0,5.8
2020,12,10,1.0,5.3
1925,1,10,1.0,6.3
2006,1,10,2.0,5.9
2012,6,10,1.0,5.5
1964,9,10,1.0,5.6
1954,9,10,1.0,5.7
2014,7,10,2.0,7.1
1948,11,10,1.0,6.8
1981,3,10,1.0,5.6
2023,10,10,1.0,6.0
1922,11,10,50.0,5.8
2024,10,10,1.0,6.1
1922,11,10,1.0,7.4
1941,5,10,1.0,5.9
1966,11,10,1.0,5.5
1957,1,10,1.0,7.9
1952,1,10,1.0,6.5
1967,9,10,1.0,5.3
1952,2,10,1.0,4.1
1943,9,1,1.0,6.9
1951,5,10,1.0,6.3
1993,4,10,1.0,5.0
2001,3,10,1.0,4.9
1984,9,7,1.0,4.8
1967,7,9,1.0,6.5
1977,8,10,1.0,4.3
1969,6,10,1.0,4.8
1940,3,10,1.0,6.0
1985,2,10,1.0,6.7
1922,7,9,5.0,5.8
2010,1,10,2.0,6.7
2004,1,10,1.0,4.9
1993,9,10,1.0,5.5
1982,8,10,1.0,6.2
1957,4,10,1.0,6.7
2013,8,10,1.0,5.3
2018,9,10,1.0,4.5
1948,2,10,1.0,6.8
1979,8,10,1.0,6.9
1986,9,7,1.0,6.3
1932,8,10,1.0,7.5
1972,5,9,1.0,6.1
2015,5,10,1.0,5.9
1969,11,10,1.0,7.4
1955,6,10,3.0,6.5
1926,12,10,1.0,6.9
1992,10,10,1.0,9.4
1976,1,10,1.0,6.4
1979,12,10,2.0,7.8
1985,7,10,1.0,6.2
1995,4,10,1.0,7.4
1970,1,10,1.0,7.7
1988,9,10,1.0,4.1
1953,2,10,1.0,5.8
1980,9,9,1.0,6.6
1954,5,10,1.0,6.5
1937,4,10,1.0,6.4
1980,12,10,1.0,7.3
1934,10,10,1.0,7.6
1959,10,10,1.0,6.5
2006,8,1,1.0,7.1
2005,4,10,1.0,6.5
1966,2,10,1.0,5.2
2022,3,10,1.0,6.5
1974,7,10,1.0,6.6
1996,1,10,2.0,4.5
1931,11,10,1.0,6.8
2001,9,10,1.0,7.4
1963,1,10,1.0,6.8
1936,9,10,1.0,6.9
2000,8,10,1.0,7.6
1929,9,8,1.0,5.1
1951,11,10,1.0,6.3
1937,7,10,56.0,5.5
1953,2,10,1.0,6.7
1973,7,10,2.0,6.8
1970,6,10,1.0,5.3
1974,2,10,1.0,5.3
2020,2,10,1.0,6.4
1920,1,8,1.0,3.8
2022,7,10,2.0,6.5
2001,11,10,1.0,4.9
1938,5,10,1.0,5.5
1960,8,10,1.0,6.2
1975,12,10,1.0,3.7
2007,8,10,1.0,7.1
1988,11,10,1.0,3.9
1946,12,10,1.0,5.3
2012,11,10,1.0,6.5
1956,5,10,1.0,6.7
2000,5,10,1.0,6.2
2004,10,10,2.0,8.0
1954,3,10,1.0,6.1
2024,3,10,1.0,6.2
2008,12,10,1.0,7.0
1949,11,10,1.0,6.1
2021,1,10,1.0,7.8
1990,8,10,1.0,6.4
1989,4,10,1.0,4.9
1990,10,10,1.0,6.5
1992,2,10,1.0,7.2
2021,6,10,2.0,7.2
1922,9,10,2.0,6.8
1976,12,10,2.0,6.0
1967,7,10,1.0,5.7
1974,2,10,1.0,5.2
1978,3,10,1.0,7.0
1934,8,10,1.0,6.0
2011,6,10,2.0,7.5
1977,9,10,1.0,4.8
2004,7,10,2.0,3.8
1948,7,10,1.0,6.6
1986,5,10,1.0,6.1
2019,10,10,1.0,4.9
1941,8,10,1.0,7.2
2011,8,10,1.0,6.6
1922,9,10,1.0,7.3
1980,12,10,1.0,6.1
1966,8,10,1.0,5.9
1949,2,9,1.0,7.2
2003,2,10,1.0,6.6
1964,9,10,3.0,7.8
1965,3,10,1.0,4.4
1947,3,10,1.0,6.2
1929,12,10,1.0,6.2
2004,4,10,2.0,6.4
2009,10,10,1.0,6.1
1984,4,10,1.0,6.5
1929,7,10,1.0,5.4
2024,12,10,1.0,5.4
1921,5,5,1.0,6.9
2012,7,10,1.0,7.3
1976,10,10,1.0,8.5
1993,3,10,1.0,5.6
1971,4,10,1.0,5.4
1921,11,10,1.0,6.8
2008,3,10,2.0,7.6
1952,8,10,55.0,5.9
1928,12,8,46.0,5.8
1920,1,10,1.0,6.3
2008,2,10,1.0,6.9
1975,2,10,1.0,4.8
1971,5,10,1.0,7.0
1938,2,10,1.0,6.4
1988,1,10,1.0,3.4
1992,12,10,1.0,7.3
2011,3,10,1.0,7.1
1924,12,10,1.0,8.4
1986,10,10,1.0,5.3
1989,7,10,1.0,5.9
1931,12,10,1.0,7.2
1951,1,10,1.0,6.7
1975,6,10,2.0,8.1
2019,12,10,1.0,7.0
1960,1,10,1.0,7.6
2012,3,10,1.0,5.9
1976,6,10,1.0,6.6
2020,2,10,1.0,6.6
2005,4,10,1.0,6.5
2009,6,10,1.0,6.0
1924,2,10,2.0,4.3
2014,1,6,1.0,5.3
1990,1,10,1.0,6.8
1928,11,10,1.0,7.2
2011,9,10,1.0,5.1
1961,9,10,1.0,8.2
1990,12,10,2.0,5.8
1940,9,10,1.0,7.0
2004,7,10,1.0,3.4
2023,6,9,1.0,6.8
1967,1,10,1.0,4.9
2003,7,10,1.0,4.8
1987,11,10,1.0,5.7
2013,10,10,1.0,5.5
2005,9,10,1.0,6.5
2005,9,10,2.0,7.2
2024,11,10,1.0,6.0
2024,11,10,1.0,7.3
1977,9,10,1.0,5.6
2010,12,10,1.0,4.9
1926,2,10,1.0,6.5
1987,10,10,1.0,5.6
1923,4,8,1.0,5.6
2012,1,7,1.0,8.1
1996,7,10,1.0,3.1
2020,6,10,1.0,6.3
2008,1,10,1.0,5.8
1965,1,10,1.0,8.1
2002,6,10,1.0,6.4
1933,11,10,1.0,6.1
2025,3,10,1.0,8.2
1959,8,10,1.0,6.0
1968,4,10,1.0,5.4
1995,10,10,1.0,3.4
1982,10,10,1.0,6.0
1945,3,10,1.0,5.7
1982,8,10,1.0,6.9
1960,2,10,1.0,5.1
1934,9,10,1.0,6.0
1972,8,10,1.0,6.4
1968,7,10,1.0,6.5
2003,2,10,1.0,7.7
1977,6,10,1.0,7.0
2012,11,10,1.0,6.5
1973,3,10,1.0,6.4
1984,2,10,1.0,5.5
1947,1,10,1.0,5.9
1978,9,10,1.0,7.2
1983,2,10,1.0,7.6
1973,6,10,1.0,4.7
1973,1,10,1.0,5.5
1998,3,10,1.0,8.1
1996,7,10,1.0,6.9
1936,4,7,1.0,6.0
2006,5,10,1.0,6.5
2002,7,10,1.0,8.1
1921,2,7,1.0,4.4
1950,2,10,1.0,6.3
2017,9,10,1.0,7.5
2021,10,10,1.0,5.7
2024,9,10,1.0,6.6
1932,8,10,1.0,6.6
1972,9,10,1.0,4.8
2006,12,10,1.0,6.6
2014,5,10,2.0,7.9
1953,2,10,1.0,6.3
1973,10,10,1.0,6.7
1923,9,10,1.0,6.8
2010,6,10,1.0,6.0
1958,1,10,2.0,6.8
2025,2,10,1.0,6.5
2006,5,10,1.0,7.7
2000,2,10,1.0,7.7
2006,10,10,1.0,7.2
1943,4,10,1.0,6.3
2021,10,10,1.0,5.5
1949,10,10,1.0,5.8
2019,11,10,2.0,7.0
2020,11,10,1.0,4.4
1994,10,10,1.0,6.2
1968,1,10,2.0,6.3
1999,3,10,2.0,5.0
1980,11,10,1.0,7.1
1965,9,10,1.0,5.8
1960,3,10,1.0,5.7
2009,4,10,1.0,5.6
2023,11,10,1.0,6.4
2011,10,10,1.0,5.1
1982,10,10,1.0,3.4
1929,2,10,1.0,6.2
1936,12,10,1.0,5.1
1973,11,10,1.0,6.6
1994,6,10,1.0,6.0
1967,8,10,1.0,5.0
2025,1,10,1.0,6.7
2000,1,10,1.0,5.3
1988,12,10,1.0,5.4
1998,11,10,1.0,7.7
2016,8,10,2.0,5.7
1932,2,10,1.0,5.6
2015,9,8,2.0,7.1
1947,5,10,2.0,7.0
1928,5,10,1.0,5.8
1972,9,10,2.0,7.2
1997,4,10,1.0,5.8
1964,4,10,58.0,6.0
1974,12,10,1.0,4.6
1922,3,8,5.0,6.5
1972,2,10,2.0,7.2
1948,1,10,1.0,6.3
2012,7,10,2.0,6.9
1988,4,10,1.0,5.7
1973,5,10,1.0,4.4
1962,1,10,2.0,7.4
1955,1,10,2.0,7.4
1984,8,10,1.0,7.4
1965,3,10,1.0,5.3
1936,12,10,1.0,7.1
2016,11,10,1.0,6.7
1975,12,10,1.0,6.7
1947,12,10,1.0,6.8
1995,9,10,1.0,5.9
1963,1,10,1.0,6.0
1977,5,10,2.0,8.6
1943,8,10,1.0,6.1
1976,2,10,1.0,4.9
2016,6,10,2.0,6.8
1939,6,10,1.0,7.1
1929,12,9,1.0,5.9
1966,7,10,1.0,6.7
1961,10,10,2.0,6.9
2007,2,10,1.0,5.9
1936,10,10,4.0,8.3
1935,2,10,1.0,7.0
1930,6,10,1.0,5.9
2013,12,10,1.0,8.0
1941,9,10,2.0,6.8
1984,8,10,1.0,3.7
2002,10,10,1.0,7.5
1980,6,10,1.0,5.4
1972,10,10,1.0,5.6
1994,7,10,1.0,6.9
2008,8,10,1.0,5.9
1996,5,10,2.0,7.5
2024,11,10,2.0,7.6
2008,10,10,1.0,5.7
1974,7,10,1.0,5.2
1976,9,10,2.0,7.5
1960,6,10,1.0,6.9
2021,9,10,2.0,7.8
1988,2,10,1.0,5.7
2014,5,10,1.0,6.5
1970,5,10,1.0,4.7
1965,11,10,1.0,6.4
1973,7,10,1.0,5.0
1969,7,10,1.0,7.2
1963,3,10,1.0,6.4
1986,5,10,1.0,6.4
1951,11,10,1.0,5.9
2002,10,6,2.0,6.9
2014,7,10,2.0,6.4
1985,8,10,1.0,4.8
1991,1,10,1.0,4.0
2008,10,10,1.0,7.3
2005,9,10,1.0,6.1
1954,1,10,2.0,5.7
1959,2,10,1.0,5.4
2008,9,10,1.0,5.9
1935,10,10,1.0,5.4
1951,3,10,1.0,6.4
2023,9,6,1.0,6.2
1934,4,10,1.0,7.1
1945,5,10,1.0,5.9
2017,5,10,1.0,6.3
1994,10,6,1.0,8.2
2025,4,10,1.0,8.6
1993,4,10,1.0,6.2
1944,3,10,1.0,5.9
2010,11,10,2.0,7.3
1928,3,10,1.0,6.4
1958,9,10,1.0,6.7
1972,10,10,1.0,4.1
1977,2,10,1.0,5.5
1945,3,10,1.0,6.2
1971,7,10,1.0,6.3
1994,4,10,1.0,5.4
1925,1,10,1.0,6.5
2002,8,10,1.0,4.7
1972,3,10,1.0,5.0
2023,5,10,1.0,5.3
1960,2,10,1.0,5.2
2017,3,10,2.0,6.1
1949,5,10,1.0,6.3
1974,3,10,1.0,5.1
1970,2,10,2.0,7.6
1999,11,10,1.0,6.0
2011,9,10,1.0,6.1
2010,4,10,1.0,6.0
2007,7,10,1.0,5.6
1931,7,10,1.0,6.3
1945,11,10,1.0,6.2
1940,4,10,1.0,5.9
1949,1,8,2.0,6.6
1991,11,10,1.0,4.6
1990,9,10,1.0,5.2
1976,12,10,2.0,7.2
2006,5,10,1.0,2.9
1926,6,10,1.0,7.7
2023,4,10,1.0,5.5
1934,8,10,1.0,5.7
1953,9,10,1.0,7.1
2002,6,10,1.0,6.1
1950,10,10,1.0,5.2
1954,7,10,2.0,6.3
1956,5,10,1.0,6.8
1990,10,10,1.0,4.6
2015,7,10,1.0,5.6
1935,6,10,1.0,5.2
1989,12,10,1.0,6.3
1966,9,10,1.0,5.2
1954,3,10,1.0,7.3
1954,1,10,1.0,5.4
2007,8,10,1.0,4.7
1968,1,10,1.0,5.5
1996,3,10,1.0,7.8
1983,1,10,1.0,4.9
1952,1,10,1.0,6.3
2010,5,10,1.0,5.9
2006,6,10,1.0,5.8
2001,4,5,1.0,5.7
1945,5,10,59.0,5.9
1967,10,10,1.0,6.0
1943,3,10,1.0,5.8
2005,1,10,1.0,5.5
1953,7,10,1.0,4.8
1985,3,10,1.0,6.8
2023,9,10,1.0,3.8
2010,8,10,1.0,5.7
1988,4,10,1.0,6.5
2004,10,10,1.0,7.6
1923,3,10,1.0,5.7
1934,5,10,1.0,6.8
1978,8,10,1.0,6.8
1969,3,10,1.0,4.4
1969,1,10,1.0,6.0
1967,11,10,2.0,8.0
1957,3,10,1.0,6.1
1962,12,10,1.0,7.3
1967,3,10,2.0,6.1
1953,11,10,1.0,4.7
1998,9,10,1.0,7.2
1921,11,10,50.0,4.3
2017,6,10,1.0,6.3
2007,2,10,1.0,7.0
1932,12,10,1.0,7.3
2004,2,10,1.0,7.5
1996,5,5,1.0,5.3
2014,9,10,2.0,7.3
1975,1,10,1.0,4.7
1961,2,10,1.0,6.5
1963,11,10,1.0,1.9
1990,1,10,2.0,6.1
1931,8,7,1.0,7.4
1997,6,10,1.0,4.4
2014,9,10,1.0,6.1
1963,2,10,1.0,6.9
1994,3,10,1.0,6.9
1961,9,10,1.0,8.7
2024,4,10,1.0,4.8
2009,11,10,1.0,6.5
1982,6,10,1.0,3.9
1958,12,10,1.0,5.3
1963,1,10,1.0,7.0
1977,12,10,2.0,7.2
2014,9,10,1.0,6.9
1950,11,10,1.0,6.2
2007,5,10,1.0,6.9
2011,4,9,1.0,6.5
1953,4,10,1.0,6.2
1940,4,10,1.0,4.3
1945,4,10,1.0,5.4
1976,9,3,1.0,6.1
2001,4,10,1.0,7.1
1929,1,9,50.0,5.9
1944,10,10,1.0,6.6
1994,12,10,1.0,5.9
1959,1,10,1.0,5.5
1942,12,10,1.0,6.8
2007,2,10,1.0,7.2
2023,11,10,2.0,7.8
1932,5,10,1.0,6.2
1991,4,10,1.0,7.6
1932,11,10,1.0,5.6
1949,2,10,1.0,6.7
2010,3,10,1.0,3.6
1929,12,10,1.0,5.9
1920,5,10,1.0,3.8
1926,11,10,1.0,7.3
1932,9,10,1.0,7.2
1961,4,10,2.0,7.5
1996,9,10,1.0,5.5
2007,1,10,1.0,7.0
2003,9,10,1.0,7.4
1981,4,10,1.0,8.1
1990,5,10,1.0,6.0
1944,6,10,54.0,6.2
1994,6,8,1.0,5.4
1967,9,9,1.0,4.1
1946,3,10,1.0,5.7
1945,10,10,1.0,6.3
1925,4,10,1.0,6.4
2017,7,10,1.0,5.1
1987,10,10,1.0,4.8
1925,11,8,1.0,6.0
1990,5,10,1.0,4.4
1944,4,10,1.0,5.6
1983,11,10,1.0,5.3
2005,2,10,1.0,6.2
1965,3,10,2.0,6.7
2013,2,10,1.0,6.2
2003,5,10,1.0,4.9
1936,12,10,1.0,6.2
2024,6,10,1.0,6.5
1949,3,10,1.0,7.1
1968,7,10,1.0,7.1
1958,9,10,1.0,6.8
1946,7,10,53.0,6.6
2021,1,10,1.0,7.5
2022,9,10,2.0,7.1
1964,5,10,1.0,6.4
1953,9,10,1.0,5.9
1964,5,10,1.0,6.3
2021,12,10,1.0,4.8
1998,5,10,1.0,7.5
1962,6,10,1.0,6.5
2022,5,10,1.0,6.9
1947,3,10,1.0,6.6
1974,10,10,1.0,5.6
2017,6,10,1.0,5.6
1931,8,10,1.0,6.1
2020,12,10,1.0,4.5
2023,6,10,2.0,6.7
1949,11,10,1.0,6.4
1959,5,10,1.0,6.0
1934,10,10,1.0,5.6
1932,7,10,1.0,5.0
1998,1,10,1.0,6.8
1927,10,10,1.0,7.2
1996,12,10,2.0,7.4
1977,3,10,1.0,4.9
1997,2,10,1.0,6.4
2014,4,10,1.0,5.9
1953,10,10,1.0,6.7
1931,1,10,56.0,5.7
1937,12,10,1.0,6.5
1962,12,10,1.0,6.0
1939,2,10,4.0,6.8
1925,11,10,1.0,6.3
1966,4,10,1.0,5.5
1926,10,10,1.0,7.1
1964,2,10,1.0,7.3
2008,12,10,1.0,5.9
2006,3,10,2.0,6.5
2024,5,10,2.0,6.3
1994,12,10,1.0,7.3
1989,12,10,1.0,6.8
1960,10,10,1.0,6.8
1966,1,10,1.0,5.7
1985,2,8,1.0,6.7
1940,1,10,1.0,5.1
2005,3,4,1.0,7.2
2013,5,10,1.0,7.2
1981,10,10,1.0,6.4
1943,4,10,1.0,3.9
2004,5,10,1.0,6.1
2003,1,10,1.0,2.9
1975,9,10,2.0,7.6
2014,2,10,1.0,7.8
2012,8,10,1.0,5.5
1943,9,10,59.0,4.7
1984,11,10,1.0,5.2
1982,7,2,1.0,6.4
1949,7,10,1.0,7.2
1956,11,10,2.0,7.3
2012,8,5,1.0,7.1
1988,8,10,1.0,3.6
2015,8,10,1.0,7.6
1984,6,10,1.0,6.5
1991,12,10,1.0,6.5
2009,5,10,1.0,5.3
2018,9,10,1.0,6.8
1999,10,10,1.0,6.0
2003,12,5,1.0,6.9
1933,4,10,1.0,6.1
1956,4,10,1.0,6.6
1933,8,10,1.0,6.0
1989,11,10,1.0,6.3
1951,10,10,1.0,7.1
2018,11,5,1.0,7.3
1938,12,10,1.0,5.3
1992,5,10,1.0,4.5
1938,5,10,1.0,6.5
1957,12,10,1.0,5.6
1970,1,10,2.0,6.3
2006,12,10,2.0,7.6
1990,9,8,1.0,7.6
1992,8,10,1.0,6.3
1948,5,10,1.0,6.1
1974,2,10,1.0,5.3
1949,9,10,1.0,5.9
1984,7,10,1.0,4.6
1965,7,10,1.0,6.1
1960,1,8,1.0,5.9
1986,2,10,1.0,4.6
1987,1,10,1.0,6.2
1996,9,10,51.0,5.5
1956,3,10,1.0,7.3
1975,10,10,1.0,5.2
1996,6,10,1.0,6.7
1981,9,10,1.0,5.5
2013,2,10,1.0,7.1
2021,8,10,1.0,8.0
1931,12,10,1.0,5.1
1973,5,10,1.0,6.5
1967,8,10,1.0,5.9
1938,4,10,1.0,5.6
1974,10,10,1.0,6.7
2019,11,10,1.0,4.0
1964,12,10,1.0,7.1
2018,6,10,1.0,6.5
1930,2,8,1.0,5.8
1983,5,10,1.0,5.4
1998,1,10,1.0,5.3
2019,1,10,1.0,7.4
1994,5,10,2.0,7.1
2012,8,10,1.0,8.4
1938,3,10,1.0,6.0
1968,3,10,1.0,6.4
1976,7,10,1.0,5.4
1969,10,10,2.0,7.0
1995,6,10,1.0,7.3
1921,3,10,1.0,5.8
2018,7,10,2.0,7.3
1984,11,10,1.0,5.2
1935,9,10,1.0,6.5
1953,9,10,1.0,5.6
1988,5,10,1.0,4.4
1973,2,10,2.0,7.4
1953,6,10,1.0,6.8
1960,1,10,1.0,7.2
1927,12,10,1.0,7.6
1986,8,10,1.0,6.4
1937,7,10,1.0,6.2
2009,3,10,1.0,5.7
1955,11,10,1.0,6.3
1999,10,10,1.0,7.8
2003,11,10,1.0,5.9
1967,12,10,1.0,7.9
1939,10,10,1.0,6.5
1933,1,10,57.0,6.3
1958,6,10,1.0,5.7
2004,10,1,1.0,7.2
1942,9,10,1.0,6.1
1974,5,10,1.0,5.8
1980,3,10,1.0,4.8
1984,4,10,1.0,6.5
1985,10,10,53.0,4.7
2022,11,9,1.0,7.6
1992,1,10,2.0,7.7
1989,7,10,1.0,3.3
2022,4,10,2.0,7.0
1983,12,10,1.0,4.4
1955,2,10,1.0,6.5
1946,4,10,1.0,5.9
2010,10,10,1.0,5.5
1971,8,10,1.0,6.7
1988,2,10,1.0,7.7
1979,9,10,1.0,5.5
2018,6,10,1.0,5.6
1951,11,10,1.0,6.4
1959,7,10,1.0,4.7
1936,3,10,1.0,7.3
1944,7,10,2.0,6.6
1976,11,10,1.0,6.3
2012,11,10,2.0,6.7
1940,10,10,1.0,6.3
1938,7,10,57.0,4.6
1932,12,10,1.0,7.3
1955,6,10,1.0,6.6
2011,4,10,1.0,7.6
2013,9,3,1.0,6.6
1996,12,10,1.0,5.1
1958,12,10,1.0,6.0
2022,8,10,1.0,6.5
1941,7,10,1.0,5.1
1985,8,10,1.0,5.5
1993,8,10,1.0,5.1
1999,12,10,1.0,7.2
1949,1,10,1.0,5.4
1963,1,10,1.0,6.9
1999,5,10,1.0,2.3
1940,3,10,2.0,7.2
1960,9,10,1.0,6.4
1989,3,10,1.0,4.9
2012,12,10,1.0,7.3
1945,5,10,1.0,6.8
1970,7,10,1.0,5.6
1966,2,10,1.0,6.3
1986,1,10,1.0,5.7
2023,6,10,1.0,6.0
1935,4,10,1.0,6.2
2011,10,10,1.0,7.0
1992,5,10,1.0,7.2
1932,3,10,1.0,6.2
2004,6,10,2.0,7.7
1967,9,10,1.0,5.5
2012,11,10,2.0,7.9
1944,10,10,1.0,7.3
1988,4,10,1.0,5.2
1975,3,6,2.0,7.0
2009,10,10,1.0,6.2
2021,8,10,1.0,6.5
1937,3,10,1.0,4.4
2018,3,10,1.0,5.5
1992,9,10,1.0,5.4
1932,9,10,1.0,6.2
1995,1,10,1.0,3.2
1931,8,10,1.0,6.3
1957,8,10,1.0,6.6
1934,10,8,1.0,6.0
1945,5,10,1.0,6.4
1941,2,10,56.0,6.6
1957,11,10,1.0,7.1
2002,5,2,1.0,7.3
2005,12,10,2.0,3.2
1946,3,10,1.0,5.9
2017,7,10,1.0,7.1
1927,1,7,1.0,5.4
2012,10,10,2.0,7.5
2002,2,10,1.0,5.1
1962,12,10,1.0,6.8
1983,11,10,1.0,5.1
2013,6,10,2.0,6.3
1932,7,6,1.0,8.3
1957,6,10,1.0,5.3
1991,12,10,2.0,6.8
1979,10,10,1.0,6.6
1937,9,10,55.0,5.7
1957,6,10,1.0,6.4
2020,10,10,1.0,5.7
1939,9,10,2.0,7.7
1984,7,10,1.0,4.5
1938,4,10,1.0,6.6
2002,3,10,1.0,4.3
1977,12,10,2.0,8.2
2004,3,10,2.0,7.0
1988,8,10,2.0,6.3
2016,6,10,1.0,6.4
1977,6,10,1.0,7.1
1986,9,10,1.0,6.2
1976,9,10,1.0,8.7
2022,7,10,1.0,6.2
1985,2,10,1.0,6.9
1974,12,10,3.0,9.0
1926,9,10,1.0,6.5
1974,12,10,1.0,5.2
1957,9,10,1.0,5.4
1966,11,10,1.0,7.1
2018,5,10,1.0,5.0
2010,3,10,1.0,6.9
1955,12,10,1.0,5.7
1958,2,10,1.0,6.1
1980,11,10,1.0,6.2
2012,6,1,1.0,8.1
1966,8,10,1.0,5.9
2001,12,10,1.0,6.0
2005,2,10,1.0,5.5
1939,11,8,1.0,7.0
2020,8,10,2.0,6.3
1950,8,10,1.0,5.4
1948,12,10,1.0,6.5
1962,9,10,1.0,4.2
1957,9,10,1.0,6.8
1998,10,10,1.0,4.9
1961,2,10,1.0,6.2
1996,10,10,1.0,6.6
2014,9,10,1.0,4.3
1938,3,10,1.0,7.6
1988,4,9,1.0,4.3
1950,6,10,1.0,5.0
1994,12,10,1.0,7.3
1996,11,10,1.0,8.1
1982,3,10,2.0,7.6
1938,2,10,1.0,5.9
1990,1,10,1.0,8.1
1943,12,10,1.0,5.8
1973,9,10,1.0,3.4
1997,7,10,1.0,5.1
1979,1,10,1.0,6.6
1983,12,10,2.0,6.7
1942,10,10,1.0,5.5
1946,8,10,1.0,5.4
1938,2,10,1.0,5.7
1973,3,5,1.0,5.1
1966,2,10,1.0,7.3
1956,10,10,1.0,6.3
1989,5,10,1.0,4.1
1993,4,10,1.0,7.3
2017,9,10,1.0,6.6
1937,10,10,1.0,4.8
2025,1,4,1.0,5.3
1986,1,10,1.0,3.4
2008,4,10,2.0,4.5
2019,1,3,1.0,6.8
2006,3,10,2.0,8.1
1934,12,10,1.0,5.7
1967,10,10,1.0,6.4
1943,11,10,1.0,7.5
2025,8,10,1.0,6.0
1931,9,10,1.0,6.3
1995,9,10,1.0,6.3
1946,6,10,1.0,6.0
1967,1,8,2.0,7.2
1921,2,9,50.0,5.4
2024,12,10,1.0,7.0
1968,1,10,45.0,4.2
2018,5,10,1.0,5.1
1977,1,10,1.0,7.0
1973,2,10,2.0,7.7
1945,4,10,1.0,5.3
1949,7,10,1.0,6.5
2022,1,3,1.0,6.6
1999,4,10,1.0,7.2
1949,12,10,1.0,6.9
1930,1,10,1.0,6.0
1957,5,10,1.0,6.0
2012,3,10,1.0,5.2
1940,8,10,1.0,6.0
1931,9,10,1.0,7.3
1993,4,10,1.0,6.7
1989,9,10,1.0,3.6
1963,6,10,1.0,5.7
1968,9,10,1.0,5.0
1941,6,10,1.0,7.2
1955,2,10,1.0,6.0
1966,8,10,1.0,6.1
1961,12,10,2.0,6.7
1954,7,10,1.0,5.7
1968,6,10,1.0,5.8
2008,4,10,1.0,3.2
2018,10,10,1.0,6.5
2011,1,10,1.0,6.6
1963,12,10,1.0,5.0
1971,12,10,1.0,6.1
1975,2,10,1.0,7.0
1991,7,10,1.0,5.4
1935,11,10,1.0,5.5
2009,11,10,1.0,6.8
2000,3,8,1.0,6.1
1995,3,10,1.0,4.8
1964,1,10,2.0,7.7
1937,7,10,1.0,6.3
1953,6,10,1.0,5.6
1943,3,10,1.0,6.1
2001,7,10,2.0,7.9
1951,6,10,1.0,5.5
1998,11,10,1.0,4.5
1938,9,4,1.0,7.0
1965,6,10,1.0,6.5
2013,4,10,2.0,6.4
2014,4,10,1.0,6.5
1936,5,10,1.0,6.0
1920,12,10,1.0,7.0
1933,6,10,1.0,6.8
1954,11,10,1.0,7.3
1976,10,10,1.0,7.2
2006,7,10,1.0,7.2
2021,9,10,1.0,6.8
1968,6,10,1.0,5.8
1945,4,10,1.0,6.3
2012,5,8,1.0,6.4
1940,11,10,1.0,7.1
1949,9,10,1.0,7.9
1994,9,10,1.0,6.3
1986,5,10,1.0,8.0
1961,9,10,1.0,6.0
1987,8,10,2.0,7.9
1922,8,5,1.0,2.7
1983,2,10,1.0,3.2
2001,6,10,2.0,6.5
1925,5,10,5.0,6.2
2018,6,7,1.0,5.1
1997,11,10,1.0,6.6
1976,12,10,2.0,6.8
1927,5,6,1.0,5.2
1994,3,10,2.0,7.0
1957,12,10,1.0,6.1
1951,11,10,1.0,6.4
1968,9,10,1.0,6.3
1923,5,6,50.0,7.0
1975,5,10,1.0,4.5
1985,10,10,1.0,7.5
2013,12,10,1.0,6.6
1991,4,5,1.0,3.5
1980,12,10,1.0,7.6
1958,3,10,1.0,6.7
1994,8,10,1.0,3.9
1964,4,10,1.0,7.4
2016,4,10,1.0,7.2
1992,3,10,1.0,4.4
2017,4,10,1.0,6.8
1976,1,10,1.0,5.0
1961,7,10,1.0,2.2
1975,9,10,1.0,3.7
1982,3,10,1.0,8.8
2002,3,10,1.0,5.1
2007,5,10,1.0,5.0
1953,11,10,1.0,5.9
2020,2,9,2.0,8.1
2018,8,10,2.0,6.6
1935,3,10,1.0,6.5
1941,7,10,56.0,6.0
2016,6,10,1.0,6.1
1963,1,10,2.0,6.1
1997,11,10,1.0,3.9
1990,7,10,1.0,5.5
1958,9,10,1.0,6.4
1994,6,10,1.0,8.0
2010,4,10,1.0,5.3
1959,1,10,1.0,6.0
1987,7,10,45.0,6.5
1958,7,10,1.0,6.6
1972,1,10,1.0,4.2
1972,3,10,4.0,8.1
1990,5,10,1.0,7.8
1938,6,10,1.0,6.3
1986,7,10,1.0,5.7
1930,12,10,1.0,5.7
1961,7,10,1.0,4.0
1994,7,10,1.0,4.3
1954,8,10,1.0,6.1
1932,10,7,1.0,5.8
1942,7,10,1.0,5.8
1936,5,10,1.0,6.8
2011,12,10,2.0,7.8
1984,3,10,1.0,5.3
1944,5,10,1.0,5.7
1939,5,10,1.0,6.1
2013,4,10,1.0,6.9
1999,2,10,1.0,6.0
1987,12,10,1.0,4.7
1987,5,10,1.0,6.6
1922,11,10,1.0,6.1
1991,8,10,1.0,5.1
2016,7,10,2.0,6.6
1988,7,10,1.0,3.3
2002,10,10,1.0,5.3
1954,12,10,1.0,5.9
1989,3,10,1.0,4.5
1972,10,10,1.0,4.7
1940,6,10,1.0,6.8
1959,1,10,1.0,7.0
2006,10,4,2.0,7.3
2013,2,10,1.0,5.1
2024,11,10,2.0,9.2
2009,7,10,1.0,5.5
1987,10,10,1.0,5.8
1971,8,10,1.0,5.0
1979,4,10,1.0,6.1
2013,10,10,1.0,6.4
1984,8,10,1.0,6.1
1961,5,10,1.0,6.6
2014,6,2,1.0,7.3
1941,11,10,1.0,6.2
1966,10,10,1.0,7.1
1933,4,10,1.0,6.5
2014,11,10,1.0,7.2
1974,12,10,1.0,5.9
1956,2,10,2.0,7.5
2025,3,10,1.0,6.4
1992,1,10,1.0,6.8
1997,4,10,1.0,6.0
1997,11,10,1.0,5.0
1931,3,6,1.0,6.2
1976,11,10,1.0,7.3
1997,12,10,1.0,6.0
1922,1,8,50.0,4.4
1980,5,10,1.0,6.4
1964,6,10,1.0,5.0
1961,9,10,2.0,6.8
2008,1,10,1.0,6.7
1976,6,8,1.0,5.8
1988,11,10,2.0,6.9
1930,8,10,1.0,6.3
2019,4,10,1.0,5.4
1925,3,10,2.0,6.1
1989,10,5,1.0,7.7
1950,12,10,1.0,7.3
1981,2,10,1.0,6.6
1985,1,6,2.0,7.8
1954,1,10,1.0,4.4
1975,6,10,1.0,6.6
1971,10,10,1.0,6.4
1959,10,10,1.0,3.9
1956,10,10,1.0,6.1
1924,1,10,1.0,7.7
1933,7,10,1.0,4.2
1998,11,10,2.0,7.3
1928,2,7,1.0,5.6
2004,3,10,1.0,6.9
2011,12,10,1.0,6.3
1980,12,10,1.0,5.9
1973,1,10,1.0,3.6
1936,6,10,1.0,7.1
1934,3,10,1.0,7.3
1993,8,10,2.0,7.0
2009,4,5,1.0,7.1
1927,3,8,1.0,5.0
1949,6,10,1.0,5.3
1935,11,4,1.0,6.5
2014,4,3,1.0,7.3
1968,6,10,1.0,6.3
2018,10,10,1.0,5.6
1978,10,10,2.0,7.5
1978,8,10,2.0,6.6
1930,11,10,1.0,5.5
1993,9,10,1.0,6.4
1950,12,10,1.0,6.1
1952,4,10,1.0,5.8
1939,4,10,58.0,6.8
1977,4,10,1.0,8.1
1952,6,10,1.0,5.7
1939,11,10,1.0,6.3
1940,1,10,58.0,4.5
1982,5,10,1.0,5.6
1986,9,10,1.0,7.5
2022,9,10,1.0,6.7
1995,3,10,1.0,4.4
1993,9,10,1.0,5.9
1970,10,10,1.0,4.7
1964,11,10,1.0,4.7
2023,12,8,1.0,3.4
2012,10,10,2.0,5.3
2016,6,10,1.0,7.5
2006,9,10,1.0,7.6
1930,11,10,1.0,6.5
1951,9,10,1.0,6.6
1938,11,10,57.0,6.0
1997,11,10,1.0,6.7
1987,9,10,1.0,4.3
1947,12,10,58.0,5.6
1971,5,10,2.0,7.6
1972,9,10,2.0,5.2
1964,1,10,1.0,7.0
1959,2,10,2.0,6.8
1938,8,10,1.0,5.3
1984,4,10,1.0,5.7
1923,1,8,1.0,8.1
1944,5,10,1.0,6.4
1988,2,7,1.0,6.3
1970,2,10,1.0,4.1
1991,3,10,1.0,7.9
1935,9,10,1.0,6.6
2017,6,10,1.0,7.4
1978,9,8,1.0,5.2
1989,8,10,1.0,3.4
1955,12,10,1.0,6.5
2013,5,10,2.0,7.3
2015,10,10,1.0,7.2
1946,12,10,1.0,6.5
1961,2,10,1.0,5.2
1996,9,10,1.0,3.7
1971,9,10,1.0,6.9
1995,11,10,1.0,7.1
1992,1,10,1.0,5.7
1979,7,10,1.0,6.8
1940,1,10,1.0,6.8
1947,9,10,1.0,6.4
1950,2,10,1.0,6.0
1940,11,10,1.0,6.3
2003,6,10,1.0,3.5
1999,1,10,2.0,6.9
1932,7,10,1.0,5.5
1921,11,10,1.0,6.8
1958,9,10,1.0,6.0
1991,9,10,1.0,7.4
1991,1,10,1.0,4.8
1962,6,10,2.0,7.3
1922,4,7,50.0,6.0
1974,12,10,2.0,8.3
1988,6,10,2.0,6.9
2023,4,10,2.0,6.6
1977,12,10,1.0,7.2
1977,11,10,1.0,4.1
1936,5,10,1.0,6.7
2002,2,10,1.0,3.1
2020,4,10,1.0,6.9
2000,9,10,1.0,4.8
1976,2,10,1.0,6.0
1978,9,10,1.0,6.4
2017,10,10,1.0,5.8
1942,1,10,1.0,5.7
1944,7,10,1.0,6.5
1945,6,10,55.0,5.9
1981,10,10,1.0,6.9
1955,12,10,2.0,6.4
1957,5,8,1.0,5.6
1930,3,10,1.0,6.4
1994,4,10,1.0,3.0
1985,7,10,1.0,3.7
1995,1,10,1.0,4.1
1947,3,10,1.0,6.8
1968,8,10,1.0,7.6
2002,12,9,1.0,7.3
2011,12,10,1.0,7.4
2020,9,10,2.0,6.6
1949,9,10,1.0,8.1
2008,4,10,1.0,7.1
1929,7,10,1.0,6.7
2005,9,10,1.0,5.1
1946,2,10,1.0,5.5
1973,3,10,1.0,7.8
1979,7,10,1.0,6.3
1992,2,10,1.0,5.4
1932,2,10,1.0,5.9
1967,4,10,1.0,5.6
1995,12,10,1.0,5.9
1953,6,10,1.0,6.6
1931,7,10,1.0,6.0
1991,5,10,2.0,6.4
1950,7,10,1.0,7.5
1962,4,10,1.0,4.7
1997,1,10,1.0,5.8
1968,11,10,2.0,6.9
1963,10,10,1.0,7.1
1998,3,10,1.0,7.1
1936,6,10,1.0,6.5
2010,10,10,2.0,6.5
1942,8,10,1.0,6.2
1971,3,10,1.0,3.4
2000,1,10,1.0,7.6
1965,9,10,1.0,5.2
1982,7,10,2.0,6.6
1980,3,10,1.0,5.1
1927,2,10,1.0,5.8
1976,9,10,2.0,6.9
1973,11,10,1.0,4.9
1957,11,10,2.0,7.1
1930,8,4,1.0,5.1
1946,1,10,1.0,6.2
1932,1,10,1.0,5.1
1948,12,10,1.0,6.6
2009,4,10,1.0,6.1
2020,9,10,1.0,4.1
1974,2,10,1.0,3.7
2010,11,10,1.0,7.6
1999,7,10,1.0,6.1
1951,9,10,1.0,5.9
1948,7,4,1.0,6.5
2003,1,10,2.0,6.2
2008,8,10,1.0,7.1
1966,4,10,1.0,6.9
1954,11,10,1.0,5.9
1967,12,6,1.0,3.9
1955,3,10,1.0,6.0
2011,12,10,1.0,7.5
1967,12,10,2.0,8.3
2008,2,9,1.0,6.9
1952,6,10,1.0,6.2
1968,11,10,1.0,6.0
2023,4,10,1.0,7.1
1958,6,10,1.0,7.7
1946,1,10,56.0,3.7
1997,2,10,1.0,4.1
1977,12,10,1.0,3.9
1995,3,10,2.0,8.1
1986,11,10,1.0,6.4
1991,5,10,1.0,4.4
1942,9,10,4.0,7.6
1991,2,10,1.0,5.1
1970,7,10,1.0,4.8
1943,12,10,1.0,5.7
1980,12,2,58.0,7.4
1983,1,10,1.0,6.8
2011,9,10,1.0,7.4
1924,8,7,50.0,5.5
1957,8,10,1.0,6.1
1921,3,10,1.0,5.1
1982,4,10,1.0,7.1
1935,9,10,1.0,5.7
1992,5,10,1.0,5.7
1932,11,10,1.0,5.7
1998,8,10,1.0,4.4
1956,1,10,2.0,7.2
2011,4,10,1.0,6.9
2003,8,10,1.0,6.7
1933,2,10,1.0,6.3
2022,2,10,1.0,5.5
1980,3,10,2.0,5.6
1974,5,10,1.0,7.3
1970,12,10,1.0,7.1
1926,9,10,1.0,6.2
1949,5,10,1.0,3.9
1949,4,10,1.0,7.0
1948,12,10,1.0,6.6
1997,4,10,1.0,4.3
1962,12,10,2.0,5.8
2012,5,10,1.0,7.1
1975,8,10,1.0,6.6
1998,7,10,1.0,5.5
2003,7,10,1.0,6.3
1988,10,10,1.0,7.9
1974,5,10,1.0,6.2
1997,1,10,1.0,7.4
2021,9,10,2.0,5.2
1957,7,10,1.0,9.2
1982,4,10,1.0,5.5
1987,9,10,1.0,3.9
1954,9,10,1.0,6.6
1933,11,10,1.0,5.8
1931,6,10,1.0,6.4
2013,7,10,2.0,6.7
1964,3,10,1.0,6.6
1999,7,10,1.0,5.9
1964,10,10,1.0,7.8
1971,3,10,1.0,4.3
2002,10,10,1.0,7.4
2001,2,10,2.0,6.0
2005,9,10,1.0,6.5
2020,2,10,1.0,5.8
1936,8,10,56.0,5.6
1923,3,10,1.0,7.4
1973,1,10,1.0,7.2
2023,12,10,1.0,5.3
2009,5,10,1.0,7.2
2005,10,10,1.0,6.0
2007,12,10,1.0,5.7
2013,3,10,1.0,7.3
1990,2,10,1.0,3.3
1976,1,10,2.0,6.2
1929,3,9,1.0,5.6
2017,2,10,1.0,5.4
1939,5,10,1.0,6.7
1996,8,10,1.0,7.1
1996,8,10,1.0,5.2
2008,10,10,2.0,7.4
2010,12,10,1.0,6.2
1978,3,10,1.0,6.8
1950,11,10,1.0,5.6
1931,12,10,1.0,6.7
1963,12,10,2.0,7.6
1986,11,10,1.0,5.8
2013,8,10,1.0,5.7
1934,11,10,1.0,7.6
1936,12,10,58.0,5.6
2013,1,10,1.0,7.5
1970,9,10,3.0,8.2
1960,7,10,1.0,4.6
1969,12,10,1.0,5.2
1986,7,10,1.0,6.8
1984,2,10,1.0,5.4
1963,6,10,1.0,5.5
1979,12,10,1.0,5.2
1983,1,10,2.0,7.2
1961,12,10,1.0,5.5
1980,3,10,1.0,4.4
1974,12,10,1.0,7.5
1997,1,10,1.0,6.4
2013,8,10,1.0,5.7
2004,3,10,1.0,6.2
2003,6,10,1.0,6.1
1965,9,10,1.0,5.6
1980,8,10,1.0,5.0
1950,11,10,1.0,6.7
1967,4,10,1.0,7.3
1982,11,10,1.0,5.2
2011,11,9,59.0,7.4
2025,1,6,1.0,5.8
1980,9,10,1.0,5.4
2018,9,10,1.0,6.9
1958,11,10,1.0,5.6
2020,9,10,1.0,4.7
1957,8,10,1.0,6.0
1935,9,9,1.0,6.0
1964,2,10,1.0,6.4
1997,2,10,2.0,7.2
2021,1,10,1.0,6.8
1957,7,10,1.0,6.8
1935,2,10,1.0,7.1
1982,4,10,1.0,7.1
1954,2,10,1.0,7.0
1982,10,10,1.0,6.5
2001,4,10,1.0,4.8
1978,11,10,1.0,6.1
2015,8,10,2.0,4.5
1998,5,10,1.0,5.9
1980,12,10,1.0,6.0
2005,10,10,1.0,6.6
1928,1,9,50.0,4.6
1996,3,6,1.0,5.5
2015,10,10,1.0,7.5
1989,11,10,2.0,7.5
2018,6,10,1.0,8.3
1960,4,10,1.0,4.2
2020,11,10,1.0,2.9
1934,3,10,1.0,7.2
2011,4,1,1.0,6.8
1977,7,10,1.0,6.9
1948,6,10,1.0,7.3
1943,1,10,1.0,6.1
1939,10,10,58.0,6.0
1997,8,9,1.0,7.1
1966,12,10,1.0,4.7
2009,9,10,1.0,6.6
1953,8,10,2.0,7.4
1991,1,10,1.0,4.2
1983,8,10,1.0,6.3
1923,6,10,1.0,7.3
1937,12,10,1.0,5.5
2019,5,10,2.0,7.8
1934,10,10,1.0,6.4
1973,9,10,2.0,6.6
1930,5,10,1.0,5.4
2010,8,10,1.0,6.9
1944,12,10,1.0,6.7
2021,11,10,2.0,6.6
1954,12,10,2.0,6.2
1951,7,10,1.0,5.2
1952,1,10,2.0,6.7
2017,7,4,1.0,6.6
1996,11,10,2.0,6.6
2020,11,10,1.0,6.3
2002,2,10,1.0,5.5
2017,2,10,1.0,5.9
1981,2,10,1.0,6.2
1993,5,10,1.0,4.8
2010,4,10,1.0,5.8
1968,8,10,1.0,6.0
2007,12,10,1.0,6.7
1952,12,10,1.0,5.9
2024,9,10,2.0,7.1
1959,3,10,1.0,5.8
1989,7,10,55.0,7.1
1947,1,10,2.0,6.7
2021,11,10,2.0,7.0
1948,11,10,1.0,6.4
2008,8,10,1.0,7.1
1993,4,10,1.0,4.4
1979,5,10,1.0,4.1
2014,11,10,1.0,7.1
1990,8,10,1.0,4.2
2014,6,10,2.0,5.6
1987,10,10,1.0,6.7
1960,4,10,1.0,5.9
2007,9,10,2.0,7.5
1958,10,10,1.0,7.3
2016,9,7,1.0,5.0
2006,9,10,1.0,7.5
1939,3,10,1.0,7.4
1954,7,10,1.0,6.3
1964,8,7,1.0,3.9
2009,12,10,1.0,7.4
1982,8,10,1.0,3.8
1988,3,10,1.0,5.9
1957,8,10,1.0,6.3
1996,8,10,1.0,4.6
1994,6,10,1.0,4.5
2016,9,10,2.0,7.4
1982,2,10,1.0,4.6
1974,6,10,1.0,6.9
1967,12,10,1.0,8.0
2025,3,10,1.0,8.1
2025,3,10,1.0,7.5
1981,7,10,1.0,4.4
1995,1,10,1.0,3.9
1969,11,10,1.0,6.8
1957,9,10,1.0,6.2
1965,10,10,1.0,4.4
1992,4,10,2.0,7.7
2012,3,6,1.0,5.2
1940,10,9,1.0,8.5
2020,11,10,1.0,6.1
1993,6,10,3.0,7.1
1961,8,10,1.0,7.4
1987,5,10,1.0,5.2
1973,12,10,1.0,6.8
2017,4,10,1.0,6.0
2007,10,10,2.0,8.1
1987,1,10,1.0,4.6
2014,6,10,1.0,6.4
2012,8,10,1.0,6.2
1953,12,10,1.0,5.0
1977,10,10,1.0,6.5
2012,2,10,1.0,5.5
1936,4,10,1.0,7.8
1950,7,10,1.0,6.9
1996,6,10,2.0,6.0
1995,11,10,1.0,7.2
1999,4,10,1.0,7.0
1926,9,8,1.0,7.4
1992,8,10,1.0,6.9
2016,9,9,1.0,6.7
1955,3,8,1.0,4.5
1992,6,10,1.0,6.1
1972,10,10,1.0,5.5
1970,6,10,1.0,4.5
2000,9,10,1.0,6.9
1998,1,10,1.0,6.9
1976,9,10,1.0,5.4
1948,12,10,1.0,6.0
1952,9,10,1.0,6.2
1972,10,10,1.0,5.5
1979,8,6,1.0,5.3
2005,1,10,2.0,4.5
2017,8,10,1.0,7.6
1962,4,10,1.0,6.3
1945,3,10,1.0,6.1
2011,12,10,2.0,7.4
1973,9,10,1.0,3.8
1991,6,10,1.0,7.4
1920,10,10,1.0,6.1
2018,4,10,1.0,7.4
2023,12,10,2.0,6.6
1979,6,10,1.0,6.2
1979,1,10,1.0,3.6
1929,12,10,1.0,6.1
1962,7,10,1.0,7.0
1936,8,10,3.0,6.0
1955,6,10,1.0,7.5
1993,11,10,1.0,4.4
1982,10,10,1.0,5.7
1993,2,10,1.0,5.3
2009,1,10,3.0,8.0
1993,6,10,1.0,2.8
1991,10,10,1.0,3.9
2012,9,10,1.0,7.0
1941,4,10,1.0,5.8
1951,9,10,4.0,5.9
1987,10,7,57.0,6.0
1922,10,10,1.0,6.2
1940,8,10,1.0,7.3
1943,4,10,1.0,6.1
1971,7,10,1.0,5.3
1966,8,10,1.0,5.6
1960,3,10,1.0,6.2
2001,7,10,1.0,7.5
2004,10,10,1.0,5.9
1934,10,10,1.0,5.9
2006,10,10,2.0,6.3
2024,4,10,2.0,3.8
2024,2,10,1.0,5.2
2016,9,10,3.0,8.0
2013,7,10,1.0,5.4
1978,10,10,1.0,5.8
1928,11,10,1.0,6.9
1986,10,10,1.0,4.3
1959,3,10,1.0,6.6
2008,7,10,1.0,6.3
1935,6,10,1.0,6.4
2010,5,1,1.0,6.2
1953,11,10,1.0,5.3
2021,5,10,1.0,6.8
2025,1,10,1.0,6.6
2006,9,10,1.0,5.0
2019,10,10,1.0,6.4
2018,3,10,1.0,6.3
1931,3,10,1.0,6.4
2024,1,6,1.0,5.3
1968,2,10,2.0,5.2
1967,8,10,1.0,7.7
1983,12,10,1.0,4.0
1974,4,10,1.0,7.0
1947,7,10,1.0,6.8
1950,1,10,1.0,6.6
1991,9,10,1.0,5.8
2019,10,4,1.0,6.9
1957,9,10,1.0,7.0
1961,9,10,1.0,8.1
2024,6,10,1.0,6.8
1970,9,10,1.0,6.1
1973,10,10,1.0,7.0
1985,1,10,1.0,6.5
1962,10,10,1.0,5.7
2014,4,10,1.0,6.1
1933,11,10,1.0,6.6
1957,3,10,1.0,4.3
1981,2,10,1.0,5.2
2011,4,10,1.0,5.3
1928,9,10,1.0,7.5
1926,3,7,1.0,6.2
2011,5,10,1.0,6.3
2007,3,3,1.0,7.2
2013,5,10,1.0,6.3
1962,6,10,1.0,5.4
2024,9,10,1.0,5.8
2007,8,10,1.0,6.9
1955,5,10,1.0,7.2
2014,7,10,2.0,6.8
1926,1,10,1.0,7.0
1927,11,10,1.0,5.0
1955,11,10,1.0,6.0
1924,1,8,1.0,6.9
2002,11,10,1.0,4.3
1989,1,10,2.0,6.7
1954,12,10,1.0,6.0
1946,9,10,1.0,6.0
2015,10,10,1.0,7.5
1960,9,10,1.0,6.3
2011,10,1,1.0,7.5
2008,8,10,1.0,6.4
2015,2,10,1.0,6.2
1927,2,4,1.0,6.5
1939,2,10,56.0,5.0
1980,2,10,1.0,5.1
1935,9,10,1.0,6.8
1974,2,10,1.0,5.7
1959,5,10,1.0,5.8
1968,1,10,2.0,7.2
2002,8,10,1.0,5.0
1943,11,10,1.0,6.8
1959,8,10,1.0,6.4
1960,12,10,1.0,5.9
1983,9,10,1.0,6.8
2022,5,10,1.0,5.5
1980,2,10,1.0,5.3
2013,5,10,1.0,5.5
1938,6,10,59.0,5.3
1961,9,10,1.0,6.2
1948,5,10,1.0,6.5
1953,10,10,1.0,5.7
1990,9,10,1.0,5.6
1980,1,5,1.0,4.4
2020,5,10,1.0,5.6
1954,12,10,1.0,6.6
2006,1,10,1.0,6.2
1975,10,10,1.0,4.3
2022,12,10,1.0,7.6
1984,9,9,1.0,7.6
1926,12,6,1.0,6.3
1945,8,10,1.0,6.3
1939,11,10,1.0,6.3
2022,11,10,1.0,5.6
1990,3,10,1.0,6.8
1980,7,10,1.0,4.9
1980,5,10,1.0,6.2
2013,5,10,1.0,4.6
1988,6,10,1.0,6.1
1995,3,7,5.0,5.0
1984,11,10,1.0,6.3
1932,11,10,1.0,6.6
1967,3,10,1.0,5.5
1968,6,10,1.0,6.8
1976,2,10,2.0,6.7
1957,1,10,1.0,6.2
1988,4,10,1.0,5.3
2017,6,9,1.0,7.1
2021,3,6,1.0,5.3
1962,7,10,1.0,6.3
1989,9,10,1.0,6.4
1961,4,10,2.0,5.9
1992,7,10,1.0,5.4
1936,5,10,1.0,6.1
1959,4,10,1.0,5.1
1921,11,5,1.0,7.0
1921,6,7,2.0,5.6
1994,6,10,1.0,6.7
1950,9,10,1.0,7.3
1925,10,10,1.0,5.8
1942,3,10,1.0,5.3
1985,11,10,1.0,5.8
2013,9,10,1.0,6.6
1960,8,10,1.0,6.3
2003,2,10,1.0,5.3
1959,11,10,1.0,6.1
1923,11,10,1.0,7.9
2013,5,10,2.0,7.1
1980,12,10,1.0,5.4
2011,3,10,1.0,5.4
1965,6,10,1.0,5.5
1933,9,10,1.0,6.5
2001,10,10,2.0,5.5
1947,5,10,1.0,6.2
1980,5,10,1.0,3.5
1997,12,10,1.0,5.0
1935,2,10,1.0,5.4
1956,8,10,1.0,5.4
1946,11,10,1.0,6.8
1956,7,6,1.0,8.1
2023,11,10,2.0,7.3
1961,9,10,1.0,6.1
1955,7,10,1.0,6.4
2004,9,10,1.0,7.2
2004,2,10,1.0,6.6
1989,1,5,1.0,6.2
1925,9,10,1.0,6.1
1992,12,10,1.0,6.1
1996,5,10,1.0,6.3
1934,9,10,1.0,5.8
1953,1,10,2.0,7.9
2003,4,10,2.0,7.6
1943,4,10,58.0,6.1
2022,4,10,1.0,4.9
1986,5,10,1.0,6.0
1988,6,10,1.0,6.6
2003,2,10,1.0,6.6
1980,11,10,1.0,5.6
1978,12,7,1.0,4.7
2020,10,10,1.0,5.3
1938,4,10,1.0,6.9
1938,3,8,1.0,6.9
1946,11,1,49.0,6.6
1959,9,10,1.0,6.4
1928,10,7,5.0,6.2
1946,11,10,1.0,5.8
1938,10,10,1.0,6.8
1953,7,10,1.0,6.0
1939,3,10,58.0,6.1
2005,1,2,1.0,7.2
1964,10,10,1.0,6.8
1937,3,10,1.0,5.7
1941,10,10,1.0,5.5
1927,3,10,1.0,6.4
2001,12,10,2.0,6.9
1926,2,10,1.0,6.5
1994,11,7,5.0,6.8
2003,9,10,1.0,6.9
1965,5,10,1.0,5.6
1981,8,10,1.0,6.4
2022,1,10,2.0,7.1
1937,2,10,1.0,5.5
1971,10,10,1.0,6.6
2021,6,10,1.0,5.1
1994,10,10,1.0,5.3
1935,12,10,1.0,6.7
1975,8,10,1.0,6.5
2013,7,10,2.0,7.4
1996,4,10,1.0,6.2
2022,9,10,1.0,6.4
1920,6,3,54.0,4.4
1988,12,10,1.0,3.8
1958,1,9,1.0,5.1
2025,3,10,1.0,7.6
1958,3,10,1.0,7.7
1974,8,10,1.0,5.0
1985,11,10,1.0,7.5
1988,10,10,1.0,5.4
1990,3,10,1.0,7.6
2001,6,10,1.0,4.7
1920,6,10,1.0,6.4
2019,7,10,2.0,7.4
1943,8,10,1.0,6.3
1977,12,10,1.0,4.1
2012,9,10,1.0,5.3
2004,3,10,1.0,4.5
1941,9,10,1.0,6.1
1954,8,10,1.0,5.4
2008,3,10,1.0,6.5
1948,9,10,1.0,5.8
1937,10,10,1.0,6.0
2022,9,10,1.0,4.6
1954,11,10,1.0,6.7
1985,7,10,1.0,5.9
2007,3,10,1.0,6.8
1978,8,10,1.0,4.5
1955,6,10,1.0,5.2
1927,9,10,1.0,6.4
1973,1,10,1.0,5.8
1923,3,10,1.0,5.8
2013,9,10,2.0,4.5
1952,5,10,1.0,5.8
2019,12,1,1.0,6.6
1948,9,10,50.0,5.2
1984,11,10,1.0,4.5
1995,9,9,1.0,6.8
1989,2,10,1.0,7.4
1929,2,5,1.0,5.9
1975,9,10,1.0,4.4
1958,5,10,2.0,8.3
2010,1,10,1.0,6.2
2005,1,10,1.0,2.4
1976,1,10,2.0,6.8
1982,3,10,1.0,6.1
1934,1,10,1.0,6.3
1955,12,10,1.0,6.0
2013,3,10,1.0,5.7
2022,4,10,2.0,6.0
1950,1,10,1.0,6.6
1931,1,10,1.0,6.9
1980,11,10,1.0,6.9
1976,5,10,1.0,4.8
1990,12,10,1.0,6.2
1961,8,10,1.0,6.2
1996,9,10,1.0,7.0
1940,7,10,4.0,7.2
1976,10,10,1.0,6.3
2008,9,10,1.0,7.0
1974,2,10,1.0,4.3
1946,7,10,1.0,6.5
1959,1,5,1.0,3.9
1945,11,10,1.0,7.3
2019,9,10,1.0,7.0
1995,9,10,1.0,5.6
1952,3,10,1.0,6.2
1987,1,8,1.0,7.5
1957,1,10,1.0,6.4
1992,8,10,1.0,4.0
2003,11,10,2.0,6.7
1975,3,10,2.0,7.0
1977,8,10,1.0,5.9
2017,7,10,1.0,7.5
1937,7,10,59.0,6.0
1967,5,10,1.0,6.1
2014,11,10,1.0,4.8
2017,7,10,1.0,6.3
1972,1,10,2.0,6.6
2005,9,10,2.0,6.8
2000,12,10,1.0,6.8
2005,7,10,2.0,7.7
2020,11,10,1.0,5.0
2005,4,10,1.0,5.1
1949,8,10,1.0,5.8
1961,10,10,1.0,4.1
2022,3,10,2.0,7.8
1964,11,10,1.0,7.2
1960,11,10,1.0,5.0
1986,3,10,1.0,6.3
1943,10,10,1.0,6.2
1986,5,10,1.0,4.1
1995,6,10,2.0,5.9
1991,9,10,1.0,4.2
1941,10,10,1.0,7.5
1931,3,10,1.0,5.9
1935,2,10,1.0,6.5
1972,3,10,1.0,5.8
1987,4,10,1.0,6.7
2008,5,10,1.0,7.6
1953,8,10,1.0,5.7
2014,4,10,1.0,6.4
1971,5,10,1.0,5.4
2020,1,10,2.0,7.1
1949,12,10,57.0,7.2
1937,12,10,1.0,6.4
1954,8,10,1.0,6.1
1935,7,10,58.0,5.5
2004,8,10,1.0,6.4
2000,9,10,1.0,6.3
2005,6,2,1.0,6.8
1939,12,10,1.0,6.9
2003,2,10,1.0,4.6
1973,3,10,1.0,4.0
2009,6,10,1.0,4.6
1946,8,10,1.0,6.3
1966,5,10,2.0,7.3
1999,5,10,2.0,6.5
1933,10,10,1.0,6.6
2022,1,10,1.0,6.7
1992,9,10,1.0,7.6
1985,3,10,1.0,5.1
1931,11,10,1.0,6.7
1986,3,10,1.0,5.2
2022,8,10,1.0,6.1
1991,9,10,1.0,4.5
2007,4,10,1.0,5.5
2011,6,10,1.0,6.4
2012,4,10,1.0,6.4
1950,4,10,58.0,5.5
1953,5,10,1.0,5.8
1975,10,10,1.0,7.7
1980,2,10,1.0,6.5
1953,11,10,1.0,4.8
1934,12,10,1.0,6.1
2021,1,10,1.0,8.1
1950,8,10,1.0,5.8
1980,2,10,1.0,4.2
1973,5,9,1.0,5.4
1924,12,10,56.0,5.8
2002,11,10,1.0,5.5
2024,8,10,2.0,5.7
1937,11,10,1.0,5.7
1956,2,10,1.0,6.0
1952,6,10,1.0,6.9
2016,10,10,1.0,5.9
1945,10,10,1.0,6.6
1921,3,10,1.0,5.8
2006,5,10,1.0,5.7
1969,1,10,1.0,6.8
1966,11,10,1.0,6.2
1975,6,10,1.0,5.7
1989,9,10,1.0,6.1
2019,3,10,2.0,6.7
1965,7,10,1.0,6.6
2011,10,10,1.0,6.7
1995,12,3,2.0,5.2
1979,4,10,1.0,3.2
1983,5,10,2.0,5.9
1949,12,10,2.0,6.9
1981,7,10,1.0,5.2
1985,11,10,1.0,4.3
1962,7,10,1.0,7.0
2009,12,4,2.0,7.9
1989,6,10,1.0,3.5
1967,10,8,1.0,4.8
1966,6,10,1.0,5.5
2011,4,10,1.0,5.6
2002,7,10,1.0,4.3
1981,3,10,1.0,5.9
1993,12,9,1.0,6.4
2006,6,10,1.0,5.9
1971,3,10,1.0,4.9
1934,3,10,1.0,6.0
1987,8,10,1.0,4.9
1967,10,10,1.0,5.7
1955,10,10,1.0,6.0
1948,6,10,1.0,5.8
2020,11,8,2.0,8.4
2005,2,10,1.0,6.2
1928,1,10,2.0,5.6
1924,6,10,2.0,7.1
1980,2,10,2.0,5.3
2013,5,10,2.0,7.0
2021,10,10,1.0,4.4
1990,4,10,1.0,5.0
1973,12,10,2.0,7.2
1952,1,5,2.0,8.7
1979,10,10,1.0,7.1
1986,2,10,1.0,7.1
1974,8,10,1.0,4.7
1982,11,10,1.0,5.4
1989,4,3,1.0,4.9
1944,1,10,1.0,6.1
1940,5,10,1.0,5.0
1989,7,10,1.0,4.3
1956,8,10,1.0,6.2
1960,8,10,1.0,5.9
1950,7,10,1.0,5.8
1949,11,10,2.0,5.2
1982,4,7,1.0,8.3
2019,11,10,1.0,7.2
2006,11,10,1.0,5.4
2016,1,10,2.0,7.1
1939,4,10,1.0,6.9
2006,1,10,2.0,6.8
2019,9,4,1.0,7.6
1938,7,10,1.0,6.6
1997,6,5,1.0,6.0
1947,3,10,1.0,7.2
2007,9,10,1.0,6.8
1925,11,8,1.0,4.2
1951,3,10,1.0,5.8
1967,9,10,1.0,5.3
1934,11,10,1.0,7.1
1923,6,10,1.0,4.9
2015,9,10,1.0,7.0
1994,2,10,1.0,4.6
1975,12,10,1.0,6.5
1947,10,10,1.0,6.0
2025,2,10,1.0,5.6
1978,9,10,1.0,7.4
1972,2,10,1.0,6.4
2000,1,10,1.0,7.6
1962,9,10,2.0,7.0
2008,3,10,1.0,6.2
1944,11,10,1.0,7.0
1971,10,10,1.0,6.9
1935,2,10,1.0,5.1
1923,11,10,1.0,6.8
1944,9,10,1.0,7.9
1991,1,10,1.0,5.6
1934,12,10,1.0,7.0
1976,6,10,1.0,5.6
2023,2,10,2.0,7.1
2002,1,10,1.0,6.6
1955,4,10,1.0,6.9
1928,10,9,1.0,6.0
1934,9,10,1.0,6.4
2017,11,10,1.0,6.5
2004,7,10,1.0,4.9
2023,2,10,1.0,5.6
2000,2,10,1.0,3.4
1962,1,10,2.0,6.8
1995,1,10,1.0,5.4
1982,3,10,1.0,6.0
1931,4,10,1.0,7.2
1922,10,10,50.0,6.9
1984,1,9,1.0,3.8
1975,12,10,1.0,7.7
1950,8,10,1.0,7.9
1977,9,10,1.0,2.9
1985,2,8,1.0,6.9
1975,11,10,1.0,5.8
2022,9,10,1.0,5.3
2009,5,10,1.0,5.4
1963,9,10,1.0,6.9
1990,11,10,1.0,7.4
1977,9,10,1.0,6.6
1990,4,10,1.0,4.8
1946,9,10,2.0,6.6
1954,4,10,1.0,6.9
1930,5,10,1.0,6.7
1976,5,10,2.0,7.5
2009,5,10,1.0,6.5
1993,9,10,1.0,6.9
1996,1,10,1.0,2.6
1975,5,10,1.0,7.2
1977,6,10,1.0,6.5
1978,1,10,1.0,5.7
1988,12,10,2.0,8.0
1950,4,10,1.0,5.9
1958,9,10,1.0,6.1
1993,5,10,1.0,5.0
1982,3,10,1.0,7.0
1992,3,8,1.0,3.3
1986,8,10,1.0,7.5
2007,3,10,1.0,6.3
1968,3,10,1.0,5.9
1991,2,10,1.0,4.6
1995,1,10,1.0,5.1
1940,6,10,1.0,7.7
1931,12,10,1.0,5.5
1940,7,10,1.0,6.0
1951,12,10,1.0,6.8
2011,6,2,1.0,6.9
1949,2,10,1.0,7.3
1948,7,10,1.0,6.0
1977,4,10,1.0,6.3
1930,3,10,1.0,6.5
1987,2,10,1.0,7.0
1975,2,10,1.0,4.2
1922,11,10,54.0,6.1
2025,2,6,1.0,5.8
1946,5,10,1.0,6.4
1997,4,10,1.0,4.6
1990,1,10,1.0,4.4
2016,12,10,1.0,7.6
1935,10,8,1.0,6.5
2018,7,10,1.0,7.1
1950,11,10,1.0,6.7
1996,6,10,1.0,6.2
1995,3,10,1.0,6.2
1982,10,10,2.0,5.4
1969,9,10,1.0,6.3
2022,2,10,2.0,6.3
1985,5,8,1.0,5.7
1982,6,10,1.0,7.2
1977,7,10,1.0,5.9
1941,10,10,1.0,6.4
1979,9,6,1.0,7.4
1947,12,10,1.0,6.8
1982,7,10,1.0,7.0
1971,7,10,1.0,6.6
2008,1,10,1.0,3.9
1935,12,10,1.0,5.5
2015,1,10,2.0,7.3
1938,4,10,1.0,6.1
2016,9,10,1.0,6.0
1965,6,10,2.0,7.8
2007,4,10,1.0,6.1
1927,3,10,1.0,6.4
2013,6,10,1.0,4.8
1930,6,10,1.0,6.3
1940,3,10,1.0,6.1
2004,11,10,1.0,6.9
2016,5,10,1.0,7.1
1978,12,10,1.0,6.2
1998,7,10,2.0,8.3
1988,3,10,1.0,4.2
2011,5,10,1.0,7.1
2016,7,10,2.0,7.1
2015,12,10,1.0,5.2
1970,1,10,1.0,5.4
2014,3,10,1.0,6.8
1946,1,10,1.0,6.1
1948,9,10,1.0,7.2
1986,11,10,2.0,5.6
1975,1,10,1.0,3.9
1987,11,10,1.0,5.6
1952,2,10,1.0,6.0
1940,2,10,1.0,7.5
2020,9,10,1.0,5.7
1932,7,8,59.0,5.2
1971,10,7,1.0,4.8
1955,10,10,1.0,5.9
1962,9,10,1.0,5.7
2021,11,10,2.0,8.7
1998,2,10,1.0,6.1
1998,4,10,1.0,5.4
2021,4,6,1.0,5.1
1989,9,10,1.0,6.7
1940,1,10,1.0,6.4
1967,7,10,1.0,5.4
1965,5,10,1.0,6.6
2021,2,10,1.0,6.7
2023,2,10,1.0,5.2
2009,3,10,1.0,6.5
1995,3,10,1.0,3.2
1989,3,10,1.0,6.4
2024,11,10,2.0,6.3
2025,5,10,1.0,8.1
2022,7,10,1.0,5.4
1965,11,10,1.0,5.1
2022,9,5,1.0,7.5
1974,5,10,1.0,6.5
2003,8,10,2.0,5.4
2015,9,10,2.0,6.8
1991,2,10,1.0,6.5
1942,2,10,1.0,5.3
1922,10,10,1.0,5.9
1971,3,10,1.0,4.5
1953,2,10,1.0,5.9
1933,6,10,1.0,5.6
1996,1,7,1.0,5.9
1936,5,10,1.0,6.4
1977,11,10,1.0,3.7
1972,6,10,1.0,6.0
1997,2,10,1.0,6.1
1966,1,10,1.0,7.1
1959,11,10,1.0,5.7
1941,10,10,49.0,4.9
2011,3,10,1.0,6.3
1948,10,10,2.0,7.1
1997,9,10,1.0,5.7
1976,9,9,1.0,6.1
2021,10,9,1.0,7.3
1993,12,10,2.0,7.2
1949,3,10,1.0,6.5
1986,5,10,1.0,7.0
1965,3,10,1.0,5.1
1977,4,10,1.0,6.1
1931,1,10,52.0,6.1
1983,11,10,2.0,6.4
1968,4,10,1.0,6.7
1940,1,10,56.0,6.0
2016,8,10,1.0,6.5
1992,1,10,1.0,6.7
2008,8,10,1.0,5.5
1978,1,10,1.0,5.1
1957,1,10,1.0,6.0
1950,7,7,1.0,6.8
1947,3,10,1.0,6.3
2006,4,10,1.0,5.1
1980,12,10,1.0,6.6
1965,10,10,1.0,7.2
1935,10,10,1.0,6.2
2016,8,10,1.0,7.1
1970,2,7,1.0,2.5
1961,12,10,1.0,6.2
1951,7,10,1.0,7.1
1962,5,10,1.0,6.8
1969,1,10,2.0,6.1
1977,1,10,1.0,4.1
1966,7,10,2.0,8.2
1935,2,10,1.0,5.8
1948,7,10,47.0,5.5
2016,2,10,1.0,7.6
1978,2,10,1.0,5.5
1987,9,10,1.0,4.3
1955,10,10,1.0,6.3
1977,9,10,1.0,6.9
2003,6,10,1.0,5.5
1949,5,10,1.0,6.3
1921,7,10,1.0,6.3
2020,1,10,2.0,5.8
1935,8,10,1.0,6.6
1949,6,10,1.0,6.8
1929,11,10,1.0,5.3
1948,12,10,1.0,6.2
1935,6,10,1.0,5.8
1995,5,10,1.0,6.7
1955,8,10,1.0,5.8
1952,5,10,1.0,6.9
2002,3,10,1.0,5.9
1931,5,9,1.0,5.6
1960,11,10,1.0,6.6
1960,5,10,1.0,7.4
1978,9,8,45.0,6.6
2003,2,10,1.0,5.1
2012,9,10,1.0,5.2
1951,5,10,1.0,6.7
1959,8,10,1.0,5.6
1944,2,10,1.0,5.5
2010,6,10,1.0,6.1
1979,8,10,1.0,4.4
2014,8,10,2.0,5.7
1956,9,10,1.0,6.2
2011,6,10,1.0,6.6
2007,2,10,1.0,5.6
1925,6,10,1.0,7.9
2016,5,4,1.0,6.9
1956,1,10,1.0,5.2
1936,12,10,1.0,6.5
2018,5,10,1.0,7.3
1977,10,10,1.0,4.3
1999,10,9,2.0,8.8
2023,12,10,1.0,5.7
1996,12,10,1.0,6.0
1982,4,10,1.0,7.2
1994,6,10,1.0,4.2
2002,4,5,1.0,7.7
1967,8,10,1.0,5.9
2019,10,10,2.0,8.3
1964,12,10,1.0,6.5
1963,8,10,1.0,6.2
1966,9,10,1.0,6.0
1999,9,10,2.0,5.1
1939,9,10,58.0,5.2
1981,1,10,1.0,4.1
2006,3,10,1.0,4.4
1971,8,10,1.0,6.0
1978,3,10,1.0,8.1
1959,9,2,1.0,7.6
1929,10,10,1.0,6.1
1979,4,10,1.0,5.3
2025,1,10,2.0,6.3
1923,5,10,50.0,5.7
2018,8,10,1.0,7.8
1972,12,10,1.0,6.5
1952,8,10,1.0,6.4
2013,1,10,1.0,7.5
2001,4,10,1.0,6.6
2010,3,10,1.0,5.0
1961,8,10,1.0,6.9
2019,5,10,1.0,5.4
1930,8,10,1.0,8.3
1995,10,10,1.0,3.5
1999,8,10,1.0,6.2
2005,7,10,1.0,7.0
2004,12,10,1.0,6.8
1926,5,10,1.0,6.2
1945,10,10,1.0,7.0
1977,5,10,1.0,3.7
1968,4,10,1.0,6.3
1982,7,10,1.0,6.6
1957,1,10,1.0,6.3
1961,3,10,1.0,6.6
1941,9,10,1.0,4.6
1968,8,10,1.0,5.7
2012,3,10,1.0,6.0
2001,4,10,1.0,5.5
1939,4,10,1.0,6.8
1984,5,10,1.0,4.5
1950,2,10,1.0,6.3
1958,10,10,1.0,6.7
2013,11,10,1.0,7.6
1974,2,10,1.0,4.6
1951,9,10,1.0,6.8
1957,12,7,1.0,6.1
1947,9,10,1.0,7.0
2021,1,10,1.0,5.4
1978,1,8,1.0,6.6
1983,9,10,1.0,2.6
1971,12,10,1.0,3.9
2015,6,10,1.0,7.0
1966,10,10,1.0,4.9
1973,12,10,1.0,6.1
1993,5,7,1.0,3.7
2004,6,10,1.0,5.4
1985,11,10,1.0,6.0
2007,9,10,2.0,6.2
1924,1,10,1.0,6.7
1946,1,10,1.0,7.9
1973,10,10,1.0,7.0
1932,12,10,1.0,6.9
1953,12,10,1.0,6.8
1969,3,10,1.0,5.5
2011,6,10,1.0,6.9
1943,10,10,1.0,6.4
1988,6,9,1.0,6.4
1948,9,10,1.0,5.7
2011,9,10,1.0,4.4
1999,9,10,1.0,6.3
1931,2,10,1.0,7.3
1958,7,10,1.0,7.1
2005,11,10,1.0,6.4
1942,12,10,1.0,6.0
1942,4,10,1.0,6.4
1931,7,10,1.0,6.6
1928,8,7,1.0,5.9
2021,2,10,1.0,6.7
1961,6,10,1.0,7.3
2017,6,10,1.0,6.8
1952,12,10,1.0,5.4
1999,4,10,1.0,6.8
1952,7,10,1.0,6.2
1968,1,10,1.0,5.2
2013,9,10,1.0,6.6
1969,8,10,1.0,5.0
2008,10,10,1.0,6.4
1981,9,10,1.0,6.3
1988,1,10,1.0,5.6
1991,10,10,1.0,6.2
2012,1,10,1.0,6.3
1983,9,10,1.0,3.8
1920,10,10,1.0,6.1
2019,4,10,1.0,5.7
1949,6,10,1.0,7.8
1929,3,8,3.0,5.2
1928,2,10,1.0,6.1
2006,8,10,1.0,5.9
1966,2,10,1.0,6.9
1937,3,10,56.0,6.0
1921,9,9,1.0,5.4
1975,9,10,1.0,5.5
2007,8,10,1.0,7.2
1974,5,10,1.0,6.2
1928,7,10,1.0,3.4
1956,2,10,1.0,5.9
1947,4,10,1.0,6.7
1930,9,10,1.0,6.0
1951,2,10,1.0,7.5
2014,4,10,1.0,6.4
1999,7,10,1.0,6.0
1964,3,10,1.0,4.7
1921,1,9,2.0,7.0
1952,12,10,1.0,7.7
1970,11,9,1.0,4.1
2021,9,10,1.0,6.6
2008,10,10,1.0,6.8
2004,2,10,1.0,7.7
1990,1,10,1.0,5.0
1972,2,10,1.0,4.5
1962,4,10,1.0,6.2
2006,8,10,52.0,7.4
2008,4,10,1.0,6.0
1936,10,10,1.0,6.7
1999,2,10,1.0,5.1
1936,9,10,1.0,6.7
1965,12,10,1.0,6.3
2006,8,9,2.0,6.8
1967,9,7,1.0,6.7
1996,11,10,1.0,4.9
1981,1,10,1.0,5.4
1944,9,10,56.0,6.4
2016,5,10,1.0,7.0
2012,1,10,1.0,5.0
1998,10,10,1.0,5.1
1935,11,10,1.0,7.8
1954,10,10,3.0,9.0
2023,9,10,1.0,6.8
1994,2,10,1.0,6.0
2000,12,10,1.0,3.0
1940,3,10,1.0,6.6
1943,1,10,1.0,6.9
1937,1,10,2.0,7.0
1973,11,10,1.0,5.6
1975,9,10,1.0,6.0
1982,9,10,1.0,4.6
1951,9,10,1.0,6.2
1986,7,10,1.0,5.4
1939,2,10,1.0,6.2
1997,3,10,2.0,8.0
1979,2,10,1.0,6.6
2017,11,10,1.0,6.3
2006,3,10,1.0,7.4
1988,8,10,1.0,3.4
2003,5,10,1.0,6.4
1969,8,10,1.0,5.5
1937,9,10,1.0,6.4
1954,9,10,1.0,6.6
1994,11,10,1.0,7.0
1999,8,10,1.0,7.2
1971,10,10,1.0,5.6
1946,5,10,56.0,5.3
1978,5,10,1.0,7.3
1921,3,10,1.0,6.8
1981,9,10,1.0,5.4
2025,2,10,1.0,7.4
1998,10,10,2.0,8.0
1982,7,10,1.0,7.2
1986,9,6,1.0,5.0
1960,5,10,1.0,6.1
2016,9,10,1.0,6.7
2010,7,10,1.0,6.1
2015,8,10,1.0,7.3
1969,12,10,1.0,7.2
1933,10,10,1.0,7.5
2012,1,10,1.0,6.0
2019,6,10,1.0,6.8
1941,7,10,1.0,6.4
1942,1,10,1.0,7.7
1944,8,10,57.0,5.5
1977,12,10,1.0,4.3
1926,1,10,1.0,6.4
2025,2,10,2.0,7.8
2019,11,10,1.0,7.4
1990,10,10,1.0,5.7
1944,11,10,1.0,5.8
2022,9,10,1.0,6.8
1957,12,10,1.0,6.4
1990,12,10,2.0,5.9
1933,3,10,1.0,8.2
1955,7,10,1.0,5.5
2002,1,10,1.0,6.2
1972,9,10,1.0,7.3
1955,9,10,1.0,7.1
1960,11,10,2.0,6.9
1946,7,10,1.0,5.7
1959,11,10,1.0,7.2
1939,11,10,1.0,7.0
1950,11,10,1.0,7.4
1995,6,10,1.0,6.6
2021,10,9,1.0,7.6
2015,3,10,1.0,5.4
2015,11,10,1.0,7.1
2017,6,10,1.0,6.8
1944,7,10,1.0,5.8
1993,9,10,1.0,3.6
1972,12,10,1.0,6.4
1999,9,8,1.0,6.2
1933,8,10,1.0,6.3
1987,6,10,1.0,6.1
1987,6,10,1.0,7.6
2002,2,10,1.0,3.1
1930,10,10,1.0,7.3
2024,4,10,2.0,6.8
1992,3,10,1.0,7.9
2004,5,10,1.0,6.4
1935,3,10,1.0,7.1
2015,8,10,1.0,6.6
1965,2,10,2.0,6.9
1952,9,10,1.0,5.8
2024,12,10,1.0,5.2
2002,4,10,2.0,7.2
1997,9,10,1.0,6.0
2024,3,10,1.0,6.3
1991,6,10,1.0,5.2
1959,9,10,3.0,6.9
1973,9,10,1.0,4.2
1991,11,10,1.0,5.6
1996,7,10,1.0,5.4
1988,7,10,1.0,2.6
1969,6,10,1.0,6.1
1964,9,10,1.0,4.4
1944,11,10,1.0,2.6
2022,6,10,1.0,7.3
1942,3,10,1.0,8.1
1956,8,10,1.0,6.1
1941,11,10,1.0,7.5
1957,9,10,1.0,6.8
1932,12,10,2.0,7.2
2005,2,10,1.0,6.4
2023,2,10,1.0,5.2
1996,11,10,1.0,7.5
1962,3,4,1.0,6.2
1931,1,10,1.0,5.4
1924,2,8,1.0,6.5
2017,3,10,1.0,6.3
1969,4,10,1.0,6.3
1959,2,5,1.0,7.2
1926,8,6,1.0,4.9
1955,6,10,54.0,3.7
1993,10,10,1.0,7.9
1962,12,10,1.0,7.6
1962,10,10,2.0,5.5
1991,11,10,1.0,6.5
1936,9,10,1.0,6.4
1958,6,10,1.0,7.3
1939,7,10,1.0,5.1
2023,2,10,1.0,7.1
1953,8,10,1.0,6.4
1962,5,10,1.0,5.9
1932,3,10,1.0,6.9
1946,4,10,1.0,7.0
1926,11,10,2.0,5.5
2004,12,10,2.0,7.5
1979,9,10,1.0,5.7
1945,9,10,1.0,6.5
1980,11,10,1.0,7.3
1946,2,10,1.0,5.4
1977,5,10,1.0,6.7
1982,3,10,1.0,7.9
1980,2,10,2.0,7.9
1955,1,10,2.0,6.3
1949,3,10,1.0,6.1
2010,10,10,1.0,3.7
1960,6,10,1.0,6.3
1988,10,10,1.0,5.3
1931,9,10,1.0,5.8
1990,12,10,1.0,4.8
1981,9,10,1.0,5.8
1950,11,10,1.0,7.8
2019,10,1,3.0,9.4
1931,7,10,53.0,5.2
1943,4,5,1.0,4.5
1937,9,10,58.0,5.7
1976,10,10,1.0,6.2
1991,3,10,1.0,6.6
1979,9,10,1.0,5.5
2025,1,10,1.0,7.4
1956,3,10,1.0,6.1
2017,3,10,1.0,7.8
1941,10,10,3.0,5.9
1967,1,2,1.0,3.8
1987,8,10,1.0,2.9
2008,10,10,1.0,6.3
1931,9,10,1.0,7.0
1999,1,10,1.0,7.3
2021,8,10,1.0,5.9
1964,5,10,1.0,7.0
2005,7,10,1.0,5.9
1975,12,10,1.0,4.7
1947,8,10,1.0,6.5
1963,9,10,1.0,7.2
1960,11,10,1.0,8.0
1984,4,10,1.0,6.1
1936,12,10,1.0,5.6
2007,11,10,2.0,5.2
2013,4,3,1.0,7.0
1987,10,10,1.0,4.8
1992,9,10,1.0,6.8
1945,9,10,1.0,6.6
1931,3,10,1.0,7.4
1952,6,10,1.0,6.8
1970,12,10,1.0,5.4
2021,12,10,2.0,7.5
1952,5,10,1.0,6.2
1940,5,10,1.0,6.9
1988,7,10,1.0,3.8
1965,7,10,1.0,4.9
1944,3,10,1.0,6.2
1988,6,10,1.0,6.2
2002,1,10,1.0,4.7
1944,11,10,51.0,5.8
2019,4,10,1.0,6.5
1951,2,10,2.0,7.5
1949,5,10,1.0,6.6
2015,8,10,1.0,6.2
1946,11,10,1.0,6.6
2018,12,10,1.0,6.5
1966,9,10,1.0,6.2
2017,9,10,1.0,6.7
1957,8,10,1.0,5.9
1943,1,10,4.0,6.4
1985,9,10,1.0,6.8
2007,9,10,2.0,6.1
1991,11,10,1.0,5.9
1945,11,10,1.0,5.8
1972,6,10,2.0,7.0
1969,4,10,1.0,4.6
1998,7,10,1.0,6.4
1969,4,10,1.0,6.8
1939,1,10,58.0,5.6
1953,4,10,1.0,7.0
1993,7,10,1.0,5.1
2025,2,3,1.0,8.3
1944,1,10,1.0,7.1
2021,4,10,1.0,5.7
2021,6,5,1.0,6.8
1943,10,10,1.0,6.0
1983,5,10,1.0,5.5
2000,6,10,1.0,7.0
1949,7,10,1.0,7.3
2013,8,10,1.0,4.4
1955,10,10,1.0,6.5
1986,2,10,1.0,5.6
2020,6,10,1.0,6.7
1999,7,10,1.0,6.5
2011,1,10,1.0,6.2
1947,4,6,1.0,6.1
1954,5,10,1.0,5.5
1931,2,10,1.0,6.1
2021,12,10,2.0,6.5
1948,8,10,1.0,7.3
1967,11,10,1.0,6.1
1978,11,10,1.0,4.8
1955,7,10,1.0,6.6
2003,9,10,1.0,6.8
2016,9,10,2.0,6.9
1938,9,10,1.0,4.7
1991,1,10,1.0,5.5
1944,3,10,1.0,5.4
1978,9,10,1.0,3.7
1973,7,10,1.0,4.5
2025,3,10,1.0,5.4
2008,9,10,1.0,5.3
1978,7,10,1.0,6.7
2008,8,1,1.0,8.8
1950,3,10,1.0,6.1
1956,12,10,1.0,5.9
2007,10,10,1.0,4.3
2012,3,1,1.0,7.0
2022,6,10,1.0,7.9
2023,11,10,1.0,3.7
1983,4,10,1.0,4.5
1987,3,10,1.0,5.0
1922,1,10,1.0,6.6
1939,6,10,1.0,6.1
1958,3,10,1.0,7.1
1937,4,10,1.0,6.0
1950,3,10,1.0,6.8
1936,3,10,54.0,6.0
1942,10,10,1.0,6.4
1960,8,10,2.0,6.5
1968,5,10,1.0,4.8
2011,9,10,1.0,6.5
1960,5,10,1.0,6.8
1979,4,10,1.0,4.7
1948,12,10,1.0,6.4
1963,4,9,1.0,8.4
1938,1,10,1.0,5.2
2005,1,10,1.0,5.0
1969,9,10,1.0,5.8
2020,2,10,1.0,6.0
2005,5,7,1.0,7.8
1993,11,10,2.0,7.9
2022,3,10,1.0,5.9
2024,11,10,1.0,7.1
1977,1,10,1.0,8.2
1972,1,10,1.0,6.6
1981,12,10,1.0,5.0
1926,5,10,1.0,6.4
1996,9,10,1.0,4.6
2007,2,10,1.0,5.4
1950,4,10,1.0,6.5
1987,2,10,1.0,4.8
1961,9,10,1.0,6.6
1990,3,10,1.0,7.8
2020,12,10,1.0,6.1
1927,8,8,1.0,6.3
1993,7,10,1.0,6.1
1938,12,10,1.0,5.8
1970,10,10,1.0,3.7
2021,8,10,1.0,5.7
1934,6,10,1.0,6.1
1999,8,10,1.0,6.9
1947,4,10,56.0,5.9
2003,12,10,2.0,7.8
1998,8,10,1.0,5.4
1992,6,9,2.0,7.1
2007,10,10,2.0,7.3
2006,3,10,1.0,6.2
1979,4,10,1.0,7.3
1932,8,10,1.0,6.6
2019,1,10,2.0,7.8
1998,7,10,1.0,6.6
1977,10,10,1.0,4.4
2022,11,10,1.0,6.5
2025,2,10,1.0,7.4
2019,7,10,2.0,8.4
2007,8,1,1.0,6.3
2000,6,10,1.0,4.9
1963,9,7,1.0,6.6
1953,10,10,1.0,4.9
1980,10,10,1.0,6.0
2025,1,10,1.0,6.8
1929,3,10,1.0,6.7
1945,1,10,1.0,7.1
2011,1,10,2.0,6.4
1965,5,10,1.0,7.4
1970,1,10,1.0,3.4
2005,4,10,2.0,7.9
1944,8,10,1.0,4.7
1954,12,10,1.0,5.8
1978,6,10,1.0,5.7
1937,8,10,1.0,5.4
1952,10,10,2.0,7.4
1949,1,10,1.0,6.1
2014,9,10,1.0,6.4
2016,2,10,1.0,6.3
1930,3,10,1.0,5.9
1926,8,10,1.0,6.1
1985,5,10,1.0,4.1
2015,12,10,2.0,6.9
1981,8,10,1.0,6.9
1961,4,10,1.0,6.1
1998,1,10,1.0,6.4
2015,12,10,1.0,6.0
1927,11,10,1.0,6.9
1974,9,10,2.0,6.4
1927,8,10,1.0,7.3
2011,10,2,1.0,7.2
1976,10,10,1.0,6.0
2017,11,10,2.0,6.6
1964,10,10,1.0,5.2
1922,6,8,1.0,5.2
1975,4,10,1.0,4.5
2003,2,10,1.0,6.4
1968,12,10,1.0,6.0
1933,6,7,1.0,4.7
1998,7,10,1.0,8.1
1936,2,10,55.0,6.0
1942,6,10,1.0,5.2
1981,9,8,1.0,6.1
1958,8,10,1.0,5.7
1986,4,10,1.0,5.0
1995,1,10,1.0,3.1
2017,11,10,1.0,6.5
1968,10,10,1.0,7.2
1969,10,10,1.0,6.0
1949,5,10,1.0,6.6
1933,1,10,1.0,7.0
1975,11,10,1.0,7.2
2024,8,10,1.0,5.7
1997,10,10,1.0,5.2
2017,6,10,2.0,6.6
1999,10,10,1.0,6.6
1999,3,10,1.0,6.2
2008,5,10,1.0,6.7
1991,11,10,1.0,3.5
1998,2,10,1.0,6.9
1928,4,8,1.0,5.7
1991,3,10,1.0,5.1
2009,9,10,1.0,4.8
1927,12,9,1.0,8.6
2002,11,10,1.0,4.6
2002,10,10,1.0,4.6
1987,7,10,1.0,5.6
1986,11,10,1.0,5.6
1924,5,10,3.0,6.8
1997,11,10,2.0,7.2
1953,8,10,1.0,5.7
1949,12,10,1.0,6.7
1990,8,10,1.0,6.4
1990,10,10,2.0,7.2
1989,7,10,1.0,6.2
2000,10,10,2.0,4.7
1954,6,10,1.0,8.1
1928,12,10,1.0,6.8
2015,4,10,2.0,3.7
1992,10,9,1.0,4.1
2014,11,10,1.0,6.8
2018,12,10,1.0,8.1
1972,9,10,1.0,5.0
1950,3,10,1.0,7.0
1956,8,10,1.0,5.8
1987,1,10,1.0,3.5
2025,2,10,1.0,6.4
1962,4,10,1.0,6.8
1935,10,10,3.0,6.7
1980,1,10,1.0,5.5
1952,7,10,1.0,6.1
2007,6,7,1.0,7.3
1927,1,10,1.0,6.6
2002,9,10,1.0,4.2
1954,12,10,2.0,6.3
1958,12,10,1.0,5.7
1946,8,10,1.0,8.0
1979,12,10,1.0,7.6
2007,3,10,1.0,6.2
2006,8,10,1.0,6.2
1950,11,10,1.0,5.3
1947,7,10,1.0,6.4
2006,2,10,1.0,6.3
1941,5,10,1.0,5.8
1940,7,10,1.0,4.9
2004,6,10,1.0,6.1
1984,3,10,1.0,4.4
2022,3,10,1.0,7.0
2016,4,7,46.0,7.3
1974,7,8,1.0,7.5
1972,8,10,1.0,7.4
2021,12,10,1.0,5.2
1985,6,10,1.0,7.5
1984,7,10,1.0,7.1
1938,5,10,1.0,6.2
1984,7,10,1.0,7.0
1946,8,10,1.0,7.3
1991,7,10,1.0,5.5
1962,8,10,1.0,6.4
1966,1,10,1.0,5.7
2014,8,10,2.0,8.0
1967,5,10,1.0,6.8
2011,9,10,1.0,5.6
1935,1,4,1.0,7.1
1934,5,10,1.0,6.8
1940,7,10,1.0,6.6
2025,3,10,1.0,7.5
2003,8,10,1.0,6.2
1941,8,10,1.0,7.1
2004,11,10,1.0,7.1
1923,12,10,1.0,7.0
1954,5,10,1.0,5.3
2000,9,10,1.0,6.6
2012,3,10,1.0,6.6
1958,1,10,1.0,6.4
1936,6,10,1.0,6.2
1961,1,10,2.0,7.2
2014,6,10,1.0,6.1
1934,8,10,1.0,6.6
1960,11,10,1.0,8.3
2017,10,10,1.0,7.4
2005,5,10,1.0,6.6
1962,2,10,1.0,6.2
2003,10,10,1.0,6.5
1980,1,4,1.0,4.0
1979,1,10,1.0,6.2
2012,1,10,1.0,6.8
1988,7,10,1.0,6.2
1975,9,10,1.0,5.1
1999,9,7,1.0,4.3
1951,1,10,1.0,4.2
2019,9,10,2.0,6.0
2012,2,10,1.0,5.9
1983,2,10,1.0,7.4
2008,4,10,1.0,5.9
1973,1,10,1.0,5.9
1993,11,10,1.0,6.8
1995,9,10,1.0,6.4
1929,5,10,2.0,5.5
1949,8,10,1.0,5.8
1979,1,10,2.0,6.5
2003,8,10,2.0,8.0
1965,9,10,1.0,6.1
1996,2,10,1.0,7.0
1980,3,10,1.0,3.6
1970,6,10,1.0,6.3
1968,12,1,53.0,7.4
2023,4,10,1.0,3.7
1981,1,10,1.0,4.7
2001,3,10,1.0,7.3
1947,2,10,1.0,6.5
1969,2,10,1.0,5.3
2023,5,8,1.0,6.2
2018,1,10,1.0,6.5
1928,9,7,1.0,4.5
1967,11,10,1.0,6.8
1965,8,4,1.0,6.4
2011,6,10,1.0,4.4
1975,3,10,1.0,4.5
1940,11,10,1.0,5.9
1966,8,10,1.0,5.9
1958,1,10,1.0,7.1
2003,5,10,1.0,4.8
1998,4,10,2.0,7.4
2016,10,10,1.0,6.3
1952,9,10,1.0,7.0
2025,2,9,2.0,5.0
1984,1,8,1.0,7.4
1931,12,6,1.0,6.9
2024,11,10,1.0,6.3
1948,8,10,1.0,2.2
2014,10,10,1.0,6.9
1983,8,10,1.0,3.8
1950,9,10,1.0,6.9
1958,1,10,1.0,6.5
1967,3,10,1.0,7.6
1936,9,10,1.0,6.6
2006,4,10,1.0,6.8
1984,10,10,2.0,6.0
1943,1,10,1.0,5.8
1955,2,10,1.0,7.7
2018,9,10,1.0,6.8
1975,2,10,1.0,6.5
1952,5,10,1.0,6.7
1984,4,10,1.0,6.1
1970,11,10,1.0,7.9
2018,8,10,1.0,6.0
1982,2,10,1.0,6.4
1950,9,10,1.0,5.9
2003,1,10,1.0,4.7
1975,10,10,1.0,5.7
1980,5,10,3.0,7.9
1953,5,10,1.0,6.5
1988,9,10,2.0,7.1
1974,1,10,1.0,5.1
1932,11,10,1.0,6.5
1983,9,10,1.0,3.1
1950,7,10,1.0,6.9
1935,4,10,57.0,3.4
1945,10,10,1.0,7.0
1999,1,10,1.0,6.7
2012,3,10,1.0,5.4
1993,12,10,1.0,6.9
1951,1,10,1.0,5.3
1954,6,8,1.0,6.9
1950,12,10,1.0,6.1
2010,5,10,1.0,5.6
1975,11,10,1.0,4.7
1946,6,10,55.0,7.4
2021,11,10,1.0,4.3
1925,8,5,1.0,6.8
2007,9,10,1.0,7.7
2024,3,10,1.0,7.2
1998,9,10,1.0,6.4
1946,3,10,1.0,6.1
1924,10,7,53.0,5.3
1985,9,10,1.0,4.5
1969,10,10,1.0,5.1
1986,5,10,1.0,4.9
2018,10,10,2.0,7.3
1951,11,10,1.0,6.6
1996,11,10,2.0,6.7
2010,8,10,1.0,7.4
1990,10,10,1.0,5.0
2018,2,10,2.0,7.9
1980,6,10,2.0,6.5
1932,11,10,1.0,6.2
1981,6,10,1.0,7.1
1925,12,9,1.0,6.7
1943,10,10,55.0,5.8
2005,5,10,1.0,5.7
1979,3,10,1.0,5.2
1985,7,10,1.0,6.9
1939,9,10,1.0,7.0
1976,4,10,1.0,5.5
1947,1,10,1.0,6.0
1955,8,10,1.0,6.2
2021,5,10,1.0,6.3
1972,12,10,2.0,6.8
1961,9,10,1.0,5.4
1978,1,10,1.0,5.4
1972,9,10,1.0,6.4
1968,1,10,2.0,6.4
1938,1,10,1.0,6.7
1930,5,10,1.0,7.1
1951,4,10,1.0,6.7
1972,12,10,1.0,4.6
2014,3,10,1.0,6.6
2011,7,1,1.0,6.6
2012,2,10,2.0,3.7
1987,11,10,2.0,7.4
2012,9,10,1.0,2.8
1987,9,10,1.0,7.2
1969,8,10,1.0,5.8
1959,9,10,1.0,6.7
1968,8,10,1.0,6.1
1994,2,10,2.0,5.6
1967,1,10,1.0,6.6
1938,10,10,1.0,5.8
1939,1,10,1.0,5.5
1950,1,10,1.0,7.2
2002,4,10,1.0,5.3
1939,4,10,1.0,6.0
1961,9,10,1.0,6.6
1966,1,9,1.0,4.8
1924,11,10,1.0,7.4
2017,4,10,1.0,4.4
2024,11,10,1.0,5.0
1963,12,10,1.0,6.7
1988,11,10,4.0,7.6
1993,8,10,1.0,4.2
1962,12,10,1.0,6.2
1959,7,10,1.0,4.7
1971,9,10,1.0,6.4
1967,9,10,1.0,5.8
1990,7,10,1.0,6.4
1949,1,10,1.0,6.7
2018,9,10,1.0,6.5
2017,5,10,3.0,8.2
1977,6,10,1.0,5.8
2014,8,10,1.0,6.5
1951,12,10,1.0,6.3
1955,11,10,1.0,7.2
1930,12,10,1.0,4.3
1995,9,5,1.0,4.4
1998,1,10,2.0,5.8
1990,7,10,1.0,5.0
1968,4,10,6.0,8.3
1940,3,10,55.0,6.3
2022,6,10,1.0,6.6
2012,8,10,1.0,7.0
2013,11,10,1.0,7.3
2015,3,10,1.0,6.0
1941,8,10,1.0,7.9
1954,1,10,1.0,5.7
1931,4,10,2.0,6.6
1981,2,10,2.0,6.1
2012,10,10,2.0,7.6
1957,9,10,1.0,7.1
2017,11,10,1.0,6.6
1993,3,6,1.0,5.1
1996,6,10,1.0,3.5
1980,8,10,1.0,6.4
2009,4,10,1.0,7.5
1964,10,10,1.0,6.2
2009,5,10,1.0,6.6
1993,6,10,1.0,7.8
1972,9,10,1.0,5.6
2013,3,10,1.0,6.0
1983,12,10,2.0,6.7
1952,2,10,1.0,5.6
1938,4,10,1.0,6.0
1994,11,10,1.0,3.6
1986,4,10,1.0,5.6
1931,9,10,1.0,5.1
1943,5,10,1.0,5.9
1943,4,10,1.0,6.7
1954,7,10,1.0,5.8
1944,10,10,56.0,5.3
1968,3,10,1.0,4.1
1987,6,10,1.0,5.6
2000,5,10,2.0,8.5
1948,6,10,3.0,6.6
2004,10,10,1.0,5.6
2021,7,10,1.0,6.3
2009,1,10,1.0,6.3
1955,5,10,1.0,7.3
1979,8,10,1.0,5.0
2018,12,10,1.0,6.6
1976,9,10,1.0,4.5
1986,12,10,1.0,7.0
1980,12,10,1.0,4.6
1972,9,10,1.0,3.7
2016,6,10,2.0,7.3
1998,6,10,1.0,6.4
2000,8,10,1.0,5.8
2013,10,10,1.0,6.4
2021,8,10,2.0,7.0
1990,5,10,1.0,5.9
2017,1,10,1.0,7.4
2012,4,10,1.0,6.8
2015,9,10,1.0,7.1
2002,10,10,1.0,7.1
2019,2,10,1.0,8.2
1985,2,10,1.0,4.6
1944,5,10,1.0,5.7
1943,1,10,1.0,6.5
2005,10,10,1.0,5.5
2019,10,10,1.0,2.8
1977,6,10,1.0,3.8
1979,2,10,1.0,7.2
2005,3,10,1.0,4.6
1966,7,10,1.0,4.7
1969,8,10,1.0,5.7
1961,4,10,1.0,4.9
1942,1,1,1.0,6.5
1991,11,10,1.0,6.1
2018,3,10,1.0,7.0
1958,2,10,1.0,3.4
2006,4,10,1.0,7.4
1979,2,10,1.0,7.1
1983,5,10,3.0,7.6
2017,3,10,1.0,6.7
1949,10,10,1.0,7.0
1963,7,10,1.0,6.4
1967,9,10,1.0,6.1
1973,2,10,1.0,6.0
2019,1,10,1.0,7.2
1987,4,10,1.0,5.0
1944,3,10,1.0,5.7
1991,9,10,2.0,7.1
1982,12,10,1.0,5.8
2021,10,10,1.0,5.9
2012,10,10,1.0,5.4
1941,7,10,1.0,6.5
2019,6,10,1.0,6.2
1968,11,10,1.0,5.4
1973,8,10,1.0,4.3
1940,9,10,1.0,5.5
1994,9,10,1.0,6.4
1960,3,10,1.0,3.2
2016,10,10,1.0,6.4
1977,10,10,1.0,6.2
1946,1,10,1.0,7.6
2006,7,10,1.0,6.3
1932,12,10,58.0,5.4
1930,5,10,1.0,7.3
2017,1,10,1.0,7.0
1935,8,10,1.0,6.1
2012,7,10,1.0,4.9
1992,8,10,2.0,5.6
2009,3,10,1.0,6.1
1935,3,10,1.0,6.9
2019,6,10,1.0,3.2
2021,8,10,1.0,6.8
2007,10,10,1.0,5.9
2010,11,10,1.0,7.6
1978,3,4,1.0,7.5
1935,2,10,1.0,6.7
1947,3,10,1.0,5.3
1937,5,10,1.0,6.6
2023,11,10,1.0,7.0
1983,9,10,2.0,6.9
1925,12,10,1.0,5.3
1944,1,10,54.0,6.8
1996,5,10,1.0,7.0
1947,11,10,1.0,6.8
2013,1,10,1.0,5.6
2024,9,10,1.0,6.5
2012,7,10,1.0,6.3
1989,5,10,1.0,4.4
1956,5,10,1.0,5.7
1934,11,10,1.0,6.3
1994,1,10,1.0,6.7
1951,1,10,1.0,7.0
1999,7,10,1.0,6.7
1943,4,10,56.0,5.9
1940,10,10,1.0,5.9
1936,3,10,1.0,6.2
1951,10,10,1.0,5.5
1932,3,10,1.0,6.3
1962,3,10,1.0,5.6
1971,2,10,1.0,5.4
2020,11,10,1.0,8.0
2016,1,10,1.0,6.7
1963,9,10,1.0,6.8
1958,6,10,1.0,7.0
1980,1,10,1.0,5.4
1994,12,10,1.0,5.6
1997,12,10,2.0,7.5
1953,6,10,1.0,6.7
1929,5,10,1.0,5.6
1937,12,10,1.0,6.6
1968,3,10,1.0,6.8
1984,8,10,2.0,6.9
2021,3,10,1.0,7.9
1973,4,10,1.0,7.2
1942,1,10,1.0,7.3
2018,9,10,1.0,5.3
1958,9,10,1.0,7.3
1981,2,10,1.0,5.4
1955,7,10,1.0,6.1
1969,5,10,1.0,5.3
2000,3,10,1.0,6.4
2007,12,10,1.0,7.2
2014,7,10,1.0,6.0
1943,11,10,1.0,4.9
1930,3,10,1.0,7.1
2010,9,4,1.0,6.4
1930,12,10,1.0,6.3
1932,3,10,1.0,6.4
2023,5,10,1.0,5.5
1965,2,10,1.0,7.4
1987,6,10,1.0,7.5
2012,9,10,1.0,6.0
2013,9,5,1.0,6.0
1931,11,10,1.0,7.4
1989,11,10,2.0,7.0
1953,2,10,1.0,6.6
1995,5,10,1.0,7.2
1971,8,10,1.0,5.4
2023,5,10,1.0,7.4
1946,12,10,1.0,6.6
1931,6,10,1.0,6.8
1949,10,10,1.0,6.0
1999,2,10,1.0,7.3
2013,7,10,1.0,6.4
2025,1,10,1.0,3.3
1936,11,10,1.0,6.4
1985,12,10,1.0,6.8
2016,7,10,1.0,6.2
1954,12,9,1.0,7.4
2019,4,10,2.0,6.7
1923,11,10,1.0,7.7
1955,11,10,1.0,6.3
1995,9,10,1.0,3.9
1993,2,10,1.0,2.5
1979,10,10,1.0,5.2
1962,9,10,1.0,6.8
1970,12,10,1.0,6.3
1946,1,10,1.0,5.5
1971,9,10,1.0,6.4
1995,7,3,1.0,6.2
1944,2,10,1.0,6.7
1933,5,10,1.0,6.5
1970,7,10,1.0,4.9
2009,6,10,1.0,4.9
1994,2,10,1.0,5.2
2017,7,10,1.0,6.7
2024,1,10,1.0,6.7
1975,8,10,1.0,6.4
1980,8,10,1.0,4.9
1945,9,10,1.0,6.2
1920,12,10,1.0,5.2
1953,2,10,1.0,7.1
1989,9,10,1.0,6.1
1990,8,10,1.0,5.4
2016,9,10,1.0,5.5
1984,8,10,1.0,3.4
1984,2,10,1.0,6.3
1934,4,10,1.0,5.8
1933,5,10,1.0,5.9
2023,9,10,1.0,5.5
1934,4,10,1.0,5.6
1976,6,10,1.0,4.6
2015,5,10,1.0,7.0
1970,4,10,1.0,7.9
1923,4,10,1.0,7.0
2020,1,1,1.0,7.0
1934,3,10,1.0,7.2
1995,12,10,1.0,5.5
2019,3,10,1.0,8.1
1930,4,10,1.0,6.3
2018,6,10,1.0,7.5
1977,5,10,1.0,4.6
1967,2,10,1.0,6.3
1999,11,10,3.0,5.3
1953,7,10,1.0,6.1
1947,9,10,1.0,6.9
2005,2,10,1.0,7.1
1979,2,10,1.0,4.7
2013,6,10,1.0,6.5
1967,3,9,1.0,5.7
1952,10,10,1.0,6.6
2006,4,6,1.0,7.2
2022,9,10,1.0,5.6
1928,10,10,1.0,4.9
1981,5,10,1.0,5.5
2004,3,10,1.0,6.6
1924,3,10,1.0,6.1
1972,6,10,1.0,5.9
1979,11,10,1.0,7.6
1989,1,9,1.0,6.5
1952,8,10,1.0,6.8
1975,11,10,1.0,3.9
1950,10,10,2.0,5.3
1936,3,10,1.0,7.3
1999,9,10,1.0,6.9
1998,8,10,2.0,5.7
2023,11,10,2.0,7.1
1980,7,10,1.0,5.9
1985,11,10,1.0,7.3
2017,10,10,1.0,7.5
2003,8,10,2.0,2.6
2009,3,10,1.0,7.1
1997,12,10,1.0,6.3
2014,2,10,2.0,6.5
1963,6,10,1.0,6.6
1961,4,10,2.0,8.0
2023,10,10,1.0,5.4
1936,2,10,1.0,7.1
1936,2,10,1.0,7.0
1943,7,10,1.0,5.3
2001,3,10,1.0,6.4
1928,11,10,1.0,5.9
2005,9,8,1.0,7.1
1933,9,10,1.0,7.0
2014,12,10,1.0,5.5
2007,5,10,1.0,6.8
1986,9,10,1.0,5.9
1980,8,10,1.0,5.7
2019,10,10,1.0,6.5
1940,8,10,1.0,6.2
1970,5,6,1.0,7.7
1924,11,7,1.0,6.8
1990,10,10,2.0,7.9
1923,8,6,1.0,5.0
2022,6,10,2.0,6.3
1966,1,4,1.0,7.6
1945,2,10,1.0,7.4
1976,5,10,1.0,5.0
1938,1,10,1.0,5.8
1965,3,10,2.0,7.4
2005,6,10,1.0,6.9
2023,12,10,2.0,6.5
1989,11,10,1.0,4.6
1987,6,10,1.0,6.0
1951,11,10,1.0,7.3
1944,2,10,1.0,5.8
1979,9,10,1.0,6.6
1921,1,7,58.0,6.0
1951,5,10,1.0,6.9
1958,6,10,1.0,6.5
2015,5,10,1.0,6.6
1949,6,10,1.0,5.7
2001,8,9,1.0,7.5
1984,2,10,1.0,5.9
1946,12,10,1.0,6.5
1966,5,10,1.0,3.3
1983,5,10,2.0,6.0
1930,1,10,1.0,7.2
1946,5,10,1.0,7.1
1935,9,10,1.0,5.8
1989,6,10,1.0,4.3
2001,7,10,1.0,6.9
1957,8,10,1.0,6.0
1974,9,10,1.0,4.8
2022,2,10,1.0,6.1
2000,9,10,1.0,4.4
1970,10,10,1.0,7.0
2003,2,10,1.0,5.7
1974,11,10,1.0,6.1
2001,6,10,2.0,7.2
1951,10,10,1.0,5.4
1948,5,10,1.0,5.7
1946,9,10,1.0,6.5
2003,7,10,1.0,7.5
2021,12,7,1.0,7.6
1956,5,10,1.0,6.3
1984,9,10,1.0,3.1
1958,10,10,1.0,5.8
1939,3,10,1.0,7.4
1986,8,8,1.0,5.2
1947,4,10,56.0,6.5
1975,1,10,1.0,6.3
1945,11,10,1.0,7.3
1948,4,10,1.0,5.8
1973,9,10,1.0,4.6
1982,9,10,1.0,5.9
1929,5,9,1.0,6.3
1975,3,10,2.0,6.0
2016,7,10,2.0,6.8
1984,9,10,1.0,3.8
1946,9,10,2.0,6.9
2005,9,10,1.0,7.0
1964,4,10,1.0,6.3
2006,11,10,1.0,6.3
1946,10,10,1.0,6.4
1983,7,10,1.0,7.2
1980,2,10,1.0,6.3
2020,7,10,1.0,3.9
1966,5,10,1.0,4.6
1998,5,10,1.0,6.1
2006,2,10,2.0,7.3
1924,2,9,1.0,1.0
1929,11,10,1.0,6.5
1986,3,10,1.0,6.4
1996,11,10,2.0,6.7
2011,7,10,1.0,5.3
1975,3,10,1.0,5.1
2024,5,10,1.0,5.7
1949,11,10,57.0,5.3
2003,8,10,1.0,6.3
2006,10,1,52.0,7.4
1984,11,10,1.0,5.1
1995,5,10,1.0,7.6
1965,2,10,1.0,6.3
1947,4,10,1.0,6.7
1924,10,10,1.0,7.1
1948,10,10,1.0,6.5
1972,5,10,1.0,5.2
2005,9,10,2.0,7.1
1997,12,10,1.0,6.9
1939,10,10,1.0,6.9
1954,11,10,1.0,5.5
1993,10,10,1.0,6.2
1920,9,10,1.0,6.9
1994,9,10,1.0,3.9
1968,7,10,1.0,5.2
1995,10,10,3.0,8.0
1974,1,10,2.0,7.9
2010,10,10,1.0,6.7
1999,9,10,1.0,4.2
1975,12,10,1.0,5.5
1960,10,10,1.0,5.3
1961,12,10,1.0,7.8
1992,10,10,1.0,5.8
2000,4,10,1.0,4.1
2002,5,10,1.0,6.7
2021,2,10,1.0,5.5
1994,8,10,1.0,5.3
1964,2,7,1.0,5.7
2015,8,10,1.0,6.7
1950,2,10,1.0,6.1
2012,10,10,1.0,6.4
1930,11,10,1.0,5.7
1945,8,10,2.0,6.3
1938,2,10,1.0,5.2
2013,10,1,1.0,7.7
1992,1,10,1.0,7.1
1940,7,10,57.0,6.0
1984,11,10,1.0,6.7
1983,10,10,1.0,5.6
1963,5,10,1.0,7.8
2001,1,10,1.0,6.1
2023,5,10,1.0,6.3
2024,12,10,2.0,5.4
1993,1,10,1.0,5.8
1964,8,10,1.0,7.0
1957,1,10,1.0,6.2
1936,1,10,1.0,6.4
2005,7,10,2.0,6.8
1989,6,10,1.0,4.8
1976,8,10,1.0,5.8
2022,10,10,2.0,5.5
1976,7,10,1.0,6.1
1988,4,10,1.0,3.7
1990,9,10,1.0,6.5
1947,8,10,1.0,5.2
1933,6,10,1.0,6.6
2025,1,10,1.0,4.3
1952,12,10,1.0,6.1
2021,12,6,1.0,5.6
1956,8,10,1.0,5.7
1933,9,4,1.0,7.1
2016,4,10,1.0,7.2
1945,11,10,1.0,6.9
1961,11,10,2.0,7.9
1970,4,10,1.0,7.4
1969,12,10,1.0,6.2
1927,9,4,1.0,6.0
1969,2,7,1.0,4.4
2017,5,10,2.0,7.8
1973,6,10,2.0,7.2
1994,5,10,1.0,5.7
1930,5,10,1.0,6.7
2021,4,10,1.0,4.7
1947,11,10,1.0,6.4
1946,9,10,2.0,7.3
2002,5,10,1.0,5.7
1959,12,2,2.0,6.2
1956,3,10,1.0,6.3
1995,5,10,1.0,5.4
2024,2,10,1.0,6.3
1953,11,10,1.0,5.9
1928,2,10,1.0,7.2
1972,9,10,1.0,6.1
2007,2,10,1.0,5.4
2009,5,10,2.0,6.8
2011,2,10,2.0,6.3
1939,6,10,1.0,6.2
2015,9,10,1.0,6.6
1923,1,10,3.0,6.4
1982,10,10,1.0,6.0
2006,6,10,1.0,6.4
2013,8,10,2.0,6.0
2024,6,10,1.0,6.1
1957,9,10,1.0,6.1
2004,10,10,1.0,6.9
2020,8,10,1.0,4.5
2002,12,10,1.0,5.5
1958,7,10,1.0,7.1
1967,11,10,1.0,5.4
1935,12,10,56.0,6.0
1977,12,10,1.0,6.2
1964,2,10,1.0,6.6
1985,9,10,1.0,6.9
1938,9,7,1.0,4.6
1956,2,10,1.0,7.1
1992,4,10,1.0,4.7
2009,12,10,1.0,6.0
2009,10,10,1.0,6.6
1936,1,10,1.0,6.1
1984,11,10,1.0,5.4
2011,1,10,1.0,6.2
1978,2,10,1.0,6.9
2013,1,7,1.0,6.2
1959,11,10,1.0,7.0
1924,4,10,1.0,7.7
1920,11,10,1.0,6.1
2003,8,10,1.0,6.3
2006,8,10,1.0,7.3
1972,9,10,1.0,5.3
1972,3,10,2.0,6.7
1958,6,10,1.0,6.4
1960,6,10,1.0,8.3
1986,11,6,1.0,3.8
1937,8,10,1.0,5.5
1946,11,10,1.0,6.0
1993,12,10,2.0,8.6
1963,11,10,1.0,6.6
1995,2,10,1.0,7.8
2010,10,10,1.0,7.0
1932,5,8,1.0,5.9
1948,8,10,1.0,7.4
1931,5,10,1.0,6.2
1934,10,10,1.0,5.7
1970,5,10,1.0,6.0
2024,9,10,1.0,6.3
1932,2,8,1.0,5.0
1963,7,10,1.0,5.6
1942,12,10,1.0,6.5
2000,9,10,1.0,5.7
1937,3,10,1.0,6.3
2005,9,10,1.0,5.0
1995,5,10,1.0,6.7
1974,12,10,1.0,6.3
1944,6,10,1.0,6.0
2010,1,10,1.0,4.7
1922,11,10,1.0,6.4
2017,9,10,1.0,6.9
2018,8,7,1.0,8.3
1956,1,10,1.0,6.4
2000,5,10,1.0,6.7
1951,9,10,1.0,6.9
1934,11,10,1.0,6.5
1932,1,5,1.0,6.3
1962,10,10,1.0,6.5
2000,2,10,1.0,6.9
1979,6,10,1.0,5.2
1990,6,10,1.0,7.5
1927,2,8,54.0,6.0
1998,4,10,1.0,6.1
1959,11,10,1.0,6.5
1938,11,10,1.0,7.1
1974,12,10,1.0,7.7
1957,9,10,1.0,6.8
1934,11,10,1.0,5.7
1963,10,10,1.0,5.6
1979,12,10,46.0,6.4
1998,12,10,1.0,6.5
1989,9,9,1.0,7.2
2006,9,10,1.0,5.2
2017,8,10,1.0,7.7
1935,9,10,1.0,4.7
1976,9,10,1.0,6.2
1937,10,10,1.0,6.6
2009,3,10,1.0,5.7
1944,8,10,56.0,6.1
1983,9,10,1.0,4.5
2009,4,10,1.0,7.0
2008,4,10,1.0,6.4
1978,10,10,1.0,3.6
1978,3,10,1.0,5.1
1986,6,10,1.0,5.7
1982,7,10,1.0,6.1
1997,4,10,1.0,7.1
1993,7,10,2.0,5.9
1921,3,10,1.0,5.4
2017,10,10,1.0,6.6
1936,10,10,1.0,6.6
1936,5,10,1.0,7.7
1947,8,10,1.0,5.5
2012,10,10,1.0,6.2
1940,4,10,2.0,7.4
2016,12,10,1.0,5.9
1928,1,10,1.0,5.0
1950,4,10,1.0,5.5
2000,5,10,1.0,4.9
1956,12,10,1.0,5.3
1968,5,1,1.0,5.5
1977,8,10,1.0,4.5
1931,9,1,1.0,6.3
1954,12,10,1.0,7.3
1980,12,10,1.0,6.7
1950,4,10,1.0,6.0
1960,2,10,1.0,7.9
1963,10,1,1.0,7.1
1953,4,10,1.0,5.7
2012,9,10,2.0,6.4
1975,10,10,1.0,7.0
1944,9,10,1.0,5.8
1990,4,10,1.0,3.9
1944,11,10,1.0,7.9
1938,10,10,1.0,6.2
2010,1,10,2.0,6.9
2017,9,10,1.0,7.1
1938,12,10,1.0,6.8
1998,7,10,2.0,6.6
1987,11,10,1.0,5.5
1980,12,10,1.0,5.7
1922,3,7,50.0,6.9
1950,7,10,1.0,5.7
1944,9,10,1.0,5.9
1948,11,10,1.0,5.6
1930,2,8,1.0,3.9
1941,12,10,2.0,6.9
1991,1,10,1.0,6.3
1957,2,10,1.0,5.6
1978,4,10,1.0,5.5
2001,1,10,1.0,5.8
1994,1,10,2.0,7.3
2010,3,10,1.0,6.8
1985,10,10,1.0,5.6
2010,10,10,2.0,5.7
2010,1,10,1.0,6.1
1947,1,10,1.0,5.6
2011,7,10,1.0,6.0
1990,1,10,1.0,7.3
2008,1,10,2.0,7.6
1986,4,10,1.0,6.3
1969,11,10,1.0,6.3
1957,10,10,1.0,7.2
1970,10,10,2.0,7.3
1955,5,10,1.0,6.2
1954,12,10,1.0,6.9
1939,6,10,1.0,6.3
1987,5,10,1.0,5.0
1983,5,10,1.0,5.0
1952,3,10,1.0,6.4
1980,8,10,1.0,4.4
1942,12,10,1.0,6.5
2000,8,10,1.0,5.7
1929,3,10,1.0,7.2
1985,1,10,1.0,7.2
2003,1,10,1.0,7.1
2011,2,10,1.0,5.4
1953,4,10,1.0,6.7
2008,4,1,2.0,8.1
1954,1,10,1.0,6.9
1946,4,10,1.0,7.0
1937,7,10,1.0,4.9
1939,10,10,1.0,7.7
1988,3,10,1.0,6.1
1986,11,10,1.0,3.4
1936,4,10,1.0,6.3
1991,12,7,1.0,5.9
1971,2,8,1.0,7.5
2000,12,10,1.0,6.3
1950,1,10,1.0,7.4
2025,1,10,1.0,5.3
1929,10,10,1.0,7.0
1947,4,10,1.0,6.5
1958,9,10,1.0,6.3
1949,10,10,1.0,5.5
2014,9,10,2.0,7.0
1921,1,10,1.0,6.8
1998,8,10,1.0,5.8
2003,6,10,1.0,7.9
2016,9,10,1.0,6.8
1964,11,10,1.0,6.8
2011,7,10,1.0,1.9
2008,1,10,2.0,7.8
1947,1,10,1.0,6.4
1938,7,10,1.0,7.1
1980,1,10,1.0,5.4
1992,2,10,1.0,4.8
2025,1,10,2.0,7.8
1970,3,10,1.0,6.4
1956,7,10,1.0,4.2
1974,12,10,1.0,4.9
1929,8,10,1.0,6.7
2020,9,10,1.0,4.4
1980,6,10,2.0,7.6
1983,4,10,1.0,5.7
1999,11,10,1.0,6.9
2004,4,10,2.0,6.2
2001,8,10,1.0,6.1
2012,2,10,1.0,5.9
1977,12,10,1.0,4.6
1945,2,10,56.0,7.1
1942,11,10,1.0,6.4
1968,12,10,2.0,4.9
1995,8,10,1.0,5.6
1931,6,10,1.0,6.2
2006,5,10,1.0,6.6
1999,3,10,1.0,4.1
1942,5,10,1.0,7.3
1973,12,10,1.0,6.1
1992,10,10,1.0,4.7
1969,10,7,1.0,6.4
1940,8,10,1.0,6.3
1993,10,10,1.0,3.8
2010,11,10,1.0,5.2
2017,3,10,2.0,8.0
1986,2,10,1.0,6.1
1990,6,10,1.0,4.8
1943,4,10,1.0,4.8
1921,5,4,1.0,5.9
1973,3,10,1.0,5.7
2018,5,10,1.0,6.1
2013,8,10,1.0,4.4
1952,12,10,1.0,6.7
2015,5,10,1.0,6.4
1996,3,10,1.0,2.8
1975,3,10,1.0,5.3
1926,9,10,1.0,6.6
1949,11,10,1.0,6.3
1971,12,10,1.0,6.1
1944,9,10,1.0,7.6
1966,3,10,1.0,5.6
1982,11,10,2.0,6.8
1926,7,10,1.0,6.8
1962,6,10,2.0,7.5
1947,10,10,1.0,7.0
1963,10,10,1.0,5.9
2015,5,10,1.0,7.5
2017,12,10,2.0,7.3
2022,1,10,1.0,6.0
2011,5,10,1.0,6.7
2022,11,10,2.0,6.6
1982,12,10,1.0,7.2
2020,6,10,2.0,3.8
1968,9,10,2.0,5.7
1940,3,10,1.0,5.9
1934,2,10,1.0,6.8
1979,11,10,1.0,6.2
1962,2,10,1.0,5.7
1963,11,10,1.0,7.7
2008,7,10,1.0,7.4
1965,11,10,1.0,4.6
2022,3,10,1.0,4.9
2008,9,10,1.0,5.1
2014,12,10,1.0,5.4
1984,9,10,1.0,7.0
1975,7,10,1.0,6.1
1969,12,10,1.0,5.2
1950,8,10,1.0,6.6
2023,6,10,1.0,6.1
1945,2,10,1.0,5.9
2005,12,10,1.0,6.4
1929,9,8,1.0,6.1
1997,6,10,2.0,7.8
1956,9,10,1.0,3.6
2011,9,10,1.0,6.1
1937,8,10,1.0,5.4
2010,8,10,2.0,5.8
1950,8,10,1.0,5.8
1920,7,10,1.0,5.2
1980,9,10,1.0,6.6
2011,9,10,1.0,6.5
1987,12,10,1.0,6.5
2000,5,10,1.0,7.1
1972,8,10,1.0,5.5
1947,7,10,58.0,6.6
2010,10,10,1.0,5.7
1966,1,10,1.0,5.6
1971,11,10,1.0,5.9
2015,1,10,2.0,7.2
2005,4,5,1.0,5.9
1992,1,10,1.0,4.9
2002,1,10,1.0,4.9
1943,4,10,1.0,5.0
2020,7,10,2.0,7.3
1964,4,10,1.0,5.2
2020,12,10,2.0,6.9
1991,6,10,1.0,3.8
1940,7,10,1.0,6.8
2009,7,10,1.0,4.6
2008,11,10,2.0,6.9
1966,1,10,2.0,7.6
1993,10,10,1.0,6.3
1987,2,10,1.0,6.1
1944,6,10,1.0,6.9
1998,9,10,1.0,6.9
1924,9,10,1.0,8.0
1980,4,10,1.0,6.5
1974,10,10,1.0,4.4
1950,1,1,1.0,6.5
1931,1,10,1.0,6.3
1967,8,10,1.0,6.3
1961,2,10,1.0,7.0
2010,5,10,1.0,7.3
1965,7,10,1.0,5.8
1946,2,10,1.0,7.5
2004,2,10,2.0,7.2
1955,9,10,1.0,6.2
1944,4,10,1.0,6.2
1971,12,10,1.0,4.1
1964,5,10,1.0,6.7
1997,6,10,1.0,6.5
2011,11,10,1.0,6.6
1921,12,7,1.0,5.9
1971,1,10,1.0,6.4
2018,7,10,1.0,7.0
1963,10,10,1.0,7.4
1962,3,10,1.0,5.7
1970,9,8,1.0,4.9
1940,7,10,1.0,6.6
2019,12,10,2.0,6.6
1963,2,10,1.0,2.9
1931,8,10,1.0,5.1
1943,11,10,1.0,5.8
2000,1,10,2.0,7.6
1984,12,10,1.0,7.0
1928,3,10,2.0,7.0
2008,9,10,1.0,6.6
1934,9,10,1.0,6.9
1929,10,10,1.0,3.5
1953,7,10,1.0,5.4
1984,5,10,1.0,7.5
1968,3,10,1.0,4.8
1954,10,10,1.0,7.5
2022,2,10,2.0,6.8
1978,5,10,1.0,5.2
1961,4,10,1.0,6.5
1926,9,10,1.0,6.7
1981,8,10,1.0,5.7
1974,8,10,1.0,5.8
1974,11,10,1.0,6.4
1960,1,10,1.0,4.7
1926,2,10,1.0,6.5
1936,11,10,1.0,5.8
1968,11,10,1.0,7.4
1988,9,10,1.0,4.8
1991,5,10,1.0,5.4
1956,9,10,2.0,7.5
2015,6,10,1.0,6.7
1971,11,10,1.0,7.4
2013,2,10,1.0,6.3
1980,4,10,1.0,6.5
1924,11,10,1.0,4.8
2007,5,4,1.0,6.9
1945,8,10,58.0,5.3
2020,10,7,1.0,7.7
1923,11,6,1.0,5.8
1986,5,10,1.0,5.0
1999,9,9,1.0,6.9
2022,7,10,1.0,7.1
1994,6,10,1.0,4.9
1953,5,10,1.0,5.9
1949,4,9,57.0,7.3
1994,7,10,1.0,6.1
1992,7,10,1.0,7.1
1953,7,10,1.0,7.9
1938,5,10,1.0,7.7
1943,5,10,1.0,6.4
1963,8,10,1.0,5.7
2006,2,10,1.0,6.7
2009,3,10,1.0,6.2
2025,3,10,1.0,7.1
2018,11,10,1.0,6.9
1957,10,10,2.0,7.0
1977,8,10,1.0,4.9
1965,7,10,1.0,4.4
2015,6,10,1.0,5.4
1973,3,10,1.0,6.1
1988,9,10,1.0,5.7
2021,7,10,2.0,6.9
1967,5,10,2.0,8.2
1964,6,8,2.0,7.5
1973,10,10,1.0,5.7
1987,6,10,1.0,5.0
1992,12,3,1.0,5.2
2019,9,10,1.0,6.1
1970,9,10,1.0,6.2
1960,2,10,1.0,5.8
1924,9,10,1.0,7.3
1923,12,10,1.0,6.9
1989,11,10,1.0,5.0
1989,12,10,1.0,6.6
1995,11,10,2.0,6.8
2009,10,10,1.0,5.8
1976,6,10,1.0,5.6
1984,2,10,1.0,6.8
1970,12,10,1.0,7.0
2019,7,10,1.0,6.5
1968,5,4,1.0,6.6
1993,9,10,1.0,5.9
2024,12,10,3.0,6.1
1951,3,10,1.0,6.1
2008,4,10,1.0,4.2
1957,4,10,1.0,5.4
1938,9,10,59.0,6.2
1943,6,10,1.0,6.5
1971,12,10,1.0,4.6
1941,9,10,1.0,5.7
1941,12,10,1.0,5.3
1943,5,10,1.0,6.5
2015,10,10,2.0,3.7
1966,7,10,1.0,6.9
1981,3,10,1.0,5.5
2009,1,10,1.0,5.8
1999,9,10,2.0,4.7
1957,8,10,1.0,6.2
1971,4,10,1.0,5.1
1987,6,10,2.0,7.7
1974,12,10,1.0,5.7
1927,8,10,1.0,7.0
1998,6,10,1.0,6.2
1951,2,10,1.0,6.5
1988,2,10,1.0,5.1
2015,5,10,1.0,6.7
1974,12,10,1.0,5.9
1967,1,10,1.0,5.7
1964,9,10,1.0,6.9
2002,1,10,1.0,7.3
1976,8,10,1.0,7.6
1957,2,10,1.0,4.7
2003,4,3,1.0,7.5
1956,2,10,1.0,6.5
1967,10,10,2.0,7.7
2006,4,10,1.0,5.8
1983,1,10,1.0,5.9
1957,8,10,1.0,6.1
1960,10,10,1.0,6.3
1976,4,10,2.0,6.6
2016,10,10,1.0,6.2
1941,7,10,1.0,5.7
2004,1,10,1.0,6.9
1933,12,10,1.0,7.5
1940,10,10,1.0,5.6
1984,8,10,1.0,4.3
1940,12,10,1.0,5.4
1965,1,10,2.0,6.4
1983,9,10,1.0,5.5
2016,12,10,2.0,8.3
1963,12,10,2.0,7.4
1973,10,8,1.0,3.5
1986,9,10,1.0,6.2
1975,11,10,1.0,5.7
1983,5,10,2.0,5.9
1996,1,10,1.0,5.0
1922,8,10,50.0,5.3
2018,10,10,1.0,6.1
1936,4,10,1.0,6.5
2016,8,10,1.0,7.1
1944,8,10,1.0,6.6
1940,8,10,56.0,6.3
1965,1,10,1.0,6.3
2023,10,7,1.0,7.2
1974,8,10,1.0,5.7
1935,11,10,54.0,5.0
1939,3,10,1.0,6.4
1986,10,10,1.0,5.9
1951,3,10,1.0,6.2
1985,9,10,1.0,5.0
1993,8,10,2.0,6.7
1992,3,10,1.0,7.2
1940,10,10,1.0,6.4
2014,7,10,2.0,7.8
1981,3,10,2.0,7.8
2011,6,10,1.0,7.0
2015,6,10,2.0,7.6
1964,1,10,2.0,7.1
2023,6,10,2.0,5.7
2003,4,10,1.0,7.1
2023,10,10,1.0,6.1
1943,7,10,1.0,7.0
2016,3,10,1.0,4.9
1937,7,10,1.0,5.9
1946,7,10,57.0,6.4
1956,1,10,1.0,6.1
2008,2,10,1.0,5.5
1945,3,10,1.0,7.7
1970,8,10,1.0,5.3
2001,9,10,1.0,4.2
1968,1,10,2.0,6.9
1989,5,10,1.0,7.0
1930,9,10,1.0,6.5
1994,3,10,1.0,5.1
1926,2,10,1.0,6.9
2017,7,10,1.0,5.7
2023,9,9,1.0,6.1
1986,2,10,1.0,6.8
1935,9,10,1.0,6.2
2011,1,10,2.0,5.8
1954,6,10,1.0,5.7
2016,7,10,1.0,6.5
2016,6,10,2.0,6.4
1994,9,10,1.0,5.5
1986,9,4,1.0,7.3
1993,7,10,1.0,2.9
1986,8,7,59.0,5.4
2022,12,6,1.0,6.8
1957,6,10,1.0,5.1
1931,4,10,1.0,6.7
2014,1,10,1.0,7.8
1975,3,10,1.0,7.2
1937,5,10,1.0,6.1
1953,6,10,1.0,6.7
2003,10,10,1.0,5.4
2014,8,10,2.0,6.1
1935,7,10,1.0,6.0
1956,4,10,1.0,6.5
2005,1,10,1.0,6.2
2023,12,10,2.0,7.0
1932,5,10,1.0,5.6
2003,5,10,1.0,6.8
2015,4,10,1.0,6.1
1948,4,10,1.0,6.2
1984,11,10,1.0,4.3
2005,4,10,1.0,7.0
2021,9,10,2.0,5.5
2000,10,10,1.0,6.6
1983,12,10,1.0,5.8
1937,3,10,1.0,7.3
1974,5,10,1.0,6.6
1992,5,10,1.0,5.0
1990,11,7,1.0,6.4
2014,10,10,1.0,7.1
1955,10,10,1.0,5.6
2014,11,10,1.0,6.3
1920,3,9,1.0,4.8
1990,2,10,1.0,4.9
1989,1,10,1.0,6.5
2020,12,10,1.0,7.0
1978,9,10,1.0,6.1
1980,7,10,1.0,7.1
1953,12,10,1.0,5.8
1987,9,10,1.0,6.2
1964,6,10,2.0,6.6
1954,8,10,1.0,5.3
2022,3,8,1.0,5.2
1939,7,10,1.0,5.4
1942,12,10,1.0,5.6
2017,9,10,1.0,7.5
1995,9,10,2.0,4.7
2017,11,10,1.0,5.6
1998,6,10,1.0,6.3
2010,5,10,1.0,7.9
1937,7,10,1.0,5.4
1937,2,10,1.0,6.3
1939,4,10,1.0,6.6
1998,7,10,2.0,5.8
1940,9,9,1.0,5.5
1993,12,10,2.0,7.0
1979,6,10,1.0,6.0
1951,8,10,1.0,6.5
1979,1,10,1.0,7.3
1994,12,10,2.0,9.1
1964,3,10,1.0,6.2
2000,10,10,1.0,6.0
2016,8,10,1.0,7.6
2022,8,10,1.0,5.2
1969,7,10,1.0,6.2
1971,2,10,1.0,6.9
1930,10,10,1.0,6.5
1997,5,10,1.0,6.0
1993,7,10,1.0,5.5
1928,10,10,1.0,5.2
2020,6,10,1.0,4.9
1955,12,10,1.0,6.4
1955,10,10,1.0,7.1
2000,4,10,1.0,6.0
1971,9,10,1.0,5.7
2017,3,10,1.0,6.8
1963,9,10,1.0,6.5
1952,8,8,1.0,4.8
1952,1,10,1.0,7.6
1989,9,10,1.0,7.0
2007,8,10,1.0,6.0
1975,4,10,1.0,6.1
2009,3,10,1.0,7.1
2020,9,10,1.0,6.2
1963,9,10,1.0,5.5
1949,5,10,1.0,5.4
2000,4,10,2.0,6.4
1946,5,10,1.0,6.6
1944,7,10,1.0,6.3
1981,7,10,1.0,6.2
1929,7,8,1.0,6.6
1943,4,10,1.0,5.4
1932,3,10,1.0,6.0
1977,2,10,1.0,6.7
1982,7,10,1.0,5.8
1956,1,10,1.0,6.7
1975,9,10,1.0,5.9
1990,7,10,1.0,5.1
1960,11,10,2.0,6.6
1981,6,10,1.0,5.3
1980,4,10,1.0,6.5
2013,3,10,1.0,3.9
2022,3,10,1.0,7.5
1974,12,10,1.0,8.0
1985,4,10,1.0,4.2
2015,8,10,1.0,6.2
2006,11,10,1.0,2.9
2008,6,5,1.0,7.1
1952,5,10,1.0,5.8
1995,3,10,2.0,6.6
1988,4,10,1.0,4.6
1958,3,10,1.0,7.2
1945,8,10,3.0,6.3
2014,8,10,2.0,6.2
2022,11,10,1.0,7.8
1942,11,10,1.0,6.9
2000,2,10,1.0,6.1
1982,9,10,1.0,6.5
1943,8,10,1.0,4.6
1968,6,10,1.0,6.1
1950,11,10,1.0,6.5
1978,8,10,1.0,5.7
1997,7,10,1.0,5.1
1967,7,6,1.0,6.1
1985,1,10,1.0,6.0
1948,9,10,1.0,6.2
1977,10,10,1.0,7.8
1980,5,10,1.0,7.1
1928,3,10,1.0,4.8
2010,4,10,1.0,6.5
1963,1,10,1.0,2.3
2005,7,10,1.0,7.6
1971,7,10,1.0,7.5
2015,10,10,1.0,6.5
1961,12,10,1.0,4.2
2004,11,10,2.0,5.6
1955,11,10,1.0,3.7
1961,10,10,1.0,6.1
1955,8,10,1.0,6.1
2015,10,10,1.0,5.0
1940,5,10,1.0,5.5
1928,7,10,1.0,6.7
2015,7,10,1.0,5.6
1997,5,10,1.0,6.5
1933,1,10,54.0,5.2
2022,8,10,1.0,5.3
1955,5,10,1.0,5.4
1964,7,10,2.0,7.1
2016,8,10,1.0,7.7
2017,8,10,1.0,7.0
1942,1,10,2.0,6.4
1957,1,10,1.0,8.0
1992,6,10,1.0,6.6
1944,11,10,1.0,6.1
1951,6,10,1.0,7.9
1998,6,10,1.0,5.3
1985,9,10,1.0,7.0
1962,12,10,2.0,8.1
1948,11,10,1.0,6.1
2000,2,10,1.0,4.2
1968,12,10,1.0,6.6
1949,3,10,1.0,6.4
1945,11,10,58.0,5.4
1928,6,7,1.0,4.8
1944,9,10,1.0,4.6
2000,3,10,2.0,8.2
1936,11,10,1.0,6.0
1956,3,10,1.0,7.1
2022,3,10,1.0,6.7
1942,3,10,1.0,6.4
1966,5,5,1.0,7.7
1931,11,10,1.0,6.0
1932,11,10,1.0,8.7
2007,5,10,1.0,7.5
1991,11,10,1.0,3.8
1931,3,9,2.0,6.9
1941,11,10,1.0,5.9
2009,6,10,1.0,7.4
2016,5,10,2.0,7.3
1973,7,10,2.0,5.4
2007,8,10,1.0,6.2
2025,1,10,2.0,6.3
1971,9,10,1.0,7.7
1960,1,10,2.0,6.8
1921,3,10,51.0,5.2
2010,4,10,1.0,5.5
1996,2,10,1.0,7.2
2008,11,10,1.0,5.7
2022,6,10,1.0,7.2
2009,11,10,2.0,6.7
1981,10,10,1.0,5.3
1991,3,10,1.0,6.0
2020,8,10,1.0,5.6
1980,9,4,1.0,8.1
2021,7,10,1.0,6.6
2019,12,10,1.0,4.5
1931,2,10,1.0,6.1
1987,9,10,1.0,6.5
2010,4,10,1.0,7.3
2008,11,10,1.0,7.0
1981,1,10,1.0,2.8
1957,5,10,1.0,5.7
2015,5,10,1.0,6.3
1968,12,10,1.0,5.3
1923,9,1,33.0,6.5
1968,6,10,1.0,4.1
1949,4,6,1.0,6.6
1982,10,10,1.0,6.3
1954,3,10,1.0,5.3
2000,5,9,1.0,6.0
1975,10,7,1.0,4.9
1963,9,10,1.0,5.5
1999,12,10,1.0,7.4
1921,4,8,1.0,6.0
1988,5,10,1.0,6.2
1996,11,4,1.0,2.9
1993,8,10,1.0,4.6
1941,11,10,1.0,6.5
1984,3,10,2.0,5.8
1953,10,10,1.0,5.4
2009,10,10,2.0,3.3
1995,12,10,1.0,5.3
1975,5,10,1.0,6.9
2021,12,10,2.0,7.6
2001,10,10,1.0,6.8
1951,3,10,1.0,5.8
1983,4,10,1.0,5.0
1939,9,10,1.0,6.8
1946,3,10,1.0,5.2
1961,8,10,1.0,5.7
2004,4,10,2.0,6.6
2008,5,10,1.0,6.4
1947,9,10,1.0,6.2
1958,3,10,1.0,7.3
1940,2,10,1.0,6.8
1989,5,10,1.0,6.8
1926,5,10,1.0,5.9
1974,11,10,1.0,3.9
2020,2,10,2.0,7.6
1980,11,10,2.0,6.9
2000,11,10,1.0,5.3
1981,2,10,1.0,5.4
1979,12,10,1.0,7.2
1931,1,10,1.0,6.0
1977,9,9,1.0,6.8
2015,6,10,1.0,7.2
1998,12,10,1.0,8.3
1971,7,10,1.0,5.8
1958,9,10,1.0,5.6
1974,5,10,1.0,6.7
1991,11,10,2.0,6.1
2023,11,10,1.0,6.0
1942,11,10,1.0,6.4
2023,3,10,2.0,5.8
1970,3,10,2.0,6.7
2004,3,10,2.0,7.4
1969,5,10,1.0,4.9
1983,4,10,2.0,6.5
1944,7,10,1.0,8.1
2022,1,10,1.0,5.0
1984,11,10,1.0,2.7
1939,4,10,1.0,5.4
1973,5,10,1.0,4.9
1934,8,7,1.0,5.5
1983,9,10,1.0,6.2
1936,12,10,1.0,5.7
1971,5,10,2.0,5.1
1959,1,9,1.0,8.2
1921,8,10,1.0,6.9
2008,3,10,1.0,6.2
1988,7,10,1.0,5.0
1960,12,10,1.0,4.7
1964,6,10,1.0,6.9
1950,8,10,1.0,6.9
1964,1,10,2.0,5.9
2002,4,10,2.0,7.7
2009,8,10,1.0,6.4
1947,4,10,1.0,6.8
2010,4,3,1.0,6.7
1951,1,10,1.0,7.4
2002,11,10,1.0,7.0
1978,8,10,1.0,5.7
1977,3,10,1.0,6.9
1969,3,10,1.0,6.5
2019,5,10,1.0,6.5
1955,6,10,1.0,7.2
2007,5,10,2.0,7.1
1955,11,10,1.0,7.3
2019,9,10,1.0,7.6
1978,4,10,2.0,7.9
2025,1,10,1.0,6.0
1999,5,10,1.0,5.3
1966,4,10,1.0,6.2
2017,9,10,1.0,5.3
1931,8,10,1.0,6.2
1994,7,10,1.0,6.1
2025,2,10,1.0,5.9
1977,4,10,1.0,5.1
1935,7,10,1.0,6.9
1990,4,10,1.0,6.5
2008,5,10,1.0,7.1
1962,3,10,1.0,5.1
2004,7,10,1.0,5.8
1998,10,10,3.0,7.5
1960,8,10,2.0,7.4
2004,8,10,1.0,7.2
1963,2,10,2.0,7.5
2019,3,7,1.0,6.8
1981,11,10,1.0,5.6
2003,7,10,2.0,6.6
2006,5,10,1.0,5.1
1975,9,10,1.0,4.9
2020,11,10,1.0,6.5
1926,9,1,1.0,7.5
1988,4,10,1.0,6.1
1965,5,6,1.0,7.6
2003,11,10,2.0,3.3
1929,10,10,1.0,7.0
1969,7,10,1.0,7.9
1954,11,10,1.0,6.2
1930,2,10,1.0,7.3
2005,4,10,1.0,6.2
2016,9,10,1.0,5.5
1986,9,10,1.0,5.4
2016,10,10,1.0,6.0
1938,12,10,1.0,6.8
1934,2,10,1.0,5.9
1940,9,10,1.0,6.3
2010,9,10,2.0,6.6
2010,7,10,1.0,6.4
1997,2,10,1.0,7.0
1996,5,10,1.0,4.2
2007,11,10,1.0,8.0
1971,10,10,1.0,6.1
2023,4,10,1.0,7.1
2019,5,10,1.0,8.0
1963,9,10,1.0,5.4
1941,8,10,1.0,4.9
2012,10,10,1.0,6.2
2018,3,10,2.0,7.4
1952,8,10,1.0,6.2
1968,1,10,2.0,6.9
1990,12,10,1.0,4.7
1949,5,10,1.0,5.9
1988,11,10,1.0,4.9
1941,2,10,1.0,6.7
1932,9,10,1.0,6.5
1978,11,10,1.0,5.9
1978,10,10,1.0,6.2
2014,3,10,2.0,5.8
1994,8,10,1.0,4.1
1983,4,10,2.0,7.8
1973,1,10,1.0,5.0
2014,3,10,1.0,4.5
1934,9,10,1.0,4.7
1977,1,10,1.0,6.1
1957,3,10,1.0,7.1
1965,1,6,55.0,4.2
1980,6,10,1.0,4.0
1938,9,10,1.0,3.8
1988,9,10,1.0,4.1
2017,4,10,2.0,8.2
1969,12,10,1.0,5.7
1987,9,10,1.0,2.6
1944,11,10,1.0,6.0
1991,3,10,1.0,6.5
1992,11,10,1.0,3.6
1993,12,10,1.0,7.8
2011,12,10,2.0,5.9
1994,9,10,2.0,6.4
2022,10,8,1.0,5.7
1968,6,10,1.0,7.8
1937,9,10,2.0,7.6
1981,4,10,1.0,5.7
1920,5,10,1.0,6.2
1933,10,10,1.0,6.0
1942,12,10,1.0,6.5
2003,12,10,1.0,5.9
1966,10,10,1.0,6.0
2011,3,10,1.0,7.0
1964,9,10,1.0,6.9
1943,7,10,1.0,6.4
1997,9,9,1.0,4.5
2014,9,10,1.0,6.7
1974,7,10,1.0,5.4
2018,8,9,1.0,6.7
1939,4,10,1.0,7.0
1999,4,10,1.0,5.9
2011,5,10,1.0,6.8
2018,5,10,1.0,6.5
2024,10,10,2.0,7.3
2018,3,6,1.0,7.0
1962,8,10,2.0,7.1
1996,2,10,1.0,3.8
1946,1,10,1.0,7.3
1969,9,8,1.0,6.9
1945,9,10,1.0,7.2
1988,6,10,1.0,7.1
1995,10,10,1.0,5.9
2022,8,7,1.0,4.1
2017,9,10,1.0,6.1
1989,11,10,1.0,5.5
1975,12,10,1.0,7.2
1985,4,10,1.0,6.6
1989,6,10,1.0,6.3
1981,6,10,1.0,6.1
1943,4,10,4.0,6.5
1963,12,10,1.0,6.5
1972,9,10,1.0,4.9
1966,5,10,1.0,6.1
1982,5,10,2.0,7.1
2001,2,10,1.0,4.4
1971,9,10,1.0,6.1
2014,3,10,1.0,4.6
1951,1,10,1.0,6.3
1974,10,10,2.0,7.3
2013,3,10,1.0,6.1
1979,2,10,1.0,5.4
1960,3,10,1.0,7.2
2001,2,10,1.0,6.5
1992,3,10,1.0,5.3
1947,9,10,1.0,6.8
1977,6,7,2.0,7.9
2005,7,10,1.0,7.3
1948,6,10,1.0,6.3
1939,1,10,1.0,6.6
2014,3,9,1.0,8.3
1966,2,10,1.0,6.2
1943,11,10,1.0,5.2
1962,7,10,2.0,8.1
2004,1,10,1.0,5.6
2021,6,10,1.0,7.0
2015,10,10,1.0,5.4
1932,8,10,1.0,6.4
1982,3,10,2.0,6.5
2000,8,2,1.0,5.4
1955,10,10,1.0,7.1
1959,9,10,1.0,7.6
1929,9,10,1.0,5.6
1966,12,10,1.0,6.3
2008,9,10,1.0,5.5
1975,2,10,1.0,5.6
1937,12,10,1.0,7.1
2021,9,10,1.0,6.5
1981,2,10,1.0,4.9
2025,3,10,1.0,6.1
1942,2,10,1.0,6.4
1977,9,10,1.0,4.8
1961,7,10,1.0,5.9
1968,8,10,1.0,6.9
1975,5,10,2.0,7.4
1940,9,10,1.0,5.4
1979,4,10,1.0,6.1
1964,9,10,1.0,5.4
1992,5,10,1.0,6.5
1999,2,10,1.0,5.6
1955,12,10,1.0,5.7
1990,10,10,1.0,5.9
1930,12,10,55.0,5.9
1991,1,10,1.0,6.6
1974,8,10,1.0,4.7
1923,6,10,1.0,4.9
1968,7,10,1.0,4.8
2007,1,10,1.0,6.0
1972,10,9,1.0,7.6
1935,6,10,1.0,5.1
2007,1,10,1.0,7.3
2015,5,10,2.0,6.9
2025,2,10,2.0,7.2
1962,10,10,1.0,7.6
2018,4,10,1.0,6.5
1940,12,8,1.0,7.0
1954,9,10,1.0,7.0
1988,8,10,1.0,2.1
2012,2,10,1.0,7.0
1950,7,10,1.0,6.3
1997,1,1,1.0,8.2
1988,11,10,1.0,5.0
2014,1,10,2.0,8.0
1946,11,10,1.0,6.5
1941,7,10,1.0,5.2
1964,1,5,2.0,9.2
2007,9,10,1.0,5.3
1966,10,10,1.0,7.2
1980,12,10,1.0,6.8
1992,7,10,2.0,6.1
1956,12,10,1.0,5.9
1935,2,10,1.0,4.8
1922,1,1,1.0,7.3
1996,5,10,1.0,5.2
2016,3,10,1.0,6.1
1957,8,10,1.0,5.3
1927,10,10,1.0,7.4
1986,9,10,1.0,3.3
2000,9,10,1.0,5.8
1999,3,10,1.0,7.1
1999,11,10,1.0,6.8
2024,12,10,1.0,5.3
1953,4,10,1.0,6.4
1966,1,10,2.0,5.9
1951,6,10,1.0,6.3
1934,5,10,1.0,6.9
1988,2,8,1.0,5.1
1937,11,10,1.0,7.0
2024,3,10,1.0,5.9
2023,11,10,2.0,5.7
2018,4,10,1.0,4.6
1934,11,10,1.0,5.2
2013,11,10,1.0,5.8
1923,8,10,1.0,8.2
1966,1,10,1.0,6.6
1933,1,10,1.0,6.3
1959,2,10,1.0,5.7
1938,7,10,1.0,4.7
1936,10,10,1.0,6.9
1974,10,10,2.0,5.7
1932,5,10,1.0,6.0
1961,7,10,1.0,6.4
1932,8,10,3.0,5.3
2023,4,10,2.0,6.7
2004,9,10,1.0,6.1
2012,11,10,2.0,7.2
1972,6,10,1.0,5.2
1982,10,9,1.0,4.9
1924,11,10,1.0,6.5
1994,9,10,1.0,7.5
1933,2,10,1.0,6.7
1997,2,10,2.0,8.5
1989,3,10,2.0,6.4
1968,9,10,1.0,7.0
2009,1,7,1.0,7.0
1983,9,10,1.0,4.8
1974,3,10,1.0,4.7
2022,2,10,1.0,6.9
2005,9,10,1.0,6.9
1993,5,10,1.0,6.8
1989,2,10,1.0,6.0
1988,3,7,1.0,6.7
1944,9,10,1.0,6.1
1927,1,10,1.0,8.1
1958,11,10,1.0,7.0
1971,5,9,1.0,5.2
1994,4,10,1.0,5.9
2007,5,10,1.0,5.4
1928,3,5,1.0,6.1
1939,2,10,1.0,5.6
1972,12,10,1.0,6.5
1932,6,10,1.0,7.2
1964,2,10,1.0,2.3
1956,2,10,1.0,6.5
1967,3,10,1.0,4.6
1945,8,10,2.0,7.0
1956,3,10,1.0,5.7
1948,10,10,1.0,5.9
1933,12,10,1.0,6.7
2023,11,10,1.0,5.6
1922,10,6,1.0,5.9
1936,2,10,1.0,6.4
2006,11,10,1.0,6.4
1980,12,10,1.0,5.2
2022,6,10,2.0,7.3
2015,4,1,1.0,7.2
2011,10,10,1.0,5.9
1962,1,10,1.0,7.1
2007,10,1,1.0,7.5
1930,9,10,1.0,6.7
1979,3,10,1.0,6.4
2005,1,1,1.0,7.6
1980,9,10,1.0,4.4
1981,6,10,2.0,6.8
1976,1,1,1.0,6.6
2017,11,10,1.0,6.7
1988,9,10,1.0,6.7
1973,5,10,1.0,6.0
1966,1,10,1.0,7.1
1930,6,7,50.0,6.2
2008,5,10,1.0,5.5
1957,2,10,1.0,4.9
1989,10,10,1.0,5.7
2019,9,1,1.0,3.5
2001,2,10,1.0,6.1
1946,7,10,1.0,6.1
2013,3,10,1.0,5.7
2006,8,10,2.0,6.2
1983,9,10,1.0,6.9
1989,8,10,1.0,4.2
2023,12,10,2.0,5.6
1997,6,10,2.0,6.5
1990,9,10,1.0,3.3
1990,9,10,1.0,4.1
1958,1,10,2.0,8.0
1945,4,10,1.0,6.5
1942,12,10,1.0,7.2
1950,11,6,1.0,5.3
2005,10,10,2.0,7.3
2003,12,10,1.0,4.6
1920,1,10,1.0,6.4
1964,9,10,1.0,6.0
2021,5,10,1.0,6.5
2009,4,10,1.0,8.1
1986,11,10,1.0,5.4
1939,10,10,1.0,6.3
1945,5,10,1.0,6.0
1973,10,10,1.0,7.2
2008,4,10,1.0,6.7
1967,9,10,1.0,5.5
1943,1,10,1.0,5.2
2023,4,10,1.0,6.6
1972,8,10,1.0,4.0
2014,10,7,3.0,7.3
1944,7,10,1.0,6.1
1953,3,10,1.0,5.2
1991,7,10,1.0,6.7
1951,10,10,1.0,7.7
1988,8,10,2.0,7.5
2009,11,10,1.0,7.6
1965,8,10,1.0,6.8
1926,2,5,1.0,7.7
1963,5,7,1.0,6.5
1925,1,10,1.0,6.8
1937,8,10,1.0,6.5
1942,4,10,1.0,7.0
1925,12,6,1.0,7.0
1945,9,10,1.0,7.9
1932,3,1,1.0,8.3
2015,6,10,2.0,4.5
1973,5,10,1.0,4.9
1982,4,10,2.0,7.2
2006,4,10,1.0,6.5
1930,11,10,1.0,6.4
2017,4,10,1.0,6.4
1951,4,10,1.0,6.3
1981,8,10,2.0,5.3
1987,7,10,2.0,7.4
1983,10,10,1.0,3.8
2006,11,10,1.0,7.3
1952,1,6,2.0,6.6
2006,1,10,1.0,3.0
1949,5,10,1.0,5.4
1938,8,10,1.0,6.0
2005,8,10,1.0,6.9
1963,4,10,1.0,7.8
1978,11,6,1.0,4.4
2007,12,10,1.0,5.8
1935,3,10,1.0,6.3
2008,3,7,1.0,7.8
1969,5,10,1.0,3.8
1993,2,10,1.0,7.0
1924,2,10,1.0,6.6
1963,10,10,1.0,6.8
1958,8,2,1.0,6.9
1960,1,10,56.0,6.5
2009,9,10,1.0,5.7
1941,8,10,1.0,5.4
1982,1,6,1.0,6.9
2003,10,10,2.0,7.9
1984,9,10,1.0,5.6
1940,1,10,1.0,2.4
1941,1,10,1.0,6.2
1999,6,10,1.0,7.6
2025,3,10,1.0,5.0
2000,12,10,1.0,6.4
1934,12,10,1.0,5.6
1923,2,9,52.0,5.5
1931,9,1,1.0,6.8
2008,4,10,1.0,6.1
1969,12,10,1.0,5.5
2000,12,10,2.0,6.8
2000,1,10,1.0,6.6
1949,12,10,1.0,8.2
2006,1,10,1.0,6.6
1971,12,10,1.0,7.7
1954,9,8,1.0,6.7
1941,12,10,1.0,5.5
1923,7,10,1.0,6.8
1933,5,10,1.0,6.3
1950,7,10,1.0,6.7
1997,5,10,1.0,4.8
2000,1,10,1.0,7.5
1998,1,10,1.0,4.8
1941,8,10,1.0,7.2
2011,10,10,1.0,7.1
1997,1,10,2.0,6.7
1938,11,10,59.0,4.7
1922,11,7,1.0,7.0
1986,11,10,1.0,6.9
1952,2,10,1.0,5.9
2010,1,10,1.0,5.3
1973,7,10,1.0,6.2
1952,9,10,1.0,7.8
1973,3,10,1.0,7.5
1966,7,10,1.0,5.1
2013,4,10,1.0,5.2
2014,7,10,1.0,5.7
2018,4,10,1.0,7.8
2005,11,10,1.0,6.2
1943,9,10,1.0,4.7
1959,5,10,3.0,7.9
1986,4,10,1.0,3.6
1975,10,10,1.0,6.9
2017,6,10,1.0,5.3
1987,8,10,1.0,6.6
1990,11,10,1.0,5.9
2008,6,10,1.0,6.7
2014,3,10,1.0,6.7
2011,2,10,2.0,7.8
2018,5,10,1.0,4.9
1926,3,6,1.0,6.2
1995,2,10,2.0,5.9
1947,5,10,4.0,5.8
1985,11,10,1.0,4.2
2006,9,10,1.0,5.9
1955,11,10,1.0,5.3
1924,11,9,1.0,5.7
2011,1,10,1.0,5.3
1951,3,10,1.0,6.9
2013,7,10,1.0,6.0
1968,11,10,1.0,4.8
1944,3,10,1.0,6.1
1940,1,10,1.0,6.0
1990,4,10,1.0,6.4
1936,12,10,1.0,7.6
1986,1,10,1.0,6.2
2015,2,10,1.0,5.0
1942,9,10,1.0,6.4
2019,4,10,1.0,5.5
1970,7,10,1.0,6.0
2003,10,10,1.0,6.5
2025,1,10,1.0,6.8
1982,1,10,1.0,5.2
1947,5,10,1.0,6.6
1978,3,10,1.0,6.1
1960,4,10,1.0,5.0
1966,11,10,1.0,6.2
1940,1,10,56.0,6.5
1936,7,10,1.0,7.5
1948,11,10,1.0,7.2
2012,6,10,1.0,7.0
1956,1,10,1.0,6.6
1977,2,10,2.0,7.2
2002,3,6,1.0,7.9
1970,2,10,2.0,7.2
1948,3,10,55.0,5.4
2012,4,10,1.0,6.8
1992,11,5,1.0,8.1
1971,3,10,1.0,6.4
2020,1,10,2.0,7.3
1981,7,10,1.0,4.6
1993,9,6,1.0,5.3
1988,1,10,1.0,4.1
1975,8,10,1.0,5.6
2019,10,10,1.0,3.6
1933,7,10,1.0,6.0
1966,3,10,2.0,5.7
1945,1,10,1.0,6.7
1965,10,10,1.0,6.9
1958,4,10,1.0,5.9
1934,9,10,3.0,6.3
1967,3,10,1.0,4.6
1940,5,10,1.0,6.1
2005,1,10,1.0,4.8
1943,1,10,1.0,6.0
1942,1,10,1.0,6.5
1976,10,10,1.0,7.6
2023,4,10,1.0,6.6
1939,8,10,59.0,6.1
1973,3,10,1.0,6.1
1952,4,10,1.0,7.2
1937,2,10,1.0,7.0
1931,11,10,1.0,7.7
1984,2,10,1.0,5.6
1974,9,10,1.0,7.1
2024,8,10,1.0,6.8
2023,11,10,1.0,5.7
2006,12,10,1.0,4.4
1984,4,10,1.0,7.4
1957,12,10,1.0,7.2
1980,10,10,1.0,4.3
2017,3,10,2.0,5.9
1951,8,10,1.0,6.2
1998,1,10,1.0,7.4
1975,3,10,1.0,3.2
2024,6,10,1.0,5.1
1966,11,8,1.0,6.2
2004,6,10,2.0,7.9
1992,8,10,1.0,6.5
1921,12,8,1.0,6.6
1938,12,10,1.0,5.8
1980,3,10,1.0,6.9
1943,2,10,1.0,6.2
1953,2,10,1.0,7.1
1997,12,7,1.0,7.1
2003,5,10,1.0,7.0
1921,5,10,50.0,7.0
1932,12,10,1.0,7.4
2022,2,10,1.0,5.6
1961,12,10,1.0,6.7
1996,9,2,1.0,7.9
1961,8,10,1.0,7.0
1957,12,10,1.0,6.3
1966,5,10,1.0,4.2
1991,5,10,1.0,5.7
1971,7,7,1.0,3.8
1957,4,10,2.0,7.2
1946,6,10,1.0,6.7
1956,7,10,1.0,6.6
2003,3,10,1.0,6.8
2025,2,9,1.0,8.5
1936,3,10,1.0,5.0
2014,10,10,1.0,6.3
1980,10,10,1.0,5.2
1940,6,10,1.0,6.3
1952,2,10,1.0,6.4
1930,2,10,1.0,7.4
1930,8,10,2.0,8.1
1998,12,10,1.0,5.5
2015,4,10,1.0,7.2
2016,2,10,1.0,5.8
2022,10,1,1.0,8.0
1957,8,10,1.0,5.5
1980,10,10,1.0,6.1
1964,10,10,1.0,6.9
1953,5,10,1.0,5.9
1956,8,10,1.0,7.3
2010,10,10,1.0,6.3
1945,4,10,1.0,7.0
1995,12,10,1.0,4.6
1935,2,10,1.0,5.8
1996,3,10,1.0,7.5
1977,6,10,1.0,5.5
1990,1,4,1.0,7.1
1926,10,10,1.0,6.7
1984,4,10,2.0,4.5
1954,3,10,2.0,6.9
1966,10,10,2.0,7.2
1992,10,10,1.0,6.0
1962,8,10,46.0,7.4
2014,7,10,1.0,5.0
1939,8,10,54.0,5.3
2016,5,10,1.0,6.0
1962,3,10,1.0,7.3
2007,2,10,1.0,6.5
1933,2,10,1.0,6.5
2017,10,10,1.0,6.1
1981,8,10,1.0,5.0
1928,8,10,1.0,6.6
1990,9,10,1.0,6.7
2019,2,10,1.0,7.0
2007,10,10,1.0,5.8
2021,8,10,1.0,4.3
2016,3,10,1.0,7.0
1967,7,10,1.0,7.1
1945,5,10,57.0,7.0
1976,3,10,1.0,7.3
1980,6,10,1.0,6.7
1967,6,10,1.0,4.6
1947,4,10,1.0,5.9
1986,4,10,1.0,6.6
1920,8,9,50.0,6.2
2001,1,10,1.0,6.1
2010,8,10,1.0,6.1
1996,1,6,1.0,7.5
1987,4,10,1.0,5.2
1962,10,10,1.0,6.3
2023,10,10,1.0,4.1
1951,11,10,1.0,6.2
1951,1,10,1.0,6.2
1999,9,9,1.0,5.3
1960,9,10,1.0,5.3
1942,9,10,58.0,6.1
2009,8,10,1.0,5.6
1931,9,1,54.0,6.4
2013,6,10,1.0,7.2
1965,3,10,2.0,7.5
1966,3,10,1.0,6.1
1982,8,10,1.0,7.1
1982,12,10,1.0,5.6
1934,6,10,1.0,6.7
1954,8,10,1.0,7.1
2003,6,10,1.0,6.5
1975,1,10,1.0,6.3
1981,8,10,1.0,6.6
1997,1,10,1.0,5.3
1996,3,10,1.0,5.8
1988,3,10,1.0,2.7
1976,5,10,1.0,7.9
1953,10,10,1.0,5.8
1964,3,10,1.0,6.2
1953,9,10,56.0,6.5
1997,9,10,1.0,6.7
1974,8,10,1.0,5.7
1996,1,10,2.0,4.6
1963,5,10,1.0,5.2
1990,3,10,1.0,6.7
2006,2,10,1.0,7.3
2013,4,10,1.0,5.6
1921,11,8,1.0,5.8
2018,9,10,1.0,7.2
1958,9,10,1.0,4.4
1961,4,10,1.0,6.0
1938,12,10,1.0,3.7
1941,5,10,1.0,6.8
1951,12,10,1.0,6.5
1933,3,10,2.0,7.1
1966,7,10,1.0,7.6
1960,8,10,3.0,8.1
1966,6,10,1.0,4.7
2003,4,10,1.0,7.2
1947,5,10,1.0,6.8
1968,9,10,2.0,7.0
2015,1,10,2.0,5.5
2003,1,10,1.0,4.4
1940,2,10,1.0,7.0
2004,1,10,1.0,3.9
1946,12,10,1.0,6.3
1977,10,10,1.0,7.4
1963,7,10,5.0,7.0
1983,7,10,1.0,7.2
2015,4,10,1.0,6.5
1954,1,10,1.0,6.8
1966,11,10,2.0,6.4
2021,4,10,1.0,4.6
1955,3,10,1.0,7.0
1998,4,10,1.0,7.0
1968,9,10,1.0,5.1
1931,1,4,1.0,6.4
1941,2,10,1.0,6.5
1980,4,10,2.0,6.9
1933,6,10,1.0,6.0
2020,11,10,1.0,6.7
1962,1,10,1.0,6.8
1988,4,10,2.0,6.7
2002,10,9,1.0,7.0
1985,12,7,1.0,5.2
1968,1,10,1.0,5.6
1950,2,10,55.0,6.3
1951,11,10,1.0,6.0
1935,10,10,58.0,5.1
2012,2,10,1.0,6.4
1978,2,10,1.0,6.5
1983,9,10,1.0,4.6
2010,3,10,1.0,6.1
2010,5,10,2.0,4.5
1947,9,10,59.0,5.7
1941,9,10,56.0,5.3
2024,4,10,1.0,6.8
2019,7,10,1.0,7.6
1987,12,10,2.0,3.6
1964,1,10,2.0,7.1
1948,2,10,56.0,7.3
2025,1,10,2.0,6.1
1954,8,10,1.0,7.3
1938,1,10,1.0,6.6
1953,6,10,4.0,5.3
2011,10,10,2.0,6.5
1953,12,10,1.0,6.4
2002,10,10,1.0,4.7
1997,2,10,1.0,5.6
1936,10,10,1.0,5.5
2007,9,10,1.0,6.5
1944,6,10,1.0,6.1
2002,8,10,1.0,7.3
1972,6,10,1.0,6.7
2008,8,10,1.0,4.6
2014,10,10,1.0,6.4
1931,3,10,4.0,5.4
1954,7,10,1.0,7.4
1945,3,10,1.0,6.6
1982,8,10,2.0,7.2
1983,9,10,1.0,5.9
1977,3,10,1.0,5.6
1985,9,10,1.0,3.9
1951,2,10,1.0,5.8
1933,1,9,1.0,4.7
2004,4,10,1.0,6.7
1961,7,10,1.0,6.3
2016,2,10,1.0,6.5
1931,4,10,1.0,6.3
1986,4,10,1.0,5.4
2023,3,10,1.0,3.8
1991,2,10,1.0,6.7
1960,6,10,1.0,7.1
1991,3,10,1.0,3.8
1935,11,7,1.0,6.4
2004,10,10,2.0,7.5
1973,4,10,1.0,6.4
1954,9,10,1.0,7.3
1967,2,3,58.0,7.5
1936,10,10,1.0,6.2
2006,12,10,2.0,7.1
2006,3,10,2.0,7.0
2003,9,10,1.0,5.3
1982,1,10,3.0,7.7
1950,3,10,1.0,6.4
1941,3,10,1.0,7.2
1964,9,10,1.0,7.5
2023,3,10,2.0,6.4
1991,2,10,1.0,5.7
1997,11,7,1.0,7.5
1935,3,10,1.0,6.2
1947,11,10,1.0,6.0
1950,8,10,1.0,6.3
1949,11,10,1.0,4.6
1975,7,10,1.0,5.3
1957,9,10,2.0,6.9
2025,1,10,2.0,7.0
1985,10,10,1.0,4.4
1965,4,10,1.0,7.2
1930,8,8,1.0,6.1
1976,3,10,1.0,8.8
1937,5,10,58.0,6.0
1997,6,10,1.0,7.0
1970,12,10,1.0,6.2
1985,9,10,1.0,8.2
1998,6,10,1.0,6.8
1993,1,10,1.0,5.8
1922,1,9,1.0,2.1
1964,12,10,1.0,4.8
1958,11,10,1.0,4.9
1947,5,10,1.0,6.2
2014,8,1,1.0,4.9
1962,6,10,1.0,5.2
1975,1,10,1.0,5.4
1987,7,10,1.0,6.4
1941,4,10,1.0,7.1
2002,1,10,1.0,6.5
1965,8,10,1.0,6.6
1973,3,10,1.0,7.1
1998,7,10,2.0,8.3
1936,3,10,1.0,6.2
1975,12,10,1.0,5.6
1937,3,10,1.0,5.6
1997,4,10,2.0,4.0
1964,9,9,1.0,4.6
2014,8,10,1.0,6.6
1950,1,10,1.0,7.5
2013,10,7,1.0,7.1
1993,11,10,1.0,7.2
2025,3,10,1.0,5.3
2018,7,10,1.0,6.7
1971,10,10,1.0,7.7
2013,9,10,1.0,5.7
1960,1,10,1.0,6.0
1977,3,10,1.0,6.6
2007,12,10,1.0,7.3
2008,2,10,1.0,4.3
1965,5,10,1.0,3.0
2012,11,10,1.0,5.7
1963,5,10,1.0,4.5
1988,2,10,1.0,6.3
1965,11,10,1.0,5.2
2023,10,10,1.0,5.5
1980,12,10,1.0,5.8
1953,1,10,1.0,4.8
1946,7,10,1.0,7.0
2025,4,10,1.0,7.2
1982,4,10,1.0,7.2
1943,5,10,1.0,6.4
1996,2,10,1.0,6.9
1972,12,10,2.0,6.8
1927,11,9,1.0,6.3
2014,11,10,1.0,6.0
2006,11,10,2.0,6.9
1965,2,10,1.0,6.4
1938,11,10,57.0,6.0
1944,9,10,1.0,6.9
1974,4,10,1.0,6.7
1992,11,10,1.0,4.9
1952,10,10,1.0,6.5
1968,4,10,1.0,4.4
1934,4,9,1.0,7.4
2021,10,10,1.0,5.9
1920,8,10,2.0,5.4
1924,4,10,1.0,6.4
1982,2,10,1.0,5.6
1980,12,10,1.0,4.9
1965,5,10,1.0,5.3
1982,10,8,1.0,4.6
1921,6,10,50.0,7.3
1935,10,10,1.0,6.0
1950,5,10,1.0,5.8
1980,5,10,1.0,5.5
2019,12,10,2.0,3.0
2011,4,10,1.0,7.1
1970,12,10,1.0,4.7
1941,10,10,1.0,6.5
1976,5,10,1.0,5.6
1975,7,10,1.0,6.0
2000,3,10,1.0,5.7
1985,1,10,2.0,8.0
1944,7,10,1.0,6.4
1955,2,1,1.0,6.8
1964,9,10,1.0,6.1
1984,8,10,2.0,5.9
1998,5,10,1.0,6.4
2002,5,10,1.0,6.0
1967,4,10,2.0,5.0
1962,4,10,1.0,4.4
1981,12,10,1.0,7.0
1951,4,10,1.0,6.0
2017,9,10,1.0,6.2
1971,12,10,1.0,6.6
1970,9,10,1.0,6.1
1983,11,10,2.0,8.1
1973,9,10,2.0,7.0
2002,8,10,1.0,6.1
1944,10,10,1.0,6.5
1930,4,10,58.0,6.4
1980,7,10,1.0,4.6
1994,11,10,1.0,3.7
1947,1,10,1.0,5.4
1997,9,10,1.0,7.0
1984,9,10,2.0,7.3
2018,1,1,1.0,6.4
1935,4,10,53.0,5.2
1927,12,7,50.0,4.5
1987,3,10,1.0,6.7
2011,10,10,2.0,3.0
1960,6,10,1.0,6.7
1980,9,7,1.0,3.5
1925,12,10,1.0,6.6
1960,10,10,2.0,6.9
1964,6,10,2.0,6.1
2019,3,10,1.0,6.3
1975,1,10,1.0,5.6
1970,12,10,1.0,6.3
1932,10,10,1.0,5.7
1970,11,10,1.0,8.0
1946,10,10,2.0,6.8
1952,9,10,1.0,6.2
1939,1,10,2.0,7.6
1991,8,10,1.0,7.3
2000,2,10,2.0,7.1
2006,10,10,1.0,6.2
1934,1,10,1.0,6.9
1989,7,10,1.0,5.9
2008,8,10,1.0,6.9
1996,4,10,1.0,5.6
1944,11,10,3.0,6.2
1994,3,10,1.0,4.0
1972,6,10,1.0,3.7
1938,3,10,1.0,6.3
1975,7,10,1.0,4.6
1978,5,10,1.0,4.8
1998,7,6,1.0,4.6
1998,11,10,1.0,8.0
1975,2,10,1.0,5.2
2007,11,6,1.0,6.8
1942,10,10,1.0,6.8
1944,10,10,1.0,5.6
1998,11,10,1.0,6.2
1962,2,10,1.0,6.4
1972,7,10,2.0,6.7
1959,10,10,1.0,6.7
2022,11,10,2.0,6.8
1949,4,10,2.0,7.2
1975,2,10,1.0,5.6
1929,9,10,1.0,6.2
1938,7,10,1.0,5.0
1936,11,10,1.0,6.6
2007,11,10,1.0,6.2
1992,4,10,1.0,5.7
1982,5,10,1.0,6.8
2000,4,10,2.0,7.2
1975,3,10,1.0,6.0
1982,6,10,1.0,3.7
1939,6,10,1.0,5.7
2015,9,10,2.0,3.6
1941,7,10,1.0,6.9
1963,8,10,1.0,7.2
1970,7,10,1.0,5.7
1925,10,10,1.0,6.3
2024,8,10,1.0,1.8
1961,2,10,1.0,6.9
1970,11,10,2.0,6.1
2017,1,10,2.0,7.2
1934,9,10,1.0,7.4
1997,8,10,1.0,6.0
1922,5,10,1.0,6.4
1940,12,10,2.0,7.6
1954,6,10,1.0,6.4
1991,6,10,1.0,3.8
1970,11,10,2.0,4.2
2003,5,3,1.0,5.0
1968,9,7,1.0,5.8
1998,8,10,1.0,5.5
1926,7,9,50.0,5.9
1964,8,10,1.0,7.6
1964,2,10,1.0,6.8
1984,8,10,2.0,8.1
1979,2,10,1.0,4.9
1924,4,7,58.0,5.8
2016,5,10,2.0,6.4
1940,10,10,1.0,6.5
1990,1,10,1.0,7.3
2000,5,10,1.0,6.0
1983,3,10,2.0,7.5
1951,5,10,1.0,6.3
1951,1,10,2.0,6.4
1984,9,10,1.0,4.7
2006,8,6,1.0,6.4
2003,2,10,2.0,4.2
1995,11,8,1.0,3.4
1973,2,10,1.0,5.2
2023,11,10,1.0,7.7
2016,8,10,1.0,7.2
1929,3,8,1.0,6.5
1968,5,10,1.0,7.1
1974,1,10,1.0,6.2
1971,2,10,1.0,3.8
1972,10,10,1.0,7.0
2006,4,10,2.0,4.3
1942,5,10,1.0,6.8
1924,4,10,1.0,6.2
1972,9,10,1.0,3.6
1956,5,10,1.0,6.4
1949,12,10,1.0,7.3
1960,5,10,1.0,5.4
2025,5,10,1.0,8.1
2019,12,10,1.0,7.6
1996,12,10,1.0,7.2
1969,11,10,1.0,5.6
2002,5,10,2.0,6.2
2025,3,10,1.0,5.2
1949,8,7,47.0,5.1
1963,7,10,1.0,8.0
1977,1,10,2.0,6.3
2003,11,6,1.0,6.9
2013,7,8,1.0,5.4
1984,11,10,1.0,6.2
1931,9,10,1.0,6.5
2022,8,10,2.0,5.6
1996,8,10,1.0,5.5
1934,1,9,1.0,7.0
2014,1,10,1.0,4.3
1960,6,10,1.0,6.9
2014,8,10,2.0,7.6
2021,5,10,2.0,5.8
1938,1,10,50.0,6.0
1929,8,10,1.0,6.7
2004,3,10,1.0,7.2
1985,10,10,1.0,6.1
1977,5,10,1.0,6.6
1980,6,10,1.0,2.8
2007,6,10,1.0,6.7
2014,3,10,1.0,5.9
1968,2,10,1.0,5.4
1985,11,10,1.0,5.8
1970,9,10,1.0,6.1
2021,4,10,1.0,6.8
1996,10,10,1.0,6.0
2022,5,10,1.0,6.3
1931,10,8,1.0,6.7
1977,5,10,1.0,6.1
1935,10,10,1.0,6.4
1951,9,10,1.0,5.7
1991,4,10,1.0,4.4
1987,1,10,1.0,4.7
1978,11,10,2.0,7.1
2018,7,10,1.0,7.4
1943,3,10,53.0,6.0
1939,2,10,1.0,5.2
2024,10,10,1.0,6.9
1977,8,10,1.0,7.1
1960,6,10,1.0,6.8
1923,4,5,1.0,4.3
1950,2,10,1.0,6.3
1954,1,10,2.0,6.1
2011,5,10,1.0,7.3
1948,9,10,1.0,6.6
2002,12,10,1.0,6.3
1954,9,10,2.0,6.7
1989,12,10,1.0,5.9
1973,4,10,1.0,4.6
1935,2,10,1.0,7.0
1977,4,5,1.0,5.2
2003,5,4,1.0,6.6
1993,8,10,2.0,6.4
1950,2,10,1.0,6.1
1940,7,10,1.0,6.0
2025,1,10,1.0,4.8
1949,1,10,2.0,7.6
1965,8,10,1.0,6.6
1982,8,10,1.0,5.8
2009,5,10,1.0,6.3
2019,6,10,1.0,3.1
1985,3,10,1.0,7.1
2005,6,10,1.0,6.4
1947,6,10,1.0,4.6
1976,3,10,1.0,6.7
1989,10,10,2.0,6.5
2012,3,10,1.0,6.2
1971,8,10,1.0,6.2
1965,2,10,1.0,5.5
2005,1,10,1.0,6.4
1954,9,10,1.0,5.8
2020,12,10,1.0,4.7
1947,6,10,1.0,6.7
1945,10,10,1.0,5.4
1966,3,10,1.0,6.3
1978,8,10,1.0,5.2
2004,12,10,2.0,5.0
1992,9,10,1.0,5.0
1957,5,10,1.0,5.7
1990,11,3,1.0,3.4
1966,5,10,1.0,5.0
2011,7,10,1.0,5.1
1935,10,10,1.0,6.5
1955,4,10,1.0,6.9
2001,1,10,2.0,7.9
2011,11,10,1.0,7.4
2019,10,10,1.0,5.7
1958,9,10,1.0,7.8
2004,4,10,1.0,2.2
1989,8,10,1.0,6.3
1938,7,10,1.0,6.0
1984,7,10,1.0,5.3
1981,11,10,1.0,5.9
1929,9,10,1.0,6.2
2001,10,10,1.0,7.1
1946,4,10,55.0,5.5
2018,2,10,1.0,6.4
1977,7,10,1.0,5.3
1965,9,10,1.0,5.0
1953,7,10,2.0,5.7
2023,9,10,1.0,5.5
2015,2,10,2.0,7.6
1962,1,10,2.0,5.1
1931,9,10,1.0,6.6
1946,3,10,1.0,7.0
2004,5,10,1.0,6.3
2007,1,10,1.0,7.0
2012,2,10,1.0,5.8
2004,9,10,55.0,7.1
1960,11,10,3.0,7.9
1994,6,10,1.0,4.9
1971,12,8,1.0,5.8
2002,10,10,1.0,5.5
1943,6,10,1.0,6.0
1926,8,10,1.0,6.5
1943,4,10,55.0,7.0
1995,12,10,2.0,5.1
1970,1,6,59.0,4.0
2021,5,10,1.0,7.5
1953,12,10,1.0,6.3
1964,1,10,1.0,4.4
2007,5,10,2.0,7.1
2024,10,10,2.0,7.1
1983,12,10,1.0,7.3
1960,5,10,1.0,6.9
2016,2,10,1.0,6.4
1980,5,10,1.0,3.6
1941,11,10,1.0,5.9
1950,8,10,1.0,5.9
2022,4,10,1.0,8.2
1993,10,10,1.0,7.0
1969,5,10,1.0,7.1
1926,3,10,1.0,6.3
1996,9,10,1.0,6.3
1934,3,10,2.0,6.7
1957,10,10,1.0,7.2
1961,6,10,1.0,5.1
1935,7,10,1.0,6.1
1966,7,10,1.0,5.6
2001,10,5,2.0,6.7
2024,1,10,2.0,7.8
2024,2,10,56.0,6.1
1981,12,10,1.0,6.3
1942,11,10,1.0,5.8
1932,2,7,57.0,4.1
1975,1,10,1.0,5.6
2002,10,10,1.0,7.5
1932,1,10,1.0,6.3
1969,4,10,1.0,6.6
2021,2,10,1.0,7.3
1952,11,10,1.0,7.3
1944,7,10,57.0,5.2
1967,3,10,1.0,4.4
1976,12,10,2.0,6.1
1942,1,10,1.0,6.5
1963,12,10,1.0,7.2
1950,4,10,1.0,6.9
1993,3,10,1.0,5.9
1966,10,10,1.0,8.7
1956,2,10,1.0,5.1
1920,1,5,1.0,5.3
2009,2,10,1.0,5.7
2021,1,10,1.0,4.8
1999,11,10,1.0,6.3
1934,7,10,5.0,6.9
2019,6,10,1.0,6.4
1989,11,10,1.0,6.3
1987,10,10,1.0,7.1
1974,10,10,1.0,6.6
2006,8,10,1.0,5.7
1983,5,10,1.0,7.4
1957,6,10,1.0,4.0
1990,11,10,1.0,6.3
1960,2,1,1.0,7.2
2015,7,10,1.0,2.9
2021,7,10,1.0,7.6
1989,2,10,1.0,4.4
1951,12,10,1.0,5.9
1998,3,10,2.0,6.9
2020,1,10,1.0,5.9
1945,1,10,1.0,6.0
1985,4,10,1.0,7.3
1950,1,10,2.0,7.6
1942,2,10,1.0,4.7
1989,7,10,1.0,5.2
1977,2,2,1.0,5.6
2004,10,10,1.0,5.4
1952,10,10,2.0,8.0
1964,11,10,1.0,6.4
2021,3,10,1.0,5.4
2021,12,10,2.0,7.3
1936,12,10,1.0,5.5
1971,11,10,1.0,6.2
2016,5,10,2.0,7.8
1974,3,10,1.0,5.2
1963,1,10,1.0,6.1
1966,1,10,1.0,3.4
1945,3,10,2.0,8.0
1966,12,10,1.0,6.8
1927,3,10,57.0,5.1
1952,3,10,1.0,5.8
2022,12,10,1.0,4.8
1920,5,4,1.0,1.0
1998,11,10,1.0,6.8
1952,3,10,1.0,6.1
2001,1,10,1.0,5.4
1941,8,10,1.0,6.0
1924,12,7,52.0,6.1
2019,1,10,1.0,5.0
2018,7,10,1.0,7.4
1938,1,10,1.0,6.8
1934,10,10,1.0,7.6
1941,10,10,1.0,7.9
2017,3,10,1.0,5.9
1930,8,10,1.0,6.4
2021,5,10,1.0,6.5
1959,9,10,1.0,7.7
1941,3,10,1.0,7.0
1924,9,10,1.0,5.4
2020,11,10,1.0,6.4
1994,2,10,1.0,6.5
2023,2,9,1.0,5.3
1925,5,10,1.0,5.6
2011,7,10,1.0,5.2
2009,4,10,1.0,6.8
1932,2,10,1.0,6.2
1929,2,10,1.0,7.0
1965,4,10,1.0,6.6
2002,1,10,1.0,6.9
1926,10,10,53.0,6.4
1980,8,10,1.0,6.7
2009,7,10,1.0,7.4
1925,1,10,2.0,7.0
2022,6,10,1.0,6.9
1932,7,9,1.0,8.1
1984,12,10,1.0,6.8
1954,5,10,1.0,6.7
1949,5,10,1.0,5.5
1959,12,10,1.0,6.1
2003,12,10,1.0,6.8
1950,6,10,1.0,6.4
1929,1,10,1.0,5.6
1976,4,10,1.0,6.4
1973,5,10,1.0,4.8
2009,6,10,1.0,5.9
1920,5,10,4.0,5.3
1968,7,10,1.0,5.1
2000,11,10,1.0,6.2
1988,6,10,2.0,7.3
1984,5,10,1.0,5.8
1935,3,9,1.0,5.6
1937,12,10,1.0,5.8
1937,4,10,1.0,6.7
1973,7,10,1.0,6.7
2024,8,10,2.0,6.7
1961,1,10,1.0,6.3
2017,10,10,1.0,6.3
1974,9,10,1.0,4.0
2012,9,10,1.0,6.0
1965,7,10,1.0,7.4
1980,10,10,1.0,5.4
2008,3,10,1.0,7.1
2009,1,10,1.0,5.2
1920,5,10,1.0,6.4
1948,8,10,1.0,7.5
1993,8,10,1.0,7.6
1943,11,10,1.0,5.5
1973,1,10,1.0,6.2
1948,8,10,1.0,6.6
2007,6,10,1.0,5.9
2003,10,10,3.0,7.9
2024,10,10,1.0,5.4
1982,12,10,1.0,6.0
1928,11,10,1.0,6.4
2018,9,1,1.0,6.8
1926,10,6,58.0,2.4
1993,1,10,1.0,6.4
2014,10,10,2.0,7.8
1981,10,10,1.0,3.5
1974,5,10,1.0,5.0
1978,3,6,1.0,5.2
1956,12,10,1.0,7.3
1981,3,10,1.0,7.3
1930,11,10,1.0,6.7
2005,10,10,1.0,7.4
1967,10,10,1.0,7.7
1948,3,10,1.0,6.1
2013,1,10,1.0,6.2
2000,8,10,1.0,6.4
1938,12,10,1.0,6.0
1927,3,10,1.0,5.8
2017,7,10,1.0,7.8
1956,9,10,1.0,6.4
1961,6,10,1.0,6.3
1947,5,10,2.0,8.1
1961,10,10,1.0,3.5
1950,9,10,1.0,7.0
2016,9,10,2.0,8.1
2025,3,10,2.0,7.9
1942,4,10,4.0,6.5
1978,1,10,2.0,6.1
1953,7,10,1.0,6.1
1938,1,10,55.0,5.2
2022,5,10,1.0,3.7
1924,1,10,1.0,6.8
1941,6,10,1.0,6.3
1967,1,10,2.0,6.5
1970,3,10,1.0,5.2
1954,7,10,1.0,4.8
1985,11,10,2.0,7.1
1991,3,10,1.0,4.0
2005,5,10,1.0,6.7
2024,11,10,1.0,5.9
2023,6,10,2.0,6.5
1940,1,10,1.0,6.5
2013,4,10,1.0,7.1
1997,7,10,1.0,5.3
1934,11,10,1.0,6.6
1966,1,10,1.0,5.6
1975,8,10,1.0,6.3
1947,9,10,1.0,7.1
1964,9,10,1.0,2.4
1926,11,7,1.0,6.5
1983,1,10,1.0,2.5
1955,7,8,1.0,5.3
1949,6,10,1.0,7.3
1965,9,2,45.0,8.0
1939,3,10,1.0,5.5
1985,8,10,1.0,5.9
1948,10,10,1.0,6.2
1946,2,10,1.0,6.3
2017,7,10,1.0,4.7
1993,4,10,1.0,6.3
2014,5,10,2.0,6.6
1927,12,10,1.0,5.7
1932,6,10,1.0,5.9
2005,12,10,2.0,7.3
2008,6,10,1.0,5.5
2005,10,4,1.0,8.8
1945,2,10,1.0,5.4
2024,1,10,1.0,6.4
1938,6,10,1.0,6.8
1994,10,10,1.0,6.4
1950,3,10,1.0,6.3
2002,6,10,1.0,5.7
1998,2,10,1.0,5.4
1920,1,8,5.0,4.7
1958,12,10,1.0,5.7
1981,9,10,1.0,6.4
1946,12,10,56.0,5.7
1953,2,10,1.0,6.1
2012,4,10,2.0,5.4
1952,5,10,1.0,6.1
1999,4,10,1.0,6.8
1940,1,10,59.0,5.7
1949,12,10,1.0,6.1
1930,4,10,1.0,5.5
1936,12,10,1.0,6.1
2025,1,10,1.0,7.5
1937,11,10,1.0,7.1
2010,6,10,1.0,6.3
2002,6,10,1.0,5.8
2019,8,10,1.0,6.7
1935,4,10,50.0,3.6
1962,7,3,1.0,7.7
2006,4,9,1.0,7.2
1938,9,10,1.0,5.7
1991,3,10,1.0,4.4
1984,4,10,1.0,5.9
1984,2,5,1.0,4.2
1926,8,7,1.0,6.7
2009,10,10,1.0,7.1
2005,11,10,1.0,7.3
1950,9,10,1.0,7.4
2011,6,8,1.0,7.0
1971,7,10,1.0,5.5
1934,3,10,1.0,6.5
2016,4,10,1.0,6.1
2023,5,10,1.0,6.6
1950,1,10,1.0,6.3
2000,8,10,2.0,5.5
1973,4,10,1.0,5.5
1966,4,10,1.0,5.8
1996,9,10,1.0,2.3
1945,11,10,1.0,5.9
1961,12,10,1.0,4.8
1972,5,10,1.0,6.6
1987,1,10,1.0,5.9
2006,7,10,1.0,5.8
2006,4,10,2.0,6.5
1963,5,10,1.0,6.1
2006,9,10,1.0,6.5
2004,2,10,1.0,5.3
1996,9,10,1.0,4.5
1990,9,10,1.0,7.9
1950,7,10,1.0,6.8
1983,12,10,1.0,6.3
2016,5,10,2.0,6.3
1947,5,10,1.0,7.0
2002,2,10,1.0,3.8
1982,9,10,1.0,4.8
1967,6,7,1.0,4.8
2023,9,10,1.0,7.1
1956,9,10,1.0,7.8
2023,2,10,1.0,6.2
1997,10,10,2.0,3.7
1976,11,7,1.0,4.2
2013,8,10,1.0,6.0
1974,8,10,1.0,6.4
1983,9,6,1.0,3.6
1927,8,9,1.0,5.9
1976,12,10,1.0,3.4
1976,6,10,1.0,6.1
2006,4,10,1.0,7.7
1945,12,10,58.0,7.1
2004,3,10,1.0,6.1
2007,3,10,1.0,6.3
2020,12,10,1.0,5.2
2025,1,10,1.0,6.5
2000,1,10,1.0,7.8
1980,9,10,2.0,4.8
1975,7,10,1.0,6.3
1935,3,10,1.0,5.5
1925,10,10,1.0,7.1
1996,1,10,1.0,6.5
2009,6,10,1.0,7.9
1974,1,10,1.0,4.5
2004,7,10,1.0,5.9
2017,1,10,2.0,7.0
1970,1,7,1.0,5.9
2014,6,10,1.0,6.6
2020,10,10,1.0,5.1
1987,4,10,1.0,4.2
2024,9,10,1.0,4.2
1936,5,10,1.0,6.9
1979,10,10,1.0,4.6
1940,4,10,1.0,4.9
1972,9,10,1.0,6.2
2008,3,10,1.0,7.2
1934,5,10,1.0,6.7
1966,11,10,1.0,6.3
1987,12,10,1.0,4.5
1956,2,10,1.0,4.6
2019,2,2,1.0,6.3
2008,2,10,1.0,2.7
1965,8,10,1.0,4.8
2024,10,10,1.0,6.9
1977,6,10,2.0,6.2
1944,6,10,1.0,6.5
1969,9,10,1.0,6.0
1999,10,10,1.0,6.6
1994,9,10,2.0,7.2
1950,11,10,1.0,5.7
1959,3,10,1.0,6.9
1998,6,10,1.0,8.0
1948,10,10,1.0,6.0
1970,1,10,1.0,6.1
2018,2,10,1.0,7.4
1951,12,10,1.0,5.9
1929,11,10,1.0,6.4
1982,9,10,2.0,8.3
1949,7,10,1.0,5.4
2000,7,10,1.0,6.9
2025,3,10,2.0,6.5
1948,10,10,1.0,5.9
1986,7,6,1.0,6.4
2006,2,10,1.0,7.3
1976,11,10,2.0,7.2
1950,5,10,1.0,6.9
1947,1,10,2.0,8.6
1984,4,10,1.0,8.1
2017,11,10,1.0,7.0
1974,12,10,1.0,6.0
2024,1,10,1.0,6.1
1988,5,10,1.0,5.2
1968,9,10,1.0,7.3
2024,4,8,1.0,5.5
1933,7,10,1.0,6.4
1991,7,10,1.0,4.0
1948,3,10,1.0,6.7
1993,4,10,1.0,5.2
1949,4,10,1.0,6.5
1986,10,10,2.0,7.2
1955,9,10,1.0,4.7
1980,3,10,2.0,5.9
1996,12,10,1.0,4.4
1994,9,10,1.0,5.5
1970,3,9,1.0,7.4
1965,3,10,1.0,5.5
1978,1,5,1.0,3.4
1975,11,10,2.0,6.7
1999,7,10,1.0,5.1
1986,10,10,1.0,5.9
1986,11,10,1.0,5.4
1978,10,10,1.0,6.7
1993,7,10,1.0,4.8
1964,5,10,1.0,6.3
1938,6,10,1.0,6.5
1935,9,10,1.0,6.1
1989,3,10,1.0,5.2
1982,12,10,1.0,5.2
1935,11,10,1.0,6.4
1981,7,10,1.0,4.7
2015,6,7,1.0,7.2
2014,9,10,2.0,6.8
1956,10,7,1.0,6.7
2013,10,10,1.0,4.9
1964,3,10,1.0,5.2
1954,4,10,1.0,6.2
2000,6,10,1.0,6.7
1938,9,10,1.0,6.5
1954,11,10,1.0,6.4
1963,3,10,1.0,6.0
1962,5,10,1.0,7.1
1920,9,10,1.0,6.1
2021,6,10,1.0,6.0
1977,4,10,1.0,4.7
1936,9,10,1.0,6.1
2019,10,10,1.0,7.5
1977,5,10,1.0,6.9
1932,5,10,1.0,6.6
2007,8,10,1.0,7.2
2018,10,10,2.0,6.9
1920,9,9,50.0,5.6
1998,8,10,1.0,5.8
1972,9,10,1.0,5.3
2002,3,10,1.0,6.0
1941,9,10,1.0,7.5
1968,11,10,1.0,4.3
1993,2,10,1.0,7.4
1983,9,10,1.0,7.1
2021,9,10,2.0,6.1
1961,4,7,1.0,7.6
2008,11,1,1.0,7.0
1977,2,4,1.0,6.9
2000,10,10,1.0,7.5
1937,2,10,1.0,5.6
1935,10,10,1.0,5.4
2005,10,10,1.0,6.4
1980,3,10,1.0,6.6
1943,1,10,57.0,6.4
1955,2,10,1.0,6.4
2008,1,10,1.0,6.2
1979,11,10,1.0,4.5
1962,1,10,1.0,4.8
1958,3,10,1.0,7.1
1949,9,10,1.0,6.1
1977,12,10,1.0,5.6
1944,4,10,1.0,6.4
2022,4,10,1.0,6.5
2000,8,10,1.0,5.6
1960,9,10,1.0,2.6
1959,3,10,1.0,6.4
1974,9,10,1.0,7.2
2006,11,10,1.0,5.9
1994,11,10,2.0,3.7
1944,1,1,1.0,7.1
2008,4,10,1.0,6.7
1974,10,10,1.0,4.6
1960,11,10,1.0,6.9
1988,6,10,1.0,4.7
1966,6,6,1.0,8.0
1984,9,10,1.0,6.7
1958,12,10,1.0,7.0
2010,1,10,1.0,5.9
2022,12,10,1.0,5.4
1956,1,10,1.0,7.3
1953,10,10,1.0,6.0
1980,1,10,1.0,5.8
2019,4,10,1.0,5.3
2012,8,10,1.0,4.5
1973,10,10,1.0,6.3
2015,5,10,2.0,6.4
1964,3,10,1.0,5.0
2007,11,10,1.0,6.7
1965,10,10,1.0,4.8
1987,5,10,1.0,4.3
1976,8,10,1.0,3.9
1972,10,10,1.0,6.4
1970,6,10,2.0,6.6
2023,8,10,1.0,6.6
1972,7,10,1.0,4.5
1967,10,10,2.0,6.6
1930,10,10,1.0,7.3
2018,11,10,2.0,6.8
1954,3,10,3.0,7.4
2005,6,10,2.0,6.4
1981,9,10,1.0,7.2
1991,4,4,2.0,6.8
1988,5,10,1.0,4.8
1994,5,10,1.0,3.7
1946,2,10,1.0,6.2
1954,9,10,1.0,7.3
1975,2,10,1.0,6.4
1994,5,10,1.0,5.0
2003,9,2,1.0,5.1
2003,4,1,6.0,7.0
1978,6,7,1.0,3.6
1994,7,10,1.0,5.1
2008,2,10,1.0,5.5
1958,2,10,1.0,5.8
2011,5,10,1.0,7.0
1981,10,10,1.0,5.0
1954,3,10,2.0,6.0
2018,9,10,1.0,6.1
2024,4,3,2.0,7.7
1963,11,4,1.0,3.2
1936,7,10,1.0,5.9
2016,11,10,1.0,6.0
1942,5,10,1.0,5.7
1999,12,10,1.0,5.9
1956,8,10,1.0,6.5
1934,12,10,1.0,7.2
2011,2,10,1.0,6.8
1966,9,7,1.0,7.2
1986,8,10,1.0,7.2
1955,10,10,1.0,6.4
1964,6,10,1.0,2.9
1959,2,10,1.0,5.5
2008,5,7,1.0,6.5
2019,11,10,1.0,6.7
1932,10,10,1.0,6.4
1993,5,10,1.0,7.6
1985,2,10,1.0,4.7
2016,10,10,1.0,6.1
2009,3,10,1.0,4.6
1940,10,10,1.0,6.0
1974,2,10,1.0,3.5
2020,8,10,1.0,4.6
1963,9,10,1.0,6.3
2009,4,10,1.0,6.9
2021,1,10,1.0,7.3
1948,10,10,1.0,6.6
1955,3,10,1.0,6.5
1937,7,10,59.0,6.2
1969,8,10,1.0,4.5
2000,4,10,1.0,6.9
1971,9,10,1.0,5.0
2009,1,10,1.0,7.0
1961,5,10,1.0,6.5
1996,4,10,1.0,7.2
1931,10,10,1.0,5.0
1940,10,10,1.0,6.0
1968,1,3,1.0,4.0
1931,2,10,1.0,5.5
1987,1,10,1.0,7.0
1960,12,10,1.0,6.1
1997,11,10,1.0,6.4
1956,7,10,1.0,6.7
1963,3,10,1.0,5.7
1989,3,10,1.0,6.8
1934,12,10,1.0,6.6
2000,11,10,2.0,5.9
1955,2,10,1.0,5.1
1973,11,10,1.0,4.6
2023,10,10,1.0,5.9
1997,4,10,1.0,6.7
1923,4,8,1.0,6.8
2020,2,10,1.0,6.8
2021,8,10,1.0,4.4
1960,4,10,1.0,7.5
1935,12,10,1.0,5.2
1945,12,10,4.0,6.5
1988,7,10,1.0,4.9
2002,3,10,2.0,7.0
1965,3,10,1.0,6.3
1930,6,10,1.0,6.9
1995,9,10,1.0,3.4
1940,8,10,1.0,6.4
1956,1,10,1.0,6.3
1987,4,10,1.0,6.8
1994,5,10,1.0,4.3
1944,5,10,1.0,7.6
1930,4,10,1.0,5.6
1982,4,10,1.0,5.3
2003,8,10,1.0,5.7
2018,6,10,1.0,7.1
1977,5,10,1.0,7.1
1926,11,7,1.0,6.6
2003,4,10,1.0,5.4
1988,6,10,1.0,5.6
1978,7,10,1.0,7.6
1978,11,10,1.0,6.9
1944,7,10,1.0,5.7
1941,1,10,1.0,6.5
1973,10,10,1.0,4.8
2022,6,10,2.0,7.8
1925,10,10,1.0,6.7
1949,7,10,1.0,6.5
2014,3,10,1.0,8.8
2011,9,10,2.0,6.8
2019,3,10,2.0,6.8
1987,9,10,1.0,4.6
1986,1,10,1.0,5.5
2004,2,10,1.0,5.6
1946,2,10,1.0,6.0
1949,9,10,6.0,8.9
2008,8,10,1.0,6.3
1977,1,10,1.0,6.4
1956,12,10,1.0,6.2
2015,10,10,1.0,5.5
1950,4,10,1.0,5.9
2006,7,10,1.0,6.3
1991,7,10,1.0,6.3
2007,4,1,1.0,7.7
2004,4,10,1.0,6.3
1982,10,10,1.0,5.7
1943,9,10,1.0,6.6
1976,3,10,1.0,5.9
1931,9,10,55.0,6.2
1977,12,10,1.0,5.2
1973,12,10,1.0,5.8
1969,9,10,1.0,5.1
1978,12,10,1.0,7.4
1947,2,10,1.0,6.4
1976,8,10,1.0,4.7
1990,12,10,1.0,3.9
1989,7,10,1.0,3.0
2024,5,10,1.0,4.5
1974,10,10,1.0,7.7
1933,9,10,1.0,6.1
1964,3,10,1.0,6.6
1939,5,10,1.0,6.3
2013,6,10,1.0,5.9
2019,2,10,2.0,7.3
2016,5,10,1.0,7.3
1939,2,10,1.0,6.2
1973,11,10,1.0,5.8
2015,2,10,1.0,5.4
1951,9,10,1.0,5.5
1980,3,10,1.0,4.8
2003,2,10,1.0,6.4
1946,4,10,1.0,7.1
1977,3,10,1.0,6.1
1935,5,10,1.0,7.4
1975,2,10,2.0,6.1
1978,12,10,1.0,7.5
1960,7,10,1.0,5.6
2002,8,10,1.0,3.4
2002,10,10,1.0,6.8
1936,11,10,1.0,7.2
1995,12,10,1.0,6.9
2023,4,10,1.0,6.1
1997,5,10,1.0,4.8
1973,11,10,1.0,6.9
1971,9,10,1.0,4.8
1965,10,10,1.0,6.2
1929,9,10,1.0,5.6
1964,2,10,1.0,7.7
2013,4,10,2.0,6.8
1983,5,10,1.0,4.2
1931,12,9,58.0,7.1
1933,11,10,1.0,5.4
2022,8,10,1.0,4.8
1941,3,8,2.0,7.8
1977,9,10,2.0,6.3
1971,1,10,1.0,5.5
1942,4,10,1.0,5.4
1950,1,10,1.0,7.2
2007,7,1,1.0,7.3
1959,10,10,1.0,5.4
1994,10,10,1.0,6.4
2024,9,10,1.0,5.9
1947,7,10,1.0,5.5
1974,10,9,1.0,4.9
1974,8,10,1.0,7.5
1925,6,10,1.0,7.0
1990,8,10,1.0,4.6
1966,9,10,2.0,6.8
1934,3,10,1.0,6.6
2011,12,10,1.0,7.3
1925,11,10,1.0,6.6
1941,10,10,1.0,7.2
1954,4,10,1.0,5.7
1942,1,10,1.0,6.5
2007,12,10,1.0,7.2
1928,11,10,1.0,8.0
1935,5,10,57.0,6.4
2011,3,10,1.0,5.9
1958,10,10,1.0,6.2
1979,10,10,1.0,5.9
1945,5,10,57.0,5.8
1961,1,10,2.0,6.4
1970,1,10,56.0,6.0
1939,3,10,1.0,6.1
1932,12,10,1.0,6.0
1956,12,10,1.0,6.3
2013,5,10,1.0,7.6
1930,10,10,1.0,4.9
2008,3,10,1.0,7.3
1949,6,10,2.0,6.8
1992,8,10,2.0,7.3
1936,4,10,1.0,7.1
1986,5,10,1.0,5.2
1947,2,10,1.0,5.6
1992,2,10,1.0,6.4
2020,2,10,1.0,6.1
2015,4,3,1.0,7.1
1952,11,10,1.0,5.8
1929,8,10,1.0,6.3
1998,1,10,1.0,5.1
1959,7,10,2.0,5.5
1988,3,10,4.0,9.0
1971,12,10,1.0,4.6
1951,11,10,2.0,6.8
1937,2,10,1.0,6.0
2013,1,10,2.0,7.1
1935,9,10,1.0,7.1
1979,7,10,1.0,5.4
1928,5,10,1.0,6.1
2013,6,10,1.0,6.6
1988,10,10,1.0,6.1
2015,9,10,1.0,6.7
2005,1,10,1.0,7.4
2005,6,10,2.0,6.5
1997,6,10,1.0,5.8
1937,10,10,1.0,5.5
2012,9,10,2.0,7.1
1947,7,10,1.0,6.4
1950,4,10,1.0,6.4
1983,9,5,1.0,5.1
2021,11,10,2.0,6.2
1996,8,10,1.0,7.0
1935,1,10,1.0,7.0
1951,9,10,1.0,6.6
1974,1,10,1.0,6.4
1930,9,1,50.0,5.2
1971,6,10,1.0,6.2
1932,3,10,1.0,7.0
2018,11,10,1.0,6.3
2025,2,10,1.0,8.3
2008,7,4,1.0,6.4
1969,6,10,2.0,6.1
2018,11,10,1.0,5.2
1944,1,10,1.0,5.7
2008,9,10,1.0,4.1
1964,9,10,2.0,6.9
1969,9,10,1.0,6.2
2003,12,10,1.0,6.5
1935,4,10,1.0,6.6
1972,11,10,1.0,6.0
1950,2,10,1.0,6.7
1971,2,10,1.0,5.2
1940,10,10,1.0,4.7
2002,1,10,2.0,8.2
1936,10,10,1.0,6.3
1941,6,10,1.0,6.5
1978,4,10,1.0,5.9
1972,11,10,1.0,6.5
2017,2,10,1.0,7.8
1969,12,10,1.0,4.8
1956,6,10,1.0,7.5
1994,1,10,2.0,7.7
1957,4,10,2.0,7.1
1958,5,10,1.0,6.2
1978,6,10,1.0,7.3
2017,8,10,1.0,7.0
1974,6,10,2.0,7.8
1921,11,6,50.0,4.9
2015,8,10,1.0,6.8
1971,8,10,1.0,4.5
1942,5,10,1.0,6.8
2016,7,10,1.0,6.0
1946,5,10,53.0,6.0
1979,8,10,2.0,8.4
2023,9,10,1.0,5.7
2003,5,10,1.0,7.6
1926,10,10,2.0,7.0
1998,3,10,1.0,5.8
1966,10,10,1.0,6.0
1962,12,10,1.0,6.9
1943,4,10,1.0,6.3
2010,4,10,1.0,6.2
2014,7,10,1.0,6.4
1921,3,4,1.0,5.8
1957,12,10,2.0,7.0
1955,6,10,1.0,6.3
1999,2,10,3.0,7.6
1980,3,10,2.0,7.4
1986,2,10,1.0,6.0
1994,11,10,1.0,7.0
1984,3,10,2.0,7.8
1926,3,8,1.0,6.3
1995,8,10,1.0,5.4
1979,10,10,2.0,7.7
1930,9,10,1.0,5.0
2022,9,10,1.0,6.0
1972,1,10,1.0,7.6
1938,7,10,1.0,6.6
2021,8,10,1.0,6.0
1949,11,10,1.0,6.3
2008,9,3,1.0,7.5
2004,12,10,1.0,7.4
1931,1,10,1.0,5.8
1972,6,10,1.0,5.9
1973,3,10,1.0,6.8
1960,8,10,1.0,3.2
2001,9,10,1.0,5.5
1954,12,10,1.0,5.7
1960,4,10,1.0,6.5
1934,6,10,1.0,5.5
1957,5,10,1.0,6.5
1930,12,10,1.0,5.7
2021,7,10,2.0,6.6
2019,9,10,2.0,6.5
1978,7,10,1.0,4.5
2002,10,10,1.0,5.9
1962,8,10,1.0,5.2
2003,3,10,1.0,5.5
2012,5,10,1.0,4.9
1969,7,10,2.0,7.2
1974,8,10,1.0,5.5
1957,5,10,1.0,6.4
1934,6,8,55.0,5.8
1928,12,10,1.0,7.0
1974,5,10,1.0,7.3
1957,1,10,1.0,6.5
1952,2,10,1.0,6.6
1940,12,10,1.0,3.8
2023,10,10,1.0,6.6
2012,1,10,1.0,4.8
2017,12,10,2.0,7.4
1930,5,10,1.0,5.2
1935,4,10,1.0,6.8
1968,10,10,1.0,4.3
2023,4,10,1.0,7.7
2009,6,4,1.0,6.1
1984,3,10,1.0,4.6
2009,9,10,1.0,6.5
1926,2,7,1.0,4.3
1946,6,10,1.0,5.9
1921,11,8,3.0,6.4
1942,2,10,1.0,7.0
2017,4,10,1.0,5.4
2021,1,10,1.0,6.0
1977,4,10,2.0,6.6
2014,3,10,1.0,7.3
1945,3,10,1.0,6.7
2025,1,10,1.0,3.5
1946,3,10,1.0,5.6
1945,12,10,1.0,5.8
1967,3,10,1.0,6.1
1993,8,10,1.0,5.1
2000,8,10,1.0,4.9
1931,2,10,1.0,6.9
1930,8,10,1.0,7.3
1932,10,10,1.0,6.7
1986,12,4,1.0,4.9
2015,12,10,1.0,4.1
1979,5,10,1.0,6.9
1960,10,10,1.0,2.7
1970,9,10,51.0,4.5
1974,1,10,1.0,5.7
2019,11,10,2.0,3.7
1977,1,10,1.0,4.0
1943,10,10,2.0,6.5
2023,12,10,1.0,5.5
1921,4,10,51.0,6.2
1974,12,10,1.0,7.1
1990,1,10,1.0,3.0
1961,8,10,2.0,5.8
1979,8,10,1.0,4.6
1947,3,10,1.0,5.8
1949,4,10,1.0,6.3
1963,3,10,1.0,6.2
1996,6,10,1.0,5.6
1963,9,10,1.0,8.2
1994,9,10,1.0,6.8
1938,12,10,1.0,6.3
2020,9,10,1.0,5.5
1963,6,10,1.0,4.8
2018,4,10,1.0,5.7
1950,9,8,1.0,5.6
1950,8,10,1.0,6.6
1997,8,10,1.0,4.8
1949,3,10,1.0,6.6
1976,1,10,1.0,6.5
1927,12,10,1.0,7.1
1950,5,10,1.0,5.4
1988,1,10,1.0,4.7
1961,11,10,1.0,6.9
1951,5,10,4.0,6.5
2006,8,10,1.0,3.5
2002,9,10,1.0,5.9
1924,10,10,1.0,6.3
2010,9,10,1.0,7.1
1946,3,10,1.0,6.3
1964,4,10,1.0,8.0
1995,1,10,2.0,7.5
1946,4,10,1.0,4.8
1958,6,10,1.0,7.2
1946,3,10,54.0,6.0
1988,9,10,1.0,7.1
1938,1,10,57.0,5.1
1982,4,10,1.0,5.9
1967,5,10,1.0,6.1
2020,12,8,1.0,4.4
1938,12,10,1.0,5.8
2001,9,10,1.0,5.2
2000,6,10,1.0,7.1
1927,7,7,1.0,6.1
1993,3,10,1.0,4.7
1978,4,10,1.0,7.3
1966,8,10,1.0,5.9
1962,12,10,1.0,6.8
2000,7,10,1.0,4.7
1949,12,10,1.0,7.0
2024,9,10,1.0,5.6
1986,12,10,1.0,6.8
1974,9,8,1.0,5.0
1979,9,10,1.0,7.2
1953,1,8,2.0,7.1
1991,12,10,2.0,6.4
1994,11,10,1.0,5.7
1949,6,10,1.0,6.1
1959,5,3,1.0,6.8
2007,2,9,1.0,6.9
2019,6,10,1.0,6.9
2019,6,10,1.0,7.2
1995,1,10,1.0,7.4
2016,4,10,2.0,4.3
2011,3,10,1.0,6.8
1922,4,10,1.0,6.9
1947,12,10,1.0,6.6
1954,2,10,1.0,5.5
1964,9,10,1.0,6.0
2004,2,10,1.0,4.7
2015,9,10,1.0,5.9
1969,3,10,1.0,6.8
1953,11,10,1.0,5.3
2021,12,10,2.0,5.1
1970,2,10,1.0,4.3
2008,10,10,2.0,6.9
1963,3,10,1.0,6.1
1996,3,10,1.0,6.6
1943,12,10,1.0,4.4
2007,2,10,1.0,5.5
1942,12,10,1.0,6.5
1995,12,10,1.0,3.5
2023,11,8,1.0,4.8
2022,9,10,1.0,5.0
2007,3,6,1.0,5.4
1943,5,10,1.0,5.5
1963,6,10,1.0,6.6
1964,8,7,1.0,7.2
1924,9,10,1.0,5.0
1996,7,10,1.0,5.3
1940,11,10,1.0,6.3
1952,11,10,1.0,5.9
1984,8,10,1.0,4.1
1941,12,10,1.0,6.2
2017,11,10,1.0,7.7
2006,1,5,1.0,6.6
1999,10,10,1.0,5.8
1956,7,10,1.0,8.0
2005,5,10,1.0,7.1
2014,4,10,1.0,6.9
1946,3,10,1.0,6.3
1969,10,10,1.0,6.6
2010,10,10,1.0,4.8
2018,1,10,2.0,7.5
1933,3,10,1.0,5.8
1934,4,10,1.0,6.0
1943,2,10,1.0,6.3
1953,7,10,1.0,7.0
1934,7,10,1.0,6.1
1924,3,10,1.0,5.6
2018,12,10,2.0,6.7
2015,4,2,1.0,7.5
1961,12,10,1.0,6.3
1964,4,10,1.0,7.5
1946,2,10,1.0,7.8
2010,5,10,1.0,6.3
2015,10,10,1.0,5.9
1954,11,9,1.0,4.4
2016,5,10,1.0,5.1
1958,8,10,1.0,7.0
1935,3,10,1.0,6.8
2019,4,10,1.0,5.9
1992,9,10,1.0,6.8
1950,6,10,1.0,7.0
1962,7,10,1.0,7.4
1963,9,10,1.0,7.6
1949,8,10,1.0,5.9
1925,3,8,1.0,6.1
1925,3,10,1.0,2.2
1929,9,8,1.0,6.9
2024,1,10,1.0,5.0
1921,4,10,1.0,5.5
1934,12,9,1.0,6.0
1938,6,10,1.0,6.2
1976,12,10,1.0,6.6
1975,11,10,1.0,6.4
2019,8,10,2.0,7.2
2019,4,1,2.0,5.5
1948,10,10,4.0,5.8
1986,4,10,1.0,4.5
1974,8,10,2.0,6.4
1969,9,10,1.0,4.8
1962,9,10,1.0,4.8
2021,10,10,1.0,7.2
1966,5,10,1.0,6.4
1964,5,10,2.0,8.2
1994,1,10,1.0,5.5
2007,4,10,1.0,6.2
2000,11,10,2.0,6.2
2016,3,10,1.0,7.9
2001,11,9,51.0,6.6
1940,6,10,1.0,7.1
1996,5,10,1.0,3.6
1962,9,10,1.0,6.4
2006,10,10,1.0,4.8
1968,5,10,1.0,5.9
1988,3,10,1.0,6.9
1944,9,10,1.0,6.1
1956,4,10,1.0,6.6
1937,6,10,1.0,7.0
1999,5,10,1.0,6.5
1939,4,10,1.0,5.2
1969,6,8,1.0,5.5
1998,5,10,1.0,6.8
2006,10,10,1.0,4.4
1968,7,10,2.0,7.6
1950,2,10,1.0,7.0
1943,11,10,1.0,5.7
1968,5,10,1.0,2.0
1951,6,10,1.0,6.2
2004,7,10,1.0,5.1
1978,7,10,1.0,6.3
1936,11,10,1.0,5.0
1957,6,10,1.0,6.0
1954,10,10,1.0,5.9
1933,1,9,1.0,7.3
1976,9,10,1.0,8.9
1943,1,10,1.0,6.4
1979,10,10,1.0,6.0
1933,1,10,1.0,7.1
1989,3,7,1.0,5.9
1998,8,10,1.0,4.5
1987,11,10,1.0,6.2
2004,4,10,1.0,5.4
1998,10,10,1.0,6.5
1988,7,10,1.0,5.1
2015,3,10,1.0,7.2
1940,7,10,1.0,6.0
2002,1,10,1.0,6.7
1948,1,10,2.0,6.8
1996,8,10,1.0,5.3
1951,1,10,1.0,7.0
2021,7,10,1.0,6.3
1957,5,10,1.0,6.6
1981,9,10,2.0,6.8
1988,9,10,1.0,5.1
2020,1,10,1.0,7.0
2015,2,10,1.0,4.2
1963,1,8,1.0,7.1
2008,7,10,1.0,6.4
1985,5,10,1.0,4.7
1978,3,10,1.0,2.9
1958,4,10,1.0,5.2
1974,9,10,1.0,7.8
1975,12,10,1.0,5.4
1930,3,10,3.0,4.8
1994,1,10,1.0,7.1
1956,9,10,1.0,7.8
1955,9,10,1.0,7.0
2020,1,10,1.0,5.4
1979,1,10,1.0,5.5
1975,9,10,1.0,6.1
1962,5,10,1.0,5.8
2018,6,1,1.0,7.0
1988,1,10,1.0,6.9
2021,4,10,1.0,6.1
1997,11,10,2.0,9.1
2000,2,10,1.0,6.8
1986,2,10,3.0,7.8
1978,1,10,1.0,4.6
1957,12,10,1.0,7.1
1998,2,2,1.0,7.6
2022,5,10,1.0,6.9
1960,8,3,1.0,4.7
1990,1,10,1.0,2.6
1944,4,10,1.0,4.8
1973,12,10,1.0,7.7
2014,3,10,1.0,6.2
1968,2,10,1.0,5.7
1935,11,10,1.0,7.0
1977,9,10,1.0,6.4
1993,10,10,1.0,6.2
1969,9,10,1.0,4.5
1928,6,7,1.0,7.0
2025,3,10,1.0,7.7
1967,12,10,2.0,6.5
1942,2,10,1.0,5.5
1967,7,10,1.0,7.2
1989,11,10,1.0,4.2
2021,3,10,1.0,5.5
1992,11,10,1.0,7.5
2018,2,10,1.0,6.3
1923,5,5,52.0,5.6
1952,6,10,1.0,6.5
2005,1,10,1.0,5.9
2013,3,10,1.0,6.1
1986,8,10,1.0,6.7
1960,2,10,2.0,6.4
1949,2,10,1.0,6.5
1998,5,10,1.0,3.5
1956,7,10,1.0,6.2
1936,12,10,1.0,5.9
1992,5,10,1.0,5.6
1994,5,10,1.0,3.2
2021,12,10,1.0,5.9
1982,6,10,1.0,5.1
2009,9,10,2.0,7.3
1963,11,10,1.0,7.6
1939,6,10,55.0,4.0
1990,2,10,2.0,8.5
1973,8,10,1.0,7.0
2025,1,10,2.0,6.0
1959,9,10,1.0,6.6
1932,12,10,1.0,5.7
1954,3,10,1.0,5.7
2017,2,10,1.0,7.6
1935,11,10,58.0,5.9
1983,9,8,1.0,7.5
1984,2,10,1.0,4.6
2019,3,10,1.0,6.8
1975,12,10,1.0,4.3
1931,12,10,1.0,6.3
1984,1,10,1.0,7.5
2002,5,10,1.0,6.7
1931,5,10,1.0,6.5
1944,12,10,1.0,6.3
2005,9,8,1.0,7.1
1938,3,10,1.0,5.9
2016,8,10,1.0,6.7
1985,8,10,1.0,6.5
1958,4,10,1.0,5.8
1988,1,10,1.0,4.9
1976,2,10,1.0,6.5
1973,11,10,1.0,5.4
2021,4,10,1.0,6.9
2023,8,10,1.0,5.2
1974,7,10,1.0,4.8
1934,2,10,1.0,5.3
1986,3,10,1.0,2.6
1978,2,10,1.0,6.3
2001,6,10,1.0,5.0
1947,8,10,1.0,5.1
1925,12,9,1.0,4.7
1970,5,10,1.0,6.0
2004,12,10,1.0,6.5
1940,9,10,1.0,5.6
1988,12,10,1.0,5.5
1967,9,10,1.0,4.8
1986,9,8,1.0,6.6
1953,3,10,1.0,4.5
1974,10,10,1.0,6.6
1954,5,10,1.0,7.7
2024,9,10,1.0,4.7
2024,2,10,1.0,7.0
2012,5,10,1.0,7.1
1940,1,10,2.0,6.6
1960,1,10,1.0,6.8
1972,11,10,1.0,5.2
1940,12,10,1.0,6.3
1967,5,10,1.0,6.5
1950,7,10,1.0,6.7
1993,6,10,1.0,6.7
1928,10,10,1.0,3.3
1969,4,10,1.0,4.8
1973,10,10,3.0,7.2
1946,1,10,1.0,5.3
2001,1,10,1.0,5.4
1936,7,10,1.0,5.0
1947,11,10,1.0,6.5
2019,2,10,1.0,5.9
1931,11,10,1.0,5.7
1975,12,10,1.0,7.4
1999,12,8,1.0,5.1
1978,3,10,2.0,6.9
1981,4,10,1.0,3.8
1959,1,10,2.0,7.3
1948,12,10,1.0,6.5
1932,3,10,1.0,6.9
1996,4,10,1.0,5.8
2022,12,2,1.0,7.8
1947,5,10,1.0,6.9
1954,8,9,1.0,6.2
2016,6,10,1.0,6.9
2002,9,10,1.0,4.8
1937,8,10,1.0,5.6
1956,2,5,52.0,6.8
2022,4,10,1.0,6.1
1960,4,10,1.0,3.1
1975,1,10,1.0,4.5
1947,3,10,1.0,6.4
1972,1,10,1.0,5.7
2017,9,3,1.0,6.7
1929,6,10,53.0,4.8
2022,7,10,1.0,5.8
2010,7,10,2.0,8.1
1960,12,10,1.0,7.0
2018,7,10,1.0,6.0
1958,12,10,2.0,7.2
1952,9,10,1.0,3.9
1956,3,10,1.0,6.3
1969,10,10,1.0,3.3
2011,5,10,1.0,8.7
1998,11,10,1.0,6.5
1985,11,10,1.0,5.6
2021,2,10,1.0,6.2
1950,10,10,1.0,6.3
1938,10,10,58.0,6.5
2022,9,10,1.0,4.9
1960,1,4,1.0,7.5
1923,10,10,5.0,7.2
1924,4,10,2.0,7.7
1940,12,10,1.0,6.2
1978,9,10,58.0,6.4
2006,4,10,1.0,5.5
1996,12,10,2.0,7.4
1929,11,10,1.0,7.0
1969,11,10,2.0,6.4
2014,6,10,1.0,7.9
1964,12,10,1.0,7.2
1946,1,10,1.0,5.2
1926,2,10,1.0,5.9
1996,1,10,1.0,6.0
1962,6,10,1.0,7.8
1965,6,10,1.0,7.8
1924,12,10,1.0,7.7
1984,4,10,1.0,4.2
2020,4,10,1.0,6.8
1954,1,10,1.0,5.3
2017,1,10,1.0,7.3
1932,9,10,1.0,7.3
1956,9,10,1.0,7.2
1980,9,10,1.0,5.7
1935,10,10,1.0,6.3
1921,10,10,50.0,5.9
1956,9,9,1.0,6.7
1987,9,10,1.0,7.7
2024,3,10,1.0,6.4
1994,8,10,1.0,6.6
2006,4,10,1.0,5.6
2018,3,10,1.0,6.6
1965,4,10,1.0,6.3
1980,11,10,1.0,7.3
2025,4,10,2.0,7.6
1972,1,10,1.0,7.1
2012,11,10,1.0,4.0
1946,7,10,1.0,6.6
1988,12,10,1.0,6.9
1961,8,10,1.0,6.2
1987,6,10,1.0,6.2
1947,2,10,1.0,5.6
1988,8,10,1.0,6.7
1996,9,5,1.0,6.3
1934,8,10,1.0,6.4
1979,11,10,2.0,7.0
1976,9,10,1.0,6.0
1940,11,10,1.0,6.8
2002,3,10,1.0,7.0
1956,11,10,1.0,6.4
2021,3,10,1.0,5.9
1937,11,10,1.0,5.8
1975,4,10,1.0,6.4
1981,7,9,1.0,5.0
2002,9,10,1.0,6.3
1931,6,10,1.0,6.6
1951,5,10,1.0,5.5
1994,7,10,1.0,4.5
1928,2,10,1.0,5.8
1953,1,10,1.0,5.9
1993,2,10,1.0,3.0
2003,9,10,1.0,6.3
1931,10,10,1.0,4.7
1983,9,10,1.0,6.1
1946,10,10,1.0,5.8
1948,3,10,2.0,7.8
1940,1,10,4.0,6.4
1944,11,10,1.0,5.9
1933,11,10,1.0,6.6
1929,9,10,1.0,5.1
2023,8,10,1.0,7.1
1923,10,10,1.0,5.7
1978,9,10,1.0,5.4
2003,8,10,1.0,4.7
2021,10,10,1.0,4.9
2015,6,10,2.0,6.7
1959,6,10,1.0,7.0
1965,8,10,1.0,5.3
1989,4,8,1.0,4.8
1938,3,10,5.0,4.8
1931,4,7,1.0,6.3
1976,7,10,1.0,4.3
1975,11,10,2.0,6.3
1983,5,10,1.0,4.2
1977,9,9,1.0,4.0
1951,11,10,1.0,8.0
1974,9,10,1.0,5.3
1952,1,10,1.0,5.3
1967,5,10,1.0,7.0
1934,10,10,1.0,5.1
1967,8,10,1.0,5.9
2022,10,5,1.0,7.1
1949,4,10,1.0,7.2
1996,10,10,1.0,6.5
2005,1,10,1.0,5.2
1974,6,10,2.0,6.6
1974,3,10,1.0,4.3
1928,11,7,1.0,6.5
1988,11,10,1.0,6.9
1972,6,10,1.0,6.9
2022,9,10,1.0,5.5
1945,1,10,1.0,6.2
1974,9,10,1.0,3.9
2022,10,10,2.0,5.9
1963,6,8,1.0,7.0
2024,7,10,2.0,3.9
1989,3,4,2.0,7.6
1939,5,10,1.0,5.8
2017,7,10,1.0,7.1
1966,5,10,1.0,4.6
1925,8,10,1.0,6.6
1953,1,10,1.0,6.9
1952,11,10,1.0,6.7
1960,3,10,1.0,6.4
1967,5,10,1.0,5.1
1982,5,10,1.0,5.9
1949,1,10,1.0,6.8
2019,11,10,2.0,6.2
1990,9,10,1.0,6.2
1967,9,10,1.0,3.6
1998,11,10,2.0,5.9
1922,2,9,1.0,7.0
2009,5,10,2.0,7.9
2008,12,10,2.0,8.0
1950,11,10,57.0,5.6
1987,9,10,1.0,5.8
2020,2,10,1.0,5.7
2009,6,10,1.0,6.7
1963,5,10,1.0,5.5
1932,11,10,1.0,6.8
2019,11,10,2.0,6.7
1935,10,10,58.0,4.3
2008,3,1,1.0,6.6
2020,10,10,1.0,5.1
2016,4,10,1.0,6.3
2023,5,10,1.0,6.1
2002,10,10,1.0,5.9
1935,12,10,1.0,6.9
1991,9,10,1.0,5.2
1962,2,10,1.0,5.9
1922,11,10,2.0,7.0
2021,4,10,1.0,7.6
1961,1,10,1.0,7.3
1929,12,8,1.0,2.6
2014,11,10,2.0,7.4
1958,4,8,1.0,7.0
1922,6,10,1.0,8.0
1922,9,8,1.0,8.0
2024,9,10,2.0,4.7
1963,8,10,1.0,5.2
1949,2,10,4.0,6.4
2011,4,10,1.0,5.5
1964,9,10,1.0,4.8
1976,2,10,2.0,7.3
2025,3,10,1.0,6.5
1987,12,10,1.0,6.8
1990,9,10,1.0,4.2
1992,7,10,1.0,6.6
2022,9,10,1.0,5.3
1934,8,10,1.0,5.9
1997,8,10,1.0,6.1
1961,1,10,1.0,7.3
1972,9,10,1.0,6.1
1922,8,10,50.0,6.2
1947,5,10,1.0,5.8
2003,6,10,1.0,6.0
2009,10,10,1.0,5.8
1966,2,10,1.0,5.3
1994,7,8,2.0,6.9
1993,8,10,1.0,5.3
1938,8,10,58.0,5.8
2003,11,10,1.0,7.0
1966,3,10,1.0,7.7
1998,2,10,2.0,4.8
1960,6,10,1.0,4.4
1976,5,10,1.0,5.9
2003,2,10,1.0,5.3
1967,9,10,1.0,6.4
2018,10,10,1.0,6.7
1988,2,10,1.0,5.9
1953,11,10,1.0,6.5
1925,7,7,1.0,5.4
2004,4,7,1.0,5.5
2004,9,10,1.0,7.9
1941,4,10,1.0,5.3
1999,1,10,1.0,7.0
1942,6,10,55.0,6.5
2001,11,10,1.0,6.2
2017,12,10,1.0,6.6
2002,1,10,1.0,7.2
1973,5,10,1.0,4.6
2020,8,10,1.0,7.2
2001,4,10,2.0,7.5
1937,12,10,1.0,6.1
1928,9,10,3.0,5.2
2022,5,7,1.0,6.0
1980,11,10,2.0,7.1
1936,2,10,1.0,7.2
2021,9,10,1.0,6.1
1962,10,10,1.0,5.3
1987,6,10,1.0,4.2
2025,2,10,2.0,8.4
2005,5,10,1.0,7.6
1946,8,10,1.0,6.1
1994,5,10,1.0,5.0
1996,7,7,1.0,5.3
1995,5,10,1.0,6.5
1993,4,10,1.0,3.9
1965,5,10,1.0,5.7
1991,8,10,1.0,4.6
1927,12,10,1.0,6.5
2008,6,10,1.0,6.0
1971,1,10,1.0,6.2
2011,9,10,1.0,3.3
2011,8,10,2.0,7.1
2008,10,10,1.0,4.9
1987,9,10,1.0,6.5
1993,4,4,1.0,5.6
1992,7,10,2.0,7.4
1936,2,10,1.0,5.8
1964,10,10,2.0,8.4
2007,1,10,2.0,6.9
2005,4,10,1.0,6.6
1961,6,10,1.0,7.6
2008,8,10,2.0,5.8
1970,2,10,1.0,5.4
2004,8,10,2.0,5.5
2010,6,10,1.0,6.3
2022,10,10,1.0,6.2
1949,9,10,2.0,6.7
2000,4,10,1.0,3.5
2022,7,10,1.0,7.6
1965,9,10,1.0,7.0
1937,4,10,1.0,6.0
2002,1,10,1.0,6.7
2020,7,10,1.0,5.5
1943,6,10,1.0,6.4
2017,12,10,1.0,4.6
2011,8,10,1.0,7.1
2015,5,10,2.0,8.1
1948,5,10,2.0,7.4
2022,9,10,1.0,4.8
2008,10,10,1.0,5.0
2004,11,8,1.0,7.2
1968,1,10,1.0,7.9
2006,4,10,1.0,6.8
1934,6,10,1.0,6.2
1961,3,10,1.0,7.2
1974,4,10,2.0,7.4
1929,3,10,1.0,6.5
1975,4,10,2.0,8.3
1946,4,10,1.0,6.2
1961,9,10,1.0,5.9
1965,12,10,1.0,6.8
1990,12,10,1.0,4.7
1992,8,10,1.0,4.7
1932,4,6,2.0,6.2
1998,11,10,1.0,5.7
1939,5,10,59.0,6.2
1960,8,3,47.0,7.3
1987,4,10,1.0,5.4
1953,2,10,1.0,7.8
1970,11,10,1.0,4.3
1962,5,10,1.0,7.2
1938,10,10,1.0,6.1
1965,9,10,1.0,4.6
1999,1,10,1.0,6.5
1970,6,10,1.0,6.6
1938,5,10,1.0,5.7
1925,1,9,1.0,5.3
1984,5,7,1.0,4.7
1964,6,10,3.0,7.3
1959,1,10,2.0,7.6
2013,4,10,1.0,6.2
1924,5,7,1.0,6.5
1944,7,10,1.0,6.5
1992,1,10,1.0,4.2
2001,8,10,1.0,6.3
1990,9,10,1.0,7.1
2007,4,10,1.0,6.2
1929,3,10,1.0,6.5
1934,7,10,1.0,6.4
1966,11,10,1.0,7.3
2018,9,10,1.0,5.5
1936,1,10,1.0,5.8
1926,7,1,1.0,6.5
2004,1,10,1.0,5.7
1973,7,9,1.0,4.4
1989,12,3,1.0,5.0
1949,3,10,1.0,6.0
1980,5,10,1.0,5.1
1948,1,1,1.0,7.5
1953,5,10,1.0,6.8
2006,6,10,1.0,6.1
2017,12,10,1.0,7.3
1973,8,10,1.0,4.4
1942,9,7,1.0,7.2
2001,8,10,1.0,4.8
1999,11,10,1.0,7.5
1975,12,10,2.0,7.7
2007,10,10,1.0,7.4
2023,4,10,1.0,6.4
1986,8,10,1.0,5.8
2002,6,10,1.0,5.7
1996,9,10,1.0,6.2
1976,12,10,2.0,6.2
1974,2,10,1.0,6.3
1977,1,10,1.0,6.3
1991,2,10,1.0,6.1
1936,5,10,1.0,6.3
1942,4,10,1.0,6.5
1998,3,10,1.0,7.5
2013,1,10,1.0,5.3
1957,8,10,1.0,6.6
1965,2,10,1.0,7.3
1927,9,8,59.0,7.1
1990,10,10,2.0,8.5
1998,8,10,1.0,6.6
1960,9,10,1.0,6.8
1921,11,10,1.0,6.3
1936,1,6,1.0,6.1
1981,12,10,1.0,6.4
1972,1,10,1.0,7.0
2012,10,10,1.0,7.3
1971,9,10,1.0,5.5
2016,2,10,1.0,4.6
1950,11,10,1.0,6.6
2020,11,10,1.0,6.2
1992,9,10,1.0,5.2
1991,9,10,1.0,2.8
1929,7,10,1.0,6.0
1963,2,10,1.0,7.4
1996,3,10,1.0,6.2
1966,4,10,1.0,6.2
1936,11,10,1.0,6.6
2023,7,10,3.0,8.3
1972,2,10,1.0,6.3
1960,9,10,1.0,6.0
1933,7,2,1.0,2.0
1950,11,10,1.0,6.5
1938,5,10,1.0,7.2
1967,10,10,1.0,7.5
1956,12,10,1.0,6.0
1960,4,10,1.0,6.5
1941,9,10,1.0,5.2
1989,1,10,2.0,5.5
1968,9,10,1.0,5.5
1999,4,10,1.0,6.4
1951,10,10,1.0,5.2
1936,8,10,1.0,4.5
1999,10,9,1.0,4.8
1963,9,10,1.0,5.8
1959,5,10,2.0,6.9
1971,8,10,1.0,5.6
1996,12,10,1.0,6.4
1955,10,10,1.0,6.9
1961,2,10,3.0,5.4
1971,11,10,1.0,5.9
1949,12,10,1.0,7.1
1958,10,10,1.0,5.8
1977,10,10,1.0,7.3
1957,8,10,2.0,7.2
1941,6,10,1.0,5.5
1966,8,10,1.0,6.4
1993,11,10,1.0,7.0
2024,11,10,1.0,5.6
1965,9,10,1.0,6.8
1926,12,8,1.0,6.2
1993,5,10,1.0,6.6
1973,6,10,2.0,7.8
1954,9,10,1.0,6.9
1981,7,10,1.0,7.1
1949,12,10,1.0,5.2
1953,6,10,1.0,5.8
2004,7,10,1.0,6.2
1986,1,10,1.0,5.4
1957,9,10,1.0,6.5
2001,2,10,1.0,6.1
1923,6,10,1.0,6.9
1936,10,10,1.0,7.0
1950,8,10,1.0,7.7
1965,8,10,1.0,3.7
2010,1,10,1.0,6.2
1978,9,10,1.0,4.6
2018,2,10,1.0,7.1
1982,5,10,1.0,5.6
1988,3,10,1.0,4.7
1968,2,10,1.0,5.9
1938,9,10,1.0,5.8
1968,12,10,1.0,6.3
1964,1,10,1.0,7.1
1943,7,10,1.0,6.4
1967,11,10,1.0,6.9
1934,6,10,1.0,7.1
2021,7,10,2.0,6.1
2025,1,8,1.0,6.1
1925,10,10,50.0,1.8
1929,4,10,1.0,7.0
1952,11,7,1.0,4.4
1995,4,10,1.0,3.8
1996,1,10,1.0,5.3
1941,8,10,1.0,5.4
2023,8,10,2.0,5.7
2019,9,10,1.0,7.6
1971,12,10,1.0,6.1
2003,3,10,1.0,6.1
1998,5,10,1.0,4.9
1986,12,10,1.0,4.7
2023,9,10,2.0,6.4
1961,10,10,1.0,6.4
1932,2,10,1.0,6.1
1924,3,6,1.0,6.5
1995,5,10,1.0,6.0
1974,2,10,1.0,4.1
1968,12,10,1.0,5.2
1982,1,10,1.0,5.4
1934,9,10,1.0,6.5
1987,3,10,1.0,5.6
2017,2,10,1.0,5.7
1930,2,10,1.0,7.7
1992,12,10,1.0,3.4
1949,12,10,4.0,6.6
2013,7,10,1.0,6.3
1940,2,10,2.0,7.0
1956,3,10,1.0,7.4
1947,11,10,1.0,7.0
1949,12,10,1.0,6.6
1983,4,10,1.0,4.2
1940,7,10,58.0,5.7
1965,1,10,1.0,6.8
1972,9,10,2.0,7.9
2024,7,10,2.0,7.2
1980,9,10,1.0,4.4
1983,5,10,1.0,5.8
1995,8,6,1.0,6.4
1951,10,10,1.0,7.1
1961,3,10,2.0,6.8
1947,10,10,1.0,5.2
2018,6,10,1.0,4.8
1929,5,9,1.0,5.3
1963,3,10,1.0,6.7
2012,8,5,1.0,6.8
1999,2,10,2.0,7.4
2020,6,10,2.0,7.1
1928,10,10,1.0,6.3
1950,12,10,1.0,5.6
1947,8,10,1.0,7.3
1996,5,10,1.0,6.5
1944,4,10,45.0,7.4
2015,3,10,1.0,6.6
2006,3,10,1.0,6.8
2018,10,2,1.0,6.8
1959,9,10,1.0,6.7
2007,2,10,1.0,7.9
1992,3,10,1.0,4.0
2000,4,10,2.0,5.6
1979,9,10,1.0,7.1
2020,1,10,2.0,7.9
2002,3,10,1.0,7.0
1977,2,10,1.0,6.5
1942,6,10,1.0,5.0
1953,4,10,1.0,6.7
1987,10,10,1.0,7.1
1994,4,10,1.0,5.4
1969,1,10,1.0,8.1
1945,10,10,1.0,6.6
1968,1,10,1.0,4.6
1974,10,10,1.0,7.4
1956,4,10,1.0,5.9
1985,1,10,1.0,6.6
2019,11,10,1.0,5.9
1985,5,10,1.0,4.1
1987,10,5,1.0,3.1
1980,5,10,1.0,6.6
2014,8,10,1.0,6.3
2013,2,10,1.0,7.8
1995,4,10,1.0,5.3
1953,11,10,1.0,7.0
1940,7,10,1.0,6.1
1950,11,10,1.0,6.6
1955,10,10,1.0,6.0
1940,8,10,1.0,6.2
1939,3,10,1.0,5.5
1950,12,10,1.0,7.3
1946,8,10,1.0,5.9
1969,1,10,1.0,6.9
1983,3,10,1.0,4.2
1948,7,10,1.0,5.8
2005,8,10,1.0,7.2
1970,2,10,2.0,7.4
1971,6,10,1.0,5.7
1952,10,10,1.0,6.1
1993,10,10,4.0,7.6
1984,8,10,1.0,5.5
1986,8,10,1.0,6.8
1927,3,6,1.0,7.3
2003,4,10,1.0,5.5
1934,10,10,1.0,5.9
1947,1,10,1.0,6.7
2022,11,10,1.0,7.2
1980,1,10,1.0,4.8
1984,6,10,1.0,8.0
1940,3,10,2.0,8.1
1939,2,10,1.0,5.4
1989,7,10,2.0,8.0
1960,4,10,1.0,5.7
2017,4,10,1.0,6.4
1951,5,10,1.0,7.3
2000,4,10,1.0,6.8
1977,1,10,2.0,8.1
1931,1,10,1.0,6.9
1941,10,10,1.0,5.9
1982,4,10,1.0,6.6
1939,9,10,1.0,6.6
1984,8,10,1.0,5.1
1969,5,10,1.0,5.8
1962,1,10,1.0,5.2
1975,11,10,1.0,5.4
2019,2,10,1.0,5.4
1933,2,9,1.0,5.9
1943,8,10,50.0,4.5
1997,12,3,57.0,7.9
1953,9,10,1.0,6.9
2013,8,10,1.0,4.4
1994,9,10,1.0,6.2
1969,6,10,1.0,7.0
2020,11,10,1.0,6.7
1983,5,10,1.0,6.8
1983,9,10,1.0,5.4
1936,3,10,1.0,6.3
1978,5,10,1.0,6.9
2000,4,10,1.0,3.9
1952,7,10,1.0,6.9
1993,2,10,1.0,7.7
1962,8,10,1.0,6.0
1932,7,10,1.0,6.8
1923,12,10,1.0,7.0
1930,8,10,1.0,5.2
1953,11,10,1.0,6.0
1934,11,10,1.0,6.6
1977,9,6,2.0,8.0
2001,10,10,2.0,7.5
1935,5,10,1.0,5.9
1937,12,10,1.0,5.7
1955,7,10,1.0,6.7
2024,12,1,1.0,8.2
1943,2,10,58.0,5.8
1943,4,10,1.0,4.6
2004,7,10,1.0,4.4
1969,9,10,1.0,3.4
1972,12,6,2.0,7.9
2022,11,10,1.0,5.5
1946,1,10,1.0,4.8
1997,6,10,1.0,6.2
1952,1,10,1.0,5.0
1982,9,10,1.0,6.4
1999,9,5,1.0,5.3
1964,4,8,1.0,6.2
1954,9,10,1.0,5.2
1967,10,10,1.0,6.3
1924,2,10,1.0,6.2
1973,5,10,1.0,5.3
1945,7,10,1.0,5.0
1930,3,10,1.0,6.8
2008,2,10,1.0,6.7
1971,9,10,1.0,6.4
2013,12,10,1.0,6.6
1963,3,10,1.0,5.5
2012,11,10,1.0,5.1
1966,5,10,1.0,2.6
1957,6,10,1.0,6.4
2025,3,7,2.0,8.0
1921,7,10,1.0,6.8
1985,9,8,1.0,6.6
1970,2,10,1.0,6.5
1975,1,10,1.0,6.4
1976,2,7,1.0,5.0
1991,1,8,1.0,5.4
2007,12,10,1.0,6.7
1959,8,10,53.0,3.7
1923,11,10,1.0,7.3
2003,3,10,1.0,7.2
1981,10,10,1.0,5.6
2025,3,10,2.0,8.1
1983,12,10,1.0,7.3
1935,3,10,1.0,6.4
2000,6,10,3.0,5.2
1978,5,10,1.0,3.9
1972,1,10,1.0,4.1
2002,7,10,1.0,4.7
1960,8,10,1.0,5.8
1945,11,10,1.0,6.9
1990,5,10,2.0,3.9
1999,1,10,1.0,6.6
2001,9,10,1.0,6.9
1954,7,10,1.0,6.4
1987,11,10,1.0,5.1
2024,8,10,1.0,4.7
1962,6,10,1.0,6.3
1930,10,10,1.0,6.2
1983,11,10,1.0,5.1
2005,5,10,1.0,6.8
1939,5,10,1.0,6.4
2025,3,5,1.0,8.9
1996,8,10,1.0,5.7
2022,6,7,1.0,8.1
2007,1,10,2.0,7.6
1971,3,10,1.0,6.0
1995,4,10,1.0,6.9
2008,9,10,1.0,6.2
1951,12,10,1.0,7.6
1963,7,1,1.0,6.7
1956,4,10,3.0,8.0
1988,9,2,1.0,6.4
1960,9,10,1.0,4.8
2016,3,10,1.0,5.9
1951,1,10,1.0,6.6
2017,7,10,2.0,5.6
1929,6,10,1.0,7.4
1979,5,10,1.0,5.4
1990,10,10,1.0,4.8
2025,2,10,1.0,7.0
2022,8,10,1.0,6.1
1929,8,9,1.0,6.5
1945,10,10,1.0,6.8
2012,3,10,1.0,5.3
1971,3,10,1.0,7.3
1921,12,6,55.0,6.2
1926,3,9,1.0,6.2
1961,3,10,1.0,6.3
2005,9,10,1.0,7.8
1954,1,8,1.0,6.3
2008,7,10,1.0,4.2
1996,8,10,1.0,5.7
2015,11,10,2.0,7.6
1953,11,10,1.0,6.5
1934,6,10,1.0,6.0
1936,11,10,1.0,4.3
1965,5,10,1.0,4.9
1986,8,10,1.0,7.0
2022,1,10,1.0,5.9
1967,12,10,2.0,7.9
1934,4,8,1.0,3.3
1946,10,10,1.0,6.8
1968,9,10,1.0,6.3
2008,2,10,2.0,6.8
2025,1,5,1.0,6.9
2011,11,10,1.0,7.6
1930,1,5,1.0,6.3
1966,9,10,1.0,7.8
1997,2,10,1.0,5.9
1968,10,10,1.0,5.7
1987,10,10,1.0,4.3
1971,12,10,1.0,8.6
1976,12,10,1.0,6.9
1984,10,10,2.0,6.5
1999,7,9,1.0,5.6
1970,1,10,1.0,8.1
1958,5,10,1.0,7.3
1971,5,10,1.0,5.9
2002,9,10,1.0,5.9
2021,6,10,1.0,6.6
1996,2,10,1.0,5.8
1958,9,7,1.0,7.2
1950,9,10,1.0,6.0
1934,10,10,1.0,7.0
1930,8,10,1.0,6.6
1997,11,10,1.0,5.9
1983,2,10,2.0,6.3
1926,9,8,1.0,6.9
1976,11,10,1.0,6.5
2008,4,10,1.0,7.0
2019,12,10,2.0,7.5
2004,1,5,1.0,7.5
1954,9,10,1.0,6.6
1962,4,10,1.0,4.1
2011,5,1,1.0,7.4
1950,4,8,1.0,4.6
2022,10,10,1.0,5.6
1931,1,1,59.0,5.6
2010,12,10,1.0,8.0
1949,2,10,1.0,6.7
1986,8,10,3.0,7.2
1966,8,10,1.0,5.8
1965,10,10,2.0,7.1
1993,10,10,2.0,4.9
1992,10,10,2.0,7.1
1974,3,10,1.0,6.3
2017,1,10,1.0,6.4
1991,4,7,1.0,5.3
1941,10,10,1.0,6.7
1997,10,10,1.0,7.2
1980,10,10,2.0,6.4
2005,1,10,1.0,6.3
1979,3,10,1.0,5.2
2021,6,10,1.0,6.2
1977,11,10,1.0,6.8
2019,11,10,2.0,6.7
1932,3,8,1.0,6.0
1997,9,10,1.0,4.7
1999,5,10,1.0,5.1
1998,7,10,1.0,5.8
2003,3,10,1.0,6.3
1940,1,10,1.0,6.5
1967,1,10,1.0,7.6
1987,8,10,1.0,5.4
1999,5,10,1.0,6.3
1943,8,10,58.0,6.3
1966,12,10,1.0,5.5
1991,6,10,1.0,4.3
1934,1,10,1.0,6.9
1942,1,10,1.0,6.7
1939,3,10,59.0,6.4
1944,12,10,1.0,6.5
1974,5,10,1.0,5.1
1993,7,8,1.0,4.5
1969,1,10,1.0,5.7
2003,5,10,2.0,5.3
2004,10,10,1.0,6.2
2018,1,8,1.0,7.3
1974,9,10,1.0,6.6
2007,7,10,1.0,3.6
1994,11,10,1.0,3.6
1950,9,10,1.0,6.8
2000,10,10,1.0,6.3
1922,8,10,58.0,6.9
1964,8,10,1.0,5.7
1943,11,10,1.0,5.1
2015,3,10,1.0,6.9
1998,5,10,1.0,6.7
2009,9,10,1.0,6.7
1953,5,10,1.0,5.1
1988,2,10,1.0,5.5
1976,9,10,1.0,4.8
1998,4,10,1.0,6.7
2013,6,10,2.0,5.6
1941,1,10,1.0,6.6
1966,10,10,1.0,6.7
2009,7,10,1.0,6.5
2018,9,10,1.0,7.1
1964,11,10,1.0,6.6
2000,3,10,2.0,4.5
1979,8,10,1.0,6.4
1949,10,10,1.0,6.5
2018,3,10,1.0,7.3
2005,5,3,1.0,7.3
2022,7,10,2.0,6.3
1947,12,10,1.0,6.1
1937,10,10,1.0,6.1
1929,10,10,1.0,5.8
2016,7,10,1.0,4.7
1939,7,10,1.0,5.5
1927,4,7,1.0,7.2
1988,1,10,1.0,4.6
2016,9,10,1.0,6.0
1972,10,10,1.0,5.1
2022,4,10,1.0,5.4
1976,6,8,1.0,6.4
1956,1,10,1.0,6.1
1970,11,10,1.0,7.1
1950,12,10,1.0,5.5
1949,2,10,1.0,6.1
1939,11,7,1.0,5.0
2005,1,10,2.0,7.6
2003,6,6,1.0,5.0
1988,2,10,1.0,5.5
1979,2,10,1.0,4.3
1933,11,10,1.0,4.5
2000,3,10,1.0,6.0
1959,7,9,1.0,7.2
1988,10,10,1.0,4.6
2002,6,10,1.0,6.1
2010,4,10,1.0,5.8
1982,3,10,1.0,6.0
2016,12,10,2.0,7.3
1924,10,10,1.0,6.6
2002,8,10,1.0,5.7
2018,11,10,1.0,6.7
1956,6,10,1.0,7.1
1983,2,10,1.0,6.8
1927,10,10,1.0,7.0
1990,5,10,1.0,4.7
1968,10,10,2.0,7.8
2004,9,10,1.0,6.8
2003,1,5,1.0,7.8
1984,8,10,1.0,5.7
1940,1,10,1.0,5.9
2010,7,10,1.0,6.3
2005,6,10,1.0,6.6
1975,7,10,2.0,6.2
2023,2,10,1.0,5.9
1975,1,10,1.0,4.4
1972,10,10,1.0,6.6
1975,4,10,1.0,5.3
1979,10,10,1.0,7.1
1995,6,10,1.0,5.6
1994,8,10,1.0,6.2
1961,12,10,1.0,5.6
1975,11,10,1.0,4.8
1956,1,6,2.0,6.7
1946,12,10,1.0,6.6
1993,1,10,2.0,6.8
1985,10,5,1.0,7.6
1976,9,10,1.0,6.1
1935,12,10,58.0,4.3
1975,1,10,1.0,5.8
2008,1,10,1.0,7.3
1983,1,10,1.0,4.1
2009,11,10,1.0,7.5
1983,9,10,1.0,6.2
1940,9,10,1.0,4.7
1992,3,10,1.0,4.7
1989,6,10,1.0,5.6
2000,9,10,1.0,5.8
2017,4,10,1.0,6.3
1979,10,10,1.0,5.9
1965,11,7,52.0,6.1
2014,8,10,2.0,6.9
2023,1,10,1.0,5.0
1968,6,10,1.0,6.6
2011,1,5,2.0,6.9
1965,8,10,1.0,6.1
1989,8,10,1.0,4.7
2011,12,10,1.0,5.6
1936,6,10,1.0,3.4
2010,3,10,1.0,4.6
1944,6,10,1.0,6.2
2025,2,10,1.0,8.0
2003,5,10,1.0,6.6
1963,1,10,1.0,7.5
1982,10,10,1.0,6.2
1950,3,10,1.0,7.2
1936,12,10,56.0,5.0
1954,12,10,1.0,5.5
1963,6,10,1.0,8.0
2014,1,10,1.0,5.1
1939,5,10,2.0,7.0
1924,10,10,1.0,5.7
1997,12,10,1.0,7.7
1960,1,9,1.0,7.2
1963,9,10,1.0,7.2
1937,12,10,1.0,7.1
1977,11,10,1.0,8.0
1984,8,10,1.0,7.3
1971,3,10,1.0,5.2
2018,8,10,1.0,6.7
1979,10,10,1.0,6.7
1926,9,10,1.0,7.4
1979,4,8,1.0,6.3
1985,1,10,1.0,5.2
1999,1,10,1.0,7.1
2022,6,10,2.0,7.8
1969,7,10,1.0,5.8
1959,8,10,1.0,6.4
1997,1,10,1.0,6.1
1969,3,7,1.0,6.3
1936,5,10,1.0,5.3
1979,10,5,50.0,8.3
1997,1,10,1.0,5.3
1970,12,5,1.0,5.1
1958,12,10,1.0,6.8
1927,9,10,50.0,1.9
1939,8,10,1.0,6.0
1984,1,10,1.0,6.8
1981,6,10,2.0,6.3
2001,11,10,1.0,5.2
1973,6,10,1.0,5.4
2017,10,10,1.0,6.6
2000,10,10,1.0,5.8
1975,2,10,1.0,6.9
1936,4,10,1.0,6.6
2011,6,10,2.0,4.9
2008,11,10,1.0,6.1
1995,8,10,1.0,5.1
1992,12,10,1.0,6.9
2007,2,10,2.0,6.1
1992,3,10,1.0,6.9
2000,3,10,1.0,4.7
1982,1,10,1.0,6.2
1987,2,10,1.0,4.9
1989,2,10,1.0,6.7
1957,1,10,1.0,6.0
2014,5,10,1.0,6.5
1955,5,1,1.0,7.1
1930,10,10,1.0,6.3
1987,3,10,1.0,4.1
2021,1,10,1.0,6.7
1950,11,10,1.0,7.0
1924,11,10,1.0,6.4
1984,9,10,1.0,7.1
1969,10,10,2.0,6.9
1969,4,10,1.0,5.7
1942,5,10,1.0,5.7
2025,2,10,1.0,4.9
1995,7,10,1.0,7.1
1945,8,10,1.0,5.2
1930,3,10,1.0,5.1
1941,7,10,4.0,6.6
2019,8,10,1.0,6.4
1967,10,10,1.0,5.8
1932,9,10,1.0,3.5
2022,6,10,1.0,6.9
1971,4,10,1.0,7.6
2012,11,10,2.0,7.3
1985,3,10,1.0,5.5
1937,8,10,1.0,6.5
2013,7,10,2.0,6.4
1936,2,10,56.0,6.0
2008,10,10,1.0,6.5
2013,1,10,1.0,6.6
2003,2,10,1.0,6.0
1979,7,10,1.0,6.1
1943,4,6,3.0,8.2
1974,11,10,1.0,7.7
1966,9,10,1.0,5.6
1995,9,10,1.0,4.3
2021,2,10,1.0,3.0
1992,1,10,1.0,3.5
2023,8,10,1.0,5.0
2013,5,10,2.0,6.0
1970,12,10,1.0,4.8
1925,11,7,1.0,6.5
1922,10,10,1.0,5.5
2009,3,10,1.0,5.8
1999,9,10,1.0,6.8
1932,4,10,1.0,6.8
2017,1,10,1.0,6.9
1989,12,10,2.0,6.8
1992,9,10,1.0,6.3
1950,12,10,1.0,5.9
1982,9,7,1.0,4.6
2024,11,10,1.0,2.4
1989,3,10,1.0,5.9
1983,11,10,1.0,5.3
1986,8,10,1.0,5.7
2019,8,5,1.0,7.0
2020,10,10,1.0,4.6
2005,8,10,2.0,6.5
1941,1,8,3.0,7.2
1967,1,10,2.0,6.5
2024,1,10,1.0,5.5
2014,5,10,1.0,5.3
2019,4,10,1.0,7.3
1992,12,10,1.0,5.9
1959,11,10,1.0,6.7
2005,9,10,1.0,6.6
1970,5,10,1.0,5.0
2025,2,10,2.0,6.1
1997,10,10,1.0,4.3
2018,6,10,1.0,6.2
1940,6,10,1.0,5.8
1950,10,10,1.0,7.3
1989,8,10,1.0,4.8
1959,2,10,1.0,7.1
1991,12,10,1.0,4.6
1982,2,10,2.0,7.0
1957,1,10,1.0,7.9
1937,9,9,1.0,7.4
1936,3,10,1.0,6.3
1965,4,10,1.0,4.8
1940,4,8,1.0,5.5
1933,2,10,1.0,7.2
1938,2,10,1.0,6.3
1990,11,10,1.0,5.6
1967,3,2,1.0,5.3
2019,11,10,1.0,6.3
1954,7,10,1.0,6.6
1972,6,4,1.0,5.7
1948,10,10,1.0,5.5
1987,1,10,1.0,3.5
1936,6,10,1.0,6.6
1979,1,10,2.0,6.8
1990,6,9,1.0,4.6
1969,6,10,1.0,7.2
1947,12,10,1.0,5.4
2012,2,10,1.0,4.9
1969,2,10,1.0,6.5
2003,9,10,1.0,6.7
1963,10,10,1.0,7.3
1953,6,10,1.0,6.3
1996,9,10,1.0,6.5
1992,9,10,1.0,7.1
1958,6,10,1.0,7.3
2024,8,10,1.0,6.1
2025,2,10,1.0,6.3
1959,1,10,1.0,6.4
1945,12,10,2.0,6.1
1945,5,10,1.0,5.4
1998,4,10,1.0,6.7
2023,11,10,1.0,5.9
1946,5,10,1.0,5.5
1941,5,5,1.0,7.2
2016,11,10,1.0,6.9
1987,5,10,1.0,3.8
2011,7,10,1.0,7.0
1977,4,10,1.0,6.5
1943,11,10,1.0,6.1
1990,12,10,1.0,4.6
2008,5,10,1.0,5.5
1989,9,10,1.0,7.2
1964,1,10,2.0,6.9
1933,6,10,1.0,6.0
1939,1,10,1.0,6.4
2021,12,10,2.0,7.1
1932,9,10,1.0,5.8
1959,10,10,1.0,7.0
2006,3,10,2.0,7.0
1955,4,10,1.0,5.5
1975,12,10,1.0,6.3
1998,1,10,1.0,7.1
1959,12,10,1.0,6.4
2018,9,10,1.0,7.0
1949,8,10,1.0,6.0
1944,12,10,1.0,5.1
1987,7,10,1.0,7.4
2018,5,1,1.0,7.5
1960,12,10,1.0,5.1
1960,10,10,1.0,5.4
1971,7,10,2.0,7.5
2024,10,10,2.0,5.2
1928,2,10,1.0,6.3
1939,7,10,1.0,6.5
1971,3,10,1.0,4.3
2008,10,10,1.0,6.0
1950,11,10,1.0,5.6
1933,5,10,1.0,7.1
1949,9,10,1.0,5.9
2016,4,10,1.0,7.2
1949,5,10,1.0,7.6
1967,12,5,1.0,3.2
2014,2,10,2.0,6.8
2008,8,10,1.0,7.1
1950,10,10,1.0,7.5
1998,9,10,1.0,4.9
2017,1,10,1.0,7.0
1945,4,10,1.0,5.6
1969,5,10,2.0,5.4
2000,3,10,1.0,6.4
1940,5,10,1.0,6.8
1973,2,10,1.0,5.3
1996,2,10,1.0,6.0
1960,5,10,1.0,6.4
1942,1,10,1.0,6.4
2023,11,10,1.0,7.8
1923,9,10,2.0,7.2
2011,8,10,1.0,5.8
2023,1,10,2.0,6.7
1930,1,6,1.0,6.3
1944,5,10,1.0,5.6
1960,9,10,1.0,5.4
1986,8,10,1.0,4.8
1996,5,10,1.0,5.3
2023,3,10,1.0,7.4
1934,8,10,1.0,5.0
1978,11,10,1.0,4.8
1964,5,10,1.0,4.8
2023,11,10,2.0,7.9
1943,2,10,1.0,6.0
1952,3,10,1.0,5.1
1967,3,10,2.0,6.9
1948,6,10,1.0,6.3
1957,2,10,1.0,6.5
2010,1,10,1.0,6.6
1954,2,10,1.0,7.0
2017,10,4,1.0,6.3
1963,4,10,2.0,7.0
2024,1,10,1.0,6.2
1965,5,8,1.0,5.4
1978,9,10,1.0,6.2
2015,10,10,1.0,7.1
1997,3,10,1.0,4.3
1974,1,9,1.0,5.8
2016,11,10,2.0,7.4
1961,12,10,1.0,6.1
1985,2,10,1.0,6.3
2008,5,10,2.0,6.1
2012,4,10,2.0,7.2
1970,6,10,1.0,5.6
1930,5,10,1.0,5.6
1945,3,10,1.0,7.3
1931,7,10,1.0,6.2
1941,4,10,1.0,6.0
1987,11,10,1.0,7.1
1948,10,6,1.0,6.5
1924,5,10,1.0,6.3
1991,12,10,1.0,4.3
2024,12,9,1.0,6.3
1984,12,10,2.0,6.3
1973,1,10,1.0,4.9
1954,3,10,1.0,7.2
2006,5,10,1.0,6.7
1966,12,10,1.0,3.9
1969,5,10,1.0,6.7
1964,4,10,1.0,6.6
1984,6,10,1.0,7.8
1931,6,10,1.0,6.8
2013,10,7,1.0,7.7
1998,3,10,1.0,6.4
1956,9,10,1.0,6.4
1981,2,10,1.0,5.2
1986,8,10,1.0,6.0
1979,11,6,4.0,7.7
1980,1,10,2.0,7.6
2021,5,10,1.0,6.6
1940,12,10,1.0,6.0
1984,2,10,1.0,5.8
1950,5,10,1.0,5.7
1955,6,10,1.0,5.6
1973,1,10,1.0,3.1
2005,6,10,1.0,4.1
1981,12,10,2.0,6.4
2006,5,10,1.0,6.3
2020,10,10,2.0,5.7
1981,6,10,1.0,4.1
1955,9,10,1.0,6.1
1976,4,10,2.0,8.6
1993,8,10,2.0,7.8
1968,3,10,1.0,6.4
2015,11,10,2.0,7.4
2021,11,10,1.0,7.0
1942,4,10,2.0,7.5
1967,1,10,1.0,6.4
2008,9,10,1.0,7.0
1975,3,10,1.0,5.9
2002,5,10,2.0,6.6
2019,8,10,1.0,6.7
1992,10,10,1.0,6.5
1978,9,10,1.0,6.4
2023,10,10,1.0,5.3
2015,8,1,1.0,7.4
2009,3,10,1.0,5.5
1952,12,10,1.0,5.8
1974,4,10,1.0,6.1
2002,10,10,1.0,6.5
2017,3,10,1.0,3.1
1980,3,10,1.0,6.9
1955,9,10,1.0,6.3
1957,11,10,1.0,6.6
1982,2,10,2.0,6.5
1986,12,10,1.0,7.8
1941,1,10,2.0,7.0
1949,11,10,1.0,7.4
1956,4,10,1.0,5.6
1962,2,10,1.0,6.1
1970,5,10,1.0,6.1
1983,4,10,1.0,5.4
1950,6,10,1.0,6.3
2016,8,10,1.0,6.8
1937,4,10,1.0,6.6
1980,2,10,1.0,7.8
1989,10,10,1.0,4.5
2020,11,10,1.0,7.0
1985,8,10,2.0,6.8
1971,3,10,1.0,4.0
1998,7,10,1.0,6.0
1935,9,10,1.0,5.7
1993,6,10,1.0,5.8
1974,8,10,1.0,5.4
1960,4,10,1.0,5.9
1966,11,8,1.0,7.7
1978,7,10,1.0,3.8
1997,7,10,1.0,6.1
2000,7,10,1.0,3.5
1946,11,10,1.0,6.0
1995,2,10,1.0,4.4
2001,3,10,1.0,4.4
1966,4,10,1.0,3.8
2001,7,9,1.0,6.5
1980,3,10,1.0,5.2
1935,1,10,1.0,6.3
1964,10,10,1.0,6.2
1947,2,10,1.0,6.3
2004,4,10,1.0,7.4
1978,8,10,2.0,7.2
1962,9,10,1.0,5.3
1945,4,10,1.0,5.8
1984,6,10,1.0,4.8
1925,9,10,1.0,6.0
1980,2,10,1.0,6.2
1952,12,10,1.0,5.8
1949,10,10,1.0,7.2
2000,9,10,2.0,7.9
1976,9,10,1.0,4.6
1926,3,10,3.0,6.3
1975,4,10,1.0,9.2
1982,10,8,1.0,5.8
1979,1,10,1.0,4.7
2007,3,10,2.0,7.7
1953,7,10,1.0,6.7
2007,6,10,1.0,7.0
1939,10,10,1.0,6.7
1931,5,10,1.0,6.0
1953,10,10,1.0,6.0
1998,1,1,58.0,6.3
2002,3,4,55.0,6.8
1997,9,10,1.0,5.5
1943,9,10,1.0,7.6
1947,9,10,1.0,5.5
1970,1,8,1.0,5.1
1947,11,10,1.0,6.0
1981,2,10,1.0,4.1
1951,12,10,1.0,8.1
2024,2,10,1.0,6.1
2013,1,10,1.0,6.7
2017,5,10,1.0,6.3
2019,5,10,2.0,6.9
2021,12,10,1.0,4.9
2003,1,10,1.0,5.0
2002,3,10,1.0,7.6
1968,3,10,1.0,6.8
1952,11,10,1.0,5.2
2023,10,10,2.0,7.7
2020,11,10,1.0,5.7
2005,5,10,1.0,7.0
1945,10,10,1.0,6.7
1928,8,7,1.0,6.2
2007,5,10,1.0,6.1
2011,11,10,2.0,6.1
1974,8,10,1.0,7.2
1982,7,10,1.0,6.4
1967,9,10,1.0,5.4
1930,9,10,1.0,7.2
2005,1,10,1.0,6.2
1989,6,10,1.0,4.7
1971,9,10,1.0,7.4
1986,7,10,1.0,3.8
1928,6,8,1.0,6.4
1946,11,10,1.0,5.5
1955,6,10,1.0,6.8
2020,8,2,1.0,8.2
1946,2,10,1.0,7.3
1984,4,10,1.0,7.0
2018,12,10,1.0,7.1
1994,5,10,1.0,3.9
2022,8,10,1.0,5.6
1962,6,5,1.0,7.1
1953,11,10,1.0,5.3
1945,11,10,1.0,5.8
1950,3,6,1.0,3.6
1968,4,10,1.0,7.6
1952,4,10,1.0,7.2
2000,2,10,1.0,4.4
2015,10,10,2.0,7.7
1987,7,10,1.0,4.8
1931,4,10,1.0,6.0
1992,8,10,1.0,5.4
1981,5,10,1.0,8.2
1931,5,10,1.0,7.2
1975,1,8,1.0,5.7
1994,1,10,52.0,6.7
1970,5,10,1.0,6.2
1932,3,10,1.0,6.2
1987,7,10,1.0,7.2
2005,4,10,2.0,6.7
2004,8,10,1.0,6.2
1975,8,10,1.0,7.0
1980,2,10,1.0,3.4
1994,1,10,1.0,4.7
1976,9,10,1.0,5.4
1935,3,10,1.0,6.4
1998,3,10,1.0,5.9
1960,2,10,1.0,5.5
2002,5,10,1.0,7.6
1933,7,10,1.0,5.9
1986,10,10,1.0,6.9
1922,12,10,3.0,6.3
2016,9,1,1.0,7.3
1973,3,10,1.0,6.5
2021,6,10,1.0,6.9
1991,5,10,1.0,7.7
2019,8,10,1.0,8.1
1942,6,10,1.0,5.6
1954,12,10,1.0,6.4
1927,9,10,56.0,6.4
1960,1,10,1.0,6.7
1961,2,10,1.0,6.0
1929,8,10,1.0,6.0
1982,12,10,1.0,6.0
1988,10,10,1.0,3.4
1948,9,10,1.0,5.3
1977,9,10,1.0,4.1
2017,11,10,2.0,7.0
1930,11,10,1.0,6.7
1993,6,10,1.0,6.5
2016,9,5,2.0,6.8
1962,9,10,1.0,5.9
1950,9,10,1.0,6.7
1939,12,10,1.0,6.4
1999,2,10,1.0,7.2
1937,9,10,1.0,7.6
1940,1,10,1.0,6.4
2011,3,10,1.0,6.9
2006,4,10,1.0,3.4
1995,4,10,1.0,3.9
1982,3,10,1.0,5.2
1962,3,10,1.0,6.8
1976,4,10,1.0,6.6
2023,12,10,1.0,6.2
1996,9,10,1.0,4.1
2020,7,10,1.0,6.5
1966,7,10,1.0,6.8
1986,11,10,1.0,5.7
1972,6,10,2.0,6.6
1990,5,10,1.0,4.8
1955,11,10,1.0,6.3
2008,3,9,1.0,6.9
2019,5,10,1.0,8.0
2019,6,10,1.0,5.4
1983,9,10,1.0,4.4
2024,4,10,1.0,6.7
1998,9,10,1.0,6.8
1927,9,10,1.0,5.2
2016,8,10,1.0,7.1
2016,4,4,1.0,6.3
1966,11,10,1.0,5.7
1963,5,10,1.0,6.6
2003,11,10,1.0,7.1
1958,7,10,1.0,5.8
1989,9,10,1.0,7.8
1923,9,10,2.0,6.9
2003,6,10,1.0,1.9
2012,10,7,1.0,6.7
1960,9,10,1.0,5.2
2002,2,10,2.0,7.4
1978,8,10,1.0,5.4
1924,5,10,1.0,6.7
1982,9,10,1.0,7.7
1965,12,10,1.0,5.7
1942,3,10,1.0,6.1
1948,12,10,1.0,5.5
1981,12,10,2.0,7.3
1995,10,10,1.0,6.8
2001,6,10,1.0,3.7
1955,5,10,2.0,6.7
2000,4,10,1.0,6.9
2020,11,10,1.0,6.7
2017,4,10,1.0,7.9
2009,7,10,2.0,4.9
2010,12,10,1.0,7.6
1951,8,10,1.0,5.2
1935,2,10,1.0,5.9
1947,12,10,2.0,6.1
1963,11,10,1.0,6.5
1937,9,10,1.0,6.7
1984,2,10,3.0,7.8
2012,2,10,1.0,4.3
1994,3,10,1.0,6.6
1976,5,10,1.0,6.1
2001,1,10,1.0,5.0
1956,2,10,1.0,6.5
1962,9,10,1.0,6.1
1947,9,10,1.0,7.4
1984,9,10,1.0,3.7
2015,2,9,2.0,6.6
2004,2,10,1.0,3.0
1938,6,10,1.0,7.0
1999,11,10,1.0,7.3
1985,5,10,1.0,6.9
1974,8,10,1.0,4.6
1935,12,10,1.0,5.9
1992,1,10,2.0,6.5
1937,4,10,1.0,7.5
1927,4,7,50.0,4.0
1933,6,10,1.0,5.5
2011,10,10,1.0,6.2
2001,8,10,1.0,6.5
1996,3,10,1.0,7.0
1990,7,10,1.0,5.8
2005,9,10,1.0,5.5
1942,4,10,59.0,3.7
1940,11,10,1.0,5.5
2010,3,7,1.0,6.9
1963,8,10,1.0,6.6
2013,12,10,1.0,7.3
2009,11,10,1.0,5.6
1979,11,10,1.0,7.0
2025,3,10,2.0,7.4
2006,3,10,1.0,6.2
1953,8,10,1.0,6.7
1952,7,10,1.0,6.5
2000,3,10,1.0,4.5
1964,1,10,1.0,5.3
2007,12,10,2.0,7.0
1966,11,10,1.0,4.0
1974,5,10,1.0,3.7
1975,8,10,1.0,5.2
2004,11,10,1.0,7.2
1961,10,10,1.0,6.6
1997,8,10,1.0,5.9
1956,7,10,1.0,6.1
1957,7,10,1.0,5.4
1938,11,10,1.0,5.7
1997,3,10,1.0,7.5
1956,4,10,1.0,7.5
1960,3,10,1.0,6.2
1998,2,10,2.0,8.7
1972,4,10,1.0,6.5
1940,9,10,1.0,5.8
1947,3,10,1.0,6.3
1986,7,10,1.0,5.2
1926,11,10,2.0,7.3
1951,3,10,1.0,5.2
1998,9,10,2.0,6.7
2015,6,6,1.0,6.1
1966,3,10,1.0,5.1
1928,1,10,1.0,8.1
1966,12,10,1.0,7.1
1994,1,10,1.0,4.3
1995,11,10,1.0,6.0
1992,9,10,1.0,4.5
1986,10,10,1.0,3.5
1932,6,10,1.0,5.1
1920,3,10,50.0,6.0
1958,9,10,1.0,7.6
1922,12,10,1.0,6.2
1979,8,10,1.0,5.1
2011,5,10,1.0,3.7
1929,4,10,1.0,5.7
1961,9,10,1.0,5.6
1952,2,10,1.0,7.1
1945,11,10,54.0,5.4
1938,5,10,56.0,5.5
2024,1,10,2.0,6.3
2020,1,10,3.0,7.3
1989,12,10,2.0,7.2
1939,10,10,1.0,6.1
1998,9,10,2.0,4.3
1985,4,10,1.0,3.3
1939,11,10,1.0,6.3
1956,9,10,1.0,4.4
1954,5,10,1.0,6.9
1970,7,10,1.0,6.2
1995,5,10,1.0,6.6
1993,5,10,1.0,4.2
2000,8,10,2.0,6.5
1969,6,10,1.0,5.1
2000,11,10,1.0,7.5
1947,8,10,1.0,7.5
2021,12,10,1.0,3.8
2001,3,10,1.0,7.3
1954,1,10,1.0,5.6
1959,12,10,1.0,5.9
1958,11,10,1.0,7.0
2012,8,10,1.0,1.7
1999,2,10,1.0,7.0
2009,9,10,1.0,6.7
1977,6,10,2.0,6.9
1994,10,10,1.0,6.0
2025,2,10,2.0,7.0
1957,5,9,1.0,6.4
1924,6,10,1.0,4.6
1947,9,10,1.0,6.1
1924,7,9,1.0,6.6
1940,10,10,1.0,3.3
2015,10,10,1.0,5.7
1946,7,10,59.0,5.3
1942,3,10,1.0,6.2
1976,7,10,1.0,6.7
2017,5,1,1.0,7.2
1940,7,10,1.0,6.8
1961,5,10,2.0,7.0
1964,1,10,1.0,7.3
1971,7,10,1.0,7.3
2005,9,10,1.0,7.0
1966,12,10,1.0,6.7
2009,7,10,1.0,7.3
1934,6,10,1.0,5.9
1973,7,10,1.0,5.4
1967,2,10,1.0,5.5
1943,7,10,1.0,5.7
1982,9,10,1.0,6.3
1959,6,10,1.0,5.7
1935,6,10,56.0,5.2
1990,9,10,1.0,4.3
1948,10,10,2.0,7.6
1999,1,10,1.0,6.8
1997,1,10,2.0,7.3
2006,8,10,1.0,4.4
1941,1,10,1.0,6.6
1986,8,10,2.0,7.3
1988,3,10,1.0,4.8
1957,3,10,1.0,6.3
2023,3,10,3.0,5.6
1944,11,10,1.0,6.0
1955,12,10,1.0,6.8
2022,9,10,1.0,4.3
1971,9,10,1.0,4.8
1979,1,10,1.0,5.8
2014,2,10,2.0,5.6
1982,4,10,1.0,5.2
2005,6,10,2.0,7.2
1955,7,10,1.0,7.2
1951,4,10,1.0,6.2
2004,4,10,1.0,5.4
1934,4,2,56.0,8.2
1979,2,10,1.0,3.0
1938,5,10,1.0,6.6
1970,9,8,1.0,7.5
1944,10,10,1.0,4.1
1938,5,10,1.0,7.5
1940,1,10,1.0,7.8
2008,12,10,1.0,6.6
1960,1,10,1.0,7.5
1985,2,10,1.0,6.4
2015,2,10,1.0,5.9
1935,6,10,1.0,6.4
1974,1,7,1.0,6.1
1962,7,10,1.0,5.2
2003,6,10,1.0,7.5
1987,2,10,1.0,3.5
2025,3,10,1.0,5.9
1987,6,10,1.0,7.9
1961,5,10,1.0,5.8
1993,9,10,1.0,5.3
1933,4,10,1.0,6.5
1995,1,10,1.0,7.2
1958,9,10,1.0,6.9
1977,1,9,1.0,6.3
2022,11,10,1.0,6.9
1969,2,10,1.0,6.2
1977,9,10,1.0,6.1
2009,11,10,1.0,6.1
2004,4,10,1.0,6.9
1943,4,10,46.0,6.5
1947,10,10,1.0,5.7
1976,10,10,1.0,4.5
1932,12,10,1.0,5.4
1974,9,10,1.0,6.5
1949,9,10,1.0,6.0
1926,8,10,1.0,6.1
1959,3,10,1.0,6.0
2009,6,10,1.0,3.6
1960,7,10,1.0,7.4
2006,6,10,1.0,6.6
1961,9,10,1.0,6.5
1982,9,10,1.0,5.8
1997,8,10,1.0,4.8
2019,11,1,1.0,6.7
2008,2,10,2.0,6.8
1959,9,10,2.0,5.1
2004,4,10,1.0,6.1
1962,6,10,2.0,7.7
1984,1,10,1.0,5.3
2020,2,10,1.0,6.4
1934,5,10,1.0,7.3
1956,6,10,1.0,6.0
1995,1,10,1.0,4.3
1982,12,10,1.0,4.4
1963,8,10,1.0,5.8
1958,7,8,1.0,5.9
2001,10,10,2.0,7.9
1931,4,10,1.0,6.4
1926,11,10,1.0,6.8
1991,3,10,1.0,5.1
1929,12,10,1.0,6.1
1980,4,10,1.0,5.0
1953,2,10,1.0,3.4
1962,9,10,1.0,5.9
1936,4,10,1.0,5.9
1978,3,10,1.0,6.4
1999,1,10,1.0,5.1
1939,12,10,1.0,6.3
1944,7,10,1.0,5.7
1950,1,10,1.0,6.5
1990,5,10,2.0,8.0
2006,4,10,1.0,5.8
1959,2,10,1.0,6.7
1983,10,3,1.0,7.1
1968,3,10,1.0,6.7
1946,9,10,1.0,6.7
2001,6,10,1.0,3.5
1945,1,1,52.0,6.4
1991,4,10,1.0,5.8
1964,11,10,1.0,7.6
1986,5,10,1.0,6.0
1990,10,10,1.0,3.6
2015,9,10,1.0,7.2
2010,3,10,1.0,7.1
1977,6,10,1.0,5.7
1988,9,6,1.0,7.7
1966,10,10,1.0,6.4
1935,3,10,1.0,5.6
2021,7,10,1.0,6.6
1990,1,10,1.0,6.3
1988,3,10,1.0,5.3
1946,8,10,56.0,5.3
1969,3,10,1.0,8.0
2012,4,10,1.0,7.3
1978,3,10,1.0,5.5
2018,4,10,1.0,7.4
2014,6,10,1.0,7.3
1985,11,10,1.0,7.4
2024,1,10,1.0,4.7
1942,5,10,1.0,5.2
1935,8,10,1.0,6.7
1941,10,10,1.0,6.1
1967,4,10,1.0,6.2
1988,7,10,1.0,6.4
1980,2,10,1.0,6.5
1925,4,10,1.0,5.1
1993,2,10,1.0,6.3
1959,4,9,1.0,6.7
1977,2,10,1.0,6.3
1973,1,10,1.0,4.3
1935,3,9,1.0,6.9
2017,10,10,2.0,6.8
2016,9,10,1.0,3.9
1943,3,10,1.0,6.4
1977,9,10,1.0,4.9
1974,9,10,1.0,6.7
1971,1,10,1.0,7.1
1973,11,10,1.0,5.8
2008,4,10,1.0,6.0
1931,12,10,1.0,6.0
1992,6,10,1.0,5.6
1944,5,10,1.0,6.0
2001,11,10,1.0,5.5
2004,2,10,1.0,6.2
1972,11,10,1.0,5.4
1988,5,10,1.0,6.0
2020,3,10,1.0,6.9
2007,3,10,1.0,7.9
1960,12,7,48.0,6.1
2006,11,10,2.0,7.5
1989,5,10,1.0,4.9
1985,9,10,1.0,2.5
1994,1,10,1.0,5.7
1954,1,10,1.0,5.2
1968,2,10,1.0,5.8
1997,9,6,1.0,4.1
1955,4,10,1.0,5.4
2008,2,10,1.0,6.1
1980,4,10,1.0,6.3
2001,8,10,1.0,6.4
1953,1,10,1.0,5.9
1992,2,10,1.0,4.2
1999,4,10,1.0,5.1
1934,3,10,1.0,6.3
2001,5,10,1.0,6.3
2009,11,10,2.0,7.6
2010,6,10,1.0,8.1
1984,1,10,1.0,7.9
1961,11,10,1.0,6.0
1970,9,10,1.0,6.2
2017,5,10,1.0,6.4
1979,7,10,1.0,6.2
1989,12,10,1.0,5.3
1971,1,10,1.0,4.9
1935,7,10,1.0,5.5
1932,9,6,1.0,6.8
2008,1,10,1.0,7.3
1963,8,2,1.0,5.3
1984,3,10,1.0,5.8
1982,2,10,1.0,7.3
1946,11,10,1.0,6.2
1932,4,10,1.0,7.7
1990,12,10,1.0,4.5
2011,3,10,1.0,6.3
1946,12,10,1.0,5.9
2014,12,10,1.0,5.3
1921,8,10,1.0,7.1
1996,4,10,1.0,6.9
1970,11,10,1.0,5.1
1986,9,10,1.0,5.4
1990,9,10,1.0,4.5
2020,8,10,1.0,5.8
2012,3,10,1.0,6.4
1987,5,10,1.0,5.7
1976,4,10,1.0,5.6
1970,5,10,1.0,5.4
1935,10,10,1.0,6.3
1974,12,10,1.0,6.2
1995,1,10,1.0,5.5
1977,12,10,1.0,8.7
2014,4,10,1.0,6.7
1922,10,10,1.0,6.4
2024,3,10,1.0,6.1
1987,10,10,2.0,8.6
2010,9,10,1.0,7.3
1988,3,10,1.0,4.3
1958,12,10,1.0,6.0
1978,3,10,1.0,5.2
1975,9,10,1.0,6.4
2006,9,10,2.0,8.2
1987,10,10,1.0,7.1
1927,8,10,50.0,6.6
1998,12,10,1.0,6.8
1973,6,10,1.0,5.4
2015,7,10,1.0,7.6
1948,3,10,56.0,5.3
2024,7,10,1.0,5.8
1965,3,10,1.0,7.4
1958,5,10,1.0,5.8
1930,10,10,1.0,6.0
1934,7,10,46.0,2.7
1940,5,10,1.0,6.5
2025,3,10,1.0,7.3
1987,11,10,1.0,5.3
1929,5,6,1.0,5.3
1941,9,10,2.0,7.7
2013,4,10,1.0,7.1
1930,9,10,1.0,6.6
1959,1,10,1.0,6.4
1979,3,10,1.0,6.7
1934,1,7,2.0,8.7
1990,3,10,1.0,6.8
1991,4,10,1.0,6.4
2018,10,10,1.0,6.7
1978,2,10,1.0,6.0
1935,12,10,1.0,3.6
1970,8,10,1.0,5.7
2013,10,10,1.0,7.4
2022,9,10,1.0,5.2
1952,12,10,1.0,3.5
1958,1,10,1.0,4.8
2023,3,10,2.0,6.6
1954,6,10,1.0,7.8
1964,6,10,1.0,6.3
1962,7,10,1.0,5.7
1999,9,10,1.0,5.1
1990,11,10,1.0,7.8
1967,1,10,1.0,5.0
2009,12,10,1.0,7.1
2008,11,10,1.0,6.8
1970,3,10,1.0,4.5
1990,4,10,1.0,4.8
2007,9,10,2.0,7.0
2014,1,10,1.0,6.9
2025,1,10,1.0,7.0
2022,9,10,1.0,7.1
1995,5,10,1.0,5.4
1949,8,10,1.0,6.7
1947,12,10,1.0,6.1
1931,8,10,1.0,6.0
1940,9,10,57.0,7.0
2022,12,10,1.0,5.5
1970,7,10,1.0,7.2
1967,9,10,1.0,5.9
2008,6,10,1.0,7.9
1986,4,10,1.0,5.9
1963,1,10,1.0,7.4
1944,11,10,52.0,5.7
2019,5,10,1.0,6.7
1952,5,10,1.0,6.0
1994,1,10,2.0,8.6
2004,4,10,1.0,7.3
2009,1,10,1.0,7.1
1932,8,10,1.0,6.2
1961,11,10,1.0,6.2
1940,6,10,58.0,5.3
1956,12,10,1.0,6.5
1949,4,10,56.0,6.7
1990,10,10,1.0,5.9
1997,11,10,1.0,6.6
1984,5,10,2.0,7.4
1923,1,7,1.0,4.0
1945,5,10,1.0,6.4
2020,2,10,1.0,6.5
1956,8,10,3.0,6.7
1975,5,10,1.0,5.8
1947,3,10,1.0,6.9
1922,3,9,6.0,6.3
1945,12,10,1.0,6.0
1937,1,10,59.0,6.5
1924,3,4,1.0,6.5
1989,1,10,1.0,4.7
1990,6,10,1.0,6.4
1980,11,10,1.0,5.2
2021,10,10,2.0,6.8
2008,9,10,1.0,6.6
1936,12,10,1.0,6.3
1931,11,10,1.0,6.5
1977,1,1,1.0,5.2
1982,1,9,1.0,5.2
2025,1,10,1.0,6.1
2008,10,10,1.0,4.0
1957,10,10,1.0,5.3
2007,4,1,1.0,7.3
2023,9,10,2.0,6.8
1949,12,10,1.0,6.5
1967,8,6,1.0,3.8
2014,3,10,1.0,7.9
2017,6,10,1.0,7.6
1958,9,7,58.0,2.4
2013,7,10,2.0,6.9
2012,6,10,1.0,6.6
1986,10,10,1.0,4.4
1982,4,10,1.0,5.4
2019,6,10,2.0,6.4
1933,3,10,58.0,6.3
1951,10,10,1.0,7.1
2012,8,10,1.0,6.5
1992,12,10,1.0,2.3
1973,2,10,1.0,4.7
1976,12,10,1.0,6.2
1995,11,10,1.0,6.1
2001,5,10,1.0,6.2
2012,3,10,1.0,6.2
1947,3,10,1.0,8.3
1975,5,10,1.0,6.5
1977,1,10,1.0,6.0
1976,3,10,1.0,3.8
1953,9,10,1.0,6.4
1971,3,10,1.0,6.5
2003,9,10,1.0,6.3
1935,1,10,1.0,6.8
2016,3,10,1.0,4.8
1970,10,10,1.0,5.9
2008,12,10,1.0,4.3
2007,5,1,1.0,8.1
1976,7,10,1.0,5.4
2008,12,10,1.0,5.5
1940,12,10,4.0,6.6
1942,10,10,1.0,7.8
1949,6,10,1.0,6.2
1996,12,10,2.0,7.3
1977,9,10,1.0,6.1
1988,3,10,1.0,6.1
1930,12,10,1.0,6.6
1974,7,10,1.0,4.4
1973,2,10,1.0,6.1
1931,8,10,1.0,5.7
1999,1,10,1.0,6.8
1981,9,10,1.0,7.2
1940,12,10,1.0,6.0
1985,9,10,1.0,4.7
2002,5,10,1.0,5.9
1961,7,9,1.0,6.4
1940,3,10,1.0,6.7
1978,12,10,1.0,6.5
1985,1,10,1.0,4.3
2019,5,10,1.0,6.8
1983,9,10,1.0,6.0
1944,12,10,1.0,6.0
1959,9,10,1.0,7.0
1930,9,10,1.0,4.7
2013,8,10,1.0,6.8
1934,10,10,1.0,5.9
1948,5,10,1.0,5.8
2008,8,10,1.0,4.8
1975,12,10,1.0,6.4
1945,11,10,1.0,6.2
1982,7,10,2.0,6.7
2008,7,10,1.0,6.4
2020,10,10,1.0,7.4
1933,11,10,1.0,7.1
1992,10,10,1.0,7.9
1972,9,3,1.0,5.3
1947,9,10,1.0,7.1
1983,1,10,1.0,3.3
1992,1,10,1.0,5.0
2010,12,10,1.0,6.5
2021,6,10,1.0,6.4
1954,1,10,2.0,6.7
1958,9,10,1.0,5.7
1981,8,10,1.0,4.4
1988,12,10,1.0,4.6
2019,9,1,1.0,8.0
1941,9,10,54.0,7.0
2020,11,10,1.0,6.4
1989,10,10,1.0,3.7
1990,11,10,1.0,4.7
1973,10,10,1.0,4.2
2008,9,10,1.0,6.7
2016,9,1,1.0,6.9
2001,5,10,1.0,3.2
1990,9,10,1.0,5.3
1998,12,10,2.0,6.0
1935,8,10,55.0,6.1
1975,10,10,1.0,5.5
1928,6,10,3.0,6.3
1958,3,10,1.0,4.6
1946,6,10,1.0,4.3
1989,4,10,1.0,6.5
1988,9,10,1.0,4.8
1998,2,10,1.0,6.0
1935,6,7,1.0,7.7
1981,9,10,1.0,4.1
1970,11,10,1.0,5.2
1961,12,10,3.0,7.2
1969,12,10,1.0,6.8
2021,9,10,1.0,4.3
1930,5,1,57.0,7.2
1947,6,10,1.0,6.1
2015,5,10,2.0,7.6
1988,5,7,1.0,4.3
1981,12,10,1.0,6.7
2009,11,10,1.0,5.4
1989,9,10,1.0,5.3
1976,3,10,1.0,6.5
1967,12,10,2.0,6.0
1932,9,10,53.0,5.6
1997,11,10,1.0,6.7
1936,1,10,1.0,6.4
1953,12,10,1.0,6.2
1973,4,10,1.0,7.5
2016,12,10,1.0,5.7
2016,6,10,1.0,5.3
1997,10,7,1.0,5.1
1996,7,10,2.0,6.4
1972,6,10,2.0,5.0
1996,11,10,1.0,4.7
2024,1,10,2.0,7.9
2007,4,10,1.0,5.6
1982,9,10,1.0,7.2
1985,3,10,1.0,7.0
1978,11,10,2.0,7.3
1973,3,10,1.0,5.6
2016,11,10,1.0,7.4
1935,5,10,1.0,6.8
2019,9,10,1.0,6.3
2005,10,10,1.0,7.0
1942,6,10,1.0,6.8
1932,2,6,1.0,5.9
2022,11,10,1.0,5.3
2000,5,10,1.0,7.6
1992,5,10,1.0,5.4
1929,4,10,1.0,6.1
2020,3,10,2.0,8.8
1960,1,10,2.0,6.4
1929,9,6,1.0,7.1
1995,7,10,1.0,6.0
2008,4,10,1.0,4.9
1963,1,10,1.0,6.7
1937,4,10,1.0,6.2
2023,10,10,1.0,5.6
2016,10,10,1.0,7.4
1954,7,10,1.0,6.0
1959,2,10,1.0,4.8
1939,2,10,1.0,6.3
2023,5,10,1.0,5.2
1985,4,10,1.0,4.1
1988,5,10,1.0,3.4
1984,2,10,1.0,5.5
2018,8,10,1.0,5.7
2001,10,10,1.0,4.5
1936,9,10,1.0,6.7
2016,7,10,1.0,7.4
1988,10,10,1.0,4.2
1956,5,10,1.0,7.1
1979,4,10,2.0,7.5
1989,8,10,1.0,5.7
1993,6,10,2.0,6.9
1944,1,10,1.0,6.8
1964,9,10,1.0,8.0
1955,10,10,1.0,5.3
1974,1,9,1.0,6.6
1959,7,10,2.0,8.0
1950,4,10,1.0,6.2
2010,3,10,1.0,5.5
1976,2,10,1.0,5.4
1963,1,10,2.0,7.3
2013,10,1,1.0,7.4
1972,9,10,1.0,7.0
2014,12,10,1.0,6.2
1947,2,10,4.0,6.2
1945,1,10,1.0,6.5
1998,4,10,1.0,7.6
1997,5,10,1.0,6.6
1972,6,10,1.0,4.1
1980,9,10,1.0,3.2
1967,6,10,2.0,7.9
1991,11,10,1.0,6.9
1996,8,10,1.0,8.1
2017,1,10,1.0,8.0
2020,1,10,2.0,7.4
1978,3,10,2.0,6.3
1962,2,10,1.0,4.9
1924,12,10,1.0,6.6
1939,11,10,58.0,6.3
1957,10,10,2.0,7.8
2018,4,10,1.0,5.0
1960,4,10,1.0,5.7
2020,4,10,1.0,7.0
2023,4,10,1.0,6.5
2018,6,10,1.0,6.5
2024,9,10,1.0,6.9
2005,7,10,1.0,6.7
1933,2,10,1.0,6.1
1986,5,10,1.0,3.7
1928,12,10,3.0,7.5
1969,9,10,1.0,6.6
1998,1,10,1.0,5.7
1985,6,10,1.0,6.9
1968,11,10,2.0,7.7
1936,11,10,1.0,7.1
1965,1,10,2.0,7.5
1951,3,10,1.0,6.1
1991,6,10,1.0,6.0
2025,2,10,1.0,5.4
1998,3,10,2.0,6.7
1978,12,10,1.0,7.1
1996,5,10,1.0,4.3
1957,7,10,1.0,6.7
2008,2,10,1.0,3.4
2016,10,10,1.0,6.5
1994,9,10,1.0,2.0
1956,2,10,1.0,7.2
1988,9,10,1.0,6.6
2009,9,10,2.0,6.9
2015,1,10,1.0,5.5
1924,2,10,1.0,5.8
1931,12,10,1.0,5.0
1999,11,10,2.0,6.7
2020,11,10,1.0,6.7
1986,2,10,1.0,5.7
1957,6,10,1.0,4.9
1949,12,10,1.0,6.6
1963,3,10,1.0,5.9
1934,12,10,1.0,5.8
1947,7,10,1.0,6.5
1997,6,10,1.0,7.1
1938,1,10,1.0,6.6
1966,1,10,1.0,5.9
2004,3,10,1.0,7.3
2003,6,10,1.0,6.8
2010,11,10,1.0,7.0
2004,9,10,1.0,7.4
2001,1,7,1.0,7.9
1980,2,10,1.0,2.3
2020,2,10,1.0,5.8
1973,1,8,1.0,6.9
2003,5,10,1.0,5.7
2001,3,10,2.0,7.0
1938,1,10,1.0,5.4
2001,7,8,1.0,3.2
1947,2,10,1.0,6.6
1983,9,6,1.0,4.7
1982,11,10,1.0,6.2
2007,10,10,1.0,6.6
2015,9,10,1.0,6.4
2024,10,7,1.0,7.4
1962,10,10,1.0,4.9
1980,10,10,1.0,7.3
2006,5,10,1.0,6.4
1968,7,10,1.0,6.2
1978,1,4,1.0,4.1
2021,6,10,1.0,7.6
1989,12,10,1.0,6.1
2025,2,8,1.0,8.4
1987,7,10,1.0,3.8
2023,3,10,1.0,5.4
2008,10,10,1.0,6.9
1972,5,10,1.0,4.5
1998,9,10,1.0,7.1
2019,2,10,1.0,5.4
1933,4,10,1.0,7.0
1955,12,10,1.0,6.2
2006,10,10,1.0,6.2
2011,4,10,1.0,4.1
1981,1,10,1.0,2.7
1943,2,10,55.0,6.3
1995,9,10,1.0,6.8
1965,10,10,1.0,5.6
1956,2,10,1.0,6.0
1929,3,4,1.0,6.7
1959,2,10,1.0,7.4
1948,9,7,1.0,6.5
1947,9,10,1.0,7.1
1966,5,10,2.0,6.3
1999,10,10,1.0,6.3
2018,9,10,1.0,6.6
1942,3,10,1.0,6.1
1978,9,10,1.0,6.9
2011,9,10,1.0,6.8
1958,9,10,2.0,6.7
1949,3,10,1.0,7.1
2000,10,10,1.0,4.0
1979,12,10,1.0,6.2
1978,2,10,1.0,6.0
1972,9,10,1.0,3.9
2021,9,10,1.0,5.7
1935,6,10,1.0,6.0
2023,1,10,1.0,6.7
1974,8,10,1.0,7.1
1927,10,10,1.0,6.6
1993,5,10,1.0,5.3
1932,11,10,1.0,6.4
1955,5,10,1.0,6.2
1952,1,10,1.0,6.8
1986,4,10,1.0,7.2
2019,12,10,1.0,6.5
1966,8,10,1.0,6.1
1972,8,10,1.0,5.2
2023,6,10,1.0,5.9
1969,1,10,1.0,6.7
2012,6,10,1.0,7.0
1923,9,10,1.0,7.1
1968,6,10,1.0,6.1
1976,4,10,1.0,6.7
2010,10,9,1.0,6.4
1980,3,10,2.0,6.6
1996,10,10,1.0,7.6
2002,8,10,1.0,6.8
1971,11,10,1.0,4.3
2014,5,10,1.0,7.8
1930,11,10,2.0,7.2
1957,12,10,1.0,5.7
1923,7,8,1.0,3.8
1936,2,10,1.0,6.2
1923,2,10,1.0,6.5
1975,10,10,1.0,3.8
1987,7,10,1.0,4.9
2024,6,10,1.0,4.6
1985,10,10,2.0,5.5
1957,4,10,1.0,6.2
2016,6,10,2.0,7.3
1978,7,10,1.0,4.0
2013,5,10,1.0,7.0
2009,11,10,1.0,7.3
2007,7,10,1.0,3.2
1993,1,10,1.0,4.6
2001,1,10,1.0,6.7
2003,9,10,1.0,7.7
1999,12,10,1.0,6.7
1998,11,5,1.0,4.1
1949,7,10,1.0,7.4
1995,8,10,1.0,5.7
1975,10,10,1.0,5.3
1986,2,10,2.0,7.1
2015,12,10,2.0,6.9
1926,11,10,1.0,3.1
1971,12,10,1.0,5.6
1995,6,10,2.0,5.4
2012,9,10,2.0,7.9
2006,9,7,1.0,5.6
1980,12,10,1.0,4.9
1980,9,1,58.0,8.2
2005,12,10,1.0,5.5
1955,11,10,1.0,6.4
1963,12,10,1.0,5.6
2024,5,10,3.0,7.7
2024,3,10,1.0,5.8
1992,10,10,1.0,5.5
2000,12,10,1.0,7.1
2009,1,10,1.0,4.9
1993,3,10,1.0,5.0
1934,12,10,1.0,5.2
1965,10,10,1.0,3.7
2018,8,10,1.0,7.6
2014,4,10,1.0,6.3
2015,7,10,2.0,8.1
1969,7,10,1.0,5.4
1981,8,10,1.0,4.6
1977,1,6,1.0,7.5
1948,1,10,2.0,6.8
2000,5,10,2.0,6.9
2004,8,10,1.0,5.1
1959,1,10,1.0,6.2
1948,7,10,1.0,6.6
1954,10,10,1.0,6.4
1982,3,3,1.0,4.0
1987,3,10,1.0,6.0
2011,11,10,1.0,6.3
2009,1,4,1.0,7.8
1951,4,10,1.0,6.5
1949,12,10,1.0,6.6
1940,1,10,1.0,6.2
2016,4,10,2.0,7.1
1923,1,10,1.0,6.9
2019,2,10,1.0,6.2
1979,6,10,1.0,8.5
1929,6,6,1.0,5.3
1984,8,10,1.0,6.3
2024,9,10,1.0,4.6
1947,12,10,1.0,5.6
1976,12,10,1.0,4.8
2023,10,10,2.0,8.8
1959,11,10,1.0,6.0
1927,10,8,1.0,6.9
1965,8,10,1.0,7.3
1999,3,10,1.0,6.5
1984,1,10,1.0,5.7
1935,6,10,1.0,6.1
1972,9,10,1.0,6.2
2008,2,10,1.0,7.2
1950,1,10,1.0,7.7
2018,6,2,1.0,7.0
1988,12,10,1.0,4.1
1981,9,10,1.0,4.9
1985,1,10,1.0,7.7
1942,10,10,1.0,6.3
1998,3,10,1.0,4.3
1936,6,10,58.0,5.9
1948,9,10,1.0,7.2
2013,9,10,1.0,4.7
1978,10,10,2.0,8.0
1939,8,10,1.0,6.5
1989,3,10,1.0,5.1
1961,2,10,1.0,7.3
1988,12,10,1.0,6.5
1968,10,10,1.0,3.7
1971,5,7,1.0,7.3
1955,12,10,1.0,6.1
1988,11,10,1.0,3.4
1925,2,10,1.0,5.9
1946,12,10,1.0,5.9
1984,2,6,55.0,5.4
1970,9,10,2.0,6.8
2017,10,10,1.0,7.1
1932,10,10,57.0,6.1
2004,3,10,1.0,5.7
2003,4,10,1.0,7.0
2004,10,1,1.0,7.1
1933,11,10,1.0,6.1
1964,8,10,1.0,6.2
1988,3,10,2.0,7.2
1930,4,10,2.0,6.9
1936,12,10,1.0,5.8
1981,12,10,1.0,7.1
2016,12,10,2.0,7.8
2008,2,10,1.0,6.0
2009,11,10,1.0,6.7
2023,12,10,1.0,6.3
2019,10,10,2.0,6.3
1982,4,10,2.0,8.2
2015,4,10,1.0,8.1
1977,10,10,1.0,3.6
1999,4,6,1.0,5.2
1983,10,10,1.0,4.3
1955,5,10,1.0,7.4
2015,1,10,2.0,7.5
2024,8,10,1.0,7.3
1973,11,10,1.0,5.1
1938,2,10,1.0,7.1
2006,6,10,1.0,5.2
2006,4,10,1.0,7.1
1995,3,10,1.0,4.3
1949,1,6,1.0,7.4
2021,11,10,1.0,6.5
1979,7,10,2.0,7.3
1971,11,10,1.0,7.0
1996,1,10,1.0,4.8
1985,6,10,2.0,8.2
2009,6,10,1.0,6.5
1975,6,10,1.0,6.8
1932,1,10,58.0,5.8
1977,9,10,1.0,4.6
1957,10,10,1.0,5.4
1931,3,10,1.0,5.2
1947,3,10,49.0,3.8
1930,1,9,1.0,5.4
1927,10,10,1.0,7.5
1950,7,10,1.0,6.4
1972,7,10,1.0,5.3
2020,5,10,1.0,5.0
2017,4,10,1.0,5.4
1961,10,10,1.0,4.7
1981,5,10,2.0,8.5
1940,11,10,1.0,6.9
2001,12,10,1.0,4.6
1923,12,10,1.0,6.5
2010,10,10,1.0,5.3
1964,9,10,1.0,7.1
1946,11,10,1.0,6.2
2008,7,1,1.0,6.6
1934,3,10,1.0,6.2
1960,7,10,1.0,6.5
1967,1,10,1.0,6.6
1936,12,10,1.0,6.6
2017,5,10,1.0,5.8
1991,6,10,1.0,5.6
1954,6,10,1.0,6.8
1939,4,10,1.0,6.8
1971,8,10,1.0,6.2
1987,1,10,1.0,3.8
1941,12,10,1.0,5.3
1969,4,10,1.0,5.9
1965,6,10,1.0,5.9
1962,9,5,45.0,7.2
1923,12,9,57.0,4.5
2002,9,10,1.0,7.8
1974,5,10,1.0,3.9
1964,11,10,1.0,5.7
2025,2,10,1.0,5.9
2024,11,10,1.0,7.1
1987,9,5,1.0,5.6
2018,6,10,1.0,7.5
1955,4,10,1.0,4.4
2021,2,10,1.0,6.4
1994,8,10,1.0,6.4
2023,5,10,1.0,6.3
1996,12,10,1.0,6.8
1940,9,10,1.0,5.8
1970,8,10,1.0,6.1
1945,6,10,1.0,7.3
1977,8,10,1.0,6.5
1990,3,10,1.0,6.2
2018,4,10,1.0,5.1
1972,1,10,1.0,6.9
2020,10,10,1.0,6.5
1956,10,10,1.0,6.2
2002,3,10,1.0,5.8
1942,11,10,55.0,5.2
1999,9,10,2.0,6.5
1922,5,6,1.0,6.5
1956,4,10,1.0,6.3
1923,4,9,1.0,6.0
1939,1,10,58.0,4.9
1922,3,6,50.0,6.4
1980,3,10,1.0,7.3
1948,7,6,50.0,7.2
1945,8,10,1.0,6.1
1969,10,10,2.0,6.6
1923,2,10,1.0,7.0
1952,7,10,1.0,6.7
2019,9,10,1.0,6.3
1972,6,10,1.0,5.9
2020,1,10,1.0,4.4
1997,5,10,1.0,5.8
2024,6,10,1.0,6.3
2019,3,10,1.0,5.6
1982,11,10,1.0,6.2
2000,8,10,1.0,5.7
1948,2,10,1.0,6.5
2013,9,10,1.0,4.4
1935,8,10,1.0,5.7
2009,8,10,1.0,6.0
1962,11,10,1.0,5.5
1963,3,10,1.0,7.0
1947,5,10,1.0,6.1
1945,3,10,1.0,5.8
1949,12,10,1.0,7.6
1975,9,1,1.0,7.3
1965,1,10,1.0,5.4
2001,2,10,1.0,5.4
1952,6,10,1.0,6.6
1969,3,10,1.0,3.7
1931,9,10,1.0,7.9
1984,9,10,1.0,5.6
1983,12,10,1.0,5.2
1929,12,9,1.0,6.2
2001,8,10,1.0,5.5
1934,5,10,1.0,7.2
1940,1,10,1.0,7.8
1972,1,10,1.0,7.6
2000,1,10,1.0,7.2
1957,9,10,1.0,6.5
2006,12,10,1.0,7.5
2019,10,10,1.0,6.5
1979,12,10,1.0,4.2
2013,4,10,1.0,3.6
2014,10,10,1.0,6.2
1955,11,10,1.0,7.0
1959,5,10,1.0,6.2
1969,1,10,1.0,5.9
1930,7,10,1.0,6.7
1922,11,10,1.0,5.0
2016,4,10,1.0,6.6
2016,9,10,2.0,5.9
1933,10,10,1.0,6.8
1965,12,8,1.0,6.7
1955,6,10,1.0,6.6
1970,8,9,1.0,5.1
2019,5,10,1.0,4.8
1992,5,10,3.0,6.6
1936,2,10,2.0,6.0
1963,11,10,2.0,6.3
2006,10,10,2.0,8.5
1924,2,10,1.0,5.9
1990,1,10,2.0,4.8
1933,7,10,1.0,5.9
1970,4,4,1.0,4.6
2024,1,10,1.0,5.2
1991,9,10,1.0,6.9
1970,2,10,1.0,4.8
1978,11,8,1.0,4.2
1975,2,10,1.0,4.5
1996,1,10,1.0,1.3
1955,9,10,1.0,7.0
1976,10,10,1.0,8.1
1982,3,10,1.0,6.0
1986,6,10,2.0,6.2
1929,11,10,1.0,7.2
2022,6,10,1.0,5.5
1978,9,10,1.0,6.1
2009,1,10,1.0,6.3
1962,12,10,1.0,6.1
1939,6,10,1.0,7.3
1996,4,10,1.0,4.6
1922,4,6,1.0,6.7
1964,4,6,1.0,6.4
1931,11,10,1.0,5.1
1983,3,10,1.0,6.3
2022,7,10,2.0,7.6
1999,3,10,1.0,6.1
2010,11,10,1.0,7.7
1987,10,10,1.0,4.1
1979,5,1,1.0,6.1
1969,6,10,2.0,7.4
1983,6,10,1.0,4.6
1968,10,1,1.0,7.6
1964,7,10,2.0,7.2
1988,3,10,1.0,7.5
1945,1,10,1.0,6.2
1939,10,10,1.0,7.4
2009,1,10,1.0,6.2
1999,5,10,1.0,4.8
1947,6,10,1.0,6.1
2004,6,10,1.0,7.1
1985,3,10,2.0,6.2
1936,1,8,1.0,6.8
1984,3,10,1.0,5.2
1987,7,10,1.0,4.5
2022,1,10,1.0,7.5
1970,6,10,1.0,6.8
2004,4,10,1.0,5.5
1984,1,10,1.0,4.6
1933,10,10,1.0,7.5
2015,10,10,1.0,7.2
1979,6,10,2.0,5.7
1975,9,10,1.0,5.7
1985,4,10,2.0,7.2
1948,4,10,57.0,6.2
1958,2,10,1.0,7.1
2011,1,10,1.0,5.4
1984,10,10,1.0,3.7
1966,11,10,1.0,5.9
1972,5,10,1.0,5.8
1945,5,10,1.0,5.8
2008,2,10,1.0,6.9
1951,1,10,1.0,3.1
1959,12,10,1.0,6.9
1977,10,10,1.0,4.2
2019,11,10,1.0,7.2
1993,8,10,1.0,5.5
1952,1,10,1.0,6.6
1997,10,9,1.0,5.9
2003,7,10,2.0,5.7
1942,6,10,1.0,5.4
1984,1,10,1.0,6.3
2019,7,10,1.0,6.8
1952,12,10,1.0,3.7
1956,4,10,1.0,5.5
1979,10,10,1.0,5.8
1945,12,10,1.0,5.6
1938,12,10,1.0,6.3
1953,6,10,1.0,6.0
1990,3,10,1.0,4.1
1990,12,10,1.0,5.9
1993,10,10,1.0,6.7
1938,10,10,1.0,6.5
1967,11,10,1.0,7.5
1930,1,10,1.0,5.3
2012,12,10,1.0,7.2
2019,8,10,1.0,5.6
2024,3,10,2.0,6.2
1941,2,10,1.0,4.3
2005,4,1,1.0,7.5
1969,11,10,2.0,6.8
1926,10,10,1.0,6.2
1923,8,10,1.0,6.5
1960,6,10,1.0,4.5
1952,3,10,1.0,6.3
1937,1,10,1.0,5.9
1995,8,10,1.0,5.3
2012,4,6,1.0,7.9
2000,11,10,2.0,6.7
1926,9,10,55.0,5.2
1924,4,10,1.0,7.0
1960,6,10,1.0,5.5
2004,9,10,1.0,6.1
1932,9,10,1.0,5.7
2004,6,10,2.0,6.0
1939,5,10,58.0,5.2
1932,9,10,1.0,6.0
2008,6,10,1.0,3.3
2015,7,10,1.0,6.9
1953,1,10,1.0,6.2
1988,9,10,1.0,5.4
1939,9,10,1.0,6.9
2017,8,10,2.0,7.1
2014,3,10,1.0,4.9
2020,7,10,57.0,6.5
1971,6,10,1.0,6.7
1932,2,10,48.0,4.9
1936,12,10,57.0,5.7
1988,10,10,2.0,4.1
1997,11,10,2.0,7.3
2023,5,10,2.0,7.3
1994,2,10,1.0,7.0
1982,7,10,1.0,6.6
1983,6,10,1.0,6.4
2019,12,10,2.0,7.6
2010,10,10,1.0,6.0
1931,9,9,1.0,6.3
1939,8,6,3.0,8.4
1998,11,10,1.0,6.7
1965,1,10,1.0,8.6
2001,7,10,1.0,4.5
1974,4,10,1.0,5.8
1989,9,10,1.0,6.0
2024,12,10,2.0,7.4
1963,12,10,1.0,6.7
1948,2,10,2.0,7.8
1997,10,10,1.0,6.2
1951,4,10,1.0,6.1
1939,10,10,1.0,5.5
1959,6,10,1.0,4.3
1993,3,10,1.0,6.2
1933,9,10,1.0,6.0
1952,10,10,1.0,6.0
1925,2,7,1.0,6.4
1996,3,10,1.0,4.9
2009,1,1,1.0,7.2
1979,6,10,1.0,3.1
2010,11,10,1.0,6.3
2015,4,10,1.0,7.0
1930,4,8,58.0,6.2
2006,12,8,1.0,6.9
1975,4,10,1.0,4.9
1969,6,10,1.0,5.5
1953,10,10,1.0,6.8
1969,5,10,1.0,5.4
2007,7,10,1.0,6.3
1954,11,10,1.0,6.5
2021,8,10,2.0,6.6
1974,4,10,1.0,6.9
1988,6,10,1.0,7.0
2009,5,10,1.0,6.6
2000,10,10,1.0,4.8
1977,11,10,1.0,4.6
1967,6,10,1.0,6.8
1972,2,10,1.0,3.9
1934,4,10,1.0,6.5
2021,12,10,2.0,7.0
1989,6,10,2.0,8.1
1999,6,10,1.0,6.1
1992,10,2,1.0,7.9
1975,11,10,1.0,6.5
1960,6,10,1.0,6.9
1978,2,10,1.0,8.6
2000,6,10,1.0,4.3
2015,10,10,1.0,6.1
1987,2,10,1.0,5.8
1975,9,10,1.0,3.6
2017,3,10,1.0,6.6
1974,9,8,1.0,6.6
1987,10,10,1.0,8.4
2013,6,10,1.0,5.1
1943,4,10,1.0,6.0
1984,10,10,1.0,4.8
1938,11,10,1.0,7.9
1956,4,10,1.0,5.8
2024,11,10,1.0,5.4
1964,8,10,2.0,7.6
1988,12,10,1.0,5.3
2024,1,10,1.0,5.5
2016,4,10,1.0,7.3
2004,9,10,1.0,6.4
1975,1,8,1.0,6.5
1942,9,10,1.0,6.8
1936,1,10,1.0,7.3
2017,10,10,1.0,7.3
2001,10,10,1.0,7.0
1965,3,10,1.0,6.2
1930,4,10,59.0,5.1
1983,5,10,1.0,5.4
2025,1,10,2.0,7.5
1972,2,10,1.0,8.2
2023,12,9,2.0,9.7
1942,9,10,1.0,6.8
1960,5,10,1.0,4.6
2008,10,10,1.0,6.3
1953,8,10,1.0,5.3
2024,1,10,1.0,4.7
2017,9,3,1.0,7.4
1947,5,10,1.0,5.6
1938,1,10,1.0,6.0
1934,10,10,1.0,4.9
1936,10,10,58.0,5.7
1954,11,10,1.0,7.0
1979,10,10,1.0,4.9
1987,11,10,1.0,7.3
1979,2,10,2.0,6.9
1984,12,10,1.0,6.9
1972,9,10,1.0,3.7
1998,12,10,1.0,4.3
1994,3,10,1.0,5.4
1996,2,10,1.0,6.6
1941,8,10,1.0,6.8
1939,11,10,1.0,6.0
1935,10,10,1.0,6.4
2018,3,10,2.0,5.9
1993,2,10,1.0,8.0
2021,1,10,1.0,6.6
1998,3,10,1.0,7.1
1939,5,10,1.0,5.6
1994,8,10,1.0,7.2
1995,4,10,1.0,7.3
1964,11,10,1.0,4.1
1994,4,9,1.0,6.3
1934,11,10,1.0,6.2
1930,6,10,1.0,7.1
1987,10,10,2.0,8.0
1926,12,10,1.0,7.6
1932,4,10,1.0,7.0
1989,11,10,1.0,4.3
1925,12,10,1.0,5.7
2008,5,10,1.0,7.9
1928,9,10,1.0,5.8
2024,3,10,2.0,6.1
1920,7,10,1.0,6.8
1921,4,6,50.0,4.0
1969,12,10,2.0,7.0
1926,10,10,1.0,4.9
1963,2,10,1.0,5.3
1935,6,10,1.0,6.0
1939,4,10,1.0,6.1
2022,12,10,1.0,5.2
1928,5,7,1.0,5.1
1937,1,8,1.0,6.7
1988,8,10,1.0,6.9
1984,9,10,1.0,6.8
1952,5,10,1.0,5.6
1962,10,10,1.0,6.4
1946,2,10,1.0,6.7
2004,9,10,1.0,7.5
1964,9,10,2.0,7.0
1998,5,10,1.0,6.4
1963,1,10,2.0,7.0
2014,10,10,1.0,7.2
2024,11,10,2.0,7.5
1942,12,10,45.0,6.0
1962,1,10,1.0,6.9
1968,10,10,2.0,6.1
1934,6,10,1.0,6.6
1970,7,10,1.0,4.1
1971,8,10,1.0,4.8
1979,2,10,1.0,6.7
1941,3,10,1.0,5.9
1936,8,10,1.0,5.6
1973,9,10,1.0,6.5
1977,6,10,1.0,5.1
1964,8,10,2.0,6.8
1958,10,10,1.0,5.6
1953,9,8,1.0,4.6
1991,1,10,1.0,6.2
1978,1,10,1.0,7.7
1931,12,10,1.0,5.9
2013,3,10,1.0,6.1
1977,4,10,1.0,4.9
2016,8,10,1.0,5.3
1921,7,10,1.0,5.2
1935,6,10,1.0,6.9
1938,9,10,1.0,5.8
1986,12,10,1.0,6.4
1967,6,10,1.0,5.2
1956,9,8,1.0,6.0
1979,1,10,1.0,7.2
1927,2,8,1.0,7.8
2001,11,10,1.0,6.7
1949,10,10,1.0,5.2
2020,9,10,1.0,3.6
2024,9,10,1.0,5.8
1978,9,10,2.0,7.0
2005,2,10,1.0,7.4
1921,10,10,58.0,5.9
1953,10,10,1.0,6.1
2012,3,10,1.0,4.9
1971,6,10,1.0,7.3
1951,9,10,1.0,6.9
1992,4,10,1.0,5.7
2010,9,5,1.0,6.3
1920,9,10,1.0,6.1
1980,4,10,1.0,4.8
2003,6,10,2.0,7.1
1990,9,10,1.0,5.7
1930,1,10,1.0,5.8
1924,10,10,1.0,5.2
1994,12,10,2.0,5.4
1944,9,10,1.0,2.4
1982,9,10,1.0,6.4
2001,9,10,1.0,5.8
2019,4,10,1.0,7.2
1998,1,10,1.0,3.3
1927,3,10,1.0,6.6
1942,3,10,1.0,5.8
1989,8,10,1.0,6.2
2009,1,10,1.0,5.4
1949,5,10,2.0,6.8
1985,6,10,1.0,5.8
1987,11,10,1.0,5.7
2001,11,10,1.0,7.1
1960,2,10,1.0,6.2
1993,2,10,1.0,7.7
2017,6,10,1.0,6.0
1924,10,6,59.0,7.5
1931,7,10,1.0,6.9
1944,9,10,1.0,6.8
2012,10,10,1.0,7.1
1949,4,10,1.0,6.7
1994,12,10,1.0,7.1
1980,2,10,1.0,7.0
1972,8,10,1.0,6.5
1934,2,10,1.0,6.5
1949,6,10,1.0,5.3
1972,12,10,1.0,4.6
2025,8,10,1.0,6.2
2003,5,10,1.0,5.4
1957,9,10,1.0,3.9
2004,1,1,1.0,7.5
2017,8,10,1.0,5.6
1970,2,10,1.0,5.8
1935,4,10,1.0,5.6
2004,4,10,1.0,6.4
1926,1,10,53.0,2.2
1967,6,10,1.0,7.4
1968,11,10,1.0,6.3
1934,4,10,1.0,6.4
1931,5,10,1.0,6.5
1932,4,10,1.0,5.3
1926,9,1,1.0,7.2
2010,8,10,1.0,6.6
1981,1,10,1.0,6.1
1959,6,10,1.0,6.6
1996,3,10,1.0,5.1
1976,7,10,1.0,6.7
1942,8,10,1.0,5.6
1942,9,10,1.0,7.2
2003,10,10,1.0,6.9
2018,9,10,1.0,7.6
2001,6,10,1.0,6.1
1933,4,10,1.0,5.0
2022,9,10,1.0,6.3
1993,11,10,1.0,7.3
1944,8,9,1.0,5.6
1973,4,10,1.0,4.7
2007,9,10,1.0,3.5
2008,2,10,1.0,6.8
1971,4,10,1.0,6.4
1971,12,10,1.0,4.8
2018,11,10,2.0,6.0
2015,12,10,2.0,4.1
1942,10,10,1.0,7.0
1965,11,10,2.0,6.3
1940,2,10,1.0,7.3
1976,6,10,1.0,5.2
2008,2,5,1.0,5.8
2009,2,10,1.0,6.5
1949,4,10,1.0,6.3
2020,9,10,1.0,3.1
1999,4,10,2.0,2.9
2013,12,10,1.0,7.6
1957,6,10,2.0,8.2
1947,12,10,1.0,6.0
1985,2,10,1.0,6.7
1954,12,10,57.0,6.0
1998,7,10,1.0,6.1
1999,6,10,1.0,6.4
1983,1,10,1.0,7.7
2017,1,10,1.0,7.3
1981,12,10,2.0,7.0
1967,6,10,1.0,6.7
1973,9,10,1.0,5.7
2003,6,10,1.0,6.5
2015,3,10,1.0,5.2
1957,10,10,59.0,7.0
2018,10,10,1.0,5.9
2022,12,10,1.0,6.2
1965,12,10,1.0,5.4
1929,3,10,1.0,6.0
1941,3,10,1.0,5.5
1983,8,10,1.0,6.6
1991,3,10,1.0,6.5
1986,8,10,2.0,7.1
1947,3,10,1.0,6.0
1930,1,10,1.0,4.9
1949,8,10,1.0,6.5
2006,9,10,2.0,7.0
1952,5,10,1.0,6.2
1937,2,10,1.0,6.7
2017,3,8,1.0,6.7
2023,3,10,1.0,5.6
1922,12,10,1.0,4.8
1957,2,10,1.0,6.2
1935,3,10,1.0,5.7
1982,11,10,1.0,6.2
1939,7,10,1.0,6.7
2003,5,10,1.0,7.2
1937,12,10,58.0,5.2
2022,1,10,1.0,4.2
1971,9,10,1.0,5.3
1932,6,10,1.0,6.2
1975,9,10,1.0,5.3
1975,3,10,1.0,5.4
2005,10,10,2.0,5.9
1934,1,10,1.0,6.2
1994,4,10,1.0,6.4
1950,5,10,2.0,4.7
1999,9,10,1.0,5.5
2009,2,1,1.0,7.6
2007,5,10,1.0,4.5
1968,5,10,1.0,7.7
1971,10,10,1.0,4.8
2010,3,10,2.0,7.8
1962,9,10,1.0,5.9
2025,2,10,1.0,6.7
1931,1,10,1.0,5.6
1963,9,10,1.0,6.5
2018,10,10,1.0,6.4
1999,5,10,1.0,4.5
1932,11,10,1.0,6.8
1926,6,10,56.0,4.4
1980,8,10,1.0,7.2
2017,5,10,1.0,4.3
2022,6,10,1.0,3.5
1940,4,10,1.0,5.8
1993,4,10,2.0,7.7
1980,9,10,1.0,5.5
2011,11,10,1.0,8.5
1998,1,10,1.0,7.0
1958,6,10,1.0,6.9
1931,6,10,1.0,6.3
1998,8,10,1.0,5.0
1997,8,10,1.0,5.4
1953,9,10,1.0,6.1
1932,4,10,1.0,5.8
2004,9,10,1.0,6.3
1938,4,2,1.0,6.0
2021,8,10,1.0,6.3
1991,7,10,1.0,3.7
1964,5,10,1.0,5.8
2007,11,10,1.0,4.0
1948,1,10,46.0,5.1
1968,8,10,1.0,7.7
2010,10,10,1.0,5.4
1984,10,10,1.0,8.2
1947,1,10,1.0,6.6
1972,2,10,1.0,7.0
1975,8,10,2.0,8.0
2005,10,10,1.0,5.2
1964,2,10,1.0,6.6
2012,3,10,2.0,7.2
2019,11,10,1.0,7.7
1982,7,10,2.0,6.9
1949,10,10,1.0,7.1
1976,6,10,1.0,7.5
1975,3,10,1.0,3.9
1997,3,10,1.0,6.8
1978,11,10,1.0,5.6
1983,8,9,1.0,5.9
2013,9,10,1.0,7.3
1938,6,10,1.0,5.6
1948,5,8,1.0,5.5
1997,12,10,1.0,7.0
2006,10,10,1.0,7.1
2012,6,1,1.0,6.5
2010,1,10,1.0,5.1
1935,12,10,1.0,6.0
2012,3,10,1.0,5.6
1951,3,10,53.0,3.8
1977,3,10,2.0,6.9
1983,9,4,1.0,6.1
1927,3,9,1.0,6.1
1986,12,10,1.0,6.5
1962,5,10,1.0,7.0
1929,9,10,1.0,5.4
1956,10,10,1.0,5.1
2005,11,10,1.0,8.2
2011,1,10,1.0,6.4
1951,12,10,1.0,5.9
1961,2,10,1.0,5.9
1949,3,10,1.0,5.1
1954,8,10,38.0,6.2
1987,9,10,1.0,5.7
1940,12,10,1.0,5.8
1982,9,10,1.0,7.1
2006,8,10,1.0,7.3
2021,7,10,1.0,6.3
1979,5,10,1.0,6.2
2002,6,10,1.0,5.8
2024,4,10,1.0,6.5
1961,4,10,1.0,5.4
1943,9,10,1.0,6.1
1947,3,10,1.0,6.0
1960,5,10,2.0,7.4
2004,1,10,1.0,6.9
1962,10,10,1.0,7.2
2008,3,10,2.0,7.2
2009,2,10,1.0,5.6
1971,12,10,1.0,7.1
1978,9,10,1.0,5.8
1991,3,10,1.0,6.3
1957,3,5,1.0,7.2
1920,3,10,1.0,6.3
1933,10,10,1.0,6.7
1962,10,10,1.0,6.3
1931,3,10,1.0,6.4
1930,10,10,1.0,7.5
2015,12,10,1.0,7.5
1981,1,10,1.0,5.5
1956,4,10,1.0,7.6
1938,2,10,1.0,6.1
1990,12,10,1.0,7.0
1971,2,10,2.0,7.2
1928,3,6,1.0,6.9
1962,9,10,2.0,6.3
1984,11,10,1.0,5.2
1942,8,10,1.0,4.0
2019,3,10,1.0,6.8
2003,4,10,1.0,7.2
1959,4,10,1.0,6.1
1988,8,10,1.0,4.5
1971,1,6,1.0,7.1
1967,6,10,2.0,6.6
1938,3,10,1.0,6.0
1992,11,10,1.0,7.0
2025,2,10,1.0,5.6
2024,11,10,1.0,6.8
1972,12,10,1.0,8.3
1948,2,10,1.0,7.1
1971,9,10,1.0,6.2
1995,5,10,1.0,7.3
1945,11,10,2.0,7.4
2006,2,10,1.0,6.4
1976,8,10,1.0,5.4
2008,10,10,1.0,6.3
1983,10,10,1.0,6.1
2019,4,1,1.0,7.2
2025,1,10,1.0,5.2
2008,10,3,1.0,6.3
1996,9,10,1.0,5.8
1960,11,10,1.0,5.6
1972,6,10,1.0,5.3
1987,5,10,1.0,6.9
2010,7,10,1.0,6.5
1950,12,10,1.0,6.3
1998,9,10,1.0,6.6
1931,3,8,1.0,6.0
2021,3,10,1.0,3.8
1979,9,10,1.0,3.9
1933,11,10,1.0,6.7
1968,3,9,1.0,6.8
1961,5,10,2.0,5.9
1963,1,10,2.0,8.1
1987,5,10,1.0,7.1
1958,7,10,1.0,6.5
2017,5,10,1.0,7.3
1947,1,10,1.0,3.7
1964,9,10,1.0,6.7
1960,5,10,1.0,6.8
1989,3,10,1.0,6.7
2004,11,10,1.0,5.7
1924,12,10,1.0,7.1
1974,10,10,1.0,4.7
1998,5,2,1.0,7.4
1952,4,10,1.0,7.5
1931,11,10,1.0,6.4
1991,10,10,1.0,6.6
2021,4,6,1.0,5.7
1992,1,10,1.0,4.3
1964,12,10,1.0,5.8
1945,12,10,1.0,4.7
1940,12,10,1.0,7.2
2010,7,10,2.0,6.1
2015,7,10,1.0,6.8
1956,3,10,1.0,5.8
1959,9,10,1.0,5.3
1985,11,10,1.0,5.3
1974,9,10,1.0,6.3
1950,10,10,1.0,7.0
1998,5,10,2.0,6.9
1998,4,10,1.0,6.1
2006,8,10,1.0,4.9
1928,6,9,1.0,5.8
1976,8,10,1.0,5.1
1957,1,10,1.0,7.3
2014,4,10,1.0,6.6
2018,3,10,2.0,6.6
1956,8,10,1.0,5.6
1944,1,10,1.0,6.6
1949,9,10,1.0,5.8
1999,12,10,1.0,7.0
1944,9,10,1.0,5.5
1951,10,10,1.0,5.8
1969,12,10,1.0,6.7
2022,12,10,1.0,4.6
2006,7,10,1.0,5.6
1926,3,10,1.0,5.3
1973,11,10,1.0,5.1
1991,1,10,2.0,4.7
1951,12,10,1.0,6.6
1947,1,10,59.0,6.0
1991,3,10,1.0,5.3
1947,12,10,1.0,7.6
1978,9,10,1.0,4.0
1954,7,10,2.0,6.6
1959,6,10,1.0,7.3
1994,6,10,1.0,6.9
1926,5,10,55.0,5.2
1960,2,10,1.0,6.6
1971,9,10,1.0,4.0
1994,2,5,1.0,4.4
1962,7,6,1.0,6.5
1950,3,10,1.0,6.4
2010,9,10,1.0,6.4
2014,3,10,1.0,5.8
1953,12,10,1.0,5.5
1970,9,10,1.0,3.7
1944,4,10,54.0,5.6
1970,5,10,1.0,5.3
1934,2,10,1.0,6.3
1984,4,10,1.0,4.6
1969,12,10,1.0,5.8
1929,4,9,1.0,6.2
1993,9,10,1.0,3.1
1987,4,10,2.0,6.4
1940,4,10,1.0,6.3
1943,8,10,1.0,5.7
2008,1,10,1.0,6.2
1988,10,10,1.0,7.0
1980,10,10,1.0,6.6
2003,6,10,1.0,7.0
1992,12,10,1.0,3.5
2006,1,10,2.0,7.7
1985,12,10,1.0,6.9
2020,1,10,1.0,3.9
1963,5,10,1.0,6.4
2013,8,10,2.0,5.9
1947,9,2,48.0,5.8
1955,2,10,1.0,7.4
1962,1,10,2.0,7.0
1974,5,10,1.0,7.1
2000,3,10,1.0,6.3
2012,8,10,1.0,6.3
1943,10,10,1.0,7.0
1947,5,10,2.0,7.2
1988,12,10,1.0,5.4
1989,8,10,1.0,7.1
1985,3,10,1.0,7.0
1984,12,10,1.0,7.2
2010,11,10,1.0,6.3
1996,1,10,1.0,6.1
1993,1,10,1.0,6.2
1996,10,10,1.0,6.0
2001,9,10,1.0,4.3
1949,5,10,2.0,6.8
1965,8,10,1.0,4.7
1991,2,10,1.0,7.0
2011,6,10,2.0,7.3
1946,11,10,1.0,6.3
2015,2,10,1.0,7.1
1988,1,10,1.0,7.2
1932,12,8,1.0,6.3
2013,4,10,1.0,5.5
1994,9,10,1.0,2.3
1969,12,10,1.0,7.0
2015,12,10,1.0,5.4
1975,8,10,1.0,6.5
1936,7,10,1.0,6.0
1960,3,10,1.0,6.9
1988,5,10,1.0,4.7
2018,3,10,1.0,6.2
2002,5,10,1.0,7.2
1961,5,10,2.0,7.0
1998,9,10,1.0,4.9
1969,6,10,1.0,4.8
1950,4,10,1.0,6.0
1988,10,10,1.0,5.6
1949,8,10,1.0,6.2
1954,5,10,1.0,6.1
1961,5,10,1.0,7.7
2007,5,10,2.0,7.7
1990,5,8,1.0,4.9
1959,3,10,1.0,7.9
1931,10,10,1.0,5.1
1947,12,10,1.0,6.0
1945,9,10,1.0,5.5
1946,6,10,1.0,5.9
1955,9,10,1.0,5.5
1951,10,10,1.0,6.2
2009,10,10,1.0,7.5
1935,2,10,1.0,5.4
1970,4,6,1.0,7.4
1967,12,10,1.0,6.2
1954,11,10,1.0,5.8
2024,2,10,1.0,5.6
1973,5,10,2.0,7.1
1930,5,10,1.0,6.0
1927,3,10,1.0,3.8
1964,12,10,2.0,5.3
1996,5,10,1.0,3.9
1920,1,10,3.0,6.7
1935,9,1,2.0,6.0
1934,8,8,1.0,5.9
1944,3,10,1.0,7.4
1983,3,10,1.0,5.6
1943,6,10,1.0,5.0
2021,11,10,2.0,6.6
1945,12,10,1.0,6.7
1968,6,10,1.0,6.1
1940,1,10,58.0,5.9
2012,8,5,1.0,7.7
1940,12,10,1.0,6.6
1978,10,10,1.0,5.4
2023,2,8,1.0,5.3
1977,10,10,1.0,6.4
1980,8,10,1.0,5.1
2004,8,10,1.0,5.6
2013,5,10,1.0,5.4
1994,8,10,2.0,5.2
1929,3,10,1.0,7.5
2025,3,10,1.0,5.6
1952,6,10,1.0,6.9
1924,7,10,1.0,6.2
1997,10,10,2.0,6.7
1936,9,10,1.0,6.0
1975,5,10,2.0,5.5
1978,5,10,1.0,5.8
1923,8,10,50.0,4.7
2008,1,10,1.0,6.9
1932,1,10,1.0,6.0
1932,5,10,1.0,6.8
2004,12,10,1.0,4.4
1995,4,10,1.0,5.7
2004,7,10,1.0,5.8
2015,3,10,1.0,7.2
2000,7,10,1.0,7.3
1923,6,10,1.0,4.9
2017,9,10,1.0,6.0
2017,10,1,1.0,6.2
1965,2,10,1.0,5.8
1996,2,7,1.0,4.7
1940,9,10,1.0,7.6
1950,1,10,1.0,5.9
2000,5,10,1.0,6.5
1936,11,10,1.0,6.6
2017,9,10,2.0,6.7
2009,3,10,2.0,5.6
1930,5,10,1.0,5.9
1954,1,10,1.0,5.0
2000,9,10,1.0,6.6
2016,4,10,1.0,6.3
1986,9,10,1.0,6.1
2002,1,10,1.0,6.1
1998,8,10,1.0,6.2
1979,7,10,2.0,6.6
2004,5,10,1.0,5.6
1946,2,10,1.0,6.6
1930,1,10,1.0,5.7
2004,12,10,1.0,7.6
2008,11,10,2.0,6.4
2021,11,3,1.0,6.8
1965,8,10,1.0,7.6
1970,12,10,1.0,5.6
1955,2,10,1.0,6.5
1961,12,10,1.0,5.5
1992,2,10,1.0,6.9
1971,2,10,1.0,5.2
1972,8,10,1.0,7.5
2015,5,10,1.0,6.4
1954,10,10,1.0,5.1
1991,5,10,1.0,5.8
2018,4,10,1.0,3.8
1922,5,7,1.0,6.3
1995,9,10,1.0,4.7
2012,3,10,1.0,7.5
1995,5,10,1.0,6.5
2008,10,10,1.0,6.0
2021,2,10,1.0,6.2
1954,4,10,1.0,7.4
1929,10,10,1.0,5.4
2017,2,10,2.0,6.4
1967,9,10,2.0,6.4
1948,10,10,1.0,6.5
1990,5,10,1.0,5.7
1960,3,10,1.0,7.4
1974,5,10,1.0,6.9
1955,9,8,1.0,6.2
1975,10,10,1.0,4.1
1965,6,10,1.0,6.2
2020,1,10,1.0,7.8
1972,2,10,1.0,6.3
1968,6,7,1.0,5.6
1984,4,10,1.0,4.4
1993,12,10,1.0,7.1
1967,6,10,1.0,5.2
2013,4,10,3.0,8.3
1972,5,10,1.0,6.6
1995,3,8,1.0,5.1
2021,6,10,1.0,8.6
2015,9,10,1.0,6.5
1950,12,10,1.0,5.1
1962,9,10,1.0,4.8
1930,5,9,1.0,7.8
1939,10,10,1.0,5.7
1957,5,10,1.0,6.3
2019,10,10,2.0,7.6
2021,2,10,2.0,7.4
1945,5,10,1.0,7.2
2001,12,10,1.0,5.3
1980,11,9,1.0,5.8
1930,4,10,1.0,6.7
1920,9,10,2.0,7.3
1995,2,10,1.0,6.1
1955,7,10,2.0,6.3
1987,10,10,1.0,6.0
2014,5,10,2.0,6.4
2020,10,10,1.0,4.8
2003,10,10,2.0,7.1
1955,7,10,1.0,6.7
1979,9,10,1.0,5.6
2013,6,10,1.0,4.7
2008,1,10,2.0,6.7
1995,3,10,1.0,5.3
1944,4,10,1.0,6.8
2021,11,9,1.0,5.6
1984,3,10,2.0,5.9
1960,8,10,1.0,5.1
1976,6,10,1.0,5.5
2019,8,10,1.0,6.2
1998,6,10,1.0,7.4
1922,1,9,50.0,7.2
2005,5,10,1.0,6.0
2012,4,1,1.0,6.6
2001,11,10,1.0,7.1
2022,9,10,1.0,5.8
2011,4,10,1.0,3.7
2025,3,10,1.0,7.7
1971,3,10,1.0,6.2
1942,10,10,1.0,6.7
1979,6,10,1.0,5.6
1996,4,10,1.0,4.7
1986,5,10,1.0,6.7
2015,11,10,1.0,6.7
1965,8,10,1.0,5.8
1996,9,10,1.0,5.8
1948,11,10,1.0,5.7
1991,9,10,2.0,6.3
1971,5,10,1.0,4.8
2008,4,10,2.0,5.3
2023,7,10,1.0,5.6
1945,9,10,1.0,6.4
2008,11,10,1.0,6.0
1942,2,10,4.0,6.6
2023,12,10,1.0,6.7
1981,4,10,1.0,7.3
1935,9,10,1.0,7.9
1937,3,10,1.0,7.0
1974,10,10,1.0,6.6
2023,9,10,2.0,6.6
1924,1,10,1.0,5.7
1982,7,10,1.0,3.7
1938,4,10,1.0,7.0
1976,1,10,1.0,5.5
1945,9,10,1.0,6.6
2014,4,10,1.0,5.9
1950,5,10,1.0,6.5
1981,1,10,1.0,6.2
1970,9,5,1.0,6.5
1969,2,10,1.0,7.2
2005,8,10,1.0,7.1
2008,8,6,1.0,7.0
1951,8,10,1.0,6.5
2016,4,10,1.0,4.6
2024,10,10,1.0,6.6
1934,3,10,1.0,6.6
1988,9,6,1.0,6.1
1942,2,5,2.0,6.9
1943,1,10,1.0,5.1
2018,8,10,2.0,6.4
1936,8,10,1.0,7.0
1957,10,10,1.0,5.7
2017,3,10,1.0,4.1
2007,3,4,1.0,7.1
1974,11,10,1.0,5.0
1999,11,10,2.0,5.8
1940,8,10,1.0,7.4
2004,8,10,1.0,6.2
1957,8,10,1.0,6.5
1979,1,10,59.0,4.6
2022,9,10,1.0,5.6
2022,9,10,1.0,5.6
1951,11,10,1.0,5.5
2003,4,10,1.0,5.8
2019,5,10,1.0,5.6
2023,6,10,1.0,6.9
1954,9,6,1.0,3.3
1963,9,10,1.0,6.2
1929,2,9,1.0,4.2
2019,8,10,1.0,6.8
1961,12,10,1.0,6.6
2001,7,10,1.0,6.4
1993,2,10,1.0,6.7
2018,11,10,1.0,7.3
1979,3,10,1.0,6.6
1997,4,10,1.0,6.7
1955,1,10,3.0,7.7
1983,2,10,2.0,6.9
1993,3,10,1.0,4.9
1985,6,10,1.0,4.7
1930,10,10,1.0,5.2
2022,9,10,1.0,6.3
2002,1,10,2.0,6.4
1992,5,10,1.0,4.7
1978,4,10,1.0,7.5
2019,8,10,1.0,6.6
1928,10,10,1.0,5.8
1987,1,10,1.0,5.3
1977,12,10,1.0,6.9
1940,4,9,1.0,6.4
1994,2,10,1.0,4.7
1946,9,10,1.0,7.5
2022,2,10,1.0,4.8
2000,12,10,2.0,8.1
2002,10,10,1.0,5.8
2003,7,10,1.0,6.9
2019,12,10,1.0,5.2
2024,11,10,1.0,5.2
1977,10,10,1.0,6.3
2025,3,10,1.0,4.6
1977,7,10,2.0,7.5
1934,7,10,1.0,6.3
1960,11,10,1.0,6.0
1929,11,10,1.0,5.4
1978,11,10,1.0,5.8
2018,9,10,2.0,6.5
1973,10,10,1.0,3.4
1993,3,10,1.0,5.7
2020,2,10,1.0,7.1
1959,11,10,1.0,6.7
1984,10,10,2.0,6.3
1988,11,10,1.0,6.0
2005,5,10,1.0,7.2
1975,1,10,1.0,4.7
1959,7,10,1.0,6.3
2011,4,2,1.0,7.5
1939,9,10,1.0,7.4
1948,1,10,1.0,6.2
1949,3,10,1.0,6.8
1990,3,10,1.0,3.7
1946,10,10,1.0,6.6
2016,4,10,1.0,6.1
1978,8,10,1.0,6.7
1957,12,10,1.0,4.4
1940,1,10,1.0,5.3
1950,7,10,1.0,6.8
1996,1,10,1.0,6.0
1986,6,10,1.0,8.0
1994,12,10,1.0,6.1
1994,10,10,2.0,6.4
2006,12,10,1.0,5.4
1987,9,10,2.0,6.3
1976,6,10,1.0,7.1
1941,9,10,1.0,5.0
1947,4,10,1.0,7.6
1942,1,10,1.0,6.6
1922,10,10,2.0,4.2
2024,10,10,1.0,5.7
2025,3,10,1.0,8.0
1958,1,10,1.0,6.3
1961,12,10,1.0,4.9
1962,3,10,1.0,7.5
2001,3,10,1.0,6.5
1928,11,10,1.0,6.6
1941,12,10,1.0,7.0
2020,2,9,1.0,7.2
1991,1,10,2.0,7.7
2011,3,10,1.0,7.5
1935,10,10,1.0,5.3
1943,8,10,1.0,6.1
1984,11,10,1.0,5.1
2014,11,10,2.0,7.1
1959,5,10,1.0,5.7
1929,2,7,1.0,5.1
1952,6,10,1.0,7.0
1977,7,10,1.0,6.7
1994,3,10,1.0,6.2
1979,5,10,2.0,6.4
1968,1,10,1.0,7.6
1959,4,10,1.0,5.7
2009,4,10,1.0,6.3
1974,4,10,1.0,4.4
1941,11,10,1.0,6.3
2023,3,10,1.0,7.2
1998,11,10,1.0,4.3
1984,9,10,1.0,6.1
1969,9,10,1.0,4.5
2020,11,10,1.0,6.5
2019,12,10,1.0,7.0
1978,12,10,1.0,7.5
1926,1,10,2.0,7.2
2014,3,8,1.0,6.0
1982,4,10,1.0,7.2
1979,10,10,1.0,6.7
1985,3,6,1.0,7.3
1925,11,10,1.0,6.3
1973,2,10,1.0,4.7
2012,12,10,1.0,7.7
2006,3,10,1.0,5.7
1984,9,10,1.0,5.6
2008,11,10,1.0,7.4
1948,2,10,1.0,6.4
2009,4,4,1.0,2.3
1960,2,10,1.0,7.2
1943,2,10,1.0,6.4
2008,8,10,2.0,7.2
1961,7,10,1.0,7.2
1976,1,10,1.0,6.3
2002,4,10,1.0,6.4
1942,1,10,1.0,7.5
2014,4,10,1.0,6.2
1998,11,10,1.0,5.7
2022,7,10,1.0,6.5
2000,10,10,1.0,5.1
1985,10,10,1.0,3.7
1983,2,10,1.0,4.6
2017,8,10,2.0,5.8
1937,3,10,1.0,5.9
1938,1,10,1.0,5.6
1991,5,10,1.0,5.9
2018,3,10,1.0,5.8
1957,4,10,1.0,6.2
2015,9,10,1.0,5.4
2016,10,10,2.0,6.7
1923,6,6,1.0,2.5
2016,6,10,1.0,5.9
2017,6,10,1.0,6.8
1928,1,10,1.0,6.2
1938,2,10,1.0,6.0
1950,9,10,1.0,5.7
1997,4,10,1.0,7.3
1991,11,10,1.0,6.9
2016,7,10,1.0,6.5
2015,8,10,1.0,6.3
1969,9,10,1.0,4.6
1967,2,10,1.0,5.3
1960,3,10,1.0,6.2
1997,10,10,1.0,4.7
2017,7,10,2.0,7.4
1930,1,8,1.0,6.2
2005,2,10,1.0,6.1
2019,2,10,1.0,5.1
1963,2,10,1.0,4.4
1934,12,10,1.0,6.5
2012,11,10,1.0,6.5
2017,11,10,1.0,7.0
1930,11,10,1.0,6.3
1957,9,10,1.0,5.5
2001,9,10,1.0,6.5
1992,11,10,1.0,4.8
1967,10,10,2.0,6.3
1988,1,10,2.0,6.0
2001,4,10,1.0,6.7
1946,7,10,1.0,5.8
1990,8,10,2.0,7.5
1920,12,9,1.0,5.8
1940,12,10,1.0,6.4
1958,6,10,1.0,5.2
1978,8,10,1.0,5.4
1959,1,10,1.0,6.9
1969,9,10,1.0,4.7
1990,2,10,1.0,5.2
2016,10,10,1.0,8.0
1974,1,10,1.0,5.7
1994,12,10,1.0,6.0
1958,3,10,1.0,7.4
1975,8,10,1.0,7.1
1960,12,10,1.0,7.8
1956,5,10,2.0,7.7
1972,2,10,1.0,7.3
1942,9,10,1.0,6.9
1976,9,10,1.0,4.6
2017,8,10,1.0,4.8
1959,9,10,1.0,5.8
2006,4,10,1.0,5.0
2013,11,10,2.0,7.5
1945,12,10,1.0,7.7
2002,11,10,1.0,6.9
1949,12,10,1.0,6.4
1930,6,9,53.0,7.5
2015,11,6,1.0,7.1
2012,1,10,2.0,6.9
1979,11,10,1.0,5.8
1994,5,10,2.0,7.0
1981,3,10,1.0,6.5
2000,5,10,1.0,5.0
1996,2,10,1.0,5.7
1965,5,10,1.0,5.9
1981,2,10,1.0,6.6
1921,5,9,1.0,6.0
2002,9,6,1.0,7.4
1995,5,10,2.0,8.3
2005,1,10,1.0,6.3
2020,11,10,1.0,6.7
1975,4,10,1.0,4.9
1929,8,10,2.0,6.6
1924,8,9,1.0,6.4
1940,8,10,1.0,6.2
2001,12,10,1.0,5.8
1976,4,10,1.0,4.5
2002,5,10,2.0,7.4
2001,4,10,1.0,4.7
1956,3,10,1.0,6.5
1998,1,10,1.0,7.2
2012,5,10,1.0,6.8
1933,9,10,1.0,6.6
2020,12,10,1.0,5.1
2004,6,6,1.0,5.2
2017,12,10,2.0,5.8
2003,5,10,1.0,6.4
1993,6,10,2.0,6.1
1962,6,10,1.0,6.5
1963,6,10,1.0,6.0
2025,3,10,1.0,3.6
1948,1,10,1.0,6.6
1971,6,10,1.0,6.3
1935,11,10,1.0,6.2
1984,10,10,2.0,6.1
2011,5,10,1.0,7.6
1947,11,10,1.0,5.8
1961,9,10,1.0,3.6
1943,5,10,1.0,6.5
1999,3,10,3.0,3.3
1977,4,10,1.0,5.9
1976,9,10,1.0,4.8
1982,4,10,1.0,2.7
2023,7,8,1.0,3.5
2016,4,10,1.0,6.2
2005,6,6,1.0,6.7
2012,12,10,1.0,5.8
1995,10,10,1.0,6.3
1928,3,10,57.0,6.3
1998,12,10,1.0,6.0
1922,9,10,1.0,7.0
1939,11,10,1.0,6.5
1989,9,10,1.0,5.0
1996,5,10,1.0,6.4
1990,12,10,1.0,6.6
1948,10,10,1.0,7.0
1959,9,10,1.0,7.0
1967,1,10,1.0,6.7
1979,4,10,1.0,3.9
1957,1,10,2.0,6.9
1969,6,10,1.0,5.9
1927,6,4,56.0,5.9
1943,3,10,1.0,6.2
1983,11,10,1.0,5.8
1992,1,10,1.0,4.5
1993,6,10,1.0,5.6
1942,10,10,1.0,5.3
1927,9,7,1.0,6.1
1936,2,10,58.0,5.0
2019,7,10,2.0,7.6
1930,5,10,1.0,5.6
1959,3,10,2.0,7.2
2010,9,10,1.0,5.8
1974,10,10,1.0,7.6
2011,3,10,1.0,5.6
1987,4,10,1.0,5.2
1953,9,10,1.0,6.9
1964,8,10,1.0,7.5
1960,5,10,2.0,7.3
1999,11,10,2.0,7.3
2017,1,10,2.0,6.6
2010,9,10,1.0,6.8
1986,5,10,1.0,4.8
1999,10,10,2.0,8.0
1949,2,10,1.0,6.9
2004,4,10,1.0,6.8
2018,6,10,2.0,1.9
1945,10,10,1.0,7.1
2017,10,10,1.0,5.2
1977,11,10,2.0,7.5
1967,11,10,1.0,5.2
1988,6,10,1.0,6.0
1951,10,10,2.0,6.9
2018,5,10,1.0,6.7
1975,2,10,1.0,5.9
2008,4,10,1.0,5.4
1988,4,10,1.0,6.6
1992,4,10,1.0,6.9
1967,10,10,2.0,7.2
1940,6,10,1.0,6.1
2017,10,10,1.0,7.0
1960,8,10,1.0,5.0
2012,3,1,1.0,6.1
1961,8,10,1.0,4.8
2003,5,10,2.0,7.5
1966,11,10,1.0,7.2
1984,4,10,1.0,6.5
1933,4,10,1.0,5.9
1958,4,10,1.0,4.6
1957,1,6,1.0,7.7
1962,6,10,1.0,6.6
1986,8,10,1.0,5.4
1984,11,10,1.0,6.3
1991,7,10,1.0,4.9
1999,8,10,1.0,6.2
2014,7,10,1.0,4.9
2025,2,10,1.0,4.0
1931,8,10,1.0,7.3
1978,9,10,1.0,8.2
2006,3,10,2.0,6.4
1956,9,10,1.0,7.3
1976,1,10,1.0,5.2
1969,10,10,1.0,6.4
1996,9,10,1.0,6.3
1998,10,10,1.0,4.2
1922,5,10,1.0,5.1
2005,11,10,1.0,6.3
1978,5,10,2.0,7.1
1990,9,10,1.0,4.8
2010,9,10,1.0,5.0
1950,8,10,1.0,6.6
1978,9,10,1.0,5.1
1956,1,8,1.0,6.8
1932,6,10,1.0,7.1
1979,12,10,1.0,7.0
2014,2,10,1.0,7.1
1946,2,10,1.0,6.5
2004,9,10,1.0,6.7
1970,9,10,1.0,6.1
1976,8,9,1.0,4.4
1929,4,10,1.0,5.9
1975,5,10,1.0,5.5
1992,8,10,1.0,4.2
1952,7,10,1.0,5.6
1989,7,10,2.0,8.9
2005,7,10,1.0,3.9
1928,8,7,1.0,5.2
2005,8,1,1.0,6.5
1968,9,10,1.0,6.7
2007,4,10,1.0,6.5
2000,4,10,2.0,6.7
1953,12,10,1.0,5.9
2024,6,6,2.0,8.6
1974,2,10,1.0,5.1
1948,6,10,1.0,7.2
1975,7,10,1.0,6.4
1994,6,10,1.0,5.6
1930,4,10,1.0,6.1
1964,9,10,1.0,7.2
1999,8,10,1.0,6.2
1938,1,9,1.0,8.6
1949,9,10,1.0,7.0
1961,5,10,1.0,7.9
1982,4,10,1.0,6.2
1952,4,10,1.0,5.9
1920,9,10,1.0,5.8
2007,3,10,1.0,6.0
1946,6,10,56.0,5.0
1970,11,10,1.0,5.5
1953,1,10,1.0,6.1
2020,12,10,2.0,6.5
1975,10,10,1.0,5.7
2007,7,10,1.0,6.7
2018,4,10,1.0,6.7
1989,3,10,1.0,6.2
1945,12,10,1.0,7.0
1983,3,8,1.0,7.4
2002,10,10,1.0,6.3
1938,8,10,1.0,6.8
2017,3,10,1.0,6.4
1950,8,10,1.0,7.1
2021,8,10,1.0,6.1
2003,11,10,1.0,5.8
1984,7,10,1.0,6.5
1955,1,10,1.0,6.4
1972,10,10,1.0,6.2
1982,12,10,1.0,6.3
2022,10,10,1.0,6.3
2001,9,10,1.0,4.6
1988,5,10,1.0,3.2
1992,9,8,1.0,5.9
1991,1,10,1.0,6.9
1955,2,10,2.0,8.1
1971,11,10,52.0,4.2
1966,1,10,2.0,7.5
1945,1,10,1.0,7.0
1938,11,10,1.0,5.6
1970,3,10,1.0,6.8
1980,4,10,2.0,6.9
2022,9,10,2.0,6.3
1944,9,10,1.0,6.8
1930,6,10,1.0,6.3
1943,6,10,1.0,7.7
2014,4,10,1.0,6.3
2003,10,10,1.0,6.6
2015,8,10,1.0,5.8
2022,1,10,1.0,5.8
2017,2,10,1.0,6.4
2016,10,10,1.0,5.1
2010,11,10,1.0,6.1
1933,7,10,1.0,5.8
1984,3,10,1.0,6.8
1978,2,10,1.0,7.9
1997,9,10,2.0,8.1
1987,8,10,1.0,6.7
2007,4,10,1.0,4.7
2012,3,2,1.0,6.2
1951,5,10,1.0,7.1
2015,8,10,1.0,5.7
1987,1,10,1.0,3.2
2004,4,10,1.0,6.1
1949,12,10,1.0,6.7
1941,11,10,1.0,6.3
1934,8,10,1.0,6.4
1936,6,10,1.0,7.2
2017,11,10,2.0,6.0
2018,4,10,2.0,7.4
1983,8,10,1.0,3.5
1941,12,10,1.0,6.3
2023,4,10,2.0,3.7
1956,2,10,1.0,6.1
1997,8,10,1.0,7.1
1999,10,10,1.0,5.7
1969,5,10,1.0,7.8
1977,9,10,1.0,5.7
1963,2,10,3.0,7.5
2004,5,10,1.0,7.1
1931,7,8,1.0,7.0
2007,5,10,1.0,5.8
1935,4,10,54.0,5.2
1956,9,10,1.0,7.3
1925,1,10,1.0,5.4
1943,10,10,1.0,6.3
1922,1,10,1.0,6.8
1986,7,10,1.0,4.4
1964,3,10,1.0,5.5
2000,10,10,1.0,7.0
1984,9,10,3.0,7.4
1935,4,10,1.0,6.0
2014,4,10,1.0,6.8
1960,10,10,1.0,5.8
1921,11,9,50.0,7.1
1988,4,10,1.0,5.5
1962,1,10,1.0,5.0
1997,7,10,1.0,3.9
1994,12,10,1.0,3.7
1984,10,10,1.0,5.2
1990,5,10,1.0,6.4
1930,12,10,1.0,7.6
1961,7,10,1.0,7.4
1926,7,6,1.0,5.9
2022,12,10,2.0,6.7
1967,8,10,1.0,3.0
1964,10,10,1.0,5.0
2005,3,10,1.0,5.6
1981,11,10,1.0,6.1
1944,6,10,1.0,5.5
1965,11,10,2.0,7.6
1974,10,10,2.0,6.8
1934,12,10,1.0,5.4
1994,3,10,2.0,7.1
1978,8,10,1.0,6.6
2024,5,10,1.0,5.8
1933,5,10,1.0,7.0
1937,12,10,1.0,6.6
1955,7,10,1.0,6.9
1931,5,10,1.0,5.6
2003,9,5,1.0,8.2
1980,12,10,3.0,7.3
1943,6,10,1.0,5.8
1952,12,10,1.0,4.0
1937,10,10,1.0,5.9
2013,5,10,1.0,6.9
1957,9,10,2.0,6.4
1988,12,10,1.0,6.4
1935,9,10,1.0,6.5
2024,5,10,1.0,7.5
1998,9,10,1.0,6.4
1926,9,10,1.0,8.2
2005,7,10,1.0,7.5
1991,6,10,1.0,5.6
1986,6,10,1.0,6.1
1931,12,6,1.0,6.8
1932,4,10,1.0,6.7
2014,11,10,1.0,6.4
1990,4,10,1.0,6.4
2017,6,6,1.0,6.7
2014,6,10,1.0,4.8
2016,2,9,1.0,6.7
1951,10,10,1.0,6.1
2019,5,10,1.0,6.7
1995,6,10,1.0,4.5
1965,7,10,1.0,6.6
1986,2,10,1.0,5.9
1957,8,10,1.0,6.4
1938,12,10,1.0,5.7
1957,3,10,1.0,5.2
1960,1,6,1.0,6.6
2024,8,10,1.0,7.7
2005,7,10,1.0,6.8
1927,10,6,54.0,2.4
1969,12,10,2.0,6.9
1927,7,10,2.0,7.1
1940,2,10,1.0,6.3
1937,12,10,59.0,5.5
1974,6,10,1.0,7.5
1943,5,10,1.0,5.5
1957,12,10,1.0,4.7
2022,7,10,1.0,6.8
1997,8,10,1.0,3.0
1955,5,10,1.0,5.5
1942,4,10,56.0,6.9
1993,6,10,1.0,6.7
2021,3,10,1.0,4.1
1929,2,10,1.0,6.8
1991,1,10,1.0,3.6
1971,9,6,1.0,6.8
1969,10,10,1.0,5.5
2005,1,10,1.0,6.5
1997,1,10,1.0,5.8
1992,11,10,1.0,3.8
2020,3,10,1.0,6.7
2008,8,10,1.0,7.0
2019,9,10,1.0,6.3
1939,5,10,1.0,6.3
1983,2,10,1.0,5.3
1930,1,10,1.0,5.3
1999,2,10,1.0,4.5
1991,9,10,1.0,7.3
1985,4,10,2.0,4.7
1991,6,10,2.0,6.8
2000,3,10,1.0,7.8
1928,4,10,1.0,6.1
1928,1,10,2.0,6.1
1981,5,10,1.0,6.4
1948,3,10,1.0,6.1
1984,3,10,1.0,4.9
1995,8,10,1.0,4.8
1938,10,10,4.0,6.8
1931,6,10,1.0,5.7
1949,4,10,1.0,6.1
2006,3,10,1.0,3.5
1958,12,10,1.0,7.0
2003,5,6,1.0,6.6
2017,6,10,2.0,7.6
1930,10,10,1.0,5.3
1976,2,10,2.0,5.2
2012,9,10,1.0,6.8
2012,11,10,1.0,7.7
1985,3,10,1.0,5.5
1943,5,10,1.0,4.5
1994,6,10,1.0,4.7
1973,4,10,1.0,5.7
2001,3,10,1.0,8.1
1935,4,10,1.0,5.8
1928,7,10,1.0,3.7
1927,6,9,50.0,4.4
1997,10,10,1.0,6.9
1981,7,10,1.0,4.7
1936,6,10,1.0,5.2
1937,7,10,1.0,6.6
1936,12,10,1.0,7.2
2021,5,10,1.0,5.1
1986,12,10,1.0,7.7
1962,10,10,1.0,7.4
1978,7,10,1.0,7.1
1997,4,10,2.0,7.6
1969,8,10,1.0,6.8
2024,11,10,1.0,5.1
1931,1,10,1.0,5.8
1939,4,10,1.0,7.3
1991,5,10,1.0,4.6
1946,5,10,1.0,6.6
2008,11,10,1.0,5.9
1996,1,10,1.0,6.2
1993,2,10,1.0,3.7
1979,9,10,1.0,5.4
1974,5,10,1.0,6.2
1932,6,10,1.0,6.9
1986,8,10,2.0,5.6
1977,2,6,1.0,7.7
1951,11,10,1.0,6.1
1940,6,10,55.0,6.0
1990,2,10,1.0,6.3
1940,7,10,1.0,6.1
2006,3,10,1.0,5.6
1976,9,10,1.0,6.3
1951,11,10,1.0,6.4
2025,1,10,2.0,8.3
1967,12,10,1.0,5.9
1995,4,10,1.0,5.3
2015,7,10,1.0,6.5
1986,7,10,1.0,5.9
1969,5,10,1.0,7.4
1969,10,10,1.0,6.4
1930,2,10,1.0,6.8
2009,1,10,1.0,6.3
2015,7,10,1.0,4.6
1944,6,10,1.0,5.2
1941,10,10,1.0,6.2
2001,7,10,1.0,5.2
1974,11,10,1.0,5.2
1992,9,6,1.0,6.7
2019,2,10,2.0,7.5
1966,10,10,1.0,4.1
1987,6,10,1.0,6.7
1982,11,10,1.0,7.2
1945,9,10,1.0,6.1
1933,3,10,1.0,6.1
1994,7,10,1.0,7.3
2006,7,10,2.0,8.0
1929,10,9,1.0,5.6
1976,11,10,1.0,6.6
1955,2,10,2.0,6.8
1928,5,10,1.0,6.7
1965,6,10,2.0,5.5
1958,8,10,1.0,5.7
1973,10,10,1.0,7.5
2024,3,10,1.0,8.0
1988,6,10,1.0,6.4
1961,9,10,1.0,7.0
2007,9,10,2.0,7.6
1949,11,10,1.0,7.4
1991,2,10,1.0,5.3
1957,11,10,1.0,5.8
2021,10,1,1.0,8.5
1959,12,10,1.0,7.5
1948,8,10,1.0,6.1
1946,11,10,45.0,6.5
1998,6,10,1.0,6.5
2006,11,10,2.0,6.5
2021,12,10,1.0,6.5
2022,11,10,1.0,7.4
1984,1,6,2.0,6.5
1979,7,10,1.0,7.3
2022,9,10,1.0,7.8
2005,5,10,2.0,7.6
2023,9,10,1.0,6.6
2020,7,10,1.0,5.6
1985,7,8,1.0,4.7
1954,1,10,1.0,6.4
1970,8,10,1.0,6.2
1951,8,10,1.0,6.1
1962,10,10,1.0,6.0
1930,5,10,1.0,6.9
1989,7,10,1.0,4.7
1959,11,10,1.0,6.6
2015,5,10,1.0,5.5
1974,6,10,1.0,5.9
1991,4,10,1.0,5.5
1923,10,9,1.0,5.3
1947,7,10,1.0,6.0
2024,6,10,1.0,6.1
1964,11,10,1.0,6.4
1990,11,10,1.0,7.2
1957,11,10,1.0,6.9
1932,12,10,1.0,7.0
2023,7,10,2.0,6.6
2003,6,10,2.0,6.0
1989,4,10,1.0,4.5
2003,2,10,1.0,3.3
1986,12,10,1.0,6.2
1986,8,10,1.0,5.4
2017,1,10,2.0,7.8
1940,2,4,1.0,5.5
1998,5,10,1.0,5.0
2001,3,10,1.0,5.5
1932,10,10,1.0,6.7
1974,5,10,1.0,6.1
2004,1,10,1.0,6.9
1933,12,10,1.0,7.5
1984,3,10,1.0,6.2
1984,3,10,1.0,6.9
1953,1,8,2.0,8.0
1997,1,10,1.0,5.6
1953,6,10,1.0,6.6
1929,8,10,1.0,6.8
1995,1,10,1.0,7.7
2005,1,10,1.0,4.4
1949,10,10,1.0,6.2
1944,2,10,1.0,5.9
1972,11,10,1.0,6.3
1973,2,10,1.0,5.7
1943,4,10,1.0,7.0
1982,10,10,1.0,4.3
1972,12,10,1.0,5.4
1985,8,10,1.0,6.3
1989,5,10,1.0,4.8
1950,8,10,1.0,6.4
1926,9,4,45.0,7.1
1973,10,10,1.0,5.2
1977,10,10,2.0,7.4
1960,2,10,1.0,5.9
1988,11,10,1.0,5.7
1997,8,10,1.0,5.2
1978,9,1,1.0,8.2
1942,2,10,1.0,5.6
2021,9,10,1.0,7.0
2001,3,10,2.0,7.7
2020,2,10,1.0,4.7
1937,3,10,1.0,7.0
1976,3,10,1.0,7.8
1953,7,10,1.0,5.9
1924,11,10,1.0,6.0
1996,4,10,1.0,7.0
1932,12,10,1.0,7.1
1959,5,10,1.0,5.9
1996,1,10,1.0,3.0
1986,9,10,1.0,5.3
1960,3,10,1.0,5.9
1929,2,9,1.0,6.3
2014,9,9,1.0,3.8
1967,10,10,1.0,6.7
1967,1,10,2.0,6.2
1998,8,10,1.0,3.8
2013,11,4,1.0,6.9
1936,5,10,1.0,5.7
1965,11,10,1.0,4.9
1946,9,10,1.0,6.5
2006,3,10,1.0,5.8
1976,9,10,1.0,6.4
1980,9,10,2.0,5.6
1998,10,10,1.0,4.6
1992,4,10,1.0,5.2
2015,8,10,1.0,7.0
1956,8,10,1.0,5.4
2007,2,10,2.0,8.4
1997,5,10,1.0,5.6
1948,1,10,1.0,6.7
2023,12,10,3.0,6.8
1943,1,10,1.0,6.7
1993,9,10,1.0,7.9
1950,9,10,1.0,6.0
1984,4,10,1.0,5.8
1960,4,10,1.0,6.1
1937,10,10,1.0,5.7
1997,3,10,1.0,6.9
1986,1,8,2.0,5.5
1934,9,6,1.0,7.6
1977,2,10,1.0,5.9
1941,3,10,1.0,4.9
2000,12,6,2.0,7.5
2001,2,10,1.0,6.7
2011,10,10,1.0,6.3
2010,9,10,1.0,6.6
1994,7,10,1.0,3.8
1983,11,10,1.0,5.2
2002,10,10,1.0,5.4
1920,12,10,1.0,6.8
1978,6,10,1.0,6.4
1987,7,10,1.0,3.7
1974,2,10,1.0,5.6
2012,4,10,1.0,7.5
2005,10,10,1.0,5.4
2007,10,10,1.0,5.3
1983,6,10,1.0,4.7
1938,3,10,1.0,1.0
1995,8,10,1.0,4.7
1950,1,10,1.0,7.1
1982,8,10,2.0,7.1
1973,12,10,1.0,6.4
1952,3,10,1.0,5.1
1986,3,10,1.0,6.9
1920,12,10,1.0,7.3
2008,2,10,1.0,4.9
1969,8,10,1.0,4.8
2002,3,10,1.0,6.3
1965,9,10,1.0,7.0
2011,4,10,1.0,6.7
1987,9,10,1.0,8.1
1952,10,10,1.0,6.3
1998,5,10,1.0,7.2
2023,10,10,3.0,7.6
2013,12,10,1.0,6.6
1938,2,10,1.0,5.6
1933,11,10,53.0,5.5
1986,1,10,1.0,6.9
1941,3,10,1.0,6.5
1951,3,10,1.0,6.4
1957,5,10,1.0,6.6
1965,8,10,1.0,5.8
1958,3,10,1.0,6.3
1997,1,10,1.0,6.9
1991,9,10,2.0,8.4
1945,10,10,1.0,6.6
1954,9,10,1.0,4.9
1950,5,10,2.0,7.3
1954,12,10,1.0,6.5
1960,10,10,1.0,7.3
2018,11,10,1.0,7.0
1986,11,10,1.0,6.7
2024,10,10,1.0,5.1
2017,2,10,1.0,5.9
1931,4,10,1.0,7.4
1950,4,10,1.0,6.0
1977,4,10,1.0,7.9
1978,7,10,1.0,6.6
1951,10,10,1.0,5.6
1932,8,10,1.0,5.8
1934,3,10,1.0,5.9
1930,1,10,1.0,4.5
1928,9,10,1.0,7.4
1991,6,10,3.0,6.3
1941,4,10,2.0,6.7
2013,5,10,1.0,5.6
2020,5,10,1.0,5.8
1980,5,10,1.0,5.8
1963,1,10,1.0,6.8
1950,6,10,1.0,6.0
1994,1,10,1.0,7.3
1995,9,10,1.0,7.0
2025,9,10,1.0,3.0
1985,3,10,1.0,7.0
1989,5,10,1.0,4.8
1927,11,10,1.0,7.3
2008,8,10,1.0,5.2
1982,8,7,1.0,4.2
1929,8,10,1.0,5.6
1999,10,10,1.0,4.7
1989,3,10,1.0,4.7
2003,11,10,3.0,7.9
1983,1,10,1.0,3.9
2009,7,10,1.0,8.3
1925,9,10,1.0,5.7
1953,9,10,1.0,7.0
1997,10,10,2.0,6.3
1921,1,8,50.0,6.2
1993,1,10,1.0,5.1
1995,12,10,1.0,7.1
1921,9,10,1.0,6.2
1956,3,10,1.0,7.2
1958,6,10,1.0,5.9
1993,1,10,1.0,4.8
2002,9,10,1.0,6.8
1952,9,10,1.0,6.2
1952,10,10,1.0,5.4
1943,6,10,1.0,5.3
1932,4,10,1.0,5.6
1950,11,10,1.0,6.8
2000,4,10,1.0,6.9
2010,2,10,2.0,7.9
1972,3,10,1.0,7.5
2025,4,10,1.0,5.9
1945,6,10,1.0,6.8
1934,9,10,48.0,5.4
1972,10,10,1.0,5.0
2012,4,10,1.0,6.1
1970,4,10,2.0,7.5
1951,5,10,1.0,6.4
1972,8,10,1.0,6.1
1965,12,7,1.0,6.2
1976,10,10,1.0,5.9
1943,11,10,1.0,5.4
1989,3,10,1.0,4.4
1997,10,10,1.0,6.7
2007,1,10,1.0,7.3
1923,3,8,1.0,7.2
1962,5,10,1.0,6.0
2018,9,10,1.0,6.7
2010,8,10,1.0,6.2
1998,9,10,1.0,7.0
2011,1,10,1.0,7.5
1951,3,10,1.0,6.2
1982,3,10,2.0,6.7
1961,9,10,1.0,7.3
2022,8,10,1.0,4.8
1921,12,9,1.0,6.4
1950,8,10,1.0,4.4
1960,10,10,1.0,6.0
2007,3,10,1.0,6.9
1983,4,10,1.0,6.4
2010,9,2,1.0,7.4
2021,8,10,1.0,6.4
1966,5,10,1.0,7.0
1999,6,10,2.0,6.1
1978,9,10,1.0,5.4
1989,10,10,1.0,6.1
1957,3,10,1.0,4.7
1959,12,10,1.0,6.5
1949,1,10,2.0,5.4
1987,4,10,1.0,5.0
2020,6,10,1.0,6.4
1938,11,10,1.0,6.9
1984,1,10,1.0,4.9
1950,10,10,2.0,8.2
1933,7,10,1.0,6.3
2014,9,10,1.0,3.5
2008,11,10,1.0,6.4
1943,3,10,2.0,7.5
1949,1,10,1.0,6.5
2008,2,5,1.0,8.4
2019,5,10,1.0,6.2
1965,3,10,2.0,8.0
2021,10,10,2.0,8.0
2012,9,10,1.0,6.0
1950,9,10,1.0,5.0
2015,4,1,1.0,7.2
1972,5,10,1.0,5.2
2012,7,10,1.0,7.0
1982,11,10,1.0,3.8
1952,5,10,1.0,6.5
1952,10,10,1.0,6.4
1987,9,10,1.0,3.8
1940,8,10,1.0,5.5
2015,6,10,2.0,6.9
1935,2,10,3.0,4.1
1954,11,10,1.0,7.0
1999,3,10,1.0,6.4
1970,7,10,2.0,7.5
1961,8,10,1.0,5.7
1947,10,10,1.0,6.0
1996,12,10,2.0,6.5
2006,11,10,1.0,6.4
1923,8,7,50.0,6.6
2024,9,10,1.0,5.5
2009,5,10,1.0,6.7
2018,10,10,1.0,6.3
2021,10,10,1.0,5.3
1976,7,10,1.0,4.8
1937,5,10,1.0,5.5
1992,2,10,1.0,5.3
1999,12,7,1.0,6.7
2001,2,10,2.0,8.0
1952,7,10,1.0,4.4
1940,8,10,1.0,5.2
1931,2,10,1.0,7.4
1976,7,10,2.0,5.5
1976,2,10,1.0,5.4
1986,11,10,1.0,5.0
1967,12,10,1.0,4.9
1981,3,10,1.0,4.6
1979,7,10,1.0,6.1
1949,6,10,1.0,6.8
1943,8,10,1.0,7.0
1998,10,10,1.0,5.2
1977,5,10,2.0,8.0
1942,3,10,1.0,6.6
1967,2,10,2.0,7.2
1986,10,10,1.0,6.7
1943,2,10,1.0,6.5
2002,2,10,1.0,6.2
2019,9,10,1.0,5.6
2013,2,10,1.0,5.8
1984,4,10,1.0,4.8
1988,4,10,1.0,4.4
1984,9,10,2.0,6.3
1998,3,10,1.0,6.3
1975,3,10,1.0,6.1
1966,5,9,1.0,6.2
2023,10,10,1.0,6.2
1976,12,10,2.0,6.1
2020,6,10,1.0,6.6
1971,1,3,1.0,5.3
1921,3,5,50.0,6.5
1959,11,7,1.0,5.3
1963,6,10,1.0,5.9
1992,3,10,2.0,7.9
1922,10,10,1.0,7.2
1941,11,1,1.0,6.7
1999,10,10,2.0,4.1
1973,9,9,1.0,5.6
1948,3,10,1.0,7.0
1952,3,9,1.0,7.4
1991,9,10,1.0,4.6
2004,6,8,1.0,7.6
2014,10,10,1.0,7.4
2016,7,10,1.0,7.3
1967,2,10,1.0,5.7
2018,4,10,1.0,6.0
1993,11,10,1.0,4.8
1943,8,10,1.0,6.6
1977,10,5,1.0,6.6
2009,3,10,1.0,4.1
1949,11,10,1.0,6.7
1956,8,10,1.0,6.0
1961,8,7,1.0,6.3
1954,11,10,1.0,5.6
1982,7,10,1.0,5.7
1978,11,10,1.0,4.0
1963,9,10,1.0,4.6
2005,1,10,1.0,5.0
1992,10,10,1.0,4.8
1960,12,10,1.0,5.7
1994,3,10,1.0,4.6
2000,3,10,51.0,6.9
1940,12,10,58.0,6.0
2020,10,10,1.0,4.2
1945,12,8,1.0,6.2
1996,1,10,1.0,5.5
1970,9,10,1.0,5.7
2000,3,10,1.0,3.9
1962,9,10,1.0,3.9
1962,7,10,1.0,5.7
1928,11,10,1.0,6.6
1944,6,10,1.0,5.5
2001,11,10,1.0,5.7
1952,9,10,1.0,6.9
2023,2,10,2.0,6.3
2019,12,10,1.0,6.8
1957,12,10,3.0,6.3
1999,10,10,1.0,6.0
1930,4,10,1.0,6.5
2004,5,10,1.0,6.5
1982,9,10,1.0,5.8
1926,2,10,1.0,2.1
1996,12,10,2.0,8.9
1928,1,6,50.0,5.9
2000,10,10,1.0,6.7
1980,4,10,1.0,4.8
1987,12,10,1.0,6.7
1955,5,10,2.0,6.9
1929,11,10,1.0,7.1
1958,5,10,1.0,6.9
1964,7,10,1.0,6.5
1959,5,10,1.0,5.4
1936,3,10,1.0,7.2
1946,10,10,1.0,6.5
1944,3,10,1.0,6.2
1941,1,10,1.0,5.0
1938,12,10,1.0,6.0
2022,1,10,1.0,6.5
1941,5,10,1.0,6.7
2019,8,10,1.0,5.0
1948,8,10,1.0,6.5
1942,8,10,1.0,4.6
1930,10,10,1.0,4.6
1988,9,9,1.0,5.2
1925,4,8,1.0,1.9
1972,7,10,1.0,5.4
1974,1,10,1.0,4.0
1944,8,10,1.0,5.9
1953,5,10,2.0,7.7
2005,11,10,1.0,7.1
1938,6,10,1.0,6.0
1987,1,10,1.0,5.1
1999,5,10,2.0,6.4
1982,3,10,1.0,6.1
1961,1,10,3.0,7.9
1932,2,10,1.0,6.2
1966,7,9,1.0,4.5
2013,7,10,1.0,7.3
1956,5,10,1.0,4.0
1934,6,10,1.0,5.4
1973,9,10,1.0,6.8
1944,9,10,1.0,6.2
1961,10,10,2.0,7.0
1942,11,10,1.0,5.7
1968,2,10,1.0,6.2
2024,10,10,1.0,5.8
1936,10,10,1.0,5.0
1959,7,10,1.0,8.2
1945,1,10,2.0,6.7
2011,1,10,2.0,7.2
1936,11,10,1.0,5.5
1967,6,10,1.0,6.7
2005,6,10,1.0,6.0
1972,12,10,2.0,7.1
1947,5,10,1.0,7.2
1942,10,10,1.0,6.4
1941,10,10,1.0,6.6
2023,5,10,1.0,7.4
1922,8,7,1.0,6.8
1982,3,10,1.0,6.1
2013,8,10,1.0,6.4
1938,7,10,58.0,5.4
1946,9,10,1.0,6.2
1929,3,10,1.0,4.9
1998,10,4,1.0,5.8
1920,2,10,1.0,8.6
1963,11,5,2.0,7.5
1991,10,10,1.0,4.9
1943,5,10,1.0,6.7
1935,12,10,1.0,6.0
1961,4,10,1.0,6.4
1930,10,9,1.0,5.6
2014,11,10,1.0,7.2
1976,11,10,1.0,4.5
1966,4,10,54.0,5.4
1973,9,10,1.0,6.2
2002,8,1,1.0,6.9
1992,12,10,1.0,6.1
1952,5,10,1.0,6.3
1925,11,10,1.0,7.6
1985,11,10,1.0,6.5
1965,5,10,1.0,4.7
1942,9,10,1.0,6.5
1985,1,10,2.0,7.3
2021,6,10,2.0,7.3
1970,10,10,1.0,6.1
1998,5,10,1.0,6.7
1950,4,10,1.0,6.6
1990,7,10,1.0,7.2
2000,6,10,1.0,6.6
1985,2,10,2.0,6.8
1992,8,10,1.0,7.2
2021,8,10,2.0,6.9
2025,1,10,1.0,6.3
1996,12,10,1.0,5.4
1988,10,10,2.0,6.2
1982,4,10,1.0,7.2
1941,2,10,1.0,6.6
1987,12,10,2.0,7.7
2013,12,10,1.0,7.3
1939,8,10,1.0,6.0
1984,1,10,1.0,5.2
1996,5,10,1.0,7.3
2010,2,10,1.0,6.0
2018,1,10,1.0,6.5
1985,9,10,1.0,5.3
1998,4,10,1.0,4.0
2025,3,10,1.0,8.2
1931,5,1,1.0,6.8
2004,11,10,1.0,5.6
1986,1,1,1.0,7.2
2008,6,10,1.0,5.5
2016,10,10,1.0,7.6
1988,12,10,1.0,6.3
1964,3,10,1.0,5.3
1989,11,10,1.0,5.6
1996,1,10,2.0,7.3
1991,12,10,2.0,6.8
1947,5,10,1.0,6.0
1978,4,10,1.0,5.4
1970,3,10,2.0,7.2
1939,5,10,56.0,6.6
1932,4,10,1.0,6.9
1996,7,10,2.0,7.0
2015,8,10,2.0,6.4
1991,1,10,2.0,6.7
2007,2,10,1.0,4.2
1938,8,10,1.0,6.0
2012,5,10,1.0,7.0
1942,7,10,1.0,5.7
2010,8,10,1.0,6.4
1989,10,10,1.0,4.9
1954,2,10,1.0,5.5
2022,12,10,2.0,7.1
1965,11,10,2.0,7.4
1994,5,10,1.0,5.7
2006,12,10,1.0,6.3
1994,4,10,1.0,6.7
1977,8,10,1.0,5.6
1966,1,1,1.0,6.4
2008,7,10,1.0,4.5
1970,7,4,2.0,6.4
2001,4,10,1.0,4.5
1942,4,10,1.0,5.8
2007,10,10,1.0,7.8
2022,11,10,1.0,6.0
1938,12,10,3.0,7.3
1927,5,10,54.0,6.3
2009,1,10,2.0,6.8
2008,7,10,1.0,6.3
2011,2,10,1.0,5.4
1953,5,10,1.0,6.7
1985,1,10,1.0,7.5
1959,6,10,1.0,6.7
1991,7,10,1.0,6.6
1943,9,10,1.0,7.8
1969,3,10,1.0,5.9
1958,8,10,1.0,4.7
1931,11,10,1.0,6.1
2009,11,10,2.0,6.7
1979,10,10,1.0,7.2
1945,9,10,59.0,5.9
1974,9,10,1.0,5.2
2000,1,10,3.0,8.0
1999,11,10,1.0,6.3
1963,9,10,1.0,6.4
1962,6,10,1.0,5.3
2001,1,10,1.0,4.8
1984,8,10,1.0,6.3
2013,2,10,1.0,5.8
1971,3,10,1.0,5.5
1990,8,10,1.0,6.4
2025,4,10,1.0,6.8
1941,8,10,1.0,6.0
1947,3,10,1.0,7.3
1960,3,10,1.0,6.8
2012,4,10,1.0,6.0
2014,1,10,1.0,6.2
2021,1,10,1.0,6.8
2006,7,10,1.0,5.8
2012,4,1,1.0,7.1
1940,11,10,1.0,7.1
1988,1,10,1.0,4.6
2010,10,10,1.0,5.7
1933,5,10,1.0,7.0
1958,2,10,1.0,6.2
1922,11,10,1.0,7.5
1923,11,10,1.0,7.1
2025,2,10,1.0,5.9
1995,11,10,2.0,7.0
2008,4,10,1.0,6.5
1954,8,10,1.0,6.5
1927,5,10,59.0,6.1
2010,9,10,1.0,7.1
2010,4,10,1.0,7.7
2021,9,10,1.0,6.8
2002,2,1,1.0,4.4
2012,7,3,1.0,7.3
1960,9,9,1.0,5.9
1926,12,10,5.0,6.0
1977,4,10,1.0,4.7
2021,12,10,1.0,4.5
2023,5,10,1.0,5.6
1949,12,10,1.0,5.6
1979,6,10,1.0,3.8
1955,12,10,1.0,7.0
2024,7,10,1.0,8.8
1976,4,10,1.0,7.2
1971,9,9,1.0,5.7
2010,4,10,1.0,7.3
1935,7,10,1.0,6.4
2003,5,10,1.0,7.0
2006,4,10,1.0,5.7
1968,7,10,1.0,4.5
2012,8,10,1.0,7.4
1938,1,10,1.0,6.6
1986,1,10,1.0,5.4
2010,11,10,1.0,6.7
2001,10,10,1.0,6.1
1937,3,10,1.0,5.6
1961,10,10,1.0,4.7
2004,3,10,2.0,6.9
1968,4,10,1.0,4.8
1967,7,10,1.0,5.3
1935,5,10,1.0,5.8
2025,2,10,1.0,6.0
1938,9,10,48.0,4.6
1938,1,10,1.0,6.4
1962,11,10,1.0,6.1
1978,9,10,1.0,5.4
1931,8,10,1.0,5.3
1991,10,10,2.0,9.0
2015,1,10,1.0,6.5
1935,12,10,54.0,3.7
1985,2,10,1.0,5.9
1936,1,10,1.0,6.2
2012,1,10,2.0,7.0
1995,3,10,1.0,7.3
1984,3,10,1.0,6.7
1931,12,10,1.0,5.7
2014,9,10,1.0,5.4
1995,11,10,1.0,6.4
1992,4,10,1.0,5.7
2014,3,10,1.0,6.2
2001,6,10,1.0,6.0
1969,12,10,2.0,8.1
1974,12,10,1.0,6.1
2006,8,10,1.0,6.8
1966,7,10,1.0,5.4
1970,12,10,1.0,5.4
1994,1,10,1.0,5.8
1953,2,10,1.0,5.3
1922,6,10,1.0,2.9
1955,12,10,2.0,8.0
1956,7,10,1.0,6.0
1941,5,10,1.0,6.8
2022,4,10,1.0,5.5
1922,4,10,50.0,3.1
2002,11,10,1.0,4.4
1938,2,10,4.0,6.7
1984,3,10,1.0,4.5
1983,5,10,1.0,6.5
1989,1,10,1.0,6.1
1931,8,9,1.0,6.1
1924,12,8,1.0,6.4
1988,8,10,2.0,6.7
1931,6,10,1.0,5.7
1932,12,10,1.0,6.1
1958,9,10,1.0,5.2
1983,7,10,1.0,3.6
1973,3,10,1.0,5.8
2019,10,10,1.0,7.6
2004,5,10,1.0,7.6
1972,9,10,1.0,5.5
1988,3,10,1.0,4.4
2007,11,10,1.0,6.1
1982,4,10,1.0,4.9
2013,3,10,1.0,5.8
1960,11,10,1.0,6.3
1987,9,10,1.0,4.4
1988,11,10,1.0,6.6
1976,11,10,1.0,6.5
1936,10,10,1.0,5.1
1967,8,10,1.0,7.3
1983,10,10,1.0,5.8
2009,1,10,2.0,6.8
1942,3,10,1.0,7.1
1962,9,10,2.0,6.4
2003,10,10,1.0,6.4
1923,11,7,1.0,6.8
1985,5,10,1.0,7.7
1965,1,9,2.0,8.9
1996,8,10,1.0,5.0
2025,4,10,2.0,6.1
2024,6,10,1.0,7.2
1966,12,10,1.0,4.4
1975,1,10,2.0,6.9
1971,11,10,1.0,6.9
1945,6,10,58.0,7.2
1980,11,10,1.0,4.5
1998,8,9,1.0,6.3
1991,10,10,1.0,4.0
2020,8,10,1.0,8.1
2004,5,10,2.0,6.1
1992,11,10,1.0,5.7
2007,1,6,1.0,7.1
1956,11,10,1.0,6.8
1932,6,10,1.0,7.9
1967,9,4,1.0,8.1
1961,1,5,2.0,6.2
1940,2,10,1.0,6.7
1924,9,9,1.0,5.2
1937,4,10,1.0,6.6
2025,3,10,1.0,7.0
1964,12,2,8.0,3.7
2022,2,10,1.0,5.1
1937,10,10,1.0,7.2
1950,6,10,1.0,6.0
1992,9,10,1.0,6.1
1972,11,10,1.0,5.4
1934,5,6,1.0,6.8
2020,3,10,1.0,6.8
2024,11,10,2.0,7.0
1969,6,10,1.0,4.8
2014,1,10,1.0,4.2
1960,9,10,1.0,5.9
1978,9,10,1.0,4.7
1932,8,1,1.0,6.5
1958,9,10,1.0,5.8
1938,2,10,2.0,5.3
1985,11,10,1.0,5.3
1926,12,10,56.0,5.7
1941,4,10,1.0,6.6
2011,11,10,1.0,3.3
1994,7,10,1.0,5.9
1940,11,10,1.0,5.3
1938,10,10,1.0,6.2
1957,12,10,1.0,4.7
1931,3,10,1.0,7.2
1946,3,10,1.0,6.2
1981,9,10,1.0,4.8
1929,11,10,1.0,6.2
1996,11,10,1.0,3.8
2014,6,10,1.0,7.1
2023,11,10,1.0,6.3
1996,3,10,1.0,5.8
1952,1,10,1.0,7.3
1952,9,10,1.0,6.3
1925,9,7,1.0,7.2
2016,1,10,1.0,7.1
1997,4,9,52.0,6.7
1985,1,10,1.0,5.1
1984,2,10,1.0,6.6
1969,9,10,1.0,6.1
2008,3,3,1.0,6.5
1928,3,10,49.0,6.5
1996,9,10,1.0,5.2
1978,1,4,1.0,5.6
1943,2,10,1.0,6.5
1951,1,10,1.0,6.5
1952,1,10,1.0,5.5
1981,11,10,1.0,3.8
2023,7,10,2.0,5.7
1922,10,4,1.0,6.6
2016,1,10,1.0,4.8
2001,3,5,45.0,6.2
1999,7,10,1.0,6.4
1983,7,10,2.0,7.7
1969,10,10,1.0,6.6
1997,2,10,1.0,6.0
1930,10,10,1.0,5.5
2024,10,10,1.0,5.6
2006,3,10,1.0,5.4
1932,8,10,1.0,6.7
1932,8,10,1.0,5.5
1922,3,10,43.0,6.2
1922,9,10,1.0,6.6
1999,9,10,1.0,2.7
1991,2,10,2.0,8.3
1991,1,10,1.0,6.2
1999,11,10,2.0,6.4
1938,8,10,1.0,6.9
1956,4,10,1.0,7.0
1976,1,10,1.0,6.1
1967,1,10,2.0,5.8
1931,11,10,3.0,5.9
1981,3,7,1.0,6.5
1956,2,10,2.0,7.4
1987,9,10,1.0,6.4
1996,3,10,2.0,5.1
2009,12,10,1.0,7.1
2021,4,10,1.0,6.7
1984,4,10,1.0,6.1
1978,4,10,1.0,6.9
1977,1,10,1.0,4.4
1972,3,10,1.0,4.5
1998,10,10,2.0,7.1
1921,10,7,1.0,5.3
1933,9,10,1.0,6.5
1951,7,10,1.0,5.0
1989,9,10,1.0,5.1
1927,5,7,1.0,5.4
1920,7,8,1.0,6.0
1963,12,10,1.0,5.6
1929,4,10,1.0,5.9
2004,2,10,1.0,6.6
2017,10,10,1.0,5.4
1936,10,10,1.0,5.8
1959,5,10,1.0,6.3
1990,5,10,1.0,6.5
1942,1,10,1.0,6.2
2001,2,10,1.0,7.4
1979,10,10,1.0,5.1
1937,8,10,1.0,6.3
1959,11,10,1.0,6.9
1973,11,10,1.0,3.6
1936,3,10,1.0,6.4
2024,1,10,1.0,5.3
1962,3,10,1.0,6.8
2006,11,10,1.0,6.9
1962,11,10,2.0,6.8
1963,9,1,7.0,8.3
1990,1,10,1.0,5.9
1933,8,10,1.0,6.8
2015,7,10,1.0,8.1
1946,4,10,1.0,5.5
1985,5,10,1.0,6.9
1984,12,10,2.0,6.6
1946,9,10,1.0,5.4
2015,4,10,1.0,6.3
2000,9,10,1.0,6.1
1958,4,10,1.0,7.1
2022,3,10,1.0,5.1
1927,12,10,1.0,5.8
1943,3,10,1.0,6.2
1980,1,10,1.0,7.1
1974,1,10,1.0,6.0
2024,3,10,1.0,6.5
1969,1,10,1.0,7.4
1994,6,10,1.0,6.5
1991,1,10,1.0,4.9
1930,3,10,1.0,6.8
1956,1,10,1.0,6.2
1932,7,10,1.0,6.0
1996,4,10,1.0,4.7
1982,2,10,1.0,6.0
2022,12,10,1.0,7.0
1992,3,10,1.0,5.2
2016,5,10,1.0,6.1
1961,11,10,1.0,6.3
1994,1,10,3.0,8.1
1980,2,10,1.0,7.0
1936,10,10,1.0,6.1
2002,8,10,2.0,4.6
1942,11,10,1.0,6.2
1977,12,10,1.0,5.0
1962,10,10,1.0,6.6
1932,5,10,1.0,5.3
2021,11,10,1.0,5.6
1989,4,10,1.0,6.1
1938,8,10,1.0,6.6
1982,9,10,1.0,5.1
1942,1,10,1.0,6.8
2007,11,10,1.0,6.6
1947,4,10,1.0,7.3
1973,7,10,1.0,4.8
1996,7,10,1.0,6.7
1962,12,10,1.0,6.3
1977,10,10,1.0,5.0
1975,12,10,1.0,4.2
1937,6,10,1.0,5.6
1960,11,10,1.0,5.5
2014,11,10,1.0,6.5
2001,2,10,1.0,6.9
1985,4,10,1.0,5.9
1945,7,10,1.0,6.3
1933,8,10,1.0,6.8
1932,1,10,1.0,6.0
1978,11,10,2.0,5.4
1948,8,10,1.0,7.1
1944,12,10,1.0,7.0
1998,5,10,1.0,6.7
1977,10,10,2.0,6.7
2021,12,10,1.0,7.1
1940,7,10,1.0,6.2
1968,9,10,1.0,6.1
1981,6,10,1.0,5.1
1953,8,10,1.0,7.0
2025,1,10,1.0,5.4
1923,8,9,1.0,6.0
2015,4,10,1.0,7.3
2012,10,10,1.0,5.4
1953,1,10,1.0,6.7
1969,3,10,1.0,5.7
1985,10,3,1.0,7.0
1925,9,10,1.0,7.6
2007,6,10,2.0,6.8
1992,12,10,1.0,6.4
1948,9,10,1.0,6.9
2024,5,10,1.0,7.7
1976,2,10,1.0,6.8
2015,6,10,1.0,7.1
1957,12,10,1.0,6.3
1958,7,10,1.0,6.8
2008,3,10,1.0,6.8
1958,4,10,1.0,5.7
1989,4,10,1.0,6.8
1932,9,10,1.0,6.6
2007,9,10,1.0,6.6
1972,4,10,1.0,6.5
1930,9,10,1.0,7.0
2013,9,10,1.0,6.3
1930,3,5,1.0,5.3
1999,3,10,1.0,4.5
2024,10,10,1.0,3.6
2007,12,10,1.0,7.0
1994,6,10,1.0,5.3
2014,8,10,2.0,6.7
1975,9,10,1.0,6.9
2024,5,10,1.0,4.6
1952,9,10,1.0,5.1
1983,11,10,1.0,4.7
1967,9,10,1.0,4.8
1971,9,10,1.0,7.0
1999,3,10,1.0,7.4
1932,10,10,1.0,5.9
2007,7,10,2.0,8.0
1935,4,10,1.0,7.3
1957,9,10,1.0,5.0
2005,6,10,1.0,7.2
1974,11,10,2.0,7.1
1949,12,10,1.0,5.8
1934,4,10,1.0,6.3
1968,6,10,1.0,7.1
1981,8,10,1.0,5.1
1941,10,10,2.0,6.5
1925,10,10,1.0,5.5
2008,4,2,1.0,7.6
1952,1,10,1.0,7.2
2008,1,10,1.0,7.0
1926,9,10,1.0,6.2
1928,11,10,1.0,6.7
1939,12,10,1.0,6.0
1999,3,10,1.0,3.6
1956,1,10,1.0,5.8
1967,12,10,1.0,7.9
2001,3,10,1.0,6.0
1944,3,10,1.0,6.1
1978,11,10,1.0,6.6
1947,4,10,1.0,5.7
1970,9,10,1.0,4.7
1977,2,9,1.0,5.8
1989,11,10,1.0,5.4
2020,10,10,1.0,6.1
2003,5,10,1.0,5.6
2018,7,10,1.0,5.8
1944,11,10,1.0,5.9
1996,3,10,1.0,5.7
2003,3,5,1.0,7.8
1943,11,10,2.0,7.4
1942,9,10,1.0,6.2
1948,7,10,1.0,5.8
1996,10,10,2.0,6.1
1941,3,10,3.0,7.1
1926,5,10,1.0,5.4
2003,8,10,2.0,7.2
1955,4,10,1.0,5.1
1994,3,10,1.0,6.5
1972,4,10,1.0,6.6
1994,10,10,2.0,5.7
1938,5,10,1.0,6.2
1967,9,10,1.0,5.8
1982,7,7,1.0,6.8
2005,12,10,1.0,5.8
1964,2,10,1.0,4.3
2015,3,10,1.0,7.2
1995,11,10,1.0,4.6
2024,3,10,1.0,2.5
2017,6,10,1.0,7.8
2013,8,10,1.0,6.2
1960,9,10,1.0,7.6
1943,7,10,1.0,6.6
1991,8,10,1.0,5.8
1932,2,8,1.0,4.9
2013,7,10,1.0,5.3
1946,5,10,1.0,5.0
2002,3,1,1.0,7.3
1976,1,10,2.0,6.8
2025,3,10,1.0,6.2
2025,3,10,1.0,6.6
2017,7,10,1.0,6.8
1990,9,10,1.0,4.8
2006,11,10,1.0,6.2
2023,9,10,1.0,5.2
2020,4,10,1.0,6.1
2016,12,10,1.0,5.3
1964,7,10,1.0,7.9
1934,11,10,1.0,5.9
2016,1,10,1.0,7.4
1944,2,10,1.0,4.2
1995,6,10,1.0,6.6
1989,4,10,1.0,6.5
1985,7,10,1.0,5.2
1997,1,10,1.0,4.9
1993,6,10,2.0,7.4
2022,3,5,1.0,7.3
1990,9,10,1.0,3.5
1992,2,10,2.0,5.7
1983,2,10,1.0,5.3
1980,12,10,1.0,6.0
2025,3,10,1.0,6.8
1959,5,10,1.0,6.0
1990,2,10,1.0,6.2
1941,7,10,55.0,6.5
1951,7,10,1.0,5.6
1925,11,10,1.0,4.5
1964,6,10,1.0,4.7
1921,10,10,1.0,6.3
2000,10,10,2.0,7.9
1987,10,10,2.0,6.6
1973,10,10,1.0,7.0
1967,9,10,1.0,6.8
1975,5,10,1.0,3.7
1929,9,10,1.0,7.4
1960,3,10,1.0,7.7
2017,10,10,1.0,5.2
2015,4,10,1.0,5.5
1996,12,10,1.0,7.0
1955,4,9,1.0,5.3
1941,9,10,1.0,7.8
2000,10,10,1.0,6.3
1988,12,10,1.0,5.5
1995,6,10,1.0,4.5
1958,5,10,1.0,5.2
1956,10,10,1.0,6.5
1966,5,10,1.0,5.6
2000,6,10,1.0,7.1
1991,9,3,1.0,5.4
1946,3,9,1.0,6.9
1992,10,10,1.0,6.6
2010,10,2,1.0,7.0
1967,1,10,1.0,3.6
2006,11,10,1.0,7.5
2015,10,10,1.0,6.3
1963,6,10,1.0,6.8
1931,4,9,1.0,7.3
1980,9,10,1.0,5.6
1940,11,10,1.0,7.2
2002,6,10,1.0,7.4
2006,4,10,1.0,5.8
1945,8,10,1.0,6.0
1971,2,10,1.0,7.2
2021,6,10,1.0,5.2
1934,11,10,1.0,6.9
2001,5,10,3.0,6.2
1948,9,10,1.0,6.7
2024,7,10,1.0,4.7
2023,1,10,1.0,5.6
1976,4,10,1.0,4.9
1981,4,10,1.0,7.1
2022,9,10,1.0,6.1
2005,3,10,1.0,6.2
1974,3,10,1.0,6.3
1942,11,10,1.0,6.3
1933,12,10,1.0,7.3
1937,12,10,1.0,6.6
2010,4,10,2.0,5.6
1983,3,10,1.0,7.7
1963,10,10,1.0,4.8
1977,5,10,1.0,7.3
1964,5,10,1.0,5.9
2017,5,10,1.0,6.7
1941,10,10,1.0,6.4
1953,3,10,1.0,6.3
2015,3,10,1.0,6.6
1994,12,10,2.0,8.3
1976,11,10,1.0,5.1
1986,4,10,1.0,7.3
1970,5,10,1.0,7.1
1959,7,10,1.0,5.7
1948,8,10,1.0,7.4
1951,2,10,1.0,6.8
1964,5,10,1.0,6.5
1962,11,10,1.0,7.8
2011,5,10,1.0,5.8
1950,12,10,1.0,4.7
1979,10,10,1.0,5.7
1954,7,10,1.0,6.2
2001,5,10,1.0,8.2
2006,2,10,1.0,5.5
1969,10,10,1.0,5.0
2002,3,10,1.0,6.8
2022,9,10,1.0,7.0
1993,4,10,2.0,5.3
1963,7,10,1.0,5.7
1927,2,10,1.0,6.0
2022,12,10,1.0,5.6
1950,12,10,1.0,6.8
1965,9,10,1.0,3.3
1935,1,10,1.0,6.1
1925,11,10,1.0,6.6
1954,8,10,2.0,6.1
2015,4,10,2.0,7.1
1957,3,10,1.0,5.3
1983,2,7,1.0,5.1
1990,12,10,2.0,7.5
2017,2,10,1.0,7.3
2005,5,10,1.0,7.0
1960,9,10,1.0,7.6
1934,10,10,1.0,7.1
1960,11,10,1.0,6.7
1939,5,10,1.0,4.6
1956,3,10,1.0,5.9
2003,8,10,1.0,6.1
2001,7,10,2.0,6.3
1972,2,10,1.0,3.8
1990,4,10,1.0,5.5
1931,3,10,1.0,5.4
1924,2,10,1.0,7.0
1954,9,10,2.0,6.9
2005,4,10,1.0,5.9
2004,11,10,2.0,7.0
2023,7,10,2.0,6.0
1969,8,10,1.0,6.5
2020,8,10,2.0,7.7
1935,9,10,1.0,6.6
2023,2,1,1.0,7.5
1965,6,10,1.0,7.1
1965,9,10,1.0,5.4
1935,1,10,1.0,7.0
1965,8,1,53.0,1.3
2021,7,10,1.0,5.7
2013,2,1,1.0,7.4
2003,4,9,1.0,6.5
1935,1,10,1.0,6.7
2009,9,10,1.0,5.3
2020,2,10,1.0,3.4
2004,6,10,2.0,7.8
2010,3,10,2.0,7.8
1987,12,10,1.0,6.9
1985,1,10,1.0,4.7
1951,7,10,1.0,6.8
1990,3,10,1.0,6.7
1934,9,10,1.0,6.3
2018,9,10,1.0,5.6
1978,11,10,1.0,6.6
1939,6,10,1.0,6.5
2010,11,10,1.0,4.1
2000,12,10,1.0,6.8
2009,9,10,1.0,6.5
1963,3,10,2.0,8.3
1952,3,10,1.0,6.5
1991,8,10,1.0,6.7
2010,11,10,2.0,6.8
1999,2,10,1.0,6.0
1938,2,10,1.0,6.2
1946,4,10,1.0,6.8
1939,11,10,1.0,4.2
1977,3,10,2.0,7.8
1930,8,10,1.0,5.9
2010,7,10,1.0,3.4
1995,9,10,1.0,3.6
1937,8,10,1.0,6.3
2022,5,10,1.0,4.5
1994,4,10,2.0,6.6
2008,7,10,1.0,5.1
1965,4,10,1.0,5.3
1940,5,10,1.0,6.5
1951,11,10,1.0,6.6
1985,12,10,1.0,6.1
1998,1,10,1.0,5.4
1928,2,3,1.0,7.2
1997,6,10,1.0,4.7
1947,10,10,1.0,6.7
1991,7,10,1.0,5.9
1990,6,10,1.0,4.3
1983,8,7,1.0,5.0
1992,9,10,1.0,5.8
1938,12,10,1.0,6.8
1995,10,9,1.0,4.2
1990,10,10,1.0,5.5
1974,4,10,1.0,6.4
2013,11,5,1.0,5.0
1959,4,10,1.0,4.7
1970,4,10,1.0,4.3
1997,2,10,1.0,5.0
2009,8,10,1.0,5.5
2005,2,10,1.0,7.0
1973,6,10,1.0,6.4
2016,3,9,1.0,6.5
1956,9,10,1.0,6.1
1974,8,10,1.0,6.9
2011,1,10,1.0,6.3
2011,4,10,1.0,6.1
1956,3,10,1.0,3.7
1958,3,10,1.0,6.5
2003,7,10,1.0,4.4
1988,9,10,1.0,6.3
2024,11,10,2.0,6.3
2000,9,10,1.0,3.5
1980,7,10,1.0,4.9
1968,7,10,2.0,5.6
2016,8,10,2.0,6.8
1978,3,10,1.0,6.1
1979,12,10,2.0,5.6
1928,7,10,1.0,6.3
1934,1,10,1.0,6.5
1935,3,10,1.0,5.8
1947,8,10,1.0,5.8
2018,5,10,1.0,5.6
1974,9,10,1.0,4.9
1994,7,10,1.0,7.5
1947,9,10,1.0,5.8
1962,2,4,1.0,7.5
1962,9,10,1.0,6.6
1959,5,10,1.0,7.4
2009,11,10,1.0,4.9
1922,9,10,1.0,6.4
1969,1,10,1.0,4.8
2021,9,10,1.0,6.1
1971,5,10,1.0,6.8
1946,3,10,1.0,6.2
1936,11,10,1.0,6.5
1981,1,10,1.0,6.9
1977,10,10,1.0,4.3
1946,9,10,1.0,7.1
1996,10,10,1.0,4.6
1935,2,10,1.0,6.9
1956,10,10,1.0,6.6
1956,8,10,1.0,6.4
1930,10,10,3.0,5.9
1920,5,9,50.0,3.5
2007,1,10,1.0,5.4
1997,8,8,1.0,6.7
1954,1,8,1.0,6.5
2009,7,10,1.0,6.3
1963,11,4,1.0,5.3
1988,11,10,1.0,6.0
1983,12,10,1.0,6.0
1998,10,10,1.0,5.9
1981,8,10,1.0,6.1
1971,9,10,1.0,6.6
1952,12,10,1.0,5.5
1948,3,10,1.0,7.2
1993,7,10,2.0,6.1
1942,7,10,1.0,5.0
2022,10,10,1.0,6.2
1967,11,10,1.0,7.2
1946,9,10,1.0,6.7
2015,8,10,1.0,4.0
1963,5,10,1.0,6.0
2007,8,2,1.0,6.4
1930,3,10,1.0,5.6
1953,12,10,1.0,6.1
1988,8,10,1.0,6.2
1992,3,10,1.0,5.8
1988,6,10,1.0,7.7
1923,8,10,1.0,6.8
2014,11,10,1.0,8.0
1951,7,10,1.0,7.3
1976,3,10,1.0,5.4
1976,9,10,1.0,5.1
1976,9,10,1.0,4.4
2003,11,10,1.0,7.0
1952,3,10,1.0,6.1
2012,10,6,1.0,6.8
1935,12,10,1.0,6.9
2020,12,10,2.0,7.1
1938,8,10,1.0,6.2
1962,1,10,1.0,6.7
2013,3,10,1.0,5.5
1971,10,10,1.0,4.1
1990,8,10,1.0,5.8
1955,1,10,1.0,5.0
1994,4,10,1.0,6.2
1977,6,10,1.0,4.5
1939,2,10,1.0,6.8
2003,6,10,3.0,3.8
2004,10,10,1.0,7.5
1970,10,10,1.0,6.6
1935,7,10,1.0,6.5
1988,5,10,1.0,5.3
1937,2,10,1.0,5.7
1992,10,10,1.0,6.4
2010,9,10,1.0,5.5
2002,10,10,1.0,6.0
1977,5,10,1.0,5.5
1928,6,10,1.0,6.9
2025,1,10,2.0,6.5
1959,10,10,1.0,5.1
1965,6,10,1.0,6.6
1981,8,10,2.0,7.0
1967,7,10,1.0,7.0
1994,7,10,1.0,6.2
1979,12,10,1.0,7.8
2019,3,10,1.0,6.5
2014,4,10,1.0,6.7
1925,10,10,1.0,7.6
2014,12,2,2.0,7.4
1971,2,9,1.0,7.2
2024,1,9,1.0,7.6
1926,8,10,2.0,7.5
2023,2,5,1.0,4.7
1946,3,10,1.0,6.0
1950,5,10,1.0,5.6
2015,9,10,1.0,7.1
1945,6,10,1.0,6.6
2001,7,10,2.0,6.8
1962,10,10,1.0,5.9
1940,12,10,1.0,6.4
1956,12,10,1.0,6.8
1983,10,10,1.0,6.4
2007,3,10,1.0,5.1
1962,9,6,1.0,4.7
1981,10,10,2.0,6.6
1963,12,10,1.0,4.9
2009,12,10,1.0,7.4
1996,3,10,1.0,5.2
1939,5,10,1.0,7.3
1989,2,10,1.0,5.8
2021,4,2,1.0,7.1
1989,9,10,1.0,5.1
1985,9,10,2.0,7.9
1936,2,10,1.0,7.0
2002,3,5,1.0,7.1
1929,3,10,57.0,7.3
1965,6,10,1.0,6.2
2006,12,10,2.0,6.7
1952,10,10,1.0,7.5
1969,9,10,2.0,6.5
2002,11,10,1.0,6.8
2024,5,10,2.0,7.0
2014,10,10,1.0,7.2
1989,10,10,1.0,5.1
2019,12,10,2.0,5.8
2011,3,10,1.0,7.5
1998,10,10,2.0,8.5
1961,4,10,1.0,7.6
2016,10,10,1.0,6.0
1972,11,10,2.0,8.2
1977,12,10,1.0,7.0
1986,1,9,1.0,3.1
1930,5,10,1.0,6.1
1950,9,10,1.0,7.1
2002,11,10,1.0,6.7
1955,4,10,1.0,5.6
1950,1,10,1.0,4.5
1932,7,10,1.0,6.5
1961,9,10,1.0,7.3
1943,11,10,1.0,6.1
2002,3,10,1.0,5.9
1979,3,10,1.0,7.0
1941,6,10,1.0,6.6
1949,10,10,1.0,7.5
1922,8,10,1.0,5.1
1980,12,10,1.0,6.2
1995,10,10,2.0,8.5
1941,9,10,1.0,5.4
1933,8,10,1.0,6.6
2002,12,10,1.0,6.7
2010,10,10,1.0,7.5
2021,2,2,1.0,6.6
1965,6,10,1.0,5.2
1949,9,10,1.0,6.3
1942,3,10,1.0,6.6
1978,8,10,1.0,5.8
1971,3,10,1.0,5.2
1965,12,10,1.0,6.9
1927,10,9,1.0,6.8
1966,9,10,1.0,5.2
1926,2,10,2.0,7.0
2025,3,10,1.0,7.3
1972,10,10,1.0,6.5
1937,3,2,1.0,6.8
1957,5,10,1.0,6.1
2003,5,10,1.0,6.8
1993,1,10,1.0,8.0
1994,5,10,2.0,7.2
1931,11,10,1.0,7.5
1989,1,10,1.0,4.0
1994,2,10,1.0,7.0
2008,9,8,1.0,5.6
1943,6,10,1.0,8.2
2020,2,10,2.0,6.7
2014,6,10,1.0,5.4
1920,9,5,50.0,6.3
1930,12,10,1.0,6.7
1975,1,10,1.0,3.7
1984,1,10,1.0,3.0
1955,12,10,1.0,5.2
2011,10,10,2.0,7.3
2017,4,10,1.0,6.0
1923,9,9,1.0,6.4
2021,3,10,1.0,8.3
1928,10,10,1.0,8.0
2016,1,10,1.0,5.5
1993,7,8,53.0,7.1
1980,12,10,1.0,6.7
2001,3,10,2.0,8.2
1986,11,10,1.0,7.1
1920,3,10,1.0,6.6
1938,6,10,1.0,6.4
2022,10,10,2.0,6.0
1978,6,10,1.0,3.5
1962,1,10,1.0,7.7
2024,8,10,1.0,6.2
1975,2,10,1.0,5.6
1939,3,10,1.0,6.9
2004,10,10,1.0,7.3
1990,9,10,1.0,7.2
1994,4,10,1.0,6.1
1963,12,10,1.0,4.8
1949,7,10,2.0,8.0
1971,8,10,1.0,6.8
1975,10,10,1.0,6.7
1973,12,10,1.0,5.3
1980,1,10,1.0,7.2
1981,11,10,1.0,3.8
1950,1,10,1.0,6.9
1992,10,10,1.0,6.0
1928,6,7,1.0,6.1
1961,12,10,1.0,4.5
1961,7,10,1.0,6.6
2000,4,10,1.0,3.6
1991,9,10,1.0,6.3
1924,2,10,1.0,7.3
1943,3,10,1.0,6.8
1951,8,10,1.0,5.4
1996,11,10,2.0,6.7
2013,8,8,1.0,7.2
1970,3,10,1.0,5.3
2011,6,10,1.0,6.5
1958,12,10,1.0,8.1
1989,4,10,1.0,2.7
1930,2,10,58.0,5.5
1948,8,10,1.0,6.5
1928,10,10,1.0,3.6
1960,6,10,1.0,5.3
1992,1,10,1.0,6.7
1954,2,10,1.0,5.4
2024,11,10,2.0,6.2
2000,4,10,1.0,6.6
1987,11,10,1.0,5.9
2013,11,2,1.0,7.1
2016,12,10,2.0,8.4
1996,1,10,2.0,8.0
1954,9,9,1.0,5.3
2018,10,10,1.0,6.3
1941,5,10,1.0,5.8
1976,2,10,1.0,4.4
1950,3,10,1.0,7.0
1936,10,10,1.0,6.2
1978,9,10,1.0,6.3
1956,4,10,3.0,7.8
1998,1,10,1.0,6.1
1968,12,10,2.0,6.8
1943,12,10,1.0,6.7
1951,3,10,58.0,5.7
1942,2,10,1.0,4.5
1948,12,10,1.0,6.1
2021,3,10,1.0,2.5
1983,10,10,2.0,7.5
1973,9,4,1.0,4.2
1925,11,9,1.0,5.9
1932,2,10,1.0,5.9
2025,2,10,2.0,8.2
1988,7,10,1.0,6.7
1968,12,10,1.0,4.7
1927,6,10,1.0,5.1
1958,10,10,1.0,4.5
1939,9,10,1.0,6.4
1982,5,10,1.0,5.0
2018,3,10,1.0,7.1
1938,5,10,1.0,6.4
1971,12,10,1.0,6.8
2018,6,10,2.0,7.3
1996,7,10,1.0,4.6
1965,4,10,1.0,4.5
1957,9,10,1.0,6.1
1972,6,10,1.0,4.2
1959,3,10,1.0,4.0
1975,9,10,1.0,7.2
1938,8,10,2.0,7.3
2015,8,10,1.0,4.8
1946,10,10,1.0,5.6
1945,3,10,1.0,5.7
1932,1,10,1.0,7.7
2013,12,10,1.0,6.2
1938,8,10,58.0,6.0
1955,10,10,1.0,6.4
1991,3,10,2.0,7.2
1944,4,10,1.0,5.9
1997,4,10,1.0,7.2
1993,7,10,1.0,5.4
1993,2,10,1.0,4.2
1997,9,10,1.0,6.8
1969,1,10,1.0,6.0
2015,1,10,2.0,6.6
1974,1,10,1.0,7.3
1941,6,10,1.0,5.4
1945,10,10,1.0,6.4
1986,4,10,1.0,5.0
2025,2,1,1.0,7.9
1977,9,10,1.0,4.9
1932,2,10,1.0,6.6
1970,10,10,1.0,4.0
2018,5,10,1.0,7.0
2024,1,10,1.0,7.1
1988,4,10,1.0,4.8
1929,6,9,55.0,5.5
2000,2,10,1.0,6.1
1983,3,10,1.0,6.5
1971,9,10,1.0,5.7
2002,9,10,1.0,7.7
1982,10,10,1.0,6.7
1989,11,10,1.0,8.2
2000,2,10,1.0,4.9
2008,5,10,1.0,3.1
1980,6,10,1.0,5.3
1946,1,10,58.0,6.8
1966,1,10,1.0,5.4
1949,10,10,1.0,6.7
1984,12,10,1.0,6.7
2019,7,10,1.0,4.7
1987,11,10,1.0,4.4
2021,9,10,1.0,6.3
1985,9,8,1.0,7.9
1961,2,10,1.0,5.4
1967,9,10,1.0,4.9
2023,10,10,1.0,4.7
1988,2,10,1.0,6.8
1966,8,10,1.0,7.4
2019,2,10,1.0,5.8
1997,8,10,1.0,7.3
1937,1,10,1.0,5.3
1944,7,10,1.0,6.3
1966,10,10,1.0,7.6
1999,1,10,1.0,6.6
1964,12,10,1.0,5.3
1978,6,10,1.0,5.1
1934,9,10,1.0,5.6
1964,9,10,1.0,7.7
1986,4,10,1.0,5.5
1974,5,9,1.0,4.9
1997,5,10,1.0,5.4
2014,9,10,1.0,7.4
1993,9,10,1.0,5.7
1922,1,10,1.0,7.6
1920,1,10,54.0,6.9
1968,2,10,1.0,6.6
2002,11,10,1.0,6.3
1979,1,10,1.0,4.6
1950,1,10,1.0,5.5
2020,12,10,1.0,6.5
1967,2,10,1.0,6.2
1984,5,10,1.0,4.4
1932,11,10,1.0,6.7
2015,9,10,1.0,5.4
2000,5,10,1.0,5.7
2018,2,10,1.0,4.3
2015,6,10,1.0,6.1
1932,7,10,1.0,4.7
1989,6,10,1.0,4.7
1943,8,10,1.0,6.6
1960,8,10,1.0,6.2
1992,5,10,1.0,3.8
1926,8,10,1.0,7.3
1924,4,10,1.0,6.2
1939,11,10,1.0,6.8
2013,2,10,1.0,5.7
1927,11,9,1.0,5.3
1999,10,10,1.0,6.5
1947,9,10,1.0,6.9
2021,9,10,1.0,6.9
1978,11,10,1.0,7.1
2001,10,10,2.0,6.5
1951,12,10,2.0,7.1
1969,8,10,1.0,4.1
2007,12,10,2.0,7.4
2010,10,10,1.0,6.9
1999,8,10,1.0,8.2
2005,4,10,1.0,7.3
1946,1,10,1.0,5.5
2012,2,10,1.0,5.7
1966,2,10,1.0,7.1
1947,4,10,2.0,6.3
2024,4,10,1.0,7.3
1995,11,5,1.0,5.1
2013,4,10,2.0,7.0
2017,1,10,1.0,5.5
1982,12,10,1.0,7.1
1956,7,10,1.0,6.9
1929,6,10,1.0,6.0
1979,4,10,1.0,6.6
1962,10,10,2.0,7.3
1935,8,10,1.0,5.0
1995,6,6,1.0,7.7
1936,12,10,1.0,6.8
1972,9,10,1.0,5.5
2008,7,7,1.0,6.2
1955,8,10,1.0,5.8
1966,8,9,1.0,5.7
1932,6,10,1.0,6.8
2013,2,10,1.0,4.8
2005,3,10,1.0,5.6
1945,1,10,1.0,7.2
1961,4,10,1.0,5.9
1959,9,10,1.0,5.6
1966,5,10,2.0,7.0
2005,7,10,1.0,5.8
1954,7,10,1.0,6.8
2003,2,10,1.0,2.8
1951,4,10,1.0,8.2
1990,11,10,1.0,7.7
1930,9,10,1.0,4.6
1941,4,10,2.0,6.4
1927,7,10,1.0,6.2
1970,10,10,1.0,2.7
2005,3,10,1.0,6.5
2021,11,10,1.0,7.0
1991,3,10,1.0,6.4
1964,3,10,1.0,4.7
2001,8,10,1.0,6.7
1956,3,10,1.0,7.9
2001,12,10,2.0,6.7
1998,10,10,2.0,6.5
2000,10,10,1.0,5.7
2023,9,10,2.0,7.6
1979,3,10,1.0,5.5
1990,12,10,1.0,5.6
1995,7,10,1.0,5.1
1932,10,10,1.0,6.8
1968,1,10,2.0,6.5
1998,7,5,52.0,6.4
1921,1,8,1.0,6.7
1995,8,10,1.0,6.0
1975,9,10,1.0,6.1
1950,11,10,1.0,5.3
1943,1,10,1.0,6.4
1968,11,10,1.0,7.5
1964,9,10,1.0,6.7
1981,3,10,2.0,6.6
2014,4,10,2.0,7.7
2017,7,10,2.0,8.2
1975,8,10,1.0,4.7
1979,5,10,2.0,8.0
2015,5,10,1.0,4.9
1953,5,10,2.0,6.3
1971,9,10,1.0,6.3
1951,11,10,1.0,7.6
1997,10,10,2.0,7.5
1983,3,10,1.0,7.6
1933,6,10,1.0,5.6
1985,9,10,1.0,6.6
1944,1,10,1.0,5.9
2012,3,10,1.0,7.2
1997,9,10,1.0,5.1
1998,5,10,1.0,6.0
2002,10,10,1.0,6.1
2004,10,10,1.0,7.9
1965,5,10,1.0,5.4
2025,2,10,1.0,7.3
1934,6,10,3.0,6.5
1942,11,10,1.0,6.4
1938,12,9,1.0,6.9
1950,8,10,1.0,7.3
1984,5,10,2.0,7.5
1927,9,8,1.0,5.4
1958,1,10,1.0,7.2
1922,1,1,1.0,5.7
1936,4,10,1.0,6.8
1989,1,10,2.0,5.6
2010,10,10,1.0,6.5
1980,9,10,1.0,4.9
2011,2,10,1.0,5.5
2014,12,10,1.0,7.0
1989,2,10,1.0,6.4
2008,9,10,1.0,6.2
1981,7,10,1.0,7.3
1938,7,10,1.0,4.6
2021,9,10,1.0,6.2
2021,7,10,1.0,6.0
2006,3,10,1.0,7.6
2009,12,10,1.0,6.2
1960,1,10,2.0,7.2
1989,2,10,1.0,5.9
1939,4,10,1.0,5.3
1929,9,10,1.0,6.2
1967,9,7,2.0,8.4
2015,7,10,1.0,6.4
1987,9,10,1.0,1.4
1990,1,10,1.0,6.3
1969,9,10,1.0,4.6
1974,9,8,2.0,8.3
1931,9,10,1.0,5.3
1932,1,10,1.0,7.4
1994,3,10,1.0,5.9
1928,7,10,1.0,6.2
1996,3,10,1.0,7.2
1940,11,10,1.0,7.0
1966,12,10,1.0,7.8
1973,6,10,1.0,5.4
2005,1,10,1.0,7.0
1995,5,10,1.0,7.3
1978,4,5,1.0,4.1
1941,12,10,1.0,4.8
1961,7,9,1.0,6.6
1956,4,10,1.0,6.3
1946,4,10,1.0,5.4
1985,10,10,1.0,5.4
1981,1,10,1.0,4.7
2001,5,10,1.0,5.1
1975,7,10,1.0,5.4
2004,5,10,2.0,7.8
1990,4,7,1.0,7.1
1970,8,10,2.0,7.2
1944,2,10,1.0,6.7
1996,11,10,1.0,5.9
1952,3,10,1.0,6.6
2008,3,10,1.0,6.6
1972,4,10,1.0,4.7
2003,9,10,1.0,6.3
2006,11,10,1.0,4.8
2025,4,10,1.0,7.0
1947,10,10,1.0,6.3
2012,5,10,1.0,6.6
2021,12,10,2.0,5.9
1956,6,10,1.0,8.1
1984,10,10,1.0,6.9
1963,6,10,1.0,5.6
1983,8,10,1.0,5.7
1981,5,10,1.0,7.2
1970,3,10,3.0,7.4
2019,4,10,1.0,6.7
1935,4,10,1.0,6.6
1986,9,10,1.0,5.9
2022,5,10,1.0,5.5
2015,10,10,1.0,5.9
1939,4,10,1.0,6.7
1982,3,10,1.0,5.4
1939,1,10,1.0,6.7
1936,3,10,1.0,6.0
1976,11,10,1.0,4.0
1994,9,10,1.0,5.8
2006,3,10,2.0,6.4
1974,5,9,1.0,5.3
1987,9,10,1.0,6.0
2007,8,10,1.0,3.8
2024,2,10,1.0,6.7
2018,11,6,1.0,8.1
1972,10,4,1.0,6.0
1928,3,8,1.0,2.8
1966,10,10,1.0,6.4
1945,7,10,1.0,5.6
1987,6,10,1.0,6.2
2023,3,10,2.0,5.9
2016,5,10,2.0,6.8
1937,1,10,1.0,5.8
1948,1,10,58.0,6.4
1965,1,10,1.0,5.7
1994,10,10,1.0,7.3
1990,11,10,1.0,6.1
1962,11,10,1.0,7.4
2021,4,10,1.0,5.2
1953,6,10,1.0,6.2
1950,3,10,1.0,6.4
1935,4,10,1.0,6.8
1948,6,10,1.0,6.7
1987,1,10,1.0,7.8
1963,12,10,1.0,5.1
1976,10,10,2.0,6.6
1938,3,10,1.0,6.0
2004,1,10,1.0,7.1
1962,5,10,1.0,5.8
2001,11,10,1.0,6.0
1985,4,10,2.0,6.9
1941,4,10,1.0,7.6
1996,6,9,1.0,5.8
1964,5,10,1.0,4.9
1977,12,10,1.0,6.4
1942,11,10,1.0,7.2
1999,5,10,2.0,5.1
1941,7,10,57.0,5.8
1951,7,10,1.0,7.0
1963,1,10,2.0,6.4
2003,1,10,1.0,6.0
1942,11,10,1.0,7.3
1948,11,10,1.0,6.5
1986,9,10,1.0,6.4
1994,4,10,1.0,3.7
1940,6,10,1.0,6.3
1999,6,10,1.0,7.3
1984,9,10,1.0,5.7
2011,12,10,2.0,7.3
2005,9,10,1.0,4.9
1958,10,10,1.0,6.2
1954,11,10,1.0,6.3
1979,11,10,1.0,5.3
1973,8,10,1.0,5.5
1967,11,10,2.0,7.0
1974,7,10,1.0,7.1
1939,8,10,54.0,5.8
1981,9,10,1.0,3.5
1939,11,10,1.0,5.9
1937,12,10,1.0,6.6
1993,10,10,1.0,5.8
1923,9,10,1.0,6.7
1961,9,10,1.0,6.3
1946,1,10,58.0,4.2
2022,6,3,1.0,7.2
1990,5,10,2.0,6.7
2000,8,10,1.0,5.1
1991,4,10,1.0,6.9
2014,3,10,1.0,8.6
1928,6,9,1.0,7.5
2023,9,10,1.0,4.8
1933,10,10,1.0,5.5
1990,8,10,1.0,5.5
2010,5,10,2.0,3.9
2018,8,10,1.0,6.5
1938,1,10,1.0,7.4
1996,12,10,1.0,6.0
2003,1,10,1.0,5.6
1932,10,10,1.0,6.9
2011,8,10,1.0,7.5
1968,5,10,1.0,6.5
2002,5,10,1.0,6.6
1979,1,10,1.0,4.2
2013,11,10,1.0,7.0
1934,1,10,1.0,5.7
1988,1,10,1.0,4.9
1980,8,10,1.0,3.7
1947,3,10,1.0,6.3
1931,8,10,1.0,5.4
1931,12,10,1.0,5.2
1939,1,10,1.0,5.8
1975,9,10,1.0,7.5
1982,10,10,2.0,6.2
1991,2,10,1.0,7.0
1922,8,8,1.0,2.8
1993,9,10,2.0,6.0
1993,12,10,2.0,7.8
1945,2,10,1.0,6.2
2008,9,10,1.0,6.2
2007,4,10,1.0,6.7
1943,3,10,1.0,6.5
1930,12,10,1.0,5.5
1982,11,10,1.0,4.7
1941,2,10,1.0,6.8
1959,12,10,1.0,7.1
1956,3,10,1.0,7.7
2020,9,10,1.0,4.4
1920,8,10,1.0,7.0
1968,12,10,1.0,6.5
1981,3,10,2.0,7.4
1974,12,2,1.0,6.3
1950,2,10,1.0,8.1
1976,3,8,1.0,7.1
1945,11,10,58.0,6.2
1992,9,10,1.0,7.5
1946,3,10,1.0,5.9
1936,8,10,1.0,6.7
1921,1,8,1.0,8.2
2007,2,10,1.0,6.3
1949,9,10,1.0,6.5
1993,3,10,1.0,6.2
1952,7,10,2.0,7.0
1963,12,10,1.0,7.0
1991,12,10,1.0,4.1
2021,6,10,1.0,5.4
1950,10,10,1.0,5.4
1945,7,10,1.0,5.4
1940,6,10,1.0,5.1
1992,2,10,2.0,6.6
2024,9,10,1.0,4.7
1988,5,10,1.0,5.8
2012,1,10,1.0,6.7
1974,3,10,1.0,6.4
1937,1,10,57.0,6.2
2008,5,10,1.0,6.2
2018,2,10,1.0,5.4
1946,9,9,1.0,6.7
2018,6,10,1.0,7.1
1932,9,10,1.0,6.4
1945,1,1,48.0,6.3
1928,10,10,3.0,7.0
1994,8,10,2.0,5.8
1991,9,10,1.0,5.1
2018,9,10,2.0,7.2
1924,12,10,1.0,7.1
1984,6,10,1.0,5.1
1925,3,10,50.0,6.1
2024,12,10,2.0,6.7
1935,8,10,1.0,6.9
1961,9,10,1.0,7.3
1956,9,10,1.0,4.8
1971,3,10,1.0,4.4
1976,9,10,1.0,6.8
1977,8,9,1.0,5.7
2023,3,10,1.0,5.1
1953,9,10,1.0,7.2
2016,4,10,1.0,7.2
2020,4,10,1.0,5.2
1945,12,10,1.0,6.7
1955,9,10,1.0,4.9
1968,10,10,1.0,6.0
1977,10,10,1.0,5.0
1970,9,10,1.0,5.7
1942,2,10,1.0,7.9
1940,12,10,1.0,5.9
1922,11,10,1.0,3.9
1953,3,10,1.0,5.7
1992,6,10,2.0,7.1
2018,3,10,1.0,7.1
1994,3,10,2.0,7.5
1981,7,10,1.0,4.7
1962,1,10,2.0,7.1
1961,5,10,1.0,7.3
2012,7,10,1.0,6.1
2008,4,10,1.0,4.8
2004,3,10,2.0,6.7
2012,10,10,2.0,7.8
1966,2,10,1.0,6.4
1967,2,10,1.0,7.2
1947,5,10,1.0,6.7
2020,5,10,1.0,6.7
2013,11,10,1.0,6.6
1972,6,10,1.0,5.5
1986,2,10,1.0,7.3
2019,10,10,1.0,6.4
1928,3,10,1.0,5.6
1980,1,10,2.0,8.0
2013,5,10,1.0,5.7
1975,4,10,1.0,6.4
1966,7,10,1.0,5.6
1971,6,10,1.0,6.7
1999,3,10,1.0,6.7
1967,4,10,1.0,5.5
1984,3,9,1.0,4.8
2005,7,10,1.0,5.7
1936,4,10,1.0,6.0
2012,5,10,2.0,6.0
1923,9,10,1.0,6.4
1983,4,10,1.0,4.9
2023,6,10,2.0,8.5
1965,9,10,1.0,4.3
1992,6,10,1.0,7.5
1996,5,10,1.0,6.2
1921,6,10,1.0,4.8
1972,9,10,1.0,5.9
1978,6,10,1.0,6.2
1943,4,10,1.0,4.6
1992,9,10,1.0,7.1
1974,1,10,1.0,4.6
1958,4,10,1.0,4.2
1969,9,10,1.0,6.1
1950,11,10,1.0,5.1
1955,1,10,1.0,7.6
1959,10,10,1.0,6.2
1943,11,10,1.0,5.9
1967,2,10,1.0,6.1
1954,6,10,1.0,6.4
2002,11,7,1.0,6.5
1983,6,10,2.0,6.5
1978,10,10,1.0,4.1
1927,3,10,1.0,6.0
2011,11,10,2.0,6.5
1963,3,10,1.0,5.6
1964,6,10,1.0,7.2
2006,6,10,1.0,5.8
1973,8,10,1.0,4.1
1948,9,10,1.0,6.5
1979,10,10,1.0,7.4
2014,2,10,1.0,6.0
1997,3,10,1.0,6.8
1978,5,10,1.0,5.6
1969,9,10,1.0,8.0
1995,11,10,1.0,7.0
1946,6,10,1.0,6.5
1994,2,10,1.0,6.9
1952,6,10,1.0,6.0
1944,6,10,1.0,4.8
1988,10,10,1.0,6.3
1989,12,10,1.0,5.7
1985,8,10,1.0,6.1
1991,11,10,1.0,4.4
2024,6,10,1.0,5.4
1967,5,10,2.0,6.7
1947,3,10,1.0,6.4
1990,1,10,1.0,3.8
1943,3,10,1.0,4.4
1959,7,10,1.0,6.0
2016,3,10,1.0,7.1
1937,10,10,1.0,5.5
1973,1,10,1.0,4.2
2015,2,10,1.0,7.7
1979,7,10,1.0,5.0
2003,6,10,1.0,5.4
1993,6,10,2.0,6.5
1953,5,10,1.0,6.5
2003,4,10,1.0,6.5
1922,9,6,1.0,6.6
1989,5,10,1.0,4.7
2004,3,10,1.0,6.5
1924,10,10,1.0,5.6
1963,1,10,2.0,7.4
1992,9,10,1.0,5.3
1975,3,10,1.0,7.0
1931,11,10,1.0,5.6
1996,3,10,1.0,6.6
2022,9,10,1.0,7.2
1947,12,10,1.0,5.9
2021,10,10,1.0,6.8
1923,2,8,1.0,6.6
1988,5,10,1.0,4.8
1983,9,10,1.0,3.8
1977,11,10,1.0,6.1
2005,6,10,1.0,5.5
1951,8,10,1.0,6.2
1989,10,10,1.0,5.9
2003,4,10,1.0,6.0
1994,3,10,2.0,5.5
1989,2,10,1.0,6.8
1988,9,10,1.0,6.9
1972,8,10,1.0,5.7
2014,11,10,1.0,6.6
1968,4,5,1.0,5.0
1976,9,8,1.0,3.7
2023,10,10,1.0,6.0
1996,12,10,1.0,6.6
1956,1,10,1.0,5.6
2001,1,10,1.0,6.9
1939,11,10,1.0,4.7
1946,1,10,2.0,6.2
2010,12,10,1.0,5.9
2001,8,10,1.0,5.7
2003,8,10,1.0,5.7
2001,10,10,1.0,6.1
1977,12,10,1.0,6.1
1997,11,10,1.0,6.2
1979,4,10,1.0,6.3
1999,10,10,1.0,6.6
1987,6,10,1.0,6.3
2020,9,10,1.0,5.5
1974,1,10,1.0,5.1
2005,6,10,1.0,7.6
2025,2,10,1.0,4.3
1954,4,10,1.0,5.7
1978,9,10,1.0,6.6
1963,11,10,1.0,7.1
1931,1,10,1.0,6.4
1964,4,10,2.0,5.9
1939,7,10,1.0,6.5
1984,7,10,1.0,5.8
2020,10,10,1.0,5.8
1956,12,6,1.0,7.5
1962,2,10,1.0,6.2
1940,9,10,1.0,8.2
1985,6,10,1.0,6.1
1955,4,10,1.0,6.4
1974,8,10,1.0,4.2
2003,9,7,1.0,4.9
1994,2,10,1.0,7.1
1972,11,10,1.0,6.9
1981,7,10,1.0,8.4
1934,4,10,1.0,5.8
1949,7,10,1.0,5.8
1953,9,10,1.0,6.8
2024,5,10,1.0,5.6
2006,5,10,1.0,6.5
1996,11,9,1.0,4.6
1947,3,10,1.0,6.5
1998,9,10,1.0,3.5
2017,5,10,1.0,5.5
1975,9,10,1.0,5.4
2006,10,10,1.0,6.1
1925,3,10,1.0,5.2
1930,7,10,1.0,6.9
1933,5,10,1.0,7.2
1975,12,10,1.0,6.7
1954,1,10,1.0,6.2
1979,10,10,3.0,7.4
1988,5,10,1.0,7.3
1924,8,9,1.0,6.6
1981,1,7,1.0,5.3
2020,5,4,1.0,5.9
2024,10,10,1.0,6.9
1994,2,10,1.0,5.6
1955,4,10,1.0,5.3
2004,8,8,1.0,2.1
1976,11,10,1.0,6.2
1959,10,10,1.0,4.3
1929,2,10,1.0,6.6
2025,1,10,1.0,2.7
2025,1,10,1.0,4.3
1927,2,7,1.0,6.7
2018,2,10,1.0,7.2
1963,1,10,1.0,6.8
2017,5,10,1.0,4.7
2016,9,10,1.0,4.9
1998,1,10,1.0,5.6
1995,1,10,1.0,4.8
1959,7,10,1.0,7.1
2007,3,10,1.0,6.3
1969,8,10,58.0,5.4
2000,2,10,1.0,5.4
2003,8,10,1.0,7.1
1979,4,10,1.0,4.6
1968,11,10,1.0,3.2
1977,9,10,1.0,5.4
2022,12,10,1.0,7.3
1979,2,10,1.0,7.4
1949,4,10,1.0,7.0
1992,10,10,2.0,6.4
1975,6,10,1.0,4.4
1991,11,10,1.0,4.2
1978,7,10,1.0,5.1
1972,5,10,1.0,4.9
1966,1,10,1.0,6.6
2009,4,10,1.0,5.6
2025,2,10,1.0,5.5
1998,8,10,1.0,5.9
2018,9,10,1.0,7.2
1958,8,10,1.0,6.3
1970,10,10,1.0,7.4
1969,9,10,2.0,6.7
1998,12,10,1.0,5.0
2003,11,10,1.0,4.1
1999,2,10,1.0,7.9
1973,12,10,1.0,3.6
2024,4,10,1.0,6.4
1993,1,10,1.0,4.7
2022,6,10,1.0,6.8
1963,2,10,1.0,4.8
1950,10,10,1.0,7.1
1950,11,10,1.0,6.1
2013,2,10,1.0,7.2
1929,9,10,58.0,5.7
1996,2,10,1.0,6.8
2004,10,10,2.0,7.7
1971,1,10,1.0,7.0
1933,12,10,1.0,6.0
1934,2,10,1.0,6.7
2024,11,10,1.0,8.0
1995,9,10,1.0,6.4
1986,7,10,1.0,4.8
1982,10,10,1.0,7.1
1970,4,10,2.0,7.9
1928,7,10,2.0,5.8
1941,10,10,1.0,6.1
1976,3,10,1.0,7.6
1995,10,10,1.0,6.7
1993,9,10,1.0,6.9
1943,9,10,1.0,6.7
1990,4,10,1.0,5.3
2022,11,10,1.0,6.1
1997,5,10,1.0,6.4
2005,7,10,1.0,7.5
2016,3,10,1.0,6.2
1997,3,10,1.0,7.4
1934,8,10,1.0,6.8
1990,8,10,1.0,6.9
1985,11,10,1.0,4.7
2007,8,10,1.0,6.7
2024,10,10,1.0,7.8
1951,1,10,1.0,6.4
1953,6,10,1.0,5.7
2007,1,10,1.0,5.2
1990,10,10,2.0,7.2
2002,3,10,2.0,7.2
1993,4,10,3.0,4.8
1936,5,10,1.0,5.5
1946,2,10,1.0,6.3
1979,4,10,2.0,6.4
1994,2,10,1.0,6.8
1977,7,10,1.0,5.6
2018,4,10,1.0,6.8
2006,3,8,1.0,7.0
2017,8,10,1.0,6.3
1999,1,10,1.0,6.2
1942,10,10,1.0,5.4
2020,2,10,2.0,7.1
2019,3,10,1.0,6.5
2021,12,10,1.0,6.4
1963,1,10,1.0,4.5
1981,4,10,1.0,6.3
1947,6,10,1.0,5.3
1926,3,10,1.0,6.8
1969,10,10,1.0,7.4
2002,8,10,1.0,5.7
1994,8,10,1.0,2.8
1960,9,10,1.0,6.2
1994,6,10,2.0,7.3
2009,9,10,1.0,6.4
1977,9,10,1.0,6.0
1938,2,10,2.0,6.6
2017,12,10,2.0,6.9
2015,11,10,1.0,6.4
1994,6,10,1.0,6.5
1989,7,10,1.0,8.2
1999,5,10,2.0,6.7
1986,9,10,1.0,5.8
2009,9,10,1.0,5.5
2007,2,10,1.0,6.3
2009,9,10,1.0,7.4
1968,5,10,1.0,7.6
1994,2,10,1.0,6.4
1947,6,10,1.0,6.8
1987,1,10,2.0,5.9
2003,1,10,1.0,7.3
1962,6,10,1.0,6.2
1931,2,10,2.0,5.8
1945,10,10,55.0,5.9
1974,9,8,1.0,6.3
1964,4,10,1.0,8.1
1984,8,10,1.0,6.8
1981,6,10,1.0,4.7
1983,3,10,2.0,6.1
1995,3,10,1.0,5.3
1985,8,10,1.0,6.1
2004,1,10,1.0,3.6
2018,9,10,1.0,7.3
2002,3,10,1.0,6.0
1964,12,10,1.0,6.3
2002,10,10,2.0,7.2
1962,3,10,1.0,4.2
1928,12,9,1.0,5.6
1939,5,10,1.0,6.8
1977,11,10,1.0,6.8
1963,10,10,1.0,4.5
2021,3,10,1.0,7.4
2007,6,10,1.0,5.1
1974,5,10,1.0,5.5
1984,3,10,1.0,5.0
2003,7,10,1.0,5.8
1940,8,10,1.0,5.5
2002,4,10,1.0,7.0
1983,9,10,1.0,7.5
1976,11,10,1.0,4.9
1930,2,10,1.0,6.8
1964,1,6,2.0,6.4
1999,5,10,1.0,5.3
2016,11,10,1.0,3.5
2015,2,10,2.0,5.3
2012,3,1,1.0,6.2
1947,4,10,1.0,4.4
1981,4,10,1.0,6.2
1983,11,10,1.0,5.2
1960,11,10,1.0,7.2
1988,9,10,2.0,7.9
2012,7,10,1.0,7.1
1965,2,10,1.0,6.0
2003,11,10,2.0,7.6
1966,7,10,1.0,7.3
1959,11,10,2.0,6.9
1966,10,10,1.0,6.8
1988,5,10,1.0,4.9
1947,12,10,1.0,6.4
2011,9,10,1.0,5.8
1953,2,10,1.0,7.2
1958,1,10,2.0,5.8
1978,12,10,1.0,6.3
1990,1,10,2.0,5.9
2001,7,10,1.0,6.7
2008,4,10,1.0,5.4
1939,8,10,59.0,6.0
1960,1,10,2.0,7.3
2013,8,10,1.0,5.7
1950,9,10,1.0,7.6
2009,8,10,1.0,7.0
1998,10,10,1.0,7.4
1932,2,7,1.0,7.9
2001,8,10,1.0,5.6
1970,7,10,1.0,6.1
1994,2,6,1.0,5.2
1968,3,4,1.0,7.3
2001,5,10,1.0,4.8
1946,10,10,1.0,8.3
2003,7,10,2.0,7.3
1965,11,10,1.0,6.3
1935,5,10,1.0,6.0
1978,4,10,1.0,4.6
1986,3,10,1.0,5.8
1934,12,10,1.0,5.6
1981,12,10,1.0,7.6
2018,9,10,1.0,6.0
1989,5,10,1.0,5.6
1963,10,10,1.0,5.6
1949,9,10,1.0,6.3
1934,7,10,1.0,6.9
1965,6,10,1.0,7.1
1942,11,6,1.0,6.6
1985,5,10,1.0,8.1
1946,9,10,1.0,6.7
1939,8,10,1.0,6.5
1965,9,10,1.0,5.5
1924,8,10,1.0,6.1
2011,11,10,1.0,6.0
1986,8,10,1.0,7.1
1929,9,10,57.0,6.2
2002,12,10,1.0,5.6
1982,8,10,1.0,7.0
2021,7,10,1.0,4.5
1934,3,10,1.0,6.7
1934,10,10,1.0,5.9
1952,11,10,1.0,5.3
1958,9,10,1.0,5.6
1944,9,10,1.0,5.9
1961,9,10,1.0,6.1
1987,2,10,1.0,6.3
1966,2,10,1.0,7.1
2009,11,10,1.0,6.0
1991,7,10,1.0,7.0
2025,2,10,2.0,8.4
1980,1,10,2.0,7.5
1945,1,10,1.0,7.1
1956,10,10,1.0,6.0
1937,8,10,1.0,6.3
1959,9,10,1.0,6.7
1995,3,10,51.0,7.6
1958,9,10,1.0,5.6
1955,3,10,1.0,6.1
1979,5,10,2.0,6.2
2005,12,10,1.0,5.5
2016,11,10,1.0,6.3
2004,1,10,1.0,6.9
1949,10,8,1.0,6.2
2019,5,10,1.0,5.4
1988,8,10,1.0,4.0
1995,10,10,1.0,6.9
1966,9,10,1.0,7.6
2013,5,10,1.0,5.8
1996,8,10,1.0,6.9
1976,3,10,1.0,4.5
1992,12,10,1.0,4.7
1924,2,9,1.0,5.2
2023,3,10,1.0,8.8
2019,7,10,1.0,6.6
1932,8,10,1.0,7.2
1930,10,10,1.0,5.9
1987,9,10,1.0,6.3
1990,7,10,2.0,6.3
2022,11,10,1.0,6.5
1956,4,10,1.0,6.3
1985,6,10,1.0,7.5
1937,5,10,1.0,5.7
1968,1,10,1.0,5.3
1929,1,10,1.0,7.1
1959,7,10,2.0,6.3
1952,2,10,1.0,5.9
2007,11,10,1.0,6.3
2003,9,10,1.0,7.5
2018,11,10,1.0,5.3
1968,9,10,1.0,5.4
1982,9,10,1.0,5.6
1968,2,10,1.0,7.5
1963,10,10,1.0,5.6
1992,8,10,1.0,6.4
2003,5,10,1.0,6.1
1944,2,10,1.0,5.5
1987,9,10,1.0,5.8
1964,7,10,1.0,6.5
1929,8,10,1.0,7.6
1950,6,10,1.0,4.6
2013,3,10,1.0,6.3
1957,12,10,1.0,6.9
2015,12,10,1.0,7.2
1945,1,10,1.0,7.2
1984,9,10,1.0,5.6
2023,11,10,1.0,6.5
1959,2,10,1.0,4.9
2003,2,10,2.0,6.4
2019,6,3,1.0,6.0
1945,4,10,1.0,6.8
2008,11,10,1.0,4.0
2017,6,10,1.0,6.2
1977,7,10,1.0,6.3
1970,3,10,1.0,5.8
1988,4,10,1.0,4.3
1933,5,10,1.0,6.8
1990,1,10,2.0,7.2
1938,2,10,1.0,7.1
2013,11,10,2.0,6.5
2014,12,10,1.0,6.3
2007,1,10,1.0,6.2
1966,3,10,1.0,5.5
2018,2,10,1.0,6.8
2007,8,10,1.0,5.4
2019,9,1,1.0,8.3
1970,10,10,2.0,7.2
1945,12,10,1.0,5.6
1922,1,10,1.0,6.7
1946,6,10,1.0,6.5
2011,2,10,1.0,6.2
2002,2,10,1.0,7.2
2022,3,4,1.0,7.4
1951,12,10,1.0,5.5
2012,8,10,1.0,7.0
2007,5,10,1.0,5.9
1943,2,10,1.0,7.1
2013,11,10,1.0,6.7
2019,3,10,1.0,7.7
2010,6,10,1.0,6.4
1988,4,10,1.0,2.7
2010,3,10,1.0,6.4
2023,4,10,2.0,7.6
2021,1,10,1.0,6.6
1948,11,10,1.0,6.0
1953,12,10,1.0,6.5
1921,5,10,2.0,6.6
1924,2,9,1.0,7.0
1938,10,10,1.0,6.2
1990,5,10,1.0,7.0
2001,5,10,1.0,6.6
1985,1,9,1.0,7.9
2024,10,10,1.0,5.3
1966,1,10,2.0,8.0
1989,2,10,1.0,5.0
1973,6,10,1.0,5.8
1930,3,10,1.0,5.9
1959,9,10,1.0,6.4
1980,7,10,1.0,4.5
2018,6,10,2.0,7.6
1947,8,10,53.0,5.7
2013,9,1,1.0,6.1
1953,8,10,1.0,6.0
1957,9,10,1.0,6.3
1970,1,10,1.0,5.3
1994,3,10,1.0,7.2
1974,9,7,1.0,6.4
1986,2,10,1.0,5.5
2000,4,10,2.0,5.3
1979,9,10,1.0,5.9
1944,2,10,1.0,5.9
2014,10,10,1.0,5.1
1960,4,10,1.0,5.3
1955,9,10,1.0,6.3
2004,11,10,1.0,6.2
2019,9,10,1.0,5.5
1920,3,10,50.0,6.3
1936,8,10,1.0,5.8
1923,2,10,1.0,1.8
1947,1,10,55.0,5.8
1995,10,10,1.0,7.4
1987,8,10,1.0,6.8
1967,11,10,1.0,6.5
2019,4,6,1.0,5.6
1983,4,10,1.0,6.1
1920,5,5,1.0,6.1
1923,6,10,1.0,6.4
1973,5,10,1.0,7.5
1990,8,10,1.0,7.0
1984,8,10,1.0,6.2
1940,11,10,1.0,5.7
2000,2,10,1.0,7.2
1946,12,10,1.0,6.3
1966,12,10,1.0,4.8
1956,7,10,1.0,7.5
1984,9,10,1.0,4.3
1965,5,10,1.0,5.8
1931,7,10,1.0,7.8
2021,7,10,1.0,6.1
1942,9,10,1.0,6.2
2021,9,10,1.0,4.2
1999,10,10,1.0,4.1
2021,10,10,1.0,5.8
1976,2,10,1.0,8.2
1985,8,10,3.0,6.9
1974,7,10,1.0,5.6
1948,7,10,1.0,5.8
2017,7,10,1.0,6.8
1973,4,10,1.0,6.6
1985,6,10,1.0,6.7
2007,4,10,1.0,7.1
2007,7,10,2.0,7.3
1977,12,10,1.0,5.5
2012,3,10,2.0,7.5
1928,1,10,1.0,4.0
2020,9,10,2.0,6.8
1979,4,10,2.0,8.5
1949,1,10,1.0,7.2
1956,6,10,1.0,4.5
1940,5,10,59.0,5.9
1981,7,10,1.0,4.9
1927,12,10,1.0,5.9
1974,10,10,2.0,6.7
1972,8,10,1.0,6.6
1959,9,10,2.0,6.9
1936,4,10,1.0,5.9
1953,2,10,1.0,7.1
1995,10,10,1.0,4.7
1978,4,10,2.0,6.4
1979,4,10,1.0,6.1
1981,7,10,1.0,7.4
1956,4,10,1.0,7.2
1956,11,10,1.0,6.3
1990,8,10,1.0,5.3
1957,12,10,1.0,6.7
1986,7,6,1.0,5.0
1955,12,8,1.0,6.6
1984,10,10,2.0,6.5
2003,4,10,1.0,5.2
2019,7,10,1.0,5.5
1926,2,8,1.0,7.0
1931,10,5,1.0,4.8
2022,4,7,1.0,4.7
1990,7,7,1.0,4.3
1935,4,10,1.0,6.7
2004,10,10,1.0,6.6
1946,6,10,1.0,6.6
2009,8,10,2.0,7.0
1958,10,10,1.0,5.7
1989,10,10,1.0,6.1
2021,2,10,1.0,3.2
1950,2,10,1.0,6.4
2014,10,10,2.0,6.4
1926,2,10,1.0,6.9
1935,8,10,1.0,6.1
1931,4,10,1.0,6.9
1967,4,10,1.0,5.1
2008,3,10,1.0,5.0
2017,12,10,1.0,6.2
1944,12,10,1.0,7.3
1964,5,10,1.0,6.3
2000,1,10,2.0,6.8
1998,4,10,1.0,7.5
2013,7,10,1.0,5.4
1954,9,10,2.0,7.9
1930,3,10,1.0,6.6
2001,11,10,1.0,7.0
2001,1,10,1.0,5.8
1986,7,10,2.0,7.6
1978,11,8,1.0,6.3
2004,11,10,1.0,7.1
1971,11,10,1.0,3.3
1935,5,10,1.0,7.1
1991,9,10,1.0,5.1
1992,1,10,1.0,6.4
1957,12,10,1.0,6.1
2006,1,10,1.0,6.3
2008,11,10,2.0,6.6
2011,10,10,1.0,6.9
1951,9,10,1.0,6.7
1952,7,10,1.0,6.7
1980,12,10,1.0,4.8
1975,4,10,1.0,5.6
1956,1,5,1.0,4.8
1943,9,10,1.0,6.8
2014,2,10,1.0,6.2
1924,4,10,1.0,6.4
2009,12,10,1.0,6.8
1972,2,10,1.0,6.3
1963,4,10,1.0,4.4
1969,5,10,1.0,5.9
1971,4,10,1.0,6.7
1985,3,10,1.0,4.8
1986,10,10,1.0,7.1
1993,8,10,2.0,6.5
1929,11,10,1.0,6.0
1957,8,10,1.0,5.6
2000,3,10,1.0,4.4
2018,4,10,1.0,6.1
1945,1,3,1.0,7.0
1967,5,10,1.0,5.4
1974,6,3,1.0,7.1
2002,7,10,1.0,7.4
1963,1,10,1.0,6.2
2010,11,10,1.0,6.5
2013,1,10,1.0,6.5
1942,8,10,1.0,5.6
2021,2,10,1.0,5.0
1969,1,10,1.0,3.5
1994,10,10,1.0,5.1
1987,11,10,1.0,3.5
1983,3,8,1.0,7.3
2007,4,10,1.0,5.8
1975,9,10,1.0,6.4
1945,7,10,4.0,6.6
1958,11,10,1.0,6.8
1996,10,10,1.0,5.8
1993,1,8,1.0,9.0
1986,5,10,1.0,7.4
1990,3,10,2.0,6.3
1937,10,10,1.0,7.1
1978,4,10,1.0,6.4
1934,1,8,1.0,6.4
2000,6,10,1.0,7.0
1962,1,10,1.0,7.7
1980,9,10,2.0,7.6
1941,2,10,1.0,6.6
1964,11,10,1.0,6.9
1933,9,10,1.0,6.4
1921,9,6,1.0,7.0
1989,8,10,1.0,4.5
1936,12,10,1.0,6.5
1992,2,10,1.0,4.6
1976,1,10,1.0,6.3
1946,8,10,57.0,5.9
1983,1,10,1.0,4.1
1954,4,10,1.0,7.5
1934,9,10,1.0,6.4
1920,10,10,1.0,4.8
1992,9,10,2.0,4.7
1989,3,10,1.0,7.1
2022,5,10,1.0,7.5
2001,12,10,1.0,5.7
1942,12,10,1.0,6.7
1952,9,10,1.0,5.7
1935,2,10,1.0,6.8
1984,1,10,1.0,4.6
1932,5,10,1.0,5.9
2010,3,10,1.0,5.6
1944,12,10,1.0,5.9
1930,4,10,1.0,6.7
1975,2,10,1.0,7.4
1958,12,10,2.0,7.9
2004,5,1,1.0,6.7
1971,7,10,1.0,4.0
1970,9,10,1.0,6.6
1952,6,10,1.0,6.7
1967,3,10,1.0,5.5
1964,9,10,1.0,7.0
1972,7,10,1.0,6.9
1986,4,10,1.0,7.3
1929,12,10,1.0,5.7
2018,2,10,1.0,6.3
2014,4,10,1.0,7.0
1932,12,10,1.0,5.1
2002,6,10,1.0,7.1
2003,2,10,1.0,6.7
2025,2,10,2.0,8.0
1938,10,10,1.0,6.4
1998,9,10,1.0,3.7
2015,4,10,1.0,7.1
2020,3,3,1.0,8.2
1967,3,10,1.0,6.2
2006,3,10,1.0,7.2
2002,9,10,1.0,7.2
1956,11,10,3.0,8.6
1932,5,10,1.0,5.0
1946,4,10,1.0,6.2
1948,9,10,1.0,5.8
1929,3,10,58.0,6.7
2001,10,10,1.0,5.1
1972,9,6,1.0,4.6
2012,7,10,1.0,6.4
1960,12,10,1.0,6.4
2014,4,10,1.0,6.3
1932,8,10,55.0,5.5
1991,11,10,1.0,6.6
1979,7,10,1.0,4.7
1962,9,1,2.0,8.4
1965,12,10,1.0,5.8
2005,2,10,1.0,5.9
1997,1,10,1.0,6.1
2000,12,10,1.0,3.4
1998,2,10,2.0,6.1
1982,4,10,1.0,4.9
1920,9,10,1.0,4.3
2012,11,10,2.0,6.4
2014,9,10,1.0,6.8
2001,4,10,1.0,6.0
1974,1,10,1.0,5.5
1947,11,10,1.0,7.6
1962,1,9,1.0,4.4
1989,1,10,1.0,5.1
1946,2,10,1.0,6.9
1990,9,10,1.0,6.2
1988,9,10,1.0,6.7
2008,11,10,1.0,7.3
1981,9,10,2.0,7.7
1966,9,10,1.0,6.7
1995,11,10,1.0,4.8
1978,2,10,1.0,5.6
2005,11,10,1.0,5.3
2001,11,10,1.0,4.1
2012,7,10,1.0,7.8
1976,6,10,1.0,5.6
1934,12,10,1.0,6.3
1990,7,10,2.0,8.2
1991,4,10,1.0,5.6
1968,6,10,1.0,5.4
1942,4,10,1.0,6.7
2012,9,10,1.0,7.4
1967,5,10,2.0,6.2
1966,5,10,1.0,8.0
1976,1,10,1.0,5.3
1979,12,9,1.0,5.2
2003,1,10,2.0,7.7
2020,1,6,1.0,6.2
1976,6,10,1.0,4.7
1937,10,10,58.0,5.6
2006,9,10,1.0,3.7
1950,7,10,1.0,6.0
1999,12,10,2.0,5.3
1956,9,10,1.0,6.9
1942,1,10,1.0,4.9
1953,9,5,1.0,7.3
1969,7,10,2.0,6.4
1993,9,10,1.0,5.9
1986,8,10,1.0,5.9
2004,8,10,1.0,4.7
1977,12,10,1.0,6.4
2009,4,1,1.0,6.7
1943,9,10,1.0,6.9
1961,1,10,2.0,6.9
1949,3,10,1.0,6.6
2017,8,10,1.0,6.6
2013,11,10,2.0,4.9
1954,2,10,1.0,6.6
1963,5,10,1.0,6.7
1966,1,10,1.0,6.5
2000,11,10,1.0,5.1
1947,6,10,1.0,5.5
1960,6,10,2.0,6.7
2004,9,10,1.0,5.6
1966,3,10,1.0,5.8
2008,1,4,1.0,6.8
1960,7,10,1.0,6.9
1985,9,10,1.0,3.6
1993,1,10,1.0,5.5
1957,2,10,1.0,6.6
1965,5,10,1.0,5.7
1983,9,10,1.0,6.4
2001,3,10,1.0,7.3
1952,9,10,1.0,5.2
1967,9,10,1.0,4.9
2005,2,8,1.0,6.6
1990,2,10,1.0,6.8
2016,12,10,1.0,6.6
1926,12,5,1.0,5.4
2012,9,10,1.0,6.4
1948,11,10,1.0,5.5
1960,7,9,1.0,4.3
1932,1,8,1.0,6.6
2021,10,10,1.0,6.4
1959,12,10,1.0,5.9
1976,10,10,1.0,7.0
1991,9,10,1.0,4.8
2011,12,10,1.0,6.0
2021,10,10,1.0,5.3
2018,4,10,1.0,6.4
2001,11,10,1.0,4.8
1998,9,10,1.0,6.6
2019,5,10,2.0,6.0
1920,4,7,1.0,6.0
2001,4,10,1.0,5.1
1971,12,10,2.0,6.5
2016,5,10,1.0,7.2
1948,1,10,1.0,6.0
1967,2,10,1.0,6.8
2007,7,10,1.0,7.3
2022,8,10,2.0,7.3
2008,4,10,1.0,3.7
2016,8,10,1.0,6.6
1992,11,10,1.0,7.0
1972,8,10,1.0,7.6
2001,1,10,2.0,4.7
1985,7,10,1.0,6.1
1949,11,10,1.0,6.8
1963,3,10,1.0,7.2
1987,11,10,1.0,5.7
2004,3,10,2.0,8.6
1953,2,10,1.0,7.0
1940,3,10,1.0,6.8
2021,7,10,1.0,6.4
2001,4,10,1.0,4.5
1997,4,10,1.0,4.8
1954,8,10,1.0,5.7
1977,2,10,1.0,5.9
1980,9,10,1.0,7.0
1923,4,10,1.0,6.9
1967,10,10,1.0,7.5
1936,9,10,1.0,6.1
1954,4,10,1.0,6.1
1947,4,10,1.0,5.6
1995,10,10,1.0,3.6
1956,6,10,1.0,7.4
1945,8,10,1.0,6.2
2003,1,10,2.0,7.4
1977,5,10,1.0,6.4
1928,10,10,1.0,6.3
1985,7,10,1.0,5.0
1981,11,9,1.0,7.6
1959,11,10,1.0,7.1
1969,9,10,1.0,6.9
1945,4,10,1.0,6.6
1935,4,10,3.0,5.4
1942,7,10,1.0,6.5
1974,6,10,1.0,6.2
1978,8,10,1.0,6.0
2008,7,10,1.0,3.2
1976,12,10,2.0,7.5
1925,12,10,55.0,6.1
2017,4,10,1.0,6.1
1977,4,10,1.0,5.6
2013,4,10,2.0,7.5
1957,12,10,1.0,5.3
2011,3,10,2.0,8.3
1946,6,10,1.0,7.2
2000,11,10,1.0,7.7
1984,3,10,1.0,6.4
1942,11,10,1.0,6.9
1984,2,10,1.0,4.4
1941,4,10,1.0,6.1
1922,9,10,1.0,6.8
2012,9,10,2.0,7.8
2005,1,10,1.0,6.5
1934,9,10,1.0,7.6
1961,1,5,1.0,7.4
1990,12,10,1.0,7.3
1952,7,10,1.0,6.9
1982,3,10,1.0,6.2
1939,5,10,1.0,4.8
1998,11,10,1.0,5.3
1931,4,10,1.0,6.3
1965,6,10,2.0,7.8
1993,10,10,1.0,6.5
1966,11,10,1.0,4.5
1987,3,10,1.0,5.2
1968,6,10,1.0,5.5
1988,11,10,1.0,5.3
2021,5,10,1.0,8.2
1944,9,10,1.0,6.6
1956,3,10,1.0,5.8
2010,3,10,1.0,5.9
1935,11,10,1.0,7.0
1984,9,10,1.0,5.9
2006,1,10,1.0,7.4
1986,1,2,2.0,8.7
2020,2,10,1.0,6.1
1949,9,10,1.0,7.8
1946,5,10,1.0,6.4
1923,7,9,1.0,6.0
1965,1,5,1.0,3.4
1999,8,10,1.0,6.8
2007,12,10,1.0,8.4
2014,2,10,1.0,5.9
2005,8,10,1.0,4.7
2000,11,10,1.0,5.7
1933,6,10,1.0,6.9
1965,5,10,1.0,6.6
1976,12,10,1.0,6.8
1980,1,6,1.0,6.0
1990,1,10,1.0,5.1
2011,10,10,1.0,6.2
2021,11,10,1.0,3.6
1974,5,10,1.0,5.6
2010,9,10,1.0,6.8
2021,6,10,1.0,5.7
1982,10,10,1.0,5.4
1987,7,10,2.0,4.9
1981,8,10,1.0,7.4
2011,7,10,1.0,7.5
2024,12,10,1.0,4.4
2017,4,10,1.0,7.2
1965,12,10,1.0,5.1
1988,2,10,1.0,5.4
2019,9,10,1.0,7.8
2019,9,10,1.0,6.2
1954,10,10,1.0,6.2
1956,9,10,1.0,5.5
1944,3,10,1.0,5.2
1943,9,10,1.0,6.9
1974,3,10,1.0,4.9
1972,4,10,1.0,7.9
2019,5,10,2.0,7.2
1993,8,10,1.0,5.0
1975,9,10,1.0,4.4
2020,9,10,1.0,5.8
1968,2,10,1.0,8.2
1962,11,10,1.0,4.0
1980,8,10,1.0,4.5
1981,11,9,1.0,3.0
1999,8,10,1.0,6.2
1958,10,10,2.0,6.2
1925,12,10,1.0,6.5
1963,8,10,1.0,5.5
1938,3,10,2.0,6.3
2007,10,10,1.0,6.6
1994,10,10,2.0,5.8
1982,5,10,2.0,6.9
2016,11,10,2.0,7.4
1990,12,10,1.0,5.6
1959,3,10,1.0,5.6
1939,12,10,1.0,6.6
2005,11,10,1.0,7.5
1996,8,10,1.0,6.9
1947,2,10,1.0,6.7
2024,1,10,1.0,6.5
1981,7,1,55.0,7.2
1987,5,10,2.0,8.1
1932,3,10,58.0,5.8
2011,12,10,1.0,6.6
1927,12,7,1.0,6.4
1960,12,7,1.0,6.2
1973,9,10,1.0,5.9
2007,7,10,1.0,6.2
2022,11,10,1.0,6.6
2007,11,10,2.0,8.2
1982,5,10,1.0,6.2
1987,10,10,1.0,6.9
1949,6,10,1.0,7.1
2001,7,10,1.0,6.5
1987,9,10,1.0,6.0
2024,8,10,1.0,5.8
1955,4,10,1.0,6.9
1951,10,10,1.0,5.8
1958,11,10,1.0,6.6
2014,11,10,1.0,6.9
2019,11,10,3.0,7.8
2013,7,10,1.0,5.5
1959,7,10,1.0,8.0
1938,12,10,1.0,5.4
1932,5,10,1.0,6.9
1996,11,10,2.0,7.9
1955,6,8,1.0,3.7
1985,1,6,1.0,6.4
1938,8,10,1.0,5.1
1961,9,10,1.0,5.8
1984,4,10,1.0,6.0
1937,7,10,1.0,8.2
1925,11,7,1.0,6.1
2025,4,10,1.0,6.6
2006,5,10,2.0,5.6
2016,3,10,1.0,6.5
1990,11,10,1.0,4.1
1981,2,10,3.0,7.3
2009,6,10,1.0,6.8
1932,12,10,1.0,5.6
1994,11,10,1.0,6.6
1982,8,10,1.0,6.8
1987,5,10,2.0,7.7
1936,12,10,1.0,6.8
1938,4,10,1.0,6.0
2024,9,10,2.0,7.5
2019,9,10,2.0,8.3
1984,4,10,1.0,4.2
1955,1,10,1.0,4.1
1949,4,10,1.0,6.4
2000,10,10,1.0,5.2
1995,1,10,1.0,6.2
1995,2,10,1.0,7.1
2004,11,10,1.0,6.4
2022,10,10,1.0,7.0
2003,8,10,1.0,6.1
2000,5,10,2.0,4.7
1978,11,10,1.0,6.7
1963,8,10,1.0,3.5
1954,10,10,1.0,5.5
2017,7,10,2.0,3.4
1931,10,10,1.0,6.8
1932,6,10,1.0,5.8
1952,1,10,1.0,6.9
1932,3,10,1.0,7.7
1935,11,10,1.0,6.4
2020,7,10,2.0,8.3
1957,2,10,1.0,6.2
1945,5,10,1.0,6.6
1972,10,10,1.0,4.6
1962,9,10,1.0,6.2
1968,5,10,1.0,6.3
1983,3,10,1.0,6.3
1983,10,10,1.0,7.2
1978,6,10,1.0,6.4
2018,11,10,2.0,7.1
1933,7,10,1.0,6.5
1989,5,10,1.0,8.0
2021,7,10,1.0,7.2
1971,12,9,1.0,5.6
1980,8,10,1.0,5.5
1955,8,10,1.0,7.3
1973,3,10,1.0,5.3
1984,3,10,49.0,8.3
2016,11,10,1.0,6.2
1958,2,10,1.0,5.3
1981,9,10,3.0,6.1
2002,5,10,1.0,2.7
1946,1,10,1.0,5.5
1959,10,10,1.0,5.3
2007,1,10,1.0,7.2
1976,4,10,1.0,6.5
1980,4,10,1.0,6.3
1996,8,10,2.0,5.3
1939,12,10,1.0,6.5
2024,5,10,1.0,4.0
1997,3,10,1.0,7.1
2018,3,10,1.0,6.6
1924,9,10,1.0,7.2
1983,9,10,1.0,4.1
1963,10,10,1.0,6.7
1974,6,10,1.0,6.7
1952,9,10,1.0,6.3
1964,12,10,1.0,6.5
2023,5,10,1.0,6.9
2024,5,10,1.0,4.7
1970,5,10,1.0,7.0
2011,9,10,1.0,5.8
1982,7,10,1.0,8.1
1950,11,10,1.0,6.4
1970,1,10,1.0,6.0
1985,8,10,1.0,6.1
1926,2,10,1.0,6.8
2015,2,10,1.0,5.0
2025,3,10,2.0,7.2
1957,11,10,1.0,6.8
1986,10,10,1.0,5.6
1939,8,7,1.0,6.9
2015,4,10,1.0,5.6
1985,11,10,1.0,5.6
1948,4,10,1.0,6.6
2025,4,10,1.0,6.9
1977,2,10,1.0,4.5
1958,12,10,1.0,6.7
1959,11,10,1.0,7.5
1958,3,10,1.0,6.5
1949,5,10,1.0,6.5
1985,12,10,1.0,2.5
1961,8,10,1.0,6.3
2003,2,10,1.0,7.9
1964,6,10,1.0,5.3
1962,12,10,1.0,4.5
1970,8,10,1.0,4.1
1986,4,10,1.0,7.9
1968,12,10,1.0,6.6
1988,3,10,1.0,5.9
1966,9,10,1.0,5.4
1933,10,5,46.0,5.5
1955,9,10,1.0,7.1
1982,3,10,1.0,4.9
1975,4,9,1.0,6.3
1951,8,10,2.0,6.5
1965,1,10,1.0,7.1
1929,1,10,1.0,7.0
1924,11,10,1.0,6.7
2021,6,10,1.0,6.7
2002,7,10,1.0,6.2
1968,2,10,1.0,7.3
1983,9,10,1.0,7.5
1966,9,10,1.0,4.3
2024,4,10,1.0,7.0
1944,11,10,1.0,5.8
1959,11,10,1.0,7.1
1934,11,10,59.0,5.1
1920,5,8,50.0,5.7
1968,5,10,1.0,7.2
2002,4,10,2.0,7.1
2008,3,10,1.0,6.3
1966,3,10,1.0,6.0
1987,11,10,1.0,6.4
1938,10,10,1.0,6.7
2015,12,10,2.0,6.6
2004,6,10,1.0,5.1
1971,2,10,1.0,5.0
1926,9,10,50.0,5.4
1972,12,7,1.0,7.0
1925,11,7,57.0,4.6
1973,3,10,1.0,5.5
1957,10,10,1.0,7.5
1930,5,10,1.0,6.0
1997,6,10,1.0,5.6
1935,4,10,58.0,6.1
1992,1,10,1.0,5.8
2017,8,10,1.0,5.5
1936,8,9,2.0,6.6
1959,4,10,1.0,6.0
1960,11,10,1.0,7.2
1975,2,10,1.0,4.1
1972,5,10,1.0,4.8
1984,10,10,2.0,6.8
1953,9,10,1.0,6.0
1923,10,10,1.0,7.0
1942,4,10,1.0,6.4
1952,10,10,1.0,5.9
1963,6,10,1.0,5.7
1964,11,10,1.0,5.8
1949,11,10,1.0,7.7
1964,10,10,1.0,6.5
1923,8,10,1.0,5.6
1924,12,10,55.0,5.5
1991,9,10,2.0,8.5
1925,12,10,2.0,6.3
2005,4,10,1.0,6.8
1978,4,10,1.0,5.2
1956,12,10,2.0,6.9
1923,4,10,1.0,7.9
1947,11,10,1.0,7.0
1980,3,10,1.0,4.7
1976,10,10,1.0,3.8
1974,10,9,1.0,4.7
1940,9,10,1.0,6.6
2023,1,10,1.0,5.8
1931,10,10,1.0,5.9
1995,4,10,1.0,6.2
2009,1,10,1.0,4.7
2010,7,10,2.0,7.2
2006,1,10,1.0,6.9
1962,2,10,2.0,6.0
1923,9,10,1.0,5.6
2012,8,10,1.0,5.1
2002,9,10,1.0,6.1
1939,3,10,58.0,6.2
1976,12,10,2.0,6.9
1999,10,10,1.0,5.1
1950,9,10,1.0,6.5
1951,5,10,1.0,5.8
1958,6,9,2.0,6.7
1958,1,10,1.0,4.7
1928,3,8,1.0,6.8
2021,12,10,1.0,5.2
2000,8,10,1.0,5.8
1995,8,10,1.0,8.0
2008,9,10,2.0,6.1
2009,4,10,2.0,7.1
1951,11,10,1.0,6.1
1925,5,10,1.0,7.4
2011,3,10,2.0,7.2
2005,3,10,2.0,6.2
1995,5,10,1.0,6.4
1966,7,10,2.0,6.6
2000,3,10,1.0,7.6
1943,7,10,4.0,6.0
1972,7,10,1.0,6.2
1976,1,10,1.0,5.7
1942,11,10,1.0,6.2
1970,10,10,1.0,3.8
1943,10,10,1.0,5.3
2013,9,10,1.0,6.1
2011,6,10,1.0,7.6
1986,11,10,1.0,6.9
1988,8,10,1.0,6.3
2004,11,10,1.0,6.6
1967,10,10,1.0,5.2
1988,10,10,1.0,5.8
2019,5,10,1.0,5.1
2024,10,10,1.0,6.0
2014,9,10,1.0,7.0
1980,2,10,2.0,6.6
1975,5,10,1.0,2.8
1966,11,10,1.0,7.1
1927,10,10,1.0,6.2
2025,1,10,2.0,7.6
1965,11,10,1.0,5.4
1998,1,10,1.0,5.1
1989,8,10,1.0,3.9
2011,7,8,1.0,7.2
1960,12,10,1.0,7.1
2017,9,10,1.0,4.4
1924,7,9,1.0,5.8
1939,8,10,58.0,6.2
2021,3,10,1.0,6.5
1954,3,10,1.0,6.3
2025,3,10,1.0,6.6
1946,6,10,1.0,6.1
2022,9,10,1.0,5.2
1977,4,10,1.0,4.6
1949,11,10,1.0,6.4
2009,2,10,2.0,7.5
1941,2,10,1.0,6.8
1925,10,9,1.0,7.7
1965,3,10,1.0,6.2
2020,5,10,1.0,6.5
2013,6,10,2.0,7.6
1987,12,10,1.0,4.1
1946,10,10,1.0,5.8
2014,7,10,1.0,6.7
1923,5,10,1.0,6.4
1979,9,8,1.0,5.7
1950,12,10,1.0,6.5
1999,6,10,1.0,6.9
2013,5,10,1.0,6.3
2007,10,10,1.0,3.0
2004,7,10,1.0,6.8
1982,12,10,1.0,7.4
2016,11,10,1.0,7.2
2001,8,10,2.0,7.8
1997,4,10,1.0,5.2
2015,4,10,1.0,6.9
2023,7,10,2.0,6.7
1966,6,10,1.0,7.3
1979,4,10,1.0,4.1
1967,10,10,1.0,7.6
1989,7,10,1.0,4.7
1953,5,10,1.0,6.3
1936,2,10,2.0,5.7
1944,12,10,1.0,6.5
2004,12,10,1.0,7.6
1968,2,10,1.0,5.6
2000,4,3,1.0,6.8
1975,11,10,1.0,4.6
1986,8,10,1.0,5.9
1958,2,10,1.0,5.5
1958,9,10,1.0,6.0
2004,10,10,1.0,6.5
1970,9,10,1.0,7.3
1963,2,10,1.0,6.5
2012,1,10,1.0,6.8
1969,4,10,1.0,3.8
1982,2,6,2.0,8.6
1952,12,10,1.0,6.7
2007,1,10,1.0,6.6
2019,8,10,1.0,7.5
2002,7,10,1.0,6.4
1974,5,10,1.0,5.7
1947,12,10,1.0,5.5
1968,6,10,1.0,5.8
1962,1,10,1.0,7.4
2014,11,10,1.0,7.9
2020,10,10,1.0,4.9
1926,3,9,1.0,5.6
1989,1,10,1.0,5.2
1979,8,10,1.0,4.9
1922,5,10,1.0,8.2
2020,4,10,1.0,4.8
1980,4,10,1.0,4.6
1982,10,10,1.0,6.6
1967,9,10,2.0,6.4
1975,7,10,1.0,4.8
1965,1,10,1.0,5.3
1969,1,10,1.0,4.5
1971,9,8,2.0,6.5
2003,12,10,1.0,6.4
2017,2,4,1.0,7.0
1935,11,10,1.0,5.7
1943,4,10,1.0,5.5
1996,11,10,1.0,7.1
1990,7,10,1.0,5.5
1940,9,10,1.0,6.2
2020,2,10,1.0,4.4
1941,3,10,58.0,6.1
1957,11,10,1.0,6.2
2014,11,10,1.0,7.7
1989,3,4,1.0,5.2
1965,12,10,1.0,5.5
1960,9,10,1.0,6.5
1996,6,10,1.0,6.1
1986,8,9,1.0,5.4
1960,9,10,1.0,5.7
2012,4,10,1.0,6.0
1999,1,10,1.0,5.7
1933,1,10,1.0,6.4
1920,5,10,1.0,7.1
1956,9,10,1.0,6.4
1977,3,10,1.0,4.6
1943,9,10,1.0,6.6
1969,9,10,1.0,6.8
1942,6,10,1.0,6.7
1948,12,10,1.0,7.2
1941,10,10,1.0,5.7
2004,2,10,1.0,5.7
1955,6,10,1.0,7.5
1955,1,10,1.0,7.1
1929,6,10,1.0,6.7
2004,6,10,1.0,6.6
2003,9,10,1.0,6.8
2024,5,10,1.0,7.6
1932,11,10,1.0,7.0
2016,2,10,1.0,6.0
2021,7,10,1.0,6.4
1971,5,10,2.0,6.7
1945,7,10,1.0,6.1
1973,2,10,1.0,6.4
1993,5,10,1.0,6.9
1964,9,6,1.0,4.3
2019,1,10,1.0,7.5
1922,8,10,1.0,6.3
1939,4,10,1.0,5.5
1989,11,10,1.0,6.7
2003,2,10,3.0,6.2
1980,5,10,1.0,5.9
1952,10,10,1.0,5.7
1973,9,10,1.0,4.6
1941,5,10,1.0,2.1
1958,9,10,1.0,3.4
2013,5,10,1.0,7.2
1991,10,10,1.0,6.6
1984,1,10,1.0,5.8
1950,11,10,1.0,6.1
1941,3,10,1.0,6.0
1945,8,10,1.0,5.9
1971,7,10,2.0,7.6
1965,7,10,1.0,5.3
2013,10,10,1.0,6.6
1943,5,9,1.0,6.9
1965,8,10,1.0,7.0
1951,3,10,1.0,6.6
2015,7,10,1.0,7.0
2014,8,10,1.0,7.0
1998,7,10,1.0,7.9
1999,2,10,1.0,6.8
1946,1,10,1.0,6.7
1980,1,10,1.0,6.8
1981,10,10,1.0,7.4
1983,2,10,1.0,7.1
1944,1,10,1.0,6.3
1982,1,10,1.0,7.0
1986,11,10,1.0,3.8
1999,11,10,1.0,6.2
1986,6,10,1.0,5.6
1992,7,10,1.0,5.4
2012,4,10,1.0,7.0
1951,1,10,1.0,5.5
2000,11,10,1.0,6.2
1945,7,10,1.0,7.1
1954,3,10,1.0,6.8
1937,3,10,1.0,6.8
1961,12,10,1.0,5.8
1958,9,10,1.0,4.6
1981,5,10,1.0,6.7
1938,7,10,1.0,5.7
1995,5,10,2.0,5.3
2007,2,10,1.0,5.3
1967,11,10,2.0,5.8
1995,10,10,1.0,6.4
1972,5,10,1.0,6.5
1931,7,10,1.0,6.4
1940,9,10,1.0,6.0
1953,11,10,1.0,7.2
2018,4,10,1.0,8.9
1997,7,10,2.0,6.1
1999,12,10,2.0,6.9
2000,8,10,1.0,6.8
1945,1,10,1.0,6.5
1946,9,10,1.0,6.8
1960,3,10,1.0,5.6
2004,9,10,1.0,6.4
1975,9,10,1.0,5.5
1942,3,10,1.0,5.7
1993,11,10,1.0,7.6
1958,6,10,1.0,6.9
1941,9,9,1.0,7.1
1997,3,10,1.0,6.5
2022,10,10,2.0,6.5
1932,9,10,1.0,6.7
1964,1,9,2.0,6.3
1948,12,10,1.0,6.1
1974,5,10,1.0,6.7
1945,5,10,1.0,5.2
1965,8,10,1.0,4.4
1978,9,10,2.0,5.5
1957,8,10,1.0,5.7
2003,10,1,1.0,6.0
1998,11,10,1.0,7.2
1994,12,10,1.0,4.0
1930,12,10,1.0,5.8
1961,7,10,1.0,6.9
1990,8,10,1.0,6.2
1970,3,10,1.0,7.4
1927,10,10,1.0,7.2
1985,4,10,1.0,6.1
1996,5,10,1.0,6.6
2005,11,10,1.0,7.0
1985,12,10,2.0,4.5
2016,11,10,1.0,5.9
1964,6,10,1.0,5.1
1988,9,10,1.0,7.0
1949,12,10,1.0,7.0
1974,5,10,2.0,6.9
1959,9,10,1.0,5.5
1955,4,10,59.0,5.4
1985,10,10,1.0,5.8
2016,1,10,1.0,6.8
1926,2,10,1.0,6.1
2019,1,8,1.0,8.8
1928,1,10,1.0,7.2
1944,12,10,1.0,7.0
2011,11,10,1.0,6.2
1995,2,10,1.0,6.6
2023,8,10,2.0,7.1
1941,10,10,1.0,6.5
2006,2,10,1.0,7.4
1940,7,10,1.0,7.7
2002,1,10,2.0,7.6
1955,12,10,1.0,6.4
1951,12,10,1.0,7.6
1946,6,10,1.0,6.8
1935,8,10,1.0,6.9
2025,3,10,1.0,5.6
2004,11,5,1.0,7.1
1979,7,10,1.0,5.7
1995,9,10,2.0,5.1
2014,9,10,1.0,6.6
2003,9,10,1.0,6.3
1996,4,10,1.0,5.9
2020,9,10,1.0,6.4
1960,6,10,2.0,6.7
2019,11,10,1.0,6.6
1932,1,10,1.0,6.6
1945,4,10,1.0,5.9
2008,12,10,1.0,8.0
2005,3,10,1.0,6.9
1951,1,10,2.0,7.1
2024,8,10,1.0,5.4
1976,9,10,1.0,5.2
1980,12,10,1.0,6.0
1976,2,10,1.0,5.6
1961,5,10,1.0,7.2
1937,8,10,1.0,6.2
2008,1,10,1.0,6.5
2015,6,10,1.0,5.6
2009,7,10,2.0,6.9
1974,11,10,1.0,7.4
1980,9,10,1.0,5.7
1971,9,10,2.0,7.6
2015,2,10,1.0,5.5
1928,9,10,2.0,6.8
1943,5,10,1.0,8.0
1998,8,10,1.0,7.6
1937,12,10,1.0,6.9
1969,3,10,1.0,6.8
1983,11,8,1.0,6.8
1971,4,10,2.0,7.2
1929,8,10,1.0,6.4
1991,12,10,2.0,8.1
1930,1,10,1.0,5.0
1988,3,10,1.0,6.8
1977,4,10,1.0,7.2
1967,10,10,1.0,5.9
2012,5,10,1.0,6.2
1968,12,10,55.0,6.3
1948,4,10,1.0,7.4
1930,8,6,1.0,6.9
1921,8,5,1.0,6.2
2023,4,10,1.0,5.1
1936,11,9,1.0,6.6
2018,3,10,1.0,6.2
1951,5,10,1.0,5.9
1930,4,10,2.0,6.5
2024,3,10,1.0,5.3
1959,2,10,1.0,7.6
2007,12,10,1.0,4.1
1991,8,10,1.0,5.1
1929,11,10,1.0,6.0
1994,6,10,1.0,7.6
1951,9,10,1.0,6.7
1950,4,10,1.0,6.0
2001,4,10,1.0,7.3
1961,12,10,1.0,4.8
2009,9,10,1.0,6.9
1959,9,7,1.0,4.2
2012,10,1,1.0,8.4
1975,5,10,1.0,6.1
2005,3,10,1.0,7.2
1929,2,10,1.0,8.5
1965,10,6,1.0,6.0
2009,8,10,1.0,7.4
1989,3,10,1.0,6.0
1964,3,10,1.0,5.5
1946,7,10,1.0,5.7
1970,9,10,1.0,7.6
1950,1,10,1.0,6.4
2022,2,10,1.0,6.1
1927,12,10,1.0,7.0
2012,4,10,1.0,5.4
1969,8,10,1.0,5.3
1956,6,10,1.0,5.6
1945,3,10,1.0,7.5
1962,9,10,1.0,6.4
1991,11,10,1.0,6.0
1994,9,10,1.0,6.5
1995,2,10,1.0,6.6
1994,12,10,1.0,5.6
1977,1,10,1.0,6.9
1928,1,10,1.0,6.0
1924,1,9,1.0,6.4
1983,11,10,1.0,7.0
1944,2,10,1.0,7.5
1941,11,10,1.0,6.4
2019,3,10,1.0,6.9
2010,2,10,1.0,7.2
2011,7,10,1.0,7.2
1931,11,10,1.0,6.1
2015,10,10,2.0,6.4
1975,9,10,1.0,7.5
1935,12,10,1.0,7.0
1967,12,10,1.0,6.9
2016,8,10,1.0,7.5
1968,7,10,1.0,7.2
1976,9,10,1.0,5.1
2002,3,10,1.0,5.3
2024,10,10,1.0,6.1
2009,5,10,1.0,9.2
2012,11,10,1.0,5.3
1963,12,10,1.0,6.6
1967,5,10,1.0,2.8
1966,2,10,1.0,7.5
1996,10,6,1.0,7.8
1965,1,10,1.0,4.4
1984,5,8,1.0,5.0
1963,5,10,1.0,6.2
1964,1,10,3.0,8.3
1992,1,10,1.0,5.5
2016,1,10,1.0,4.4
1951,7,10,2.0,5.8
2002,4,10,1.0,6.2
1999,4,10,1.0,5.8
1953,11,10,1.0,6.8
2014,7,10,1.0,6.4
1976,11,2,45.0,7.6
1992,3,10,1.0,5.5
1944,7,10,3.0,6.1
2012,11,10,2.0,7.3
2020,3,10,1.0,6.2
1988,6,10,1.0,7.0
1969,7,10,1.0,5.0
1941,12,10,1.0,6.1
1992,11,10,1.0,8.0
1989,5,10,1.0,4.5
1980,10,10,1.0,7.1
1985,9,10,1.0,7.4
1965,9,10,1.0,5.6
1940,6,10,1.0,6.8
1950,7,10,1.0,6.3
1979,9,10,1.0,5.8
2015,2,10,2.0,6.2
1971,1,10,1.0,4.6
1943,3,10,2.0,7.9
1987,12,10,1.0,6.5
1943,10,10,1.0,7.1
2019,1,10,1.0,5.5
1998,12,10,1.0,7.2
1969,1,10,1.0,6.1
2020,2,10,1.0,5.6
1935,4,10,57.0,5.1
1999,5,10,1.0,5.1
1951,12,10,1.0,7.2
1999,7,10,1.0,7.1
1953,5,10,1.0,6.9
1951,3,10,58.0,5.1
1974,4,10,1.0,5.1
1972,3,10,1.0,6.5
1980,7,10,1.0,7.2
1941,4,10,3.0,6.4
2019,4,10,1.0,4.7
1969,10,10,1.0,2.1
1977,4,10,1.0,4.7
1978,2,10,1.0,4.1
1944,11,10,1.0,6.2
1925,11,10,1.0,5.5
1963,6,10,2.0,7.6
1967,10,10,1.0,6.1
1954,12,10,1.0,6.7
2019,11,10,2.0,8.1
1957,11,10,1.0,4.6
1937,10,10,1.0,6.5
1977,3,10,1.0,6.3
1967,7,10,1.0,5.1
1997,11,10,2.0,6.4
1969,10,10,1.0,5.2
2023,11,10,1.0,6.8
1973,3,10,1.0,6.8
1982,7,9,1.0,7.0
1986,2,10,1.0,4.3
2009,7,10,1.0,5.8
1992,7,10,1.0,5.7
2017,11,10,1.0,5.5
2008,4,10,1.0,6.5
2011,9,10,1.0,7.0
1953,9,10,1.0,6.8
1971,6,10,1.0,6.2
1982,10,10,1.0,6.7
1934,12,10,3.0,7.1
1947,8,10,1.0,6.2
1974,9,10,1.0,6.1
1954,5,10,1.0,6.9
2008,2,10,2.0,7.8
1920,5,8,1.0,6.3
2013,6,10,1.0,6.2
1998,1,10,1.0,6.7
1935,7,10,1.0,6.4
1952,9,10,1.0,6.8
1956,11,10,3.0,7.6
1931,7,10,1.0,7.4
1980,9,10,1.0,5.5
2002,1,10,1.0,5.4
1931,9,10,1.0,5.5
1941,5,10,1.0,6.6
1979,7,10,1.0,4.3
1973,8,10,1.0,5.7
1972,3,10,1.0,4.1
2012,7,10,1.0,6.0
2018,3,4,1.0,7.4
1959,3,10,1.0,6.8
1961,5,10,1.0,7.1
1982,3,10,1.0,6.3
1969,1,10,1.0,6.8
2012,10,10,1.0,6.2
1967,7,10,1.0,5.5
1960,7,10,1.0,6.7
2006,2,10,1.0,5.3
1960,7,10,1.0,5.5
1932,3,10,1.0,7.8
2016,12,10,1.0,6.8
1943,3,10,1.0,6.4
2013,8,10,1.0,6.8
1959,9,10,1.0,6.4
2002,1,10,1.0,7.3
1928,2,5,1.0,5.8
1933,2,10,1.0,6.6
1935,2,10,1.0,7.5
2010,3,10,1.0,6.1
1935,9,10,1.0,6.4
1977,5,10,1.0,6.4
1929,5,10,1.0,4.7
1969,5,10,1.0,5.1
1965,2,10,1.0,5.6
2014,3,9,1.0,6.5
1927,2,10,2.0,6.0
1982,5,10,1.0,5.4
1931,5,10,1.0,5.6
1977,9,10,1.0,5.8
1956,2,10,2.0,8.0
1945,8,10,1.0,6.0
2020,4,10,2.0,6.3
1978,4,10,1.0,5.5
1972,5,6,1.0,5.7
1935,11,10,1.0,7.2
2014,5,10,1.0,6.9
2012,1,2,1.0,7.2
1927,2,7,1.0,6.6
1942,3,10,1.0,6.3
1993,4,10,1.0,6.0
2017,12,7,1.0,7.5
2001,1,10,1.0,6.4
1946,12,10,1.0,5.9
2011,7,10,1.0,7.6
1937,1,10,1.0,6.4
2021,5,10,1.0,5.7
1970,9,8,1.0,5.2
1968,1,10,2.0,7.2
1973,1,10,1.0,5.3
1943,9,10,1.0,6.5
1996,9,10,1.0,7.1
2001,8,10,48.0,6.6
2018,5,10,1.0,6.4
2001,12,10,1.0,5.3
1993,1,10,1.0,3.3
1972,5,10,1.0,5.4
1986,3,10,1.0,3.9
1947,11,10,1.0,6.0
2021,4,10,1.0,7.1
2016,8,10,2.0,7.1
1998,7,10,2.0,6.5
2021,9,10,1.0,7.1
1970,8,10,2.0,6.5
1956,8,10,1.0,6.3
1978,11,10,1.0,7.0
1996,3,10,1.0,6.2
1947,4,10,1.0,7.0
1974,3,10,1.0,6.4
1942,5,10,1.0,6.2
1987,9,10,1.0,3.7
1999,8,10,1.0,6.2
1922,11,10,1.0,7.0
1957,9,10,2.0,8.5
1955,3,10,1.0,6.2
2024,5,10,1.0,6.6
2019,11,10,1.0,5.6
1926,5,8,1.0,7.0
1996,4,10,2.0,5.9
1973,1,10,1.0,4.7
1984,3,10,1.0,5.6
1970,5,10,1.0,5.4
2017,3,10,2.0,6.2
1959,12,5,2.0,7.4
1940,1,10,1.0,6.1
1937,11,1,1.0,5.7
1924,3,10,1.0,6.7
1932,7,10,1.0,6.5
1946,10,10,1.0,7.0
2018,12,10,1.0,5.5
1936,1,10,1.0,6.0
2005,5,10,1.0,6.4
1958,5,10,1.0,6.6
1945,10,10,2.0,6.6
1956,5,10,1.0,4.9
1987,9,10,1.0,7.9
2000,3,10,1.0,7.4
1942,1,10,46.0,4.7
1979,4,10,1.0,7.5
1965,7,6,1.0,5.3
2000,4,10,1.0,6.0
1948,3,10,1.0,6.8
1938,2,10,1.0,4.9
1942,11,10,1.0,4.2
1974,8,10,1.0,6.9
1958,9,10,2.0,7.1
1971,10,10,2.0,7.2
1961,4,10,2.0,5.8
1953,4,10,1.0,6.1
2022,2,10,1.0,5.8
1960,12,10,1.0,5.2
2013,11,10,1.0,5.8
1999,9,10,1.0,6.5
1982,3,10,1.0,5.2
1956,2,10,1.0,7.1
1946,10,10,1.0,7.0
2019,1,10,1.0,4.0
1941,10,10,56.0,5.8
2021,12,10,2.0,7.1
1968,8,10,1.0,6.2
2003,12,10,1.0,6.2
1935,5,10,1.0,7.8
2013,2,6,1.0,7.3
1974,12,7,1.0,5.1
2002,5,10,1.0,6.7
1932,2,10,1.0,6.7
1951,2,10,1.0,7.5
2016,9,10,1.0,5.1
2022,12,4,1.0,3.4
1972,6,10,1.0,6.0
1993,1,10,1.0,6.2
2001,11,10,1.0,6.4
2011,9,10,2.0,8.1
1950,1,10,2.0,7.2
1991,6,10,1.0,6.7
1945,7,10,1.0,6.6
1978,2,10,1.0,4.6
2019,5,10,2.0,4.7
1929,8,10,1.0,6.0
2012,7,3,1.0,7.2
1958,1,10,2.0,7.1
2000,1,10,1.0,7.0
1975,3,10,1.0,7.7
1989,8,10,1.0,6.0
1935,7,6,52.0,5.3
1938,2,10,1.0,7.1
1943,6,1,1.0,7.5
1973,12,10,1.0,5.7
2014,2,10,1.0,6.3
2014,9,10,1.0,6.5
1938,11,10,1.0,7.7
1999,11,10,1.0,8.0
1929,3,10,1.0,6.7
2022,3,10,1.0,5.8
1943,12,10,1.0,7.1
1980,12,10,1.0,6.7
2021,9,10,2.0,6.1
1963,11,10,1.0,7.2
1993,8,10,1.0,6.7
1934,7,10,3.0,5.4
1977,3,10,1.0,5.6
1974,11,10,1.0,4.8
1967,6,10,1.0,5.9
1987,11,10,1.0,7.3
2020,10,10,1.0,6.6
2014,3,1,1.0,7.2
1966,12,10,1.0,4.6
1935,12,10,1.0,5.1
1944,9,10,1.0,5.7
1936,12,10,1.0,6.1
1983,2,10,1.0,7.1
1994,11,10,1.0,4.9
1984,11,10,1.0,4.8
1981,3,10,1.0,5.3
1927,4,4,47.0,6.4
1966,4,10,1.0,5.8
1940,4,10,1.0,6.8
1955,9,7,53.0,7.5
1973,11,10,1.0,7.1
1964,12,10,1.0,6.3
1962,1,10,55.0,5.3
1951,10,10,1.0,6.1
1946,12,10,1.0,5.9
1958,4,10,1.0,5.5
1971,10,8,1.0,4.1
1953,6,2,1.0,6.1
1957,8,10,1.0,3.8
1953,11,10,1.0,6.5
1934,8,10,1.0,6.3
2021,12,10,1.0,6.2
1985,1,10,1.0,6.1
1940,6,10,1.0,7.0
2011,2,10,1.0,5.9
1974,12,10,1.0,5.0
1969,10,10,1.0,6.1
1970,5,10,1.0,6.3
1931,5,10,1.0,5.7
1947,3,10,1.0,5.5
1978,9,10,1.0,6.4
1959,2,10,1.0,7.1
1939,4,10,1.0,6.3
1979,6,10,1.0,5.2
1997,7,10,1.0,4.7
1992,1,10,1.0,4.4
1920,11,10,1.0,5.7
1945,9,10,1.0,7.6
1940,6,10,1.0,5.4
1948,9,10,1.0,7.8
2019,10,10,1.0,5.4
1977,11,10,1.0,4.7
1948,9,10,1.0,5.3
1976,1,10,1.0,5.7
1963,9,10,1.0,6.3
1921,2,10,1.0,8.2
1932,6,10,1.0,6.5
1926,9,10,1.0,7.4
1956,9,10,1.0,6.2
2019,2,10,2.0,6.9
2023,11,10,1.0,6.0
1969,4,10,1.0,6.2
1933,3,10,1.0,4.3
1938,12,10,1.0,6.2
2017,9,10,1.0,4.2
1970,10,10,1.0,7.1
1979,8,10,1.0,6.5
1981,7,10,1.0,6.3
2012,2,10,1.0,5.4
2013,1,10,2.0,5.4
1988,11,10,1.0,4.6
2016,2,10,1.0,7.4
1952,8,10,1.0,6.2
2008,3,10,1.0,4.3
1963,2,10,1.0,6.0
1947,9,10,1.0,4.4
1968,9,10,1.0,5.5
1981,4,10,1.0,6.1
2024,12,10,1.0,5.4
1987,9,10,1.0,3.6
1936,9,10,1.0,6.5
1944,3,10,59.0,5.5
1950,5,10,1.0,5.7
1926,8,9,1.0,6.8
1946,8,10,1.0,6.5
2021,11,7,1.0,6.9
1991,4,10,1.0,5.3
1958,1,10,1.0,5.7
1951,1,10,1.0,7.3
1998,2,10,1.0,4.0
1970,10,10,1.0,5.9
1994,12,10,2.0,6.7
1996,12,10,2.0,5.9
1986,4,10,1.0,6.7
1951,9,10,1.0,6.8
1946,11,10,1.0,6.5
2025,1,10,1.0,8.1
2007,11,10,1.0,7.3
1980,9,10,1.0,6.1
1996,6,10,2.0,7.4
1957,9,10,1.0,6.7
1985,12,10,1.0,7.3
1982,6,10,1.0,5.5
1954,12,10,1.0,5.5
1924,10,9,1.0,7.1
1945,1,10,1.0,5.3
1965,6,10,1.0,7.4
1950,4,10,1.0,7.0
1940,10,10,1.0,6.2
1926,7,10,1.0,5.6
2003,2,10,1.0,5.8
1941,8,10,1.0,7.1
1971,4,10,1.0,5.2
2024,4,10,1.0,6.5
1975,12,10,2.0,6.2
2022,10,10,1.0,4.4
1948,12,10,1.0,6.5
1972,9,10,1.0,4.9
2014,12,10,1.0,6.7
1921,10,9,56.0,5.3
1931,10,10,1.0,6.3
2009,11,10,1.0,7.7
1974,9,10,1.0,4.9
1994,2,10,1.0,5.9
1987,2,10,1.0,3.9
1959,5,10,1.0,7.4
1964,4,10,1.0,5.9
1924,6,10,1.0,5.3
1942,10,10,56.0,5.3
1947,5,10,1.0,7.2
1949,3,10,1.0,6.8
2017,4,10,1.0,6.8
1965,12,9,1.0,6.7
1929,10,10,1.0,5.0
1976,9,7,1.0,4.5
1967,6,10,1.0,7.3
2009,12,10,1.0,7.2
1982,4,5,1.0,5.4
2018,9,3,1.0,8.1
1992,10,10,3.0,5.5
1938,12,10,1.0,6.3
1983,6,10,1.0,4.8
1986,10,10,1.0,5.6
1984,3,10,1.0,6.3
1951,2,10,1.0,7.6
1978,2,10,1.0,5.1
1927,9,10,1.0,7.9
1924,12,8,50.0,3.4
1927,8,8,1.0,6.8
2003,9,10,1.0,3.6
1984,7,10,1.0,4.8
2020,1,10,1.0,6.0
2019,12,6,1.0,7.2
2000,6,10,2.0,7.2
1958,3,10,1.0,7.7
1985,11,10,1.0,5.4
1930,7,10,1.0,5.3
1970,10,10,1.0,6.1
1985,12,10,2.0,7.8
1964,1,8,1.0,7.3
1983,10,10,1.0,5.5
1975,10,10,1.0,6.2
2014,8,10,1.0,7.6
1950,1,10,1.0,6.8
1950,7,10,1.0,6.1
1963,10,10,59.0,6.4
1979,5,10,1.0,6.4
1941,4,10,1.0,6.4
2001,2,10,2.0,6.1
1981,4,10,1.0,5.7
1962,7,9,1.0,5.6
1952,12,10,1.0,5.2
1958,1,10,1.0,6.4
1938,9,10,2.0,7.8
1965,3,6,1.0,7.3
1973,8,10,1.0,6.9
2010,3,10,1.0,8.1
2020,8,10,1.0,6.6
1959,1,10,2.0,7.1
1968,12,10,1.0,5.4
1983,2,10,1.0,4.9
2002,7,10,1.0,5.4
1941,9,10,1.0,5.9
1982,3,10,2.0,7.7
2017,7,10,1.0,6.1
1953,1,10,2.0,6.9
2005,4,10,2.0,4.7
1988,5,10,1.0,5.7
2011,10,10,1.0,5.3
1989,4,10,1.0,6.0
2013,8,10,1.0,6.1
1967,3,10,1.0,6.1
1934,7,10,58.0,6.4
1994,7,10,1.0,4.2
1985,12,4,1.0,6.3
1932,3,10,1.0,5.7
1992,3,10,1.0,6.0
1966,3,10,1.0,5.7
1954,10,10,1.0,7.6
1926,10,6,1.0,5.2
2011,7,10,2.0,7.1
2007,12,10,2.0,5.3
1944,7,10,1.0,3.3
1958,8,10,1.0,5.3
2006,1,10,2.0,7.6
1970,12,10,1.0,3.5
1963,10,10,1.0,6.7
1979,10,10,1.0,6.4
1953,8,10,1.0,5.1
2017,3,10,1.0,6.3
2000,9,10,1.0,7.1
1962,1,10,2.0,6.9
1980,12,10,1.0,8.8
1963,1,10,2.0,7.6
2004,1,10,1.0,6.2
1961,6,10,1.0,5.4
1934,6,10,1.0,6.5
1997,5,10,1.0,2.7
1922,12,9,1.0,5.8
1950,1,10,1.0,7.4
2019,4,10,1.0,6.2
1956,9,10,1.0,5.0
2011,7,10,1.0,5.5
1981,2,3,1.0,4.2
1981,12,10,1.0,4.3
2023,3,10,2.0,6.4
2012,10,10,1.0,7.6
1921,10,9,1.0,6.3
1985,5,10,1.0,4.1
1936,9,10,1.0,6.1
1976,6,10,1.0,3.8
1957,10,10,1.0,5.6
1983,9,10,1.0,3.8
2021,9,10,1.0,6.2
1931,10,10,1.0,7.4
1976,2,10,2.0,6.8
1991,10,10,2.0,7.1
1996,1,10,1.0,7.4
2008,7,10,1.0,5.8
2005,7,10,1.0,6.7
2018,9,1,1.0,7.3
1983,4,10,1.0,5.2
2019,9,10,1.0,6.3
1998,8,10,1.0,4.2
1922,9,10,1.0,5.8
1969,6,10,2.0,6.5
1976,7,10,1.0,6.0
1945,11,10,1.0,3.8
1978,6,10,1.0,5.8
2010,11,10,1.0,7.2
1982,4,10,1.0,6.2
1965,8,10,1.0,6.4
1977,7,10,1.0,4.8
2010,5,10,2.0,6.0
1947,2,10,1.0,7.1
1968,4,10,1.0,7.8
1978,1,10,1.0,6.9
1937,1,10,1.0,7.0
2017,5,10,1.0,6.5
2008,6,10,2.0,5.5
1924,1,10,1.0,6.9
2020,6,10,1.0,4.3
1990,10,10,1.0,3.9
2003,9,10,1.0,5.1
1957,10,10,1.0,7.2
1980,2,10,1.0,6.8
1944,12,10,1.0,6.1
1995,1,10,1.0,4.4
2009,3,10,1.0,5.1
2017,4,10,1.0,6.7
1979,7,10,1.0,6.3
1945,3,10,1.0,5.9
1991,12,10,1.0,7.5
1980,2,10,2.0,8.0
2001,5,10,1.0,5.3
2022,1,10,1.0,5.2
1972,8,10,1.0,5.2
1997,9,10,1.0,3.8
1979,1,10,1.0,7.9
1977,10,10,1.0,4.0
1992,11,10,1.0,6.2
1998,7,10,1.0,7.8
2016,11,10,1.0,4.8
1973,8,10,1.0,3.8
1970,11,10,1.0,6.7
2003,1,10,1.0,6.9
1994,7,10,1.0,5.8
1980,1,10,1.0,6.5
2013,2,10,1.0,6.8
1967,3,10,1.0,6.0
1934,4,10,1.0,6.8
1992,10,10,1.0,7.6
1990,4,10,1.0,5.7
1966,3,10,1.0,5.8
2012,4,10,1.0,5.1
1976,12,10,2.0,8.1
1979,3,6,1.0,4.8
2014,4,10,1.0,5.1
2022,8,10,1.0,5.7
1964,8,10,1.0,5.2
1985,2,10,1.0,6.1
1939,9,10,1.0,5.8
2013,5,10,1.0,6.7
1928,9,10,1.0,6.7
2007,1,10,1.0,4.5
1954,9,10,1.0,7.2
1974,9,1,1.0,6.4
1938,2,10,1.0,6.6
2003,4,10,2.0,6.8
1988,2,10,1.0,7.0
1941,1,10,2.0,7.2
2008,10,10,1.0,6.5
1929,1,7,1.0,7.2
1955,7,10,1.0,6.1
2010,1,10,1.0,7.5
1942,9,10,58.0,5.9
1936,4,10,1.0,6.8
1971,6,10,1.0,6.3
1929,9,10,3.0,7.0
1974,6,10,1.0,5.7
1979,8,10,2.0,7.3
1955,8,10,1.0,6.9
1989,4,10,1.0,6.0
1969,7,10,1.0,4.8
1981,12,10,2.0,6.3
1953,3,10,1.0,6.9
1972,9,10,1.0,4.0
2013,12,10,2.0,7.3
1946,9,10,1.0,5.2
1991,5,10,2.0,5.1
1933,11,10,1.0,6.0
1939,10,10,2.0,7.4
1966,8,10,1.0,5.2
1945,8,10,1.0,3.7
1930,2,10,1.0,5.9
1920,9,8,1.0,4.8
1942,11,10,1.0,4.1
1971,4,10,1.0,5.1
1975,5,10,1.0,3.8
1987,5,8,1.0,6.3
1987,5,10,1.0,4.8
1940,10,10,1.0,6.5
2018,1,10,2.0,8.0
1977,12,10,1.0,4.5
1998,9,10,1.0,6.5
1983,7,3,1.0,7.4
1960,5,10,1.0,7.5
1995,3,10,2.0,8.6
1979,7,8,1.0,7.3
1990,2,10,1.0,4.5
2012,4,10,1.0,6.7
1960,4,10,1.0,7.1
2015,7,10,1.0,6.8
1940,1,10,1.0,6.1
2022,12,10,1.0,5.1
1926,9,10,1.0,6.6
1929,3,10,1.0,6.6
1978,9,5,1.0,4.7
2003,5,10,1.0,7.3
1985,9,10,1.0,4.7
1981,12,10,2.0,6.5
1997,4,10,1.0,6.2
1963,9,10,1.0,7.8
1957,11,10,1.0,7.0
1951,1,10,1.0,7.5
1977,10,10,1.0,5.4
1949,4,10,1.0,6.6
1993,2,10,1.0,5.0
2000,7,6,1.0,5.8
2007,11,10,2.0,6.8
1998,2,10,1.0,6.0
1979,10,10,1.0,5.9
2007,6,10,1.0,5.9
1973,4,10,1.0,7.7
2021,8,10,1.0,5.9
2007,4,4,1.0,6.8
1991,5,10,1.0,7.0
1969,4,10,1.0,6.1
1991,1,10,1.0,2.6
1964,5,10,1.0,5.8
1973,9,10,2.0,6.9
1960,3,10,1.0,6.5
1956,9,10,1.0,6.0
2017,10,10,1.0,5.3
2024,11,10,58.0,7.8
1936,11,10,1.0,6.1
1959,11,10,1.0,5.7
2013,10,8,1.0,6.4
1980,4,10,1.0,5.8
1987,6,10,1.0,6.6
2015,9,10,1.0,6.7
1992,9,10,1.0,6.5
1942,6,10,1.0,5.7
2021,6,10,1.0,5.5
1948,8,10,1.0,7.6
1941,11,10,1.0,6.7
1928,3,8,1.0,6.4
1969,5,10,1.0,5.7
1997,7,10,1.0,5.2
1970,3,10,1.0,5.9
1978,6,10,1.0,6.0
1992,2,10,1.0,4.4
1939,10,10,1.0,6.2
1933,3,10,1.0,5.0
1998,1,10,1.0,4.6
2017,8,10,1.0,5.5
1978,3,10,1.0,5.7
1982,8,10,1.0,4.7
2015,4,10,1.0,5.8
1937,4,10,1.0,5.4
1996,5,10,1.0,3.3
2012,7,10,1.0,8.2
1977,8,10,1.0,4.2
2014,10,10,2.0,6.3
1937,10,10,1.0,7.2
1999,9,10,1.0,6.7
2014,5,10,1.0,6.5
1952,1,10,2.0,7.1
1988,6,10,1.0,4.1
1958,12,10,1.0,6.3
1938,7,10,1.0,5.9
1983,9,9,1.0,4.9
1995,8,10,1.0,4.3
1963,12,10,2.0,7.0
2020,12,10,1.0,5.8
1960,9,10,2.0,7.4
1953,11,8,1.0,5.4
1944,9,10,1.0,6.0
2025,1,10,1.0,6.7
1995,12,10,1.0,5.9
1985,1,10,1.0,4.3
1947,6,10,1.0,6.6
1931,1,10,1.0,7.0
1932,9,10,1.0,6.1
2020,9,10,2.0,7.3
2012,8,10,2.0,5.7
1956,12,10,1.0,6.3
1939,2,10,1.0,6.9
1928,7,10,1.0,6.3
1940,3,10,4.0,6.9
1973,5,10,1.0,3.8
1992,4,10,1.0,6.8
2000,6,10,1.0,5.3
1993,6,10,1.0,4.5
1980,8,10,1.0,6.6
1995,9,10,1.0,7.3
1980,5,10,2.0,7.4
1951,5,10,1.0,5.3
2014,11,10,1.0,5.2
1978,6,10,1.0,6.3
1932,2,10,1.0,4.3
1924,4,10,1.0,6.2
1958,10,10,2.0,7.9
2019,3,10,1.0,4.7
1979,9,10,1.0,5.1
1920,8,9,1.0,7.6
1963,9,10,1.0,5.6
1952,10,10,1.0,6.1
1962,12,10,1.0,7.3
2004,10,10,1.0,5.4
1996,6,10,1.0,4.5
1973,10,10,2.0,7.4
2003,3,10,1.0,6.4
2024,7,10,1.0,6.2
2007,4,10,2.0,7.5
1944,12,10,55.0,7.1
1943,2,10,58.0,6.0
1920,6,9,1.0,6.4
2001,10,10,1.0,4.7
1993,1,10,1.0,3.7
1944,12,10,1.0,4.8
2008,5,10,1.0,5.7
2019,8,10,1.0,5.9
2024,12,10,1.0,6.2
1974,11,10,2.0,4.6
2008,3,3,1.0,7.6
1985,10,10,1.0,6.6
1932,11,10,55.0,6.4
2021,10,10,1.0,6.2
1977,8,10,1.0,4.0
1966,5,10,1.0,2.4
1965,3,10,1.0,5.4
1992,12,10,1.0,3.7
1958,4,10,1.0,6.0
1968,9,10,1.0,5.7
2024,9,9,1.0,6.8
1959,12,10,1.0,6.5
1979,3,10,1.0,7.5
1991,6,10,1.0,5.2
1984,6,10,1.0,5.6
1991,11,10,1.0,8.0
1992,9,10,1.0,8.1
1955,11,10,1.0,6.6
1981,8,10,1.0,4.8
1956,10,10,1.0,6.8
1995,8,10,1.0,4.7
2010,10,10,1.0,5.9
1991,3,10,1.0,6.5
1955,8,10,2.0,7.3
2024,8,10,1.0,6.8
1972,9,10,1.0,5.7
1995,11,10,1.0,5.1
1930,11,9,52.0,5.3
1972,12,10,1.0,8.1
2011,10,10,1.0,6.3
1947,4,10,1.0,5.9
1984,11,10,1.0,5.4
1967,3,10,1.0,5.9
1962,3,10,2.0,7.3
1957,9,10,1.0,5.4
1974,8,10,1.0,6.1
1965,1,10,1.0,7.4
2008,10,10,2.0,7.2
1999,11,10,1.0,4.9
1932,10,10,59.0,5.7
1957,4,10,1.0,5.6
1972,12,10,1.0,7.1
1941,9,10,1.0,5.2
2000,8,10,1.0,6.6
1932,9,10,1.0,6.2
2004,2,10,1.0,6.7
2007,9,10,1.0,7.6
1997,9,10,2.0,7.8
1920,12,10,50.0,3.2
2023,10,10,1.0,5.4
2024,1,10,1.0,6.2
1930,8,10,1.0,6.3
1952,12,10,1.0,7.0
1948,5,10,1.0,7.0
1985,5,10,1.0,6.4
1999,11,10,1.0,4.2
1961,3,10,3.0,7.2
1986,12,7,1.0,5.5
1938,11,10,1.0,6.7
1992,9,10,1.0,4.4
1961,1,10,1.0,4.9
2015,11,10,1.0,6.1
1997,12,10,1.0,5.8
2004,6,10,1.0,6.4
1946,11,10,1.0,6.9
2009,4,10,1.0,6.8
1956,12,10,1.0,5.6
2024,7,10,1.0,4.1
1946,9,10,1.0,5.8
1974,10,10,1.0,5.0
1936,2,10,1.0,6.4
1957,8,10,1.0,4.8
1934,5,10,51.0,3.7
2024,6,10,2.0,7.9
1945,8,10,1.0,5.0
2014,4,10,2.0,7.9
1943,4,10,1.0,6.8
1952,6,10,1.0,7.6
2004,11,10,1.0,6.2
2007,1,10,1.0,6.8
1986,10,10,1.0,4.7
1959,7,10,1.0,5.3
1980,10,10,1.0,5.8
1988,2,10,1.0,5.3
2000,8,10,1.0,6.6
1959,8,10,1.0,6.0
1992,5,8,1.0,7.0
1994,12,10,1.0,7.5
1956,6,7,1.0,4.2
1945,5,10,1.0,6.0
1931,11,10,1.0,7.7
1959,1,5,2.0,6.5
1954,2,10,1.0,7.3
1955,3,10,1.0,7.0
1992,4,10,1.0,4.2
1981,5,10,1.0,5.9
1971,7,10,1.0,3.6
2003,7,10,1.0,5.8
1991,1,10,1.0,6.5
1980,1,10,1.0,6.0
2023,10,10,2.0,8.0
1994,4,10,1.0,5.2
2009,10,10,2.0,7.1
2019,10,10,1.0,5.8
1943,5,10,1.0,6.0
1997,5,10,2.0,6.9
1945,1,10,1.0,7.6
1964,3,10,1.0,4.9
1929,2,10,1.0,7.1
2023,11,8,2.0,7.8
1934,5,10,1.0,6.2
1987,1,10,1.0,5.7
2005,11,10,1.0,7.4
1998,6,10,1.0,7.4
1941,9,10,1.0,4.7
1978,6,10,1.0,7.6
1937,3,10,1.0,5.3
2012,9,10,1.0,4.9
2010,10,10,1.0,7.1
2012,5,10,1.0,6.6
1960,9,10,1.0,7.2
1937,6,10,1.0,5.7
1999,1,10,1.0,7.4
1988,10,10,1.0,6.8
1987,10,6,1.0,4.1
1973,12,10,1.0,6.5
1972,3,10,1.0,5.7
1972,9,10,1.0,5.3
2014,9,8,1.0,5.7
1990,11,10,3.0,8.0
2012,11,10,1.0,5.6
1925,2,10,1.0,6.2
2019,12,10,2.0,7.5
1960,12,10,1.0,7.3
2016,7,9,1.0,6.8
1931,11,10,1.0,7.1
2022,2,10,2.0,6.4
1981,3,10,1.0,5.5
1985,9,10,1.0,6.1
1959,8,10,1.0,7.0
1921,6,8,1.0,6.3
1982,10,10,1.0,7.5
1946,1,10,55.0,6.3
2005,4,10,1.0,5.0
1953,3,10,1.0,6.6
1991,4,10,1.0,6.5
1965,7,10,40.0,6.7
1934,3,10,1.0,6.0
1976,9,10,1.0,3.7
2022,3,10,1.0,5.3
1934,9,6,1.0,5.8
1976,5,10,1.0,7.2
1965,8,10,1.0,7.0
2004,10,10,1.0,7.0
1946,11,10,1.0,6.2
1944,12,10,1.0,6.0
1934,3,6,1.0,6.6
1938,4,10,55.0,6.7
1933,2,6,1.0,5.6
2006,11,10,1.0,6.9
1936,10,9,1.0,6.5
1926,10,10,1.0,6.9
2006,4,9,2.0,6.6
2014,10,5,1.0,7.1
1995,12,10,1.0,3.2
2001,9,9,1.0,5.3
1932,7,10,1.0,6.4
1989,12,10,2.0,6.4
2010,4,10,1.0,6.5
1943,3,10,1.0,6.3
1977,9,10,1.0,6.5
1953,12,10,1.0,5.9
1955,1,10,1.0,5.6
1939,3,10,1.0,5.2
1997,10,10,2.0,6.6
1995,1,10,1.0,3.9
1965,9,10,1.0,5.7
1960,3,10,1.0,5.2
1954,6,10,1.0,6.0
1957,5,10,1.0,6.5
1928,4,10,1.0,6.0
1954,5,10,1.0,6.7
1999,7,10,1.0,4.9
2013,6,10,1.0,6.9
1959,7,10,1.0,5.6
1935,6,10,1.0,6.5
1960,12,10,1.0,6.0
1968,6,10,1.0,5.5
1956,12,10,1.0,7.4
2004,5,10,1.0,7.6
2017,11,10,1.0,7.0
1932,10,10,1.0,6.5
1942,9,10,1.0,4.4
1933,4,10,1.0,6.9
1973,1,10,1.0,4.3
1970,5,10,2.0,6.8
1985,7,10,1.0,6.2
2002,7,10,1.0,5.8
1978,4,10,2.0,6.4
1977,5,10,1.0,5.1
1937,4,10,1.0,6.1
1941,5,10,56.0,7.1
1922,6,9,50.0,3.1
1927,12,10,1.0,5.9
1982,10,10,1.0,6.8
1974,5,10,1.0,5.3
2009,4,10,1.0,2.9
2006,9,10,1.0,5.4
1984,9,10,1.0,6.8
1998,9,10,1.0,5.6
2024,9,1,1.0,8.2
1922,10,10,1.0,6.7
1990,3,10,1.0,3.5
1932,1,10,1.0,6.6
2005,9,10,1.0,6.7
1975,9,9,1.0,5.0
1965,12,10,1.0,6.3
2013,8,10,1.0,6.5
1991,8,10,1.0,6.4
2012,8,10,1.0,4.8
1929,1,8,1.0,7.2
1971,4,10,1.0,6.5
1978,2,10,1.0,6.3
2024,12,10,2.0,6.4
1976,1,10,1.0,7.5
1922,6,8,1.0,6.5
1984,10,10,1.0,6.5
2011,3,1,1.0,7.1
1988,7,10,1.0,5.8
2025,5,8,1.0,7.0
1943,3,10,1.0,6.3
1958,7,10,1.0,7.5
1966,1,10,1.0,6.8
2023,9,10,1.0,6.6
1931,12,9,1.0,5.4
1998,4,10,1.0,6.6
1949,2,10,1.0,7.4
1962,3,10,1.0,6.6
1961,7,10,1.0,5.5
1986,4,10,1.0,6.0
1968,8,10,1.0,6.1
2009,2,10,2.0,6.2
1946,1,10,1.0,6.0
2003,11,10,1.0,6.3
2018,12,10,1.0,6.2
1962,9,10,1.0,7.9
1955,6,10,1.0,7.3
2001,2,10,1.0,4.9
1974,8,9,1.0,4.2
1951,9,10,1.0,7.1
2006,12,10,2.0,7.8
2000,4,10,1.0,7.8
1982,7,10,1.0,7.6
1973,4,10,1.0,6.4
1986,4,10,1.0,7.0
1953,4,10,1.0,6.1
1927,1,10,1.0,4.3
1956,2,10,1.0,6.5
1960,10,10,2.0,7.1
1931,11,10,1.0,5.6
2024,6,10,1.0,6.6
2000,7,10,1.0,7.0
2011,4,10,2.0,7.3
1977,2,10,2.0,6.3
1930,11,10,1.0,5.6
1957,12,10,1.0,3.4
1930,9,10,1.0,6.2
1952,2,10,1.0,5.8
2025,1,10,2.0,7.0
2005,7,10,1.0,5.8
1934,9,10,1.0,6.0
2010,5,10,1.0,6.8
1949,7,10,1.0,5.7
2018,3,10,2.0,4.8
1955,6,10,1.0,6.4
2011,5,10,1.0,7.1
2008,10,10,1.0,7.5
1948,12,10,1.0,6.5
1988,4,10,1.0,5.6
2009,10,10,1.0,5.8
1929,5,10,57.0,5.3
1994,3,10,1.0,3.4
1975,2,10,1.0,6.1
2002,8,10,1.0,4.3
1975,12,10,1.0,5.8
1931,1,10,1.0,7.3
1989,1,10,1.0,6.3
1976,3,10,1.0,5.5
2014,12,10,2.0,5.9
1983,7,10,2.0,5.8
2000,7,10,1.0,6.1
1955,7,10,1.0,5.7
1962,4,10,1.0,5.1
2008,11,10,1.0,4.5
1990,10,9,1.0,5.5
2011,4,10,1.0,6.6
1966,8,10,1.0,6.7
2013,2,10,1.0,5.3
2006,11,10,1.0,3.1
1997,7,10,2.0,8.3
1929,10,10,1.0,6.6
1964,6,3,1.0,5.5
2025,9,10,1.0,6.0
1991,3,10,1.0,7.2
1987,3,10,1.0,7.2
1951,4,10,1.0,7.3
1988,11,10,1.0,6.0
2020,4,10,1.0,7.2
1938,4,10,1.0,5.9
1925,11,10,1.0,6.7
2015,5,10,1.0,6.2
1970,1,10,1.0,6.6
1974,9,7,1.0,6.3
1964,6,4,1.0,6.4
1985,12,10,1.0,4.8
1974,4,10,1.0,7.9
1968,2,10,1.0,5.3
1968,12,10,1.0,5.8
1960,7,10,1.0,6.1
1983,12,10,1.0,7.0
1990,12,10,1.0,7.9
1977,5,10,1.0,5.4
2001,1,10,2.0,7.2
1995,6,10,3.0,7.5
1976,10,10,2.0,6.6
1982,5,10,1.0,7.1
2008,11,10,1.0,7.2
2008,8,10,1.0,6.4
1990,10,10,1.0,7.1
2025,3,5,1.0,9.8
2024,3,10,1.0,5.3
1953,1,10,1.0,5.8
1954,12,10,1.0,6.2
2023,5,10,1.0,4.7
2012,2,10,1.0,6.9
1985,9,10,1.0,5.3
1939,1,10,55.0,5.4
1934,9,10,1.0,6.2
1959,6,8,1.0,5.6
1938,12,10,1.0,5.9
1949,1,10,1.0,7.0
2008,8,10,1.0,7.6
1970,12,10,1.0,5.7
1943,1,10,1.0,6.5
2002,6,10,1.0,5.5
1945,11,10,1.0,6.5
1995,1,10,1.0,5.9
2014,10,10,1.0,5.0
1940,2,10,1.0,5.9
1977,3,10,1.0,6.7
1930,7,10,1.0,6.0
1964,9,10,1.0,5.2
1943,9,10,1.0,5.8
1938,2,10,1.0,6.5
1965,7,10,1.0,5.9
2012,2,10,1.0,6.7
1937,12,10,59.0,6.4
2015,5,10,1.0,6.5
1982,12,10,1.0,4.8
1957,10,10,2.0,7.2
1982,9,1,1.0,5.3
2013,6,10,1.0,6.2
2007,5,10,1.0,7.0
2001,10,10,1.0,6.6
1960,9,4,1.0,6.5
1982,11,10,1.0,6.4
1978,7,10,53.0,3.2
1983,11,6,2.0,6.5
1930,9,10,1.0,5.7
1993,5,10,1.0,7.0
1938,4,10,1.0,6.1
1968,8,10,1.0,5.6
1942,4,10,1.0,5.9
1969,9,10,1.0,6.3
1944,1,10,58.0,5.4
1932,2,10,1.0,5.9
1969,10,10,1.0,3.9
1945,4,10,1.0,7.0
2010,8,10,1.0,3.4
2009,4,3,1.0,6.9
1976,11,10,2.0,4.2
2001,12,10,1.0,7.7
2007,11,10,1.0,7.7
2024,7,10,1.0,3.8
1934,2,10,1.0,7.5
2002,8,10,1.0,3.8
1927,11,7,56.0,5.4
2022,5,10,1.0,5.0
2023,8,10,1.0,5.3
1982,10,10,1.0,3.8
1983,8,10,2.0,8.0
1990,4,10,1.0,4.2
1941,12,10,1.0,7.4
1982,8,10,1.0,8.4
2004,2,10,1.0,5.9
1959,4,10,1.0,6.5
1963,1,10,1.0,4.6
1937,7,10,1.0,5.8
1975,8,10,1.0,6.4
1978,9,10,1.0,2.4
1976,9,10,3.0,8.9
1945,3,10,1.0,6.7
1978,10,10,1.0,6.3
1947,11,10,1.0,5.8
1973,5,10,1.0,5.3
1940,10,10,1.0,5.4
1941,6,10,1.0,6.2
2023,9,10,1.0,5.6
2013,11,5,1.0,7.1
2020,9,10,1.0,5.8
1977,7,10,1.0,3.7
1921,10,10,1.0,7.1
1973,12,10,1.0,5.1
2008,10,10,2.0,2.0
1934,12,10,1.0,6.8
1964,6,10,1.0,5.1
1979,1,10,1.0,6.6
2002,7,10,1.0,6.7
1985,8,10,1.0,6.9
1948,2,10,1.0,5.1
1975,11,10,1.0,5.6
2001,9,1,1.0,5.8
1940,6,10,1.0,5.7
2013,5,10,1.0,7.5
1939,1,10,1.0,7.1
1932,1,7,1.0,5.6
1991,9,10,1.0,5.8
1940,12,10,1.0,6.5
2014,12,10,2.0,7.2
1956,5,8,1.0,7.2
1921,6,10,1.0,5.8
2013,12,10,2.0,7.8
1955,4,10,1.0,6.4
1924,2,10,2.0,7.1
2007,1,10,1.0,8.2
1985,9,10,1.0,6.6
1943,8,10,1.0,6.2
2021,5,9,1.0,4.8
2024,12,10,1.0,6.8
1938,4,10,1.0,5.8
1933,7,10,1.0,6.0
2007,10,10,1.0,6.4
1954,12,10,1.0,5.9
1955,7,10,1.0,6.1
1929,10,6,1.0,7.2
2016,2,10,1.0,6.2
1962,3,10,1.0,7.1
1949,4,10,1.0,6.1
1934,8,10,1.0,7.4
2010,5,10,1.0,5.0
1973,7,10,1.0,7.4
1977,3,10,1.0,3.7
1947,9,10,1.0,7.0
1938,12,10,55.0,6.4
1960,2,10,1.0,7.0
1963,4,10,1.0,6.1
1978,7,10,1.0,6.8
1941,12,10,1.0,6.2
2018,11,10,2.0,4.1
1972,2,10,1.0,7.3
1923,6,7,57.0,5.3
1929,12,10,1.0,4.2
1944,2,10,1.0,5.2
1921,10,6,1.0,5.1
1974,1,10,1.0,4.8
1966,11,7,1.0,6.4
2025,5,7,1.0,6.0
2001,9,10,1.0,7.3
1956,12,10,1.0,6.0
1976,9,10,1.0,3.8
2016,7,10,1.0,7.0
2002,12,10,2.0,4.9
1977,3,10,1.0,4.2
1979,6,10,2.0,6.5
1989,4,10,1.0,6.9
2011,8,10,1.0,7.4
2014,4,10,2.0,6.9
2018,11,10,1.0,6.9
2005,3,1,1.0,7.1
2011,9,10,1.0,6.1
1947,1,10,1.0,5.9
2018,12,10,1.0,3.9
1994,4,10,1.0,6.0
1995,9,10,50.0,6.7
1982,6,10,1.0,7.7
1936,5,10,1.0,5.4
1992,4,10,1.0,6.2
2000,9,10,1.0,7.1
2006,12,4,1.0,7.4
1981,1,10,1.0,3.9
1941,5,10,1.0,6.6
2009,9,10,1.0,5.5
1995,7,10,2.0,6.3
2019,2,10,1.0,6.3
2024,1,7,2.0,7.0
1946,10,10,1.0,6.2
1969,7,10,1.0,6.4
1937,7,10,58.0,5.8
1936,11,10,1.0,6.6
1943,10,10,1.0,6.3
1956,1,10,1.0,5.7
2023,2,10,1.0,6.7
2021,10,10,1.0,7.0
2017,2,10,1.0,5.3
1963,11,10,1.0,7.0
1980,8,10,1.0,4.7
1974,9,10,1.0,5.2
1965,1,10,4.0,6.7
2016,4,10,1.0,5.6
1957,4,10,1.0,5.7
1996,2,10,1.0,6.2
1979,4,10,1.0,6.7
1925,1,10,1.0,5.1
1988,11,10,1.0,5.2
2022,4,10,2.0,6.2
1988,6,10,1.0,6.6
1951,7,10,1.0,6.6
1938,6,10,56.0,4.6
1949,12,10,1.0,7.1
2004,9,10,1.0,5.3
2022,1,10,1.0,7.1
1989,1,10,2.0,4.5
2018,8,10,1.0,6.6
1970,9,10,1.0,5.1
1964,3,10,1.0,6.7
1973,1,10,1.0,7.0
2022,5,10,1.0,3.9
1957,11,10,1.0,6.5
1967,4,10,1.0,5.9
2020,4,10,1.0,5.6
1941,3,10,1.0,7.7
1971,12,8,1.0,5.0
1977,10,10,1.0,6.8
1946,11,10,1.0,4.4
1938,5,10,59.0,5.9
2018,11,10,2.0,6.5
1930,12,4,57.0,7.1
2024,8,10,1.0,6.1
1964,9,10,1.0,7.1
1946,3,10,1.0,5.3
2014,12,10,1.0,7.0
1968,12,10,1.0,5.6
1975,9,4,1.0,4.7
2023,2,10,1.0,5.0
1951,9,10,2.0,8.0
1997,12,10,3.0,7.9
2020,7,10,2.0,6.7
1989,1,10,2.0,7.8
1937,2,10,1.0,3.7
2003,9,10,1.0,7.2
1997,1,10,1.0,5.6
1934,6,10,1.0,6.4
1944,6,10,1.0,7.2
1999,4,10,1.0,8.1
1933,8,10,1.0,6.4
2005,10,7,1.0,7.7
1926,8,6,1.0,6.8
1972,3,10,2.0,5.8
2004,9,10,2.0,8.0
2001,10,10,1.0,7.7
2023,10,10,1.0,4.9
1975,2,10,2.0,7.9
1945,9,10,1.0,6.8
1984,11,10,59.0,7.0
1968,12,10,1.0,5.6
2022,3,10,1.0,7.3
1922,10,8,50.0,5.6
1959,10,10,2.0,6.6
2014,5,10,1.0,6.9
1931,2,9,52.0,6.4
2014,5,10,1.0,7.3
1952,2,10,1.0,6.6
1964,12,10,1.0,6.1
1924,3,10,1.0,6.4
1951,12,10,1.0,6.5
1975,6,10,2.0,7.4
1959,2,10,2.0,6.9
1954,12,10,1.0,5.3
1927,9,10,1.0,6.3
1938,7,10,1.0,6.3
2023,12,10,1.0,6.3
1986,6,10,1.0,4.5
1996,5,10,1.0,5.7
1980,6,10,1.0,5.3
1967,3,10,2.0,6.9
2007,8,9,2.0,7.2
1980,1,10,1.0,6.1
2013,3,10,2.0,6.5
1946,9,10,1.0,7.5
1947,11,10,1.0,6.7
1976,8,10,1.0,3.3
1971,1,10,1.0,7.2
1983,9,10,1.0,7.1
1997,9,10,1.0,6.3
1961,2,10,1.0,5.3
2016,2,10,2.0,5.4
1953,12,10,1.0,5.7
2004,12,10,1.0,7.3
2000,10,10,1.0,7.4
1998,5,10,1.0,7.4
1942,12,10,1.0,6.6
1993,4,10,1.0,7.8
1998,7,10,1.0,6.5
2013,9,10,2.0,6.4
1931,4,10,1.0,5.9
1961,9,10,2.0,7.5
2018,5,10,2.0,6.3
2008,3,10,1.0,7.6
1959,10,10,1.0,6.4
1976,5,10,1.0,7.8
1955,9,10,1.0,5.0
2020,3,10,1.0,7.0
1950,3,10,1.0,6.3
2006,4,10,1.0,7.0
1967,6,10,1.0,5.9
1920,11,8,1.0,3.9
2023,1,10,1.0,6.5
1967,3,10,1.0,6.0
2024,8,8,1.0,6.0
1944,5,10,1.0,7.5
1947,10,10,1.0,5.0
1937,10,10,1.0,5.6
1998,5,10,1.0,5.8
2002,2,10,1.0,6.8
2021,4,1,1.0,7.1
1998,9,10,1.0,3.8
1994,4,10,1.0,6.6
1997,6,10,1.0,6.0
1985,5,10,1.0,6.8
1946,7,10,54.0,5.9
1971,2,10,1.0,5.5
2018,10,10,1.0,7.0
1983,2,10,1.0,5.6
1995,8,10,2.0,4.5
1990,12,10,1.0,5.7
1943,12,10,59.0,5.7
1987,3,10,1.0,6.8
1967,1,10,2.0,6.6
1958,1,10,1.0,6.1
1966,1,10,1.0,7.1
2005,2,10,2.0,7.0
1928,11,8,1.0,5.7
1991,1,10,1.0,5.6
1951,9,10,1.0,5.5
1932,5,10,58.0,5.5
2021,8,10,1.0,5.4
2018,11,10,1.0,3.7
1973,4,10,1.0,4.9
1989,4,10,1.0,5.3
2009,11,10,1.0,6.8
2014,1,10,1.0,6.2
1973,12,10,1.0,7.0
2018,4,10,1.0,6.6
1932,5,10,1.0,5.2
2023,2,2,1.0,6.3
1988,3,10,2.0,7.3
1999,6,10,2.0,4.4
2018,10,1,1.0,7.6
2016,3,10,1.0,6.1
2006,10,10,2.0,6.0
1945,6,10,1.0,5.8
1956,1,10,1.0,7.4
1970,12,7,1.0,6.0
1960,2,10,1.0,5.8
1932,1,10,1.0,5.8
1991,10,10,1.0,4.6
1939,8,10,1.0,5.8
1956,2,10,1.0,5.2
1964,7,10,2.0,6.4
1971,9,10,1.0,6.6
1994,9,10,1.0,5.0
1964,5,10,1.0,4.9
1934,12,10,1.0,4.7
1937,11,10,58.0,6.0
1985,4,6,55.0,5.5
1962,5,10,1.0,6.2
1988,4,10,1.0,5.4
1947,8,10,1.0,6.1
1967,6,10,1.0,5.6
1966,10,10,1.0,6.1
1932,12,10,1.0,6.1
1930,6,10,1.0,6.5
1991,2,10,2.0,6.8
1955,5,10,1.0,6.2
1999,9,10,1.0,7.3
2023,1,10,1.0,7.1
1978,3,10,1.0,5.6
1938,10,10,1.0,6.5
1973,5,10,1.0,6.8
1931,8,10,1.0,3.0
2019,5,10,1.0,5.4
1994,11,10,1.0,8.1
1941,9,10,1.0,6.6
1961,3,10,1.0,7.0
2020,10,10,1.0,5.7
1948,4,10,1.0,6.9
1993,8,10,1.0,4.5
1944,1,10,1.0,6.3
2003,10,10,1.0,7.4
1971,4,10,1.0,4.0
1957,11,10,1.0,6.4
1985,5,10,1.0,2.9
1923,5,6,1.0,6.0
1928,12,10,1.0,6.7
1982,1,10,2.0,5.8
2009,10,10,1.0,5.7
1974,6,10,1.0,7.3
1948,11,10,55.0,5.8
1940,1,10,1.0,6.1
1942,6,10,4.0,7.3
1968,4,10,1.0,6.6
1944,1,10,1.0,5.4
1957,9,10,1.0,6.9
1984,2,6,1.0,4.9
2020,10,10,1.0,6.0
1931,1,10,1.0,6.5
2004,9,10,1.0,6.5
2006,1,10,1.0,6.6
1966,5,10,1.0,4.5
1997,9,10,1.0,7.1
1937,6,10,1.0,5.0
1951,9,10,1.0,6.8
1937,11,10,1.0,6.6
1929,6,5,54.0,7.1
2011,9,10,1.0,7.9
2005,5,10,1.0,7.1
1971,12,10,1.0,3.5
1992,5,10,1.0,7.1
2003,9,9,1.0,5.7
2019,10,10,1.0,6.8
2009,2,1,1.0,7.3
1986,11,10,1.0,6.2
1985,6,10,1.0,6.4
1959,3,10,1.0,5.2
1986,12,3,1.0,6.9
1978,2,7,1.0,5.7
2012,7,10,1.0,6.0
1945,9,5,1.0,6.2
1988,6,10,2.0,6.9
1986,1,10,1.0,5.4
2002,6,10,1.0,6.0
1958,9,10,1.0,6.4
1975,3,10,1.0,5.3
1965,4,10,1.0,6.7
1924,3,10,1.0,7.5
1934,2,10,1.0,6.1
1989,9,10,3.0,6.7
2003,1,10,1.0,6.6
1974,9,10,1.0,4.7
2002,10,10,1.0,5.4
1973,10,10,1.0,5.4
1971,10,10,1.0,8.0
1967,10,10,1.0,5.4
1930,8,10,1.0,6.4
1980,3,10,1.0,6.1
1952,7,10,1.0,5.7
2004,1,7,1.0,7.3
1936,6,10,1.0,6.0
1964,4,10,1.0,7.4
1970,1,10,1.0,6.9
1972,3,10,1.0,6.2
2015,6,10,2.0,5.4
2023,12,10,1.0,6.8
1973,9,10,1.0,4.4
1982,6,10,1.0,8.1
1937,4,10,1.0,5.9
2019,3,10,1.0,5.5
1947,12,10,1.0,6.7
2024,10,10,2.0,7.0
1938,12,10,1.0,8.2
2016,12,10,1.0,6.6
2018,8,10,1.0,6.0
1988,6,10,1.0,6.0
1940,2,10,1.0,5.5
1960,1,10,1.0,4.4
1954,10,10,1.0,5.3
1982,5,10,1.0,5.7
1972,4,10,2.0,8.1
2004,10,5,1.0,7.6
1977,9,10,1.0,5.3
1997,5,10,1.0,6.3
2009,8,10,1.0,4.8
1976,5,10,1.0,4.4
1968,1,10,1.0,6.5
2021,1,10,1.0,5.7
1932,11,10,1.0,5.8
1990,8,10,2.0,4.7
2017,12,10,1.0,4.7
2021,7,10,1.0,6.8
1976,1,10,1.0,5.8
1949,11,10,1.0,6.9
1944,9,10,1.0,6.9
1944,10,10,1.0,6.1
1987,5,10,1.0,2.9
1957,10,10,1.0,5.0
2011,6,4,1.0,7.8
1941,6,10,1.0,5.1
1977,5,10,1.0,6.0
1954,9,10,1.0,6.0
1938,5,10,1.0,6.2
2019,6,10,1.0,6.6
1960,6,10,1.0,6.0
1998,9,10,1.0,6.7
1987,7,10,1.0,4.5
2018,7,10,2.0,6.7
1991,12,10,2.0,6.9
1954,3,10,1.0,6.8
2013,5,10,2.0,7.4
1964,1,10,1.0,6.0
1999,12,10,2.0,8.1
1970,7,10,1.0,4.4
1965,5,10,1.0,6.7
2006,10,10,1.0,6.0
1999,9,10,1.0,6.4
1993,10,1,1.0,7.2
1932,3,10,1.0,6.3
2006,10,10,1.0,6.2
1995,3,10,1.0,6.4
1935,2,9,1.0,8.0
1970,8,10,1.0,4.9
1926,5,10,1.0,3.3
1957,6,10,1.0,6.4
1946,2,10,59.0,4.8
1988,10,10,1.0,7.8
1981,11,10,1.0,4.6
2025,3,10,1.0,6.2
2010,9,10,1.0,6.4
1971,6,10,1.0,7.1
1940,4,9,1.0,5.4
1955,5,10,1.0,6.9
1979,11,9,1.0,6.3
1986,12,10,1.0,5.6
2012,3,10,1.0,7.2
1944,11,10,54.0,6.9
1946,5,10,1.0,5.9
1961,5,10,1.0,7.7
1953,8,10,1.0,5.4
1979,1,10,1.0,8.4
1956,8,10,1.0,6.5
1920,2,10,50.0,3.4
1956,4,10,1.0,5.7
1952,1,1,1.0,4.5
1975,1,10,1.0,5.2
1961,4,10,2.0,5.3
1993,11,10,1.0,3.8
2024,8,10,1.0,2.5
1959,10,7,1.0,8.1
1989,4,10,2.0,4.7
1989,2,10,2.0,7.3
2020,7,10,1.0,6.0
1960,7,10,1.0,5.5
1967,4,10,1.0,3.6
1955,10,10,1.0,6.0
1967,7,10,1.0,6.9
1930,9,10,1.0,5.3
2016,2,10,1.0,7.5
1953,8,10,1.0,7.6
1930,10,10,1.0,7.0
1944,10,10,1.0,6.5
2001,1,10,1.0,6.4
2011,9,10,1.0,5.6
1974,9,10,1.0,5.5
2002,9,10,1.0,7.4
1972,11,10,1.0,5.1
1959,1,10,1.0,5.8
2021,7,10,2.0,6.5
1933,12,10,1.0,7.2
1980,1,9,1.0,4.3
1969,12,10,1.0,5.8
1998,11,10,2.0,7.2
2005,5,10,1.0,7.2
1944,4,10,1.0,5.0
1994,9,10,1.0,4.5
1968,9,10,1.0,5.9
1963,11,10,1.0,6.2
2019,9,10,1.0,5.9
1981,3,10,3.0,6.6
1988,11,10,1.0,6.6
1979,1,10,1.0,6.2
1999,10,10,1.0,6.8
1949,10,10,1.0,7.4
1935,1,4,1.0,8.8
2009,1,10,1.0,5.7
1993,9,10,1.0,4.8
2015,8,10,1.0,7.2
1987,3,10,1.0,4.6
1995,12,10,1.0,4.4
1951,9,10,1.0,6.9
1929,11,10,1.0,7.5
1945,10,10,1.0,6.7
1988,7,10,1.0,5.2
1962,10,10,1.0,5.6
1963,6,10,1.0,8.8
2001,11,10,1.0,6.3
2012,7,10,2.0,6.3
1943,11,10,1.0,5.6
1940,7,10,2.0,7.4
2020,6,10,1.0,6.5
2015,4,10,1.0,7.7
2007,2,10,1.0,7.2
2015,9,10,1.0,5.7
1996,1,10,1.0,7.2
1954,12,10,2.0,4.6
1961,1,10,3.0,6.7
1920,9,7,1.0,5.7
1961,11,10,1.0,5.8
1952,3,10,1.0,5.4
2012,5,10,1.0,5.9
1981,2,7,46.0,7.2
1989,12,10,1.0,6.8
1986,8,10,1.0,7.1
1958,7,10,1.0,6.6
1966,12,10,2.0,7.2
1961,10,10,1.0,7.5
2010,3,10,1.0,7.0
1971,12,10,1.0,5.7
2000,12,10,1.0,4.6
1943,12,10,2.0,7.1
1937,5,10,1.0,3.0
1987,10,10,1.0,6.5
1931,7,10,1.0,6.1
1944,2,10,1.0,6.6
2003,8,10,1.0,7.5
2015,10,10,1.0,6.3
2001,9,10,1.0,7.6
2012,3,10,1.0,6.6
2017,3,10,1.0,5.8
1986,9,10,1.0,4.5
1952,6,10,1.0,5.6
2020,7,10,1.0,5.7
1940,3,1,1.0,7.6
1965,7,10,1.0,5.7
1939,11,10,1.0,5.3
1998,12,10,1.0,5.5
1966,2,10,1.0,5.7
2009,1,10,1.0,6.0
1992,3,10,2.0,7.6
1963,10,10,1.0,6.6
2006,8,10,1.0,5.6
2023,1,10,2.0,5.8
1970,2,10,1.0,5.4
1929,11,10,1.0,6.8
2004,9,10,1.0,3.0
1970,10,10,1.0,7.7
1971,12,10,1.0,3.8
1948,3,10,1.0,6.3
1988,9,10,1.0,3.8
1999,12,10,1.0,6.1
2006,4,10,1.0,5.8
1966,1,10,1.0,6.9
1957,5,10,2.0,8.3
1937,3,10,1.0,6.4
1957,1,10,1.0,7.0
1937,5,10,1.0,6.4
2009,12,10,1.0,5.6
1995,3,10,1.0,6.4
1969,4,10,1.0,6.7
2012,6,10,1.0,8.1
1994,11,10,1.0,4.5
1959,1,10,1.0,6.3
1932,10,10,1.0,5.5
1998,12,9,2.0,6.8
1964,5,10,1.0,5.9
1947,9,10,1.0,7.2
1940,5,10,1.0,7.9
2015,12,10,1.0,6.5
1960,10,10,2.0,6.5
1941,8,10,1.0,6.2
1962,1,10,1.0,5.9
1956,3,10,1.0,6.3
2016,10,10,2.0,7.3
2022,9,10,1.0,4.7
1926,3,9,1.0,6.7
1983,12,10,1.0,6.3
1933,12,10,1.0,7.0
1980,10,10,2.0,7.5
1976,6,10,1.0,6.7
1974,9,10,1.0,4.9
2010,9,10,1.0,6.9
1984,2,10,1.0,6.1
1931,2,10,1.0,7.4
2000,2,10,1.0,4.9
2015,1,10,1.0,7.3
1968,1,10,1.0,4.6
1945,2,10,1.0,7.2
1989,1,8,1.0,5.1
1964,11,10,1.0,5.5
2001,3,10,1.0,6.9
1932,5,9,1.0,3.2
2025,2,10,1.0,5.7
1946,9,10,1.0,7.3
2008,11,10,1.0,7.0
1948,9,10,1.0,6.3
1991,1,10,1.0,2.8
2000,4,10,1.0,5.8
1953,2,10,1.0,7.5
2006,11,4,1.0,7.7
1924,1,10,1.0,5.0
1924,2,10,1.0,6.9
1957,10,10,1.0,6.3
1970,5,10,1.0,7.6
1950,3,10,1.0,6.4
1973,1,10,1.0,4.6
1936,6,10,1.0,5.9
2011,1,10,1.0,5.4
1935,6,10,53.0,5.1
1974,12,10,1.0,4.4
2022,6,10,1.0,7.3
1990,7,10,1.0,6.5
1990,1,10,1.0,2.2
1973,3,10,1.0,7.9
2022,7,1,1.0,6.3
2004,1,10,1.0,7.1
1977,9,9,48.0,7.8
2000,2,10,1.0,7.0
1942,4,10,1.0,6.7
1971,10,10,1.0,6.6
1970,9,10,1.0,5.8
1986,6,10,1.0,6.1
2010,1,10,1.0,6.4
2024,10,10,1.0,6.4
1978,2,10,1.0,6.5
1931,9,10,1.0,7.3
2005,6,10,1.0,6.7
1937,2,10,1.0,6.3
2014,1,10,2.0,6.8
1941,9,10,1.0,7.4
1939,12,10,1.0,7.6
2001,11,10,1.0,6.0
2020,1,10,1.0,3.7
1950,5,10,1.0,5.9
1980,7,10,1.0,4.3
1969,9,10,1.0,5.2
2019,3,10,2.0,6.1
1990,1,10,1.0,5.7
1975,11,10,1.0,4.9
1955,5,10,1.0,7.6
1935,2,10,1.0,5.7
1951,6,10,1.0,6.1
2008,2,10,1.0,6.0
1992,12,10,2.0,7.6
1979,11,10,1.0,7.6
1974,9,10,1.0,5.5
2004,4,10,2.0,8.0
1982,9,10,1.0,6.6
1946,10,10,1.0,6.0
2015,8,10,1.0,6.1
2021,7,10,1.0,4.6
1960,12,10,1.0,6.8
1962,11,10,1.0,7.1
2012,6,10,2.0,6.1
1964,7,10,1.0,6.3
1926,1,10,1.0,6.4
1974,4,10,1.0,6.1
1985,9,10,1.0,3.3
2019,5,10,1.0,5.6
1937,1,10,58.0,7.0
2023,4,10,1.0,4.5
1999,9,10,1.0,7.4
1923,1,6,54.0,6.6
2025,3,1,1.0,6.3
1961,9,10,1.0,4.9
2015,3,10,1.0,5.8
1974,2,10,1.0,3.9
1970,9,10,1.0,5.4
1977,6,4,1.0,4.3
2024,2,10,2.0,6.9
1924,1,10,56.0,6.1
1964,11,10,1.0,6.5
2015,8,10,2.0,7.8
1968,10,10,1.0,2.9
1942,1,10,1.0,7.1
2008,4,10,1.0,5.7
1997,2,10,1.0,5.5
2022,3,10,3.0,7.8
2000,10,10,1.0,7.0
1959,2,10,1.0,5.8
1996,4,10,1.0,5.6
1937,10,10,1.0,6.6
1928,1,10,1.0,6.6
2001,8,10,1.0,6.5
1929,2,9,1.0,5.9
1958,7,10,1.0,5.7
1966,3,10,1.0,5.9
2024,1,10,1.0,6.0
2005,4,10,1.0,7.0
2014,2,3,1.0,6.2
1963,12,10,1.0,5.0
1940,12,10,1.0,2.9
1990,2,10,1.0,5.4
1930,2,10,1.0,5.6
2025,3,10,1.0,6.4
1988,6,10,1.0,4.7
1934,5,10,1.0,6.4
1988,1,6,1.0,6.8
1951,1,9,1.0,5.9
1974,10,10,1.0,5.2
1946,2,10,1.0,6.7
1978,6,10,1.0,4.4
2017,6,10,1.0,5.8
1995,1,9,1.0,4.0
1939,9,10,1.0,6.8
1981,9,10,1.0,1.5
1986,10,10,1.0,4.4
1982,1,10,1.0,4.5
2020,2,10,1.0,6.4
2022,6,10,1.0,6.9
1941,8,10,1.0,7.4
2001,9,10,1.0,5.8
2010,9,10,2.0,7.6
2025,1,10,2.0,6.8
1932,7,10,1.0,6.0
1975,1,10,2.0,6.6
2012,5,10,1.0,5.0
1996,8,10,1.0,6.3
1988,12,10,1.0,5.5
1945,4,10,1.0,6.6
1972,10,10,1.0,6.9
1975,11,10,1.0,4.9
2022,7,10,1.0,6.5
1955,11,10,1.0,7.7
2018,8,10,1.0,6.3
2011,8,10,1.0,6.4
1951,2,10,1.0,7.4
2023,3,10,2.0,7.6
2008,10,10,2.0,6.0
1953,11,1,1.0,7.4
1956,10,8,1.0,6.2
1958,8,10,1.0,6.4
1964,8,10,1.0,6.9
2012,3,10,2.0,8.2
1923,12,7,1.0,3.3
1977,1,10,1.0,4.2
2005,1,10,1.0,5.7
1947,5,10,1.0,6.0
1956,11,10,1.0,6.9
2020,1,10,1.0,5.9
1988,3,10,1.0,6.7
2010,11,10,1.0,5.9
1953,10,10,1.0,6.0
1938,3,10,1.0,7.3
2014,8,10,1.0,7.1
1987,5,10,1.0,6.6
1966,7,10,1.0,7.2
1992,3,10,1.0,6.3
1952,4,10,1.0,6.5
2023,8,10,1.0,7.2
1977,12,10,1.0,4.9
2012,11,10,1.0,6.9
1994,7,10,1.0,5.4
1949,12,10,1.0,8.1
2011,9,1,1.0,7.4
1945,1,10,1.0,5.4
1925,3,10,1.0,7.0
1985,10,9,1.0,7.5
1989,9,10,2.0,7.5
1942,10,10,55.0,6.8
1950,6,10,1.0,5.4
1958,8,10,1.0,5.7
1931,6,10,1.0,6.4
2017,5,3,1.0,6.2
1921,1,2,1.0,5.3
1997,12,10,2.0,4.7
1942,4,10,1.0,6.4
1990,7,6,2.0,7.1
1955,4,10,1.0,7.4
2019,1,10,1.0,6.7
1996,11,10,1.0,4.9
1932,9,10,1.0,5.5
1977,3,10,1.0,6.1
1932,9,10,1.0,4.8
2018,8,10,2.0,6.6
1972,4,10,1.0,4.0
2003,8,10,2.0,7.3
1978,10,10,1.0,4.8
1954,2,10,1.0,6.1
1971,12,10,1.0,4.4
2021,10,10,1.0,7.1
2014,1,10,2.0,7.2
2010,1,10,1.0,2.7
2009,9,10,1.0,6.1
1931,11,10,1.0,7.8
1943,7,10,1.0,7.0
1973,10,10,1.0,6.2
2000,7,10,2.0,6.6
1955,11,10,1.0,6.2
1997,2,10,1.0,7.1
1990,12,10,3.0,7.4
1989,7,10,1.0,4.6
2020,6,10,2.0,6.5
1970,7,10,1.0,5.2
1998,9,10,2.0,6.8
2022,10,10,2.0,6.9
1967,3,10,1.0,5.6
2000,7,10,1.0,5.2
1966,4,10,1.0,5.7
1965,11,10,1.0,7.5
1967,3,10,1.0,5.9
1969,8,10,1.0,6.3
2013,10,10,1.0,6.8
2012,4,10,1.0,5.9
1945,9,10,1.0,5.8
1995,12,10,2.0,5.7
1975,1,10,2.0,7.7
1956,4,10,1.0,7.2
1942,1,10,2.0,7.2
1962,2,10,1.0,5.8
1950,1,10,2.0,6.8
1974,6,10,1.0,5.8
1950,3,10,1.0,5.4
2013,6,10,1.0,6.0
1970,10,10,1.0,5.2
1937,12,10,55.0,6.3
2003,1,4,1.0,4.6
1979,5,10,1.0,5.7
1960,3,10,1.0,6.4
1979,9,10,1.0,4.2
2018,9,3,1.0,8.1
1938,12,10,1.0,4.0
2016,12,3,1.0,7.5
1958,4,10,1.0,5.9
1945,11,10,1.0,7.3
2007,6,10,1.0,6.4
1937,9,10,1.0,6.4
1958,12,10,1.0,8.4
1928,6,10,1.0,5.5
1943,11,10,1.0,6.4
2006,11,10,1.0,6.8
1950,5,10,1.0,6.2
1942,12,10,1.0,6.3
1957,6,10,1.0,6.9
1966,2,10,1.0,5.8
1977,4,10,1.0,7.3
2021,7,10,1.0,6.6
1982,7,10,2.0,7.1
2024,4,10,2.0,7.0
2020,12,9,1.0,3.2
1940,12,10,1.0,5.2
2015,11,10,1.0,7.5
1983,7,10,1.0,3.6
2002,6,10,1.0,5.4
1999,9,8,1.0,5.0
1988,11,10,1.0,5.1
1977,4,10,1.0,5.0
1938,5,10,1.0,6.1
1978,8,10,1.0,7.0
1949,11,10,1.0,6.4
1943,7,10,47.0,6.4
2004,3,10,1.0,6.2
2006,12,10,1.0,4.7
1959,5,10,2.0,7.4
2024,4,4,1.0,5.4
1943,1,10,1.0,6.7
1933,2,10,1.0,6.8
2010,4,10,2.0,7.1
1983,1,8,1.0,7.4
1920,5,10,1.0,4.0
2003,11,10,3.0,7.8
1991,5,10,1.0,6.2
1972,6,10,1.0,6.3
1938,9,10,1.0,6.6
1997,12,10,1.0,4.6
1975,5,10,1.0,7.3
1939,10,10,1.0,6.5
1989,2,10,1.0,5.5
1929,11,10,2.0,7.2
1985,9,7,1.0,6.3
1954,8,10,1.0,7.1
1947,3,10,1.0,6.4
1957,3,10,1.0,4.1
1957,4,10,1.0,7.1
1982,11,10,1.0,4.1
1980,7,10,1.0,4.3
2001,6,10,1.0,6.4
2009,1,10,1.0,7.3
1946,11,10,1.0,5.8
1992,10,10,2.0,6.2
2012,4,10,1.0,5.7
1949,8,10,1.0,6.3
2009,11,10,1.0,3.7
1962,12,2,1.0,6.9
1973,8,10,1.0,7.7
2014,1,10,1.0,5.1
1979,1,10,1.0,3.7
2023,4,10,1.0,6.8
2008,9,10,1.0,6.0
2016,4,10,1.0,6.1
1957,8,10,1.0,7.4
2007,3,10,1.0,6.7
1980,6,10,1.0,4.3
1988,8,10,1.0,5.6
1993,10,10,1.0,4.0
1990,2,10,1.0,6.4
1987,2,10,1.0,6.8
1990,9,10,1.0,7.7
2012,2,10,1.0,5.6
1986,11,10,1.0,5.1
2001,9,10,1.0,7.1
2000,7,10,1.0,6.1
1941,3,10,2.0,8.4
1945,1,10,2.0,7.3
1991,3,10,1.0,5.8
1988,7,10,2.0,8.0
2012,10,1,1.0,6.2
1997,7,10,1.0,6.7
1984,8,10,2.0,7.7
1949,5,10,1.0,6.6
1991,5,10,2.0,4.2
1957,6,10,1.0,6.6
1975,1,10,1.0,4.7
1926,4,10,1.0,6.7
1994,5,10,1.0,4.4
2008,11,10,1.0,5.4
1984,11,10,1.0,6.0
1940,11,10,1.0,6.2
2022,12,10,1.0,6.7
1975,8,10,1.0,4.7
1982,9,10,1.0,5.4
1952,11,10,1.0,6.7
1944,11,10,1.0,5.0
1979,3,10,2.0,7.7
1940,1,10,1.0,5.9
1971,7,10,1.0,7.6
1989,2,10,1.0,4.4
1935,3,10,1.0,6.3
1980,3,10,1.0,5.4
2002,5,10,1.0,5.7
1964,11,10,1.0,6.4
2020,9,10,1.0,4.5
1944,9,10,56.0,6.5
1972,12,10,2.0,6.4
1974,10,10,1.0,4.1
1986,2,10,1.0,4.9
1931,12,10,1.0,5.9
1942,1,10,1.0,5.5
1968,3,10,1.0,5.0
2013,11,10,1.0,6.5
2017,10,8,1.0,7.5
1948,12,10,1.0,6.8
2020,1,10,1.0,6.3
1997,9,10,1.0,6.6
2025,3,10,2.0,5.9
1971,6,7,1.0,5.0
1932,10,10,1.0,7.1
1978,2,10,1.0,3.9
2025,5,10,1.0,5.9
1987,4,10,1.0,3.9
1951,12,10,1.0,6.6
1983,9,10,1.0,6.5
1997,9,10,2.0,6.7
2023,8,10,1.0,6.3
1994,2,10,1.0,7.2
1939,7,10,1.0,6.4
2025,3,10,1.0,1.6
2016,9,10,1.0,4.9
2001,9,10,1.0,6.3
2025,3,10,2.0,7.9
1926,11,10,3.0,5.7
1940,9,10,1.0,6.5
1999,2,10,2.0,6.4
1945,12,10,1.0,5.8
1931,9,10,1.0,7.6
1949,7,10,1.0,5.5
2015,7,10,1.0,7.0
1947,8,10,1.0,5.7
1925,12,9,1.0,6.1
2012,1,10,2.0,6.9
1992,8,10,1.0,5.9
2017,6,10,1.0,7.4
2021,1,10,1.0,5.3
1927,12,10,1.0,5.5
1983,7,10,1.0,5.2
1977,10,10,1.0,5.0
1978,10,10,1.0,5.2
1984,5,10,1.0,6.1
1941,3,10,1.0,5.7
1975,6,10,1.0,6.1
1964,4,10,1.0,5.8
1950,6,10,1.0,6.5
1924,11,10,1.0,8.1
1967,5,10,1.0,5.3
1976,8,10,1.0,7.3
2010,1,10,1.0,5.3
2006,3,10,1.0,5.7
2002,11,2,1.0,6.9
1975,11,10,1.0,4.6
1972,1,10,1.0,4.8
2015,10,10,1.0,7.1
2020,8,10,1.0,5.3
2003,1,10,1.0,6.5
1939,9,10,1.0,6.2
1980,2,10,2.0,8.8
1962,1,10,1.0,6.6
2010,5,10,1.0,7.2
2008,4,10,1.0,6.2
2017,7,10,1.0,6.1
2017,2,10,1.0,6.5
1996,3,10,1.0,5.7
1994,5,10,1.0,5.9
1955,4,10,1.0,7.1
1997,1,10,1.0,6.9
1973,9,10,1.0,5.2
2012,8,10,1.0,6.6
2022,5,10,1.0,6.4
1993,4,10,2.0,6.0
1947,4,10,1.0,6.5
2025,3,10,1.0,7.3
1948,4,10,1.0,7.3
1999,6,10,1.0,5.9
1942,6,10,1.0,5.1
1958,9,10,2.0,7.7
2012,1,10,1.0,4.6
2003,6,10,2.0,6.5
1930,2,10,1.0,6.8
1985,6,10,1.0,6.7
1951,7,10,1.0,7.8
2009,2,10,1.0,6.7
1944,6,10,2.0,7.0
1941,3,10,57.0,6.3
1989,8,10,1.0,7.2
1920,2,10,1.0,8.0
1960,7,10,1.0,6.3
1940,9,10,1.0,6.3
1921,4,10,1.0,6.7
2025,3,6,1.0,2.6
1973,4,10,1.0,7.5
2025,1,10,1.0,6.0
1956,10,10,1.0,4.7
1973,12,10,2.0,8.0
1951,10,10,1.0,5.8
1925,10,10,1.0,7.0
1999,12,8,1.0,4.6
1963,12,10,1.0,7.2
1952,7,10,1.0,6.1
2011,7,10,1.0,3.1
1967,5,10,1.0,7.0
1960,10,10,1.0,7.5
2019,7,7,1.0,7.7
1959,1,10,1.0,5.5
2013,1,8,1.0,6.5
1982,1,10,2.0,6.4
1947,4,10,1.0,6.8
2020,7,10,1.0,7.0
2024,6,10,1.0,6.5
2013,10,10,1.0,5.5
2017,7,6,1.0,6.9
1969,9,10,1.0,6.6
1952,9,10,1.0,5.2
1941,9,10,1.0,5.2
2014,7,10,1.0,5.9
1962,3,10,1.0,7.1
1993,8,10,1.0,5.2
2011,11,9,1.0,6.1
2005,12,10,1.0,6.4
1971,4,10,1.0,6.5
1927,9,9,1.0,7.0
1995,8,10,1.0,6.2
1957,2,10,1.0,5.5
1980,7,10,1.0,5.5
1989,3,6,1.0,3.8
1993,8,10,1.0,7.4
1970,12,10,1.0,7.8
1920,11,10,1.0,6.7
1966,12,10,1.0,5.8
2003,8,10,1.0,7.5
1946,6,10,1.0,5.9
1988,6,6,1.0,7.2
2012,1,10,1.0,6.2
1988,8,10,1.0,5.5
2015,7,10,1.0,3.9
1932,4,6,1.0,6.8
1999,4,10,1.0,4.5
1960,5,10,1.0,4.8
2011,2,10,1.0,4.5
1999,4,10,1.0,4.4
1958,5,10,1.0,6.3
1998,9,10,1.0,7.2
2000,3,10,1.0,7.2
2025,3,10,2.0,6.9
1952,8,10,1.0,5.5
1954,9,10,1.0,7.3
1941,10,10,1.0,6.0
2024,8,10,2.0,8.1
1979,7,10,2.0,7.3
2015,8,10,1.0,6.5
1972,5,10,1.0,5.7
2006,10,10,1.0,6.4
2020,11,10,1.0,6.0
1950,7,10,1.0,6.4
1979,2,10,1.0,6.2
1992,11,10,1.0,5.8
1990,10,10,1.0,7.7
2017,8,10,1.0,6.6
1953,9,10,1.0,6.5
1931,12,10,1.0,5.1
2011,3,10,1.0,6.3
2008,3,10,1.0,6.9
1984,6,10,2.0,6.6
1997,5,10,1.0,6.7
1949,2,10,1.0,6.2
1938,12,10,1.0,6.2
2015,10,10,1.0,7.6
1993,8,10,1.0,6.2
1934,4,10,1.0,5.9
1949,1,10,1.0,6.3
1991,11,10,1.0,4.3
1940,11,10,1.0,6.9
1930,9,9,1.0,6.5
1930,1,10,1.0,7.1
2011,8,10,1.0,7.6
1993,1,10,1.0,5.3
1967,5,10,1.0,6.3
2021,10,10,2.0,8.3
1968,2,10,1.0,5.7
1992,4,10,1.0,6.5
1973,8,10,2.0,6.5
2012,12,10,1.0,6.0
1948,12,10,1.0,6.6
2001,1,10,1.0,6.2
1987,5,10,1.0,5.7
1998,3,10,1.0,4.4
2007,9,10,1.0,7.3
2010,10,10,1.0,4.6
1990,3,10,1.0,5.5
2013,10,10,2.0,8.2
2016,4,10,1.0,7.1
2004,11,10,1.0,6.1
1983,9,10,1.0,7.1
1942,10,10,1.0,6.9
1991,4,9,2.0,8.0
2002,7,10,2.0,6.8
1996,9,10,1.0,7.6
1986,7,10,1.0,6.6
2004,7,10,1.0,7.7
1997,11,10,1.0,7.2
1942,4,10,1.0,6.8
1964,10,10,2.0,6.5
1935,3,10,1.0,7.0
1985,4,10,1.0,4.6
1956,3,10,1.0,7.1
2012,9,10,1.0,6.8
2021,4,10,1.0,5.3
1963,4,10,1.0,6.2
1944,10,10,1.0,4.9
2006,5,10,2.0,7.1
2005,11,10,2.0,5.6
1935,6,10,2.0,7.3
1925,4,10,1.0,7.4
1979,8,10,1.0,4.9
1926,1,9,50.0,6.3
1966,10,10,1.0,4.7
1945,9,10,1.0,6.8
1942,10,10,1.0,4.9
2018,2,10,2.0,6.6
2008,9,10,1.0,6.4
1989,8,10,2.0,5.1
1947,8,10,1.0,6.1
1963,2,10,1.0,7.2
1970,11,10,1.0,5.9
2017,5,10,1.0,7.2
1924,12,10,2.0,6.3
1949,12,10,1.0,5.8
2021,1,10,1.0,4.6
1986,1,10,1.0,6.7
1942,3,10,1.0,7.0
1932,11,10,1.0,6.0
2020,5,10,1.0,6.1
1981,4,10,1.0,7.6
1949,7,10,1.0,7.5
2012,8,10,1.0,4.1
1942,5,10,1.0,6.5
2003,6,10,1.0,6.2
1988,11,10,1.0,7.2
1946,10,10,1.0,6.3
1923,8,10,1.0,5.7
2000,12,10,2.0,6.3
1987,12,10,1.0,4.8
2007,3,1,1.0,6.6
1998,2,10,1.0,6.3
2001,10,3,1.0,7.4
1931,12,10,1.0,5.9
1933,2,10,2.0,6.8
2022,9,10,2.0,6.9
2003,10,10,1.0,6.9
2006,1,10,1.0,7.5
2010,5,10,1.0,6.2
1989,10,10,1.0,5.2
1930,5,10,2.0,7.2
2011,4,10,1.0,7.7
2014,6,10,1.0,7.4
1967,10,10,1.0,6.6
1976,1,4,1.0,3.7
2014,5,10,2.0,6.6
1998,11,10,1.0,8.3
1946,10,10,57.0,6.6
1927,9,10,1.0,6.2
1996,10,10,2.0,7.7
1964,12,10,1.0,6.1
1949,1,10,1.0,6.1
2009,9,10,1.0,5.2
1942,2,10,55.0,5.9
1969,2,10,1.0,6.0
1929,1,9,1.0,7.4
1943,12,10,1.0,6.5
1948,9,10,1.0,5.5
1934,10,10,1.0,5.5
1975,4,10,2.0,8.0
1965,4,10,1.0,6.3
1929,3,10,2.0,7.3
2009,10,10,1.0,6.5
1997,7,10,2.0,6.7
1953,9,10,1.0,8.2
2022,6,10,2.0,5.4
1971,1,10,1.0,6.4
1977,12,10,1.0,4.4
1965,3,10,1.0,7.2
1929,9,10,1.0,6.5
1943,8,10,1.0,5.7
1973,1,10,1.0,5.5
2023,10,10,1.0,6.1
1922,1,10,50.0,4.0
1967,8,10,1.0,4.7
1928,12,10,1.0,6.7
1987,10,10,1.0,4.7
1947,2,10,1.0,6.5
1938,2,10,1.0,6.7
1955,10,10,1.0,6.4
1959,9,10,1.0,6.1
1968,9,10,1.0,6.0
1935,9,1,47.0,5.4
1962,12,10,2.0,6.3
1946,2,10,1.0,5.5
1930,10,10,1.0,6.8
1934,3,10,1.0,6.5
1959,8,10,1.0,7.4
1992,2,10,1.0,7.0
1969,3,10,1.0,7.4
1984,12,10,1.0,4.7
1947,2,10,53.0,5.9
1993,2,10,2.0,7.5
1975,4,10,1.0,5.1
2010,4,9,1.0,6.4
1991,6,10,2.0,6.9
1950,6,10,1.0,6.1
1944,10,10,1.0,6.5
1938,12,10,1.0,6.6
2022,9,10,1.0,6.5
1956,4,10,1.0,7.0
1999,7,10,1.0,5.9
2024,7,10,1.0,7.4
1993,8,10,1.0,6.1
1988,5,10,2.0,6.0
1971,6,10,1.0,4.0
2012,9,10,1.0,7.0
1970,10,10,1.0,6.5
1949,7,10,1.0,4.7
2012,10,10,1.0,6.8
2000,11,10,1.0,6.2
1947,7,10,1.0,6.8
2013,1,10,1.0,4.4
1937,1,10,1.0,6.2
2000,7,4,1.0,7.7
1997,4,10,1.0,4.6
1995,4,10,1.0,4.4
1971,7,10,1.0,6.1
1953,4,10,1.0,6.3
1985,10,10,1.0,6.4
2015,9,10,2.0,6.8
1999,5,10,1.0,5.5
1968,10,10,1.0,7.0
1946,8,10,1.0,6.1
2024,9,10,1.0,7.6
2015,12,10,2.0,5.9
2006,5,10,2.0,6.5
1992,11,10,3.0,7.7
2024,8,10,1.0,5.4
1968,8,10,1.0,5.8
1974,4,10,1.0,4.0
2020,9,1,1.0,6.7
1929,12,10,1.0,5.5
1949,11,10,1.0,5.8
2018,6,10,2.0,7.6
1987,8,10,1.0,6.7
2010,9,10,1.0,7.2
2025,3,10,1.0,7.2
1968,6,10,1.0,7.5
1956,10,10,1.0,6.7
1971,3,10,1.0,7.2
1953,10,10,1.0,7.5
1923,12,10,1.0,6.3
1973,10,10,1.0,6.9
1930,5,10,1.0,6.0
1955,9,10,1.0,6.7
2014,6,10,1.0,5.6
1963,10,10,2.0,7.8
1999,8,10,1.0,6.0
1923,5,10,1.0,6.4
1996,6,10,2.0,7.3
1960,9,10,1.0,6.4
2023,1,10,1.0,4.4
1945,7,10,1.0,6.5
1961,9,10,1.0,5.5
1987,2,10,1.0,5.5
1998,11,10,1.0,7.2
1939,3,10,1.0,6.3
1980,11,9,1.0,4.9
1940,4,10,1.0,6.0
1926,1,10,54.0,6.2
1979,11,10,1.0,7.4
1946,9,10,1.0,5.8
1939,5,10,1.0,6.1
1926,12,10,1.0,8.1
1938,1,10,1.0,6.7
1951,11,10,1.0,7.6
1950,5,10,1.0,6.3
1955,12,10,1.0,5.4
2005,11,10,1.0,5.5
1942,12,10,1.0,5.9
1960,11,10,1.0,7.3
1975,8,10,1.0,5.6
1941,9,10,1.0,5.8
2011,2,10,2.0,7.4
1994,8,10,1.0,6.1
1946,9,10,56.0,7.0
1950,2,10,1.0,6.1
1991,9,10,1.0,3.7
1996,8,10,1.0,6.8
1928,8,10,49.0,6.6
1927,4,10,1.0,5.5
1945,6,10,1.0,4.9
1967,12,10,1.0,7.1
1939,4,10,1.0,6.1
1955,6,10,1.0,6.4
1953,11,10,1.0,7.9
1937,2,10,1.0,4.7
1926,5,7,50.0,6.2
1978,9,10,1.0,4.2
1947,4,10,1.0,5.7
1982,10,10,1.0,7.1
1999,4,10,1.0,6.8
1995,7,10,1.0,4.0
2000,8,10,1.0,5.3
1969,12,10,1.0,4.9
1969,4,10,2.0,7.7
1948,11,10,1.0,6.2
1946,10,10,59.0,6.3
1937,11,10,1.0,6.6
1956,1,10,1.0,5.8
1995,8,10,1.0,7.1
1961,2,6,1.0,6.3
1952,1,10,1.0,5.6
2021,8,10,2.0,8.0
1972,11,10,1.0,5.6
1937,6,10,59.0,6.1
2006,10,10,1.0,7.1
2009,9,10,1.0,7.2
2010,9,10,1.0,6.7
1994,10,10,1.0,7.2
1994,7,10,1.0,5.6
2015,9,10,1.0,7.0
1968,7,10,1.0,7.2
1949,9,10,1.0,5.6
1941,4,10,1.0,6.1
1937,12,10,1.0,6.4
1988,7,10,1.0,6.3
1975,6,10,1.0,5.3
2008,11,10,1.0,5.9
1972,7,10,1.0,8.2
1959,9,10,1.0,5.7
1963,7,10,1.0,3.8
1953,9,10,1.0,6.3
2022,9,10,1.0,6.1
2014,8,10,1.0,5.7
1997,10,10,1.0,5.3
1941,12,10,54.0,5.9
2000,2,10,1.0,6.6
1949,2,10,1.0,6.1
1968,4,10,1.0,6.9
1950,8,10,1.0,8.4
1950,12,10,1.0,5.8
1949,10,10,58.0,6.9
1932,10,8,1.0,7.2
1974,10,10,1.0,8.0
2015,4,10,1.0,6.3
1975,2,10,1.0,4.9
1967,2,10,1.0,5.7
1937,5,10,1.0,6.4
1974,9,10,1.0,2.9
1985,4,10,1.0,6.0
1996,8,9,1.0,6.6
1964,12,10,1.0,6.2
1929,2,10,2.0,7.1
2018,3,10,1.0,5.1
2021,3,10,1.0,3.0
1980,1,10,1.0,6.9
1976,3,10,1.0,5.4
1932,5,10,1.0,5.5
1993,5,10,1.0,5.1
1984,1,10,1.0,6.2
2008,8,10,1.0,5.4
2002,5,10,1.0,5.3
1997,3,10,1.0,6.9
1995,10,10,1.0,6.6
1966,2,10,1.0,3.2
1963,1,10,2.0,7.7
1974,7,10,1.0,5.7
1942,12,10,2.0,6.7
1981,3,10,1.0,7.0
2010,8,10,1.0,5.8
1953,4,1,53.0,7.1
1995,2,10,1.0,5.9
2010,11,10,1.0,6.5
1968,7,10,1.0,4.3
2011,7,10,2.0,6.8
1962,10,10,1.0,6.6
1927,5,10,1.0,5.3
2024,4,10,1.0,7.0
1982,6,10,1.0,5.5
1976,3,10,2.0,6.9
1982,7,10,1.0,7.5
2002,9,10,1.0,5.7
2012,4,10,1.0,6.5
1953,1,10,2.0,6.4
1952,10,10,2.0,6.9
2005,11,10,2.0,3.6
1983,3,10,1.0,5.2
1936,1,10,1.0,6.3
1957,3,10,1.0,6.1
2021,3,10,1.0,5.1
1959,9,10,1.0,6.9
1988,3,10,1.0,7.4
2015,7,10,1.0,6.5
1924,2,9,1.0,6.9
1953,11,10,1.0,6.5
1974,5,10,1.0,5.5
2020,8,10,1.0,5.7
1996,4,10,1.0,7.3
2022,5,8,2.0,6.7
1936,4,10,1.0,5.9
2001,10,10,1.0,6.6
1956,10,10,2.0,7.3
1985,8,10,1.0,6.2
2010,12,10,1.0,7.1
1940,4,10,58.0,5.5
1957,8,10,1.0,5.5
1973,2,10,1.0,6.1
1971,12,10,1.0,5.8
2004,2,10,1.0,6.6
1932,7,10,1.0,5.3
1938,6,10,1.0,6.3
2011,12,10,2.0,7.1
1947,5,10,1.0,6.2
1983,10,10,2.0,7.3
2014,2,10,2.0,5.8
1953,5,10,1.0,5.9
1965,11,10,1.0,6.3
1932,8,10,1.0,5.8
1981,9,10,2.0,7.4
1945,12,10,1.0,6.9
1963,3,10,1.0,7.6
1959,10,10,1.0,5.5
1977,11,10,1.0,5.7
1963,8,10,1.0,5.1
1995,8,10,1.0,4.3
1933,6,10,1.0,6.2
1925,9,10,1.0,6.1
1947,3,10,1.0,6.3
2015,5,10,1.0,7.0
1973,9,10,1.0,7.3
1930,9,6,1.0,6.9
1971,12,10,1.0,7.9
1962,4,10,1.0,6.9
2002,7,10,1.0,6.2
2012,11,10,1.0,6.0
1965,1,10,1.0,7.3
1934,7,10,1.0,7.1
2004,4,10,1.0,6.5
1938,7,10,56.0,6.2
1977,1,10,1.0,5.8
1987,4,10,1.0,5.8
1986,8,10,1.0,7.6
1986,9,10,1.0,3.6
1959,6,10,1.0,5.9
1982,1,10,1.0,5.4
2025,3,10,1.0,6.5
1994,8,10,1.0,6.3
1951,3,10,1.0,7.1
1963,9,10,1.0,5.2
2018,12,10,1.0,6.7
1949,8,10,1.0,7.3
1950,11,10,1.0,7.3
1965,9,10,2.0,5.6
1939,8,10,1.0,7.0
1948,7,10,1.0,6.3
2012,12,10,2.0,7.5
2023,6,10,1.0,7.4
1983,12,5,1.0,4.9
2018,8,10,1.0,7.6
1946,7,10,1.0,5.9
1955,6,10,1.0,5.2
1940,12,10,1.0,5.4
2015,10,10,2.0,7.2
1941,1,10,1.0,4.8
1991,12,10,1.0,6.2
1987,3,10,2.0,5.5
1958,2,10,1.0,5.5
1941,9,10,1.0,6.7
2010,2,10,2.0,6.5
1998,8,10,2.0,7.1
1992,10,10,2.0,7.5
1922,1,7,1.0,6.2
1926,10,7,1.0,7.9
1952,9,10,1.0,5.8
1995,6,10,1.0,5.3
1946,8,10,1.0,6.9
2023,11,10,1.0,6.6
1962,9,10,1.0,6.6
1927,3,10,1.0,6.8
1958,5,10,1.0,6.8
2001,8,10,1.0,6.7
1955,11,10,1.0,5.6
2001,12,10,1.0,7.8
2002,7,10,1.0,6.4
1960,10,10,1.0,6.7
1968,1,10,1.0,4.3
1957,7,10,1.0,6.5
1990,8,10,1.0,4.9
1940,10,10,1.0,6.4
2020,10,10,1.0,4.4
1994,7,10,2.0,7.0
1946,3,10,1.0,6.2
1943,11,10,1.0,6.9
1938,6,10,1.0,7.0
1999,5,10,1.0,7.0
1958,1,10,1.0,5.6
1958,4,10,1.0,7.3
1962,5,8,1.0,5.9
1983,4,10,1.0,6.7
2006,4,10,1.0,5.4
1995,9,10,1.0,7.4
1965,9,10,1.0,4.9
1986,10,10,1.0,4.6
1946,4,10,53.0,7.6
1985,6,10,3.0,7.4
1992,7,10,1.0,5.5
1949,9,10,1.0,6.1
1964,1,10,1.0,5.8
1920,9,10,1.0,5.8
1966,3,10,1.0,6.4
1943,11,10,1.0,6.3
2009,6,10,1.0,4.7
1992,1,10,2.0,8.1
2017,9,10,2.0,8.1
2012,6,10,1.0,5.6
1988,8,10,2.0,5.6
2022,2,10,1.0,6.3
1960,12,10,1.0,8.7
1944,8,10,1.0,6.4
1980,11,10,1.0,6.4
1976,2,10,1.0,4.7
2016,1,10,1.0,5.5
1962,7,4,1.0,7.3
2019,8,10,1.0,5.9
2013,10,10,1.0,7.0
2015,11,10,1.0,7.2
1986,7,8,1.0,5.9
1939,7,10,1.0,5.4
1926,11,10,1.0,6.2
1986,12,10,1.0,6.2
2025,3,10,1.0,7.3
1951,4,10,1.0,6.9
1969,4,8,1.0,5.9
1973,5,10,1.0,4.6
1939,1,10,1.0,6.3
1990,1,3,1.0,6.7
1932,8,10,1.0,6.0
2022,5,8,1.0,7.0
1989,11,10,1.0,7.5
2001,12,10,1.0,6.9
1945,9,10,1.0,5.7
1946,7,10,1.0,7.1
1978,4,10,2.0,6.8
1974,3,10,1.0,4.8
2004,5,10,1.0,5.0
2007,10,10,1.0,4.5
1941,5,10,1.0,5.8
1960,10,10,1.0,5.7
1969,8,10,1.0,4.9
1938,5,10,3.0,6.7
1925,11,9,1.0,7.6
1957,8,10,1.0,6.5
1990,6,10,1.0,4.0
1952,3,10,1.0,5.7
1968,4,10,1.0,4.0
2017,1,10,1.0,4.7
1978,8,10,1.0,7.2
1944,2,10,1.0,6.3
1992,10,10,1.0,7.7
1992,9,10,1.0,5.4
1936,1,10,57.0,6.1
1958,3,10,1.0,4.4
2000,1,10,1.0,5.6
1967,5,10,1.0,5.7
1995,4,10,1.0,5.5
1996,1,10,1.0,3.0
1994,2,10,1.0,6.9
1988,12,10,1.0,3.6
1968,9,10,1.0,6.1
1940,3,10,3.0,6.6
1959,5,10,2.0,7.4
2012,9,10,2.0,4.0
1954,1,10,1.0,7.8
2007,3,10,1.0,5.9
2019,4,10,1.0,6.3
1935,2,10,57.0,5.9
2012,8,10,1.0,7.0
1972,5,10,1.0,6.2
1930,10,10,1.0,6.3
1965,3,10,2.0,7.6
1937,10,10,1.0,5.5
1995,7,10,1.0,6.6
1973,5,10,1.0,4.2
2001,11,10,2.0,5.7
1960,12,10,1.0,5.6
1949,3,10,1.0,6.3
1943,4,10,1.0,5.9
1940,7,10,1.0,6.8
1936,10,10,1.0,6.9
1962,12,10,1.0,5.8
1989,1,10,1.0,6.1
1960,5,10,1.0,6.8
1957,9,10,1.0,6.0
1974,8,10,1.0,8.2
2015,3,10,1.0,7.0
1981,6,10,1.0,5.6
1926,11,9,1.0,3.4
1948,2,10,1.0,7.0
1947,1,10,1.0,7.0
1986,7,10,1.0,3.3
1958,5,10,1.0,6.4
2001,7,10,1.0,6.6
1961,8,10,1.0,5.3
2011,9,10,1.0,2.5
1950,1,10,3.0,7.0
1935,12,7,1.0,6.0
2008,1,10,1.0,7.1
1996,9,10,2.0,6.3
1961,9,10,1.0,7.6
1982,3,10,1.0,6.4
1948,2,10,49.0,3.6
1970,10,10,2.0,7.6
1925,4,6,1.0,7.0
1961,7,10,2.0,7.7
1966,10,10,2.0,7.2
1959,9,10,1.0,3.7
1951,10,10,1.0,6.2
2001,8,10,2.0,6.3
1992,4,10,2.0,6.2
1958,9,10,1.0,5.3
1984,6,10,1.0,7.2
1942,2,10,1.0,4.9
1977,4,10,1.0,4.0
1982,1,10,1.0,6.9
2006,1,10,1.0,7.2
1941,11,10,1.0,6.2
2014,4,10,1.0,6.1
1968,5,10,1.0,7.6
2019,8,10,2.0,6.4
1969,1,7,1.0,4.1
1972,8,10,1.0,4.6
1932,4,10,1.0,8.8
1985,4,10,1.0,5.0
1979,1,10,1.0,7.2
1982,4,10,1.0,6.3
1975,4,10,1.0,6.3
2014,6,10,1.0,5.4
1957,7,10,1.0,5.1
1934,1,10,1.0,2.5
1936,5,10,1.0,5.7
2021,3,10,1.0,6.6
1990,2,10,1.0,6.2
1927,1,10,1.0,4.6
1987,10,10,1.0,5.4
1974,8,10,2.0,6.3
1974,12,10,2.0,6.7
1975,5,10,1.0,5.6
1968,2,10,1.0,5.3
1984,9,9,1.0,5.5
1970,10,10,1.0,6.5
1982,2,10,1.0,6.2
1989,12,10,1.0,6.4
1988,12,10,2.0,7.7
2001,12,10,1.0,5.8
1945,9,10,1.0,7.0
1992,10,10,1.0,5.5
1977,6,10,1.0,5.8
2008,10,10,1.0,4.5
2021,11,10,1.0,5.5
1967,7,7,1.0,6.0
1952,4,10,1.0,7.0
1934,6,10,1.0,6.2
1978,2,10,1.0,5.3
2006,11,10,1.0,7.3
2024,10,10,1.0,8.3
1950,9,10,1.0,7.9
1997,10,10,1.0,5.5
1947,1,10,1.0,6.5
2023,7,10,1.0,5.5
2022,6,10,1.0,7.1
1990,7,10,1.0,6.9
1933,4,10,1.0,6.5
2021,9,10,1.0,6.5
2014,12,10,1.0,6.6
2008,3,10,1.0,5.6
1962,12,10,1.0,6.5
1986,3,10,1.0,5.3
1960,12,10,1.0,6.1
1954,9,10,1.0,8.1
2019,4,10,45.0,6.8
1946,4,10,1.0,7.4
1953,3,10,1.0,6.8
1979,3,10,1.0,7.7
1945,9,10,1.0,5.8
2000,1,10,1.0,6.1
1999,3,10,1.0,6.3
2004,3,10,1.0,5.8
1949,5,10,1.0,7.2
2007,9,10,1.0,7.3
1962,12,10,1.0,7.0
1972,12,10,1.0,5.8
1998,9,10,1.0,5.1
1948,10,10,1.0,7.1
1940,4,10,1.0,6.0
2009,1,10,1.0,7.2
1999,3,10,1.0,5.2
1959,10,10,1.0,6.9
1985,4,10,1.0,6.5
1963,9,10,1.0,7.2
2019,2,10,1.0,6.0
1946,10,10,1.0,7.0
2013,12,10,2.0,6.2
2013,12,10,1.0,5.2
2000,1,10,1.0,5.4
2016,4,1,1.0,6.6
2020,8,10,1.0,6.9
2001,9,10,1.0,6.4
1960,1,10,1.0,6.0
2008,12,10,1.0,6.1
2023,6,10,1.0,5.4
1938,9,10,53.0,5.7
1973,12,10,1.0,4.9
1957,5,10,1.0,5.6
2023,10,10,1.0,7.4
2003,6,9,1.0,6.8
1977,8,10,1.0,6.0
1986,4,6,1.0,4.3
1988,5,10,2.0,7.2
1962,6,10,1.0,6.2
1945,11,10,1.0,6.0
1951,11,10,1.0,7.4
1989,12,10,3.0,7.3
2011,6,10,1.0,7.2
1983,8,10,1.0,6.6
1944,4,10,1.0,5.6
1931,5,10,1.0,6.5
2014,7,10,1.0,7.3
1986,4,10,1.0,4.2
1942,5,10,1.0,6.1
1928,3,10,1.0,5.2
1990,11,10,2.0,6.6
2025,3,10,1.0,7.0
2000,6,10,1.0,5.2
2019,4,10,1.0,6.4
2003,1,10,2.0,7.3
2017,8,10,1.0,6.7
1992,10,10,1.0,5.3
1958,5,10,1.0,6.5
1936,11,10,1.0,5.4
2024,7,10,1.0,6.3
1988,4,10,1.0,5.0
2012,3,10,1.0,5.0
1937,4,10,1.0,7.1
1967,3,10,1.0,5.6
1947,9,10,55.0,6.0
1987,5,10,1.0,5.7
1938,10,10,1.0,5.7
2014,9,10,1.0,6.2
2004,10,10,1.0,6.4
1922,7,10,50.0,7.5
1972,10,9,1.0,6.5
1997,10,10,2.0,5.2
1995,6,10,1.0,3.9
2000,9,10,1.0,5.2
1971,6,10,1.0,5.9
1998,6,10,1.0,3.0
1951,9,10,56.0,5.6
1995,8,10,1.0,6.8
1949,4,10,1.0,6.6
1964,12,10,1.0,7.3
1993,1,10,1.0,6.9
1921,1,10,1.0,6.5
1934,1,10,1.0,6.7
2002,12,10,2.0,8.8
1921,4,9,1.0,6.3
1996,9,10,1.0,4.4
2000,7,10,1.0,3.5
1963,4,10,1.0,5.9
1952,1,10,1.0,5.1
1977,9,10,1.0,6.8
1961,5,10,1.0,7.1
2005,9,10,1.0,6.1
1986,9,10,1.0,7.6
1941,1,10,1.0,6.2
1930,9,10,1.0,6.3
1975,9,6,1.0,4.2
1941,12,10,1.0,6.4
2024,9,10,1.0,5.9
2024,4,10,1.0,7.0
2000,3,10,1.0,5.2
2004,2,10,1.0,7.1
2022,8,10,1.0,5.9
1937,12,10,1.0,5.4
1995,2,10,1.0,7.4
1931,9,10,54.0,5.6
2009,9,10,1.0,7.0
1929,9,5,1.0,7.2
1924,9,7,1.0,6.4
1952,2,10,1.0,6.0
1939,1,10,1.0,5.4
1973,4,10,1.0,4.6
1998,2,10,2.0,6.5
2008,8,10,1.0,6.3
1970,1,10,2.0,5.2
1951,3,10,1.0,5.7
1992,8,10,1.0,5.0
1920,4,8,1.0,6.3
1959,3,10,1.0,5.0
1977,11,10,1.0,7.4
2009,1,10,2.0,4.3
1976,6,10,1.0,5.3
1984,9,10,1.0,4.4
1963,12,10,1.0,6.2
1986,10,10,1.0,4.2
1963,6,10,1.0,6.8
2007,6,6,1.0,7.3
1955,1,10,2.0,7.3
1994,8,10,1.0,6.6
2025,3,10,1.0,6.0
2011,7,10,1.0,6.9
1940,5,10,1.0,4.9
1951,12,10,1.0,7.9
1990,11,10,2.0,6.9
2024,10,10,1.0,6.7
1968,6,10,1.0,4.7
1964,11,10,1.0,6.9
1954,1,10,1.0,5.7
1940,3,10,1.0,6.4
1920,11,10,50.0,6.2
1946,1,10,1.0,5.3
2018,5,10,1.0,6.4
1927,1,10,1.0,5.4
1941,12,10,1.0,5.7
2003,10,10,1.0,2.1
1998,11,10,1.0,4.8
2002,1,10,1.0,5.3
1972,12,10,1.0,4.7
1993,8,10,1.0,7.3
1928,2,7,1.0,6.4
1956,10,10,1.0,6.2
1974,3,10,1.0,4.3
1992,3,10,2.0,6.2
2012,9,10,1.0,7.2
2022,3,10,1.0,5.5
2021,2,10,1.0,3.8
1923,12,10,1.0,6.3
1990,8,10,1.0,5.5
1989,11,10,1.0,5.1
1981,3,10,1.0,5.0
1977,8,10,1.0,6.4
1987,3,10,1.0,5.7
1941,9,10,1.0,5.4
1955,7,10,1.0,5.5
1951,12,10,1.0,6.2
1981,4,10,2.0,7.7
2016,9,10,1.0,7.6
1984,6,10,1.0,4.0
1930,9,4,1.0,6.5
1997,8,10,1.0,5.2
1981,6,10,1.0,5.1
2009,4,10,2.0,7.0
1960,12,10,58.0,5.5
1959,9,7,1.0,6.4
1996,6,10,1.0,4.6
1989,4,10,1.0,7.2
1925,9,10,1.0,5.6
1957,12,10,1.0,7.7
1981,4,10,2.0,7.4
1947,3,10,1.0,6.6
1935,5,10,1.0,7.4
1939,3,10,1.0,6.1
1997,4,10,2.0,5.9
1937,4,10,1.0,5.8
1943,6,10,1.0,5.6
1984,3,10,1.0,4.9
1931,6,10,1.0,6.8
1995,7,10,1.0,5.8
1957,9,10,1.0,2.8
1987,5,10,1.0,5.0
1996,6,10,2.0,5.1
2007,11,10,2.0,7.8
2002,6,10,1.0,5.4
1960,1,10,1.0,6.8
1978,10,10,1.0,5.0
1977,6,10,1.0,5.0
1999,10,10,2.0,5.4
1985,4,10,1.0,6.0
2023,3,10,1.0,5.7
1971,4,9,1.0,6.5
1974,12,10,1.0,4.5
1934,3,10,1.0,4.6
1991,7,10,2.0,8.0
1989,8,10,1.0,5.9
1975,9,7,1.0,5.3
1939,2,10,57.0,5.6
2021,3,10,1.0,5.7
2001,1,10,1.0,6.3
1953,9,10,1.0,7.5
1966,11,10,1.0,1.7
1954,9,10,1.0,6.7
2021,11,10,1.0,5.2
1929,11,10,2.0,5.7
1954,10,10,1.0,6.0
1947,9,10,1.0,5.3
2007,2,10,2.0,7.5
2001,7,10,1.0,5.7
1985,11,10,1.0,6.7
1968,5,10,1.0,4.5
1960,12,10,1.0,7.2
1941,1,10,1.0,5.4
2009,7,10,1.0,7.1
2000,3,10,1.0,4.4
1976,3,10,1.0,6.3
1987,3,10,1.0,4.7
1958,4,10,2.0,6.2
2020,12,10,1.0,6.8
1982,9,10,1.0,7.3
1950,9,10,1.0,6.9
1947,3,10,1.0,5.9
1982,7,10,1.0,7.5
1958,10,10,1.0,6.2
2009,6,10,1.0,6.0
2017,10,10,1.0,8.2
1939,11,10,1.0,4.9
1969,10,10,2.0,5.9
1999,6,10,2.0,7.0
1973,10,10,1.0,4.4
1983,6,10,1.0,6.4
1968,11,10,1.0,6.4
1947,1,10,2.0,6.3
2004,4,10,1.0,6.7
1923,2,4,50.0,5.8
2000,9,10,1.0,5.7
1948,3,10,1.0,6.5
1953,1,10,1.0,2.1
1988,11,10,1.0,5.9
1962,6,10,1.0,6.6
1959,12,10,2.0,7.2
1960,11,10,1.0,6.3
1950,1,10,59.0,2.6
2005,12,10,1.0,6.6
1953,9,10,1.0,5.3
1923,2,9,1.0,6.3
1988,5,10,1.0,3.9
2002,2,10,1.0,6.9
1958,1,10,1.0,7.3
1948,9,10,1.0,6.4
1990,10,10,2.0,6.4
1947,9,10,1.0,7.0
1997,12,10,1.0,7.2
2021,10,10,2.0,6.4
1953,8,10,2.0,7.4
1951,8,10,1.0,7.0
2009,8,10,1.0,3.6
2011,11,10,1.0,4.9
2001,6,10,1.0,4.8
1988,10,10,1.0,5.5
2012,11,10,2.0,4.3
1931,10,10,1.0,6.8
2006,9,10,1.0,5.7
1996,1,10,1.0,4.2
2004,7,10,1.0,8.1
2007,10,2,1.0,6.2
1986,11,10,1.0,5.6
1994,9,10,1.0,5.9
1977,5,10,1.0,5.2
1989,6,10,2.0,5.7
1932,7,10,1.0,5.8
1950,9,10,56.0,4.8
1992,10,10,1.0,7.6
1932,6,10,58.0,6.6
2015,2,10,1.0,7.5
2015,10,10,2.0,6.8
1932,9,10,1.0,7.1
1987,9,10,1.0,4.9
1986,4,10,1.0,6.6
1980,10,10,1.0,3.9
1963,10,10,1.0,4.7
1936,6,10,1.0,7.8
1985,9,10,1.0,2.3
1943,5,10,1.0,6.8
1954,12,10,1.0,5.5
1939,10,10,1.0,5.1
1935,4,10,1.0,7.6
1945,1,10,1.0,6.2
1981,4,10,2.0,6.7
1994,5,10,1.0,4.3
1932,12,10,55.0,5.8
1971,9,10,1.0,6.5
1958,9,10,1.0,6.8
1941,4,10,1.0,6.4
1952,9,10,1.0,5.8
1958,5,10,1.0,5.1
1985,2,10,1.0,6.0
2025,3,10,1.0,5.6
1963,7,10,1.0,7.5
1950,10,10,1.0,6.9
2001,6,10,1.0,6.8
2012,2,10,1.0,5.6
1994,3,10,1.0,6.1
2015,10,6,2.0,7.3
2012,8,10,1.0,7.0
1994,7,10,1.0,6.6
1958,12,10,1.0,6.7
1923,3,7,50.0,6.6
1949,4,10,1.0,7.0
1963,11,10,1.0,7.0
1964,2,10,1.0,6.3
2020,9,10,1.0,5.4
2019,3,10,2.0,6.9
1974,8,9,1.0,5.2
1948,9,10,1.0,7.6
1945,1,10,1.0,6.1
1931,10,10,1.0,5.8
1974,2,10,2.0,6.2
1970,9,8,52.0,5.7
2012,5,10,2.0,7.4
1984,10,10,1.0,4.6
1951,3,10,1.0,6.1
1947,9,10,3.0,7.3
1948,5,10,1.0,6.8
1973,7,10,1.0,4.3
1979,3,10,1.0,6.6
2012,4,10,1.0,6.6
2005,4,10,1.0,7.3
1998,6,10,1.0,6.2
1959,5,10,1.0,6.6
2001,11,10,2.0,7.4
2004,9,10,2.0,7.0
2012,3,10,1.0,6.0
1999,9,10,1.0,5.9
1944,5,10,1.0,5.9
1997,6,10,2.0,3.8
1968,10,7,1.0,4.8
2009,11,10,1.0,4.5
2023,6,10,1.0,7.5
2012,5,10,2.0,7.0
1981,12,4,1.0,6.4
1980,8,10,1.0,4.6
1971,5,10,1.0,6.5
1941,5,10,1.0,8.0
1988,11,10,1.0,7.0
1978,1,9,1.0,5.2
1932,7,10,1.0,6.7
1954,9,10,1.0,6.3
1936,11,10,57.0,6.6
2022,6,10,1.0,5.8
1976,11,10,1.0,6.7
1975,7,10,1.0,5.3
1954,3,10,1.0,6.7
2020,10,10,1.0,7.7
1940,3,10,1.0,6.4
1966,1,10,2.0,7.3
2022,4,10,2.0,7.8
1954,3,10,1.0,6.7
2025,1,10,1.0,6.2
2000,10,10,1.0,6.9
2025,3,10,1.0,7.3
1995,11,10,2.0,6.9
1972,3,10,1.0,5.7
1967,1,10,1.0,6.4
2003,9,10,1.0,7.5
1963,12,10,2.0,8.1
1976,2,10,2.0,7.2
2022,12,10,2.0,6.6
1988,2,10,1.0,6.8
2017,6,4,1.0,7.5
